2026-06-02T08:45:16.340+05:30  INFO 4800 --- [user-service] [main] com.userservice.UserServiceApplication   : Starting UserServiceApplication using Java 17.0.17 with PID 4800 (C:\Users\Administrator\Desktop\Radius-git\Radius\user-service\target\classes started by Administrator in C:\Users\Administrator\Desktop\Radius-git\Radius\user-service)
2026-06-02T08:45:16.347+05:30 DEBUG 4800 --- [user-service] [main] com.userservice.UserServiceApplication   : Running with Spring Boot v3.2.3, Spring v6.1.4
2026-06-02T08:45:16.349+05:30  INFO 4800 --- [user-service] [main] com.userservice.UserServiceApplication   : No active profile set, falling back to 1 default profile: "default"
2026-06-02T08:45:17.465+05:30  INFO 4800 --- [user-service] [main] .s.d.r.c.RepositoryConfigurationDelegate : Bootstrapping Spring Data JPA repositories in DEFAULT mode.
2026-06-02T08:45:17.619+05:30  INFO 4800 --- [user-service] [main] .s.d.r.c.RepositoryConfigurationDelegate : Finished Spring Data repository scanning in 146 ms. Found 2 JPA repository interfaces.
2026-06-02T08:45:18.048+05:30  INFO 4800 --- [user-service] [main] o.s.cloud.context.scope.GenericScope     : BeanFactory id=634ad681-388a-3a10-9b1b-a27738b66a0a
2026-06-02T08:45:18.400+05:30  WARN 4800 --- [user-service] [main] trationDelegate$BeanPostProcessorChecker : Bean 'org.springframework.cloud.client.loadbalancer.LoadBalancerAutoConfiguration$DeferringLoadBalancerInterceptorConfig' of type [org.springframework.cloud.client.loadbalancer.LoadBalancerAutoConfiguration$DeferringLoadBalancerInterceptorConfig] is not eligible for getting processed by all BeanPostProcessors (for example: not eligible for auto-proxying). The currently created BeanPostProcessor [lbRestClientPostProcessor] is declared through a non-static factory method on that class; consider declaring it as static instead.
2026-06-02T08:45:18.403+05:30  WARN 4800 --- [user-service] [main] trationDelegate$BeanPostProcessorChecker : Bean 'deferringLoadBalancerInterceptor' of type [org.springframework.cloud.client.loadbalancer.DeferringLoadBalancerInterceptor] is not eligible for getting processed by all BeanPostProcessors (for example: not eligible for auto-proxying). Is this bean getting eagerly injected into a currently created BeanPostProcessor [lbRestClientPostProcessor]? Check the corresponding BeanPostProcessor declaration and its dependencies.
2026-06-02T08:45:18.408+05:30  WARN 4800 --- [user-service] [main] trationDelegate$BeanPostProcessorChecker : Bean 'org.springframework.cloud.client.loadbalancer.reactive.LoadBalancerBeanPostProcessorAutoConfiguration' of type [org.springframework.cloud.client.loadbalancer.reactive.LoadBalancerBeanPostProcessorAutoConfiguration] is not eligible for getting processed by all BeanPostProcessors (for example: not eligible for auto-proxying). The currently created BeanPostProcessor [loadBalancerWebClientBuilderBeanPostProcessor] is declared through a non-static factory method on that class; consider declaring it as static instead.
2026-06-02T08:45:18.410+05:30  WARN 4800 --- [user-service] [main] trationDelegate$BeanPostProcessorChecker : Bean 'org.springframework.cloud.client.loadbalancer.reactive.LoadBalancerBeanPostProcessorAutoConfiguration$ReactorDeferringLoadBalancerFilterConfig' of type [org.springframework.cloud.client.loadbalancer.reactive.LoadBalancerBeanPostProcessorAutoConfiguration$ReactorDeferringLoadBalancerFilterConfig] is not eligible for getting processed by all BeanPostProcessors (for example: not eligible for auto-proxying). Is this bean getting eagerly injected into a currently created BeanPostProcessor [loadBalancerWebClientBuilderBeanPostProcessor]? Check the corresponding BeanPostProcessor declaration and its dependencies.
2026-06-02T08:45:18.413+05:30  WARN 4800 --- [user-service] [main] trationDelegate$BeanPostProcessorChecker : Bean 'reactorDeferringLoadBalancerExchangeFilterFunction' of type [org.springframework.cloud.client.loadbalancer.reactive.DeferringLoadBalancerExchangeFilterFunction] is not eligible for getting processed by all BeanPostProcessors (for example: not eligible for auto-proxying). Is this bean getting eagerly injected into a currently created BeanPostProcessor [loadBalancerWebClientBuilderBeanPostProcessor]? Check the corresponding BeanPostProcessor declaration and its dependencies.
2026-06-02T08:45:18.692+05:30  INFO 4800 --- [user-service] [main] o.s.b.w.embedded.tomcat.TomcatWebServer  : Tomcat initialized with port 8082 (http)
2026-06-02T08:45:18.704+05:30  INFO 4800 --- [user-service] [main] o.apache.catalina.core.StandardService   : Starting service [Tomcat]
2026-06-02T08:45:18.705+05:30  INFO 4800 --- [user-service] [main] o.apache.catalina.core.StandardEngine    : Starting Servlet engine: [Apache Tomcat/10.1.19]
2026-06-02T08:45:18.781+05:30  INFO 4800 --- [user-service] [main] o.a.c.c.C.[Tomcat].[localhost].[/]       : Initializing Spring embedded WebApplicationContext
2026-06-02T08:45:18.781+05:30  INFO 4800 --- [user-service] [main] w.s.c.ServletWebServerApplicationContext : Root WebApplicationContext: initialization completed in 2389 ms
2026-06-02T08:45:19.003+05:30 DEBUG 4800 --- [user-service] [main] c.u.security.JwtAuthenticationFilter     : Filter 'jwtAuthenticationFilter' configured for use
2026-06-02T08:45:19.005+05:30 DEBUG 4800 --- [user-service] [main] .c.SecurityConfig$GatewayWhitelistFilter : Filter 'securityConfig.GatewayWhitelistFilter' configured for use
2026-06-02T08:45:19.119+05:30  INFO 4800 --- [user-service] [main] o.hibernate.jpa.internal.util.LogHelper  : HHH000204: Processing PersistenceUnitInfo [name: default]
2026-06-02T08:45:19.182+05:30  INFO 4800 --- [user-service] [main] org.hibernate.Version                    : HHH000412: Hibernate ORM core version 6.4.4.Final
2026-06-02T08:45:19.217+05:30  INFO 4800 --- [user-service] [main] o.h.c.internal.RegionFactoryInitiator    : HHH000026: Second-level cache disabled
2026-06-02T08:45:19.463+05:30  INFO 4800 --- [user-service] [main] o.s.o.j.p.SpringPersistenceUnitInfo      : No LoadTimeWeaver setup: ignoring JPA class transformer
2026-06-02T08:45:19.494+05:30  INFO 4800 --- [user-service] [main] com.zaxxer.hikari.HikariDataSource       : HikariPool-1 - Starting...
2026-06-02T08:45:19.678+05:30  INFO 4800 --- [user-service] [main] com.zaxxer.hikari.pool.HikariPool        : HikariPool-1 - Added connection org.postgresql.jdbc.PgConnection@7112fa5
2026-06-02T08:45:19.679+05:30  INFO 4800 --- [user-service] [main] com.zaxxer.hikari.HikariDataSource       : HikariPool-1 - Start completed.
2026-06-02T08:45:19.724+05:30  WARN 4800 --- [user-service] [main] org.hibernate.orm.deprecation            : HHH90000025: PostgreSQLDialect does not need to be specified explicitly using 'hibernate.dialect' (remove the property setting and it will be selected by default)
2026-06-02T08:45:20.685+05:30  INFO 4800 --- [user-service] [main] o.h.e.t.j.p.i.JtaPlatformInitiator       : HHH000489: No JTA platform available (set 'hibernate.transaction.jta.platform' to enable JTA platform integration)
2026-06-02T08:45:20.846+05:30  INFO 4800 --- [user-service] [main] j.LocalContainerEntityManagerFactoryBean : Initialized JPA EntityManagerFactory for persistence unit 'default'
2026-06-02T08:45:21.354+05:30  INFO 4800 --- [user-service] [main] o.s.d.j.r.query.QueryEnhancerFactory     : Hibernate is in classpath; If applicable, HQL parser will be used.
2026-06-02T08:45:21.970+05:30  WARN 4800 --- [user-service] [main] JpaBaseConfiguration$JpaWebConfiguration : spring.jpa.open-in-view is enabled by default. Therefore, database queries may be performed during view rendering. Explicitly configure spring.jpa.open-in-view to disable this warning
2026-06-02T08:45:22.004+05:30  WARN 4800 --- [user-service] [main] .s.s.UserDetailsServiceAutoConfiguration : 

Using generated security password: 654eb4ff-0325-4b71-a077-240a9344cd05

This generated password is for development use only. Your security configuration must be updated before running your application in production.

2026-06-02T08:45:22.581+05:30  INFO 4800 --- [user-service] [main] o.s.b.a.e.web.EndpointLinksResolver      : Exposing 2 endpoint(s) beneath base path '/actuator'
2026-06-02T08:45:23.321+05:30  INFO 4800 --- [user-service] [main] DiscoveryClientOptionalArgsConfiguration : Eureka HTTP Client uses RestTemplate.
2026-06-02T08:45:23.388+05:30  WARN 4800 --- [user-service] [main] iguration$LoadBalancerCaffeineWarnLogger : Spring Cloud LoadBalancer is currently working with the default cache. While this cache implementation is useful for development and tests, it's recommended to use Caffeine cache in production.You can switch to using Caffeine cache, by adding it and org.springframework.cache.caffeine.CaffeineCacheManager to the classpath.
2026-06-02T08:45:23.503+05:30  INFO 4800 --- [user-service] [main] o.s.c.n.eureka.InstanceInfoFactory       : Setting initial instance status as: STARTING
2026-06-02T08:45:23.575+05:30  INFO 4800 --- [user-service] [main] com.netflix.discovery.DiscoveryClient    : Initializing Eureka in region us-east-1
2026-06-02T08:45:23.579+05:30  INFO 4800 --- [user-service] [main] c.n.d.s.r.aws.ConfigClusterResolver      : Resolving eureka endpoints via configuration
2026-06-02T08:45:23.601+05:30  INFO 4800 --- [user-service] [main] com.netflix.discovery.DiscoveryClient    : Disable delta property : false
2026-06-02T08:45:23.602+05:30  INFO 4800 --- [user-service] [main] com.netflix.discovery.DiscoveryClient    : Single vip registry refresh property : null
2026-06-02T08:45:23.602+05:30  INFO 4800 --- [user-service] [main] com.netflix.discovery.DiscoveryClient    : Force full registry fetch : false
2026-06-02T08:45:23.602+05:30  INFO 4800 --- [user-service] [main] com.netflix.discovery.DiscoveryClient    : Application is null : false
2026-06-02T08:45:23.602+05:30  INFO 4800 --- [user-service] [main] com.netflix.discovery.DiscoveryClient    : Registered Applications size is zero : true
2026-06-02T08:45:23.602+05:30  INFO 4800 --- [user-service] [main] com.netflix.discovery.DiscoveryClient    : Application version is -1: true
2026-06-02T08:45:23.603+05:30  INFO 4800 --- [user-service] [main] com.netflix.discovery.DiscoveryClient    : Getting all instance registry info from the eureka server
2026-06-02T08:45:23.949+05:30  INFO 4800 --- [user-service] [main] com.netflix.discovery.DiscoveryClient    : The response status is 200
2026-06-02T08:45:23.951+05:30  INFO 4800 --- [user-service] [main] com.netflix.discovery.DiscoveryClient    : Starting heartbeat executor: renew interval is: 30
2026-06-02T08:45:23.952+05:30  INFO 4800 --- [user-service] [main] c.n.discovery.InstanceInfoReplicator     : InstanceInfoReplicator onDemand update allowed rate per min is 4
2026-06-02T08:45:23.958+05:30  INFO 4800 --- [user-service] [main] com.netflix.discovery.DiscoveryClient    : Discovery Client initialized at timestamp 1780370123957 with initial instances count: 2
2026-06-02T08:45:23.964+05:30  INFO 4800 --- [user-service] [main] o.s.c.n.e.s.EurekaServiceRegistry        : Registering application USER-SERVICE with eureka with status UP
2026-06-02T08:45:23.965+05:30  INFO 4800 --- [user-service] [main] com.netflix.discovery.DiscoveryClient    : Saw local status change event StatusChangeEvent [timestamp=1780370123965, current=UP, previous=STARTING]
2026-06-02T08:45:23.966+05:30  INFO 4800 --- [user-service] [DiscoveryClient-InstanceInfoReplicator-0] com.netflix.discovery.DiscoveryClient    : DiscoveryClient_USER-SERVICE/user-service:8082: registering service...
2026-06-02T08:45:23.989+05:30  INFO 4800 --- [user-service] [main] o.s.b.w.embedded.tomcat.TomcatWebServer  : Tomcat started on port 8082 (http) with context path ''
2026-06-02T08:45:23.990+05:30  INFO 4800 --- [user-service] [main] .s.c.n.e.s.EurekaAutoServiceRegistration : Updating port to 8082
2026-06-02T08:45:24.005+05:30  INFO 4800 --- [user-service] [DiscoveryClient-InstanceInfoReplicator-0] com.netflix.discovery.DiscoveryClient    : DiscoveryClient_USER-SERVICE/user-service:8082 - registration status: 204
2026-06-02T08:45:24.090+05:30  INFO 4800 --- [user-service] [main] com.userservice.UserServiceApplication   : Started UserServiceApplication in 8.179 seconds (process running for 8.558)
2026-06-02T08:50:23.606+05:30  INFO 4800 --- [user-service] [AsyncResolver-bootstrap-executor-0] c.n.d.s.r.aws.ConfigClusterResolver      : Resolving eureka endpoints via configuration
2026-06-02T08:50:31.379+05:30  INFO 4800 --- [user-service] [http-nio-8082-exec-2] o.a.c.c.C.[Tomcat].[localhost].[/]       : Initializing Spring DispatcherServlet 'dispatcherServlet'
2026-06-02T08:50:31.380+05:30  INFO 4800 --- [user-service] [http-nio-8082-exec-2] o.s.web.servlet.DispatcherServlet        : Initializing Servlet 'dispatcherServlet'
2026-06-02T08:50:31.382+05:30  INFO 4800 --- [user-service] [http-nio-8082-exec-2] o.s.web.servlet.DispatcherServlet        : Completed initialization in 2 ms
2026-06-02T08:50:31.425+05:30 DEBUG 4800 --- [user-service] [http-nio-8082-exec-2] c.u.security.JwtAuthenticationFilter     : JWT filter processing: GET /friends/requests/pending
2026-06-02T08:50:31.425+05:30 DEBUG 4800 --- [user-service] [http-nio-8082-exec-1] c.u.security.JwtAuthenticationFilter     : JWT filter processing: GET /friends/search
2026-06-02T08:50:31.464+05:30 DEBUG 4800 --- [user-service] [http-nio-8082-exec-1] c.u.security.JwtAuthenticationFilter     : Authenticated userId=3bb24a6b-fbd9-47a8-8e19-618ceb79f4b8 for /friends/search
2026-06-02T08:50:31.464+05:30 DEBUG 4800 --- [user-service] [http-nio-8082-exec-2] c.u.security.JwtAuthenticationFilter     : Authenticated userId=3bb24a6b-fbd9-47a8-8e19-618ceb79f4b8 for /friends/requests/pending
2026-06-02T08:50:31.474+05:30  INFO 4800 --- [user-service] [http-nio-8082-exec-2] c.u.config.RequestLoggingFilter          : ? GET /friends/requests/pending [IP: 0:0:0:0:0:0:0:1]
2026-06-02T08:50:31.474+05:30  INFO 4800 --- [user-service] [http-nio-8082-exec-1] c.u.config.RequestLoggingFilter          : ? GET /friends/search [IP: 0:0:0:0:0:0:0:1]
2026-06-02T08:50:31.674+05:30  INFO 4800 --- [user-service] [http-nio-8082-exec-2] c.u.config.RequestLoggingFilter          : ? GET /friends/requests/pending | status=200 | 200ms
2026-06-02T08:50:31.674+05:30  INFO 4800 --- [user-service] [http-nio-8082-exec-1] c.u.config.RequestLoggingFilter          : ? GET /friends/search | status=200 | 200ms
2026-06-02T08:50:31.711+05:30 DEBUG 4800 --- [user-service] [http-nio-8082-exec-3] c.u.security.JwtAuthenticationFilter     : JWT filter processing: GET /friends/search
2026-06-02T08:50:31.719+05:30 DEBUG 4800 --- [user-service] [http-nio-8082-exec-4] c.u.security.JwtAuthenticationFilter     : JWT filter processing: GET /friends/requests/pending
2026-06-02T08:50:31.719+05:30 DEBUG 4800 --- [user-service] [http-nio-8082-exec-3] c.u.security.JwtAuthenticationFilter     : Authenticated userId=3bb24a6b-fbd9-47a8-8e19-618ceb79f4b8 for /friends/search
2026-06-02T08:50:31.721+05:30  INFO 4800 --- [user-service] [http-nio-8082-exec-3] c.u.config.RequestLoggingFilter          : ? GET /friends/search [IP: 0:0:0:0:0:0:0:1]
2026-06-02T08:50:31.726+05:30 DEBUG 4800 --- [user-service] [http-nio-8082-exec-4] c.u.security.JwtAuthenticationFilter     : Authenticated userId=3bb24a6b-fbd9-47a8-8e19-618ceb79f4b8 for /friends/requests/pending
2026-06-02T08:50:31.728+05:30  INFO 4800 --- [user-service] [http-nio-8082-exec-4] c.u.config.RequestLoggingFilter          : ? GET /friends/requests/pending [IP: 0:0:0:0:0:0:0:1]
2026-06-02T08:50:31.732+05:30  INFO 4800 --- [user-service] [http-nio-8082-exec-3] c.u.config.RequestLoggingFilter          : ? GET /friends/search | status=200 | 11ms
2026-06-02T08:50:31.739+05:30  INFO 4800 --- [user-service] [http-nio-8082-exec-4] c.u.config.RequestLoggingFilter          : ? GET /friends/requests/pending | status=200 | 11ms
2026-06-02T08:51:00.882+05:30 DEBUG 4800 --- [user-service] [http-nio-8082-exec-5] c.u.security.JwtAuthenticationFilter     : JWT filter processing: GET /friends/requests/pending
2026-06-02T08:51:00.889+05:30 DEBUG 4800 --- [user-service] [http-nio-8082-exec-5] c.u.security.JwtAuthenticationFilter     : Authenticated userId=3bb24a6b-fbd9-47a8-8e19-618ceb79f4b8 for /friends/requests/pending
2026-06-02T08:51:00.892+05:30  INFO 4800 --- [user-service] [http-nio-8082-exec-5] c.u.config.RequestLoggingFilter          : ? GET /friends/requests/pending [IP: 0:0:0:0:0:0:0:1]
2026-06-02T08:51:00.899+05:30  INFO 4800 --- [user-service] [http-nio-8082-exec-5] c.u.config.RequestLoggingFilter          : ? GET /friends/requests/pending | status=200 | 9ms
2026-06-02T08:51:30.892+05:30 DEBUG 4800 --- [user-service] [http-nio-8082-exec-6] c.u.security.JwtAuthenticationFilter     : JWT filter processing: GET /friends/requests/pending
2026-06-02T08:51:30.899+05:30 DEBUG 4800 --- [user-service] [http-nio-8082-exec-6] c.u.security.JwtAuthenticationFilter     : Authenticated userId=3bb24a6b-fbd9-47a8-8e19-618ceb79f4b8 for /friends/requests/pending
2026-06-02T08:51:30.902+05:30  INFO 4800 --- [user-service] [http-nio-8082-exec-6] c.u.config.RequestLoggingFilter          : ? GET /friends/requests/pending [IP: 0:0:0:0:0:0:0:1]
2026-06-02T08:51:30.911+05:30  INFO 4800 --- [user-service] [http-nio-8082-exec-6] c.u.config.RequestLoggingFilter          : ? GET /friends/requests/pending | status=200 | 10ms
2026-06-02T08:52:00.882+05:30 DEBUG 4800 --- [user-service] [http-nio-8082-exec-7] c.u.security.JwtAuthenticationFilter     : JWT filter processing: GET /friends/requests/pending
2026-06-02T08:52:00.887+05:30 DEBUG 4800 --- [user-service] [http-nio-8082-exec-7] c.u.security.JwtAuthenticationFilter     : Authenticated userId=3bb24a6b-fbd9-47a8-8e19-618ceb79f4b8 for /friends/requests/pending
2026-06-02T08:52:00.888+05:30  INFO 4800 --- [user-service] [http-nio-8082-exec-7] c.u.config.RequestLoggingFilter          : ? GET /friends/requests/pending [IP: 0:0:0:0:0:0:0:1]
2026-06-02T08:52:00.894+05:30  INFO 4800 --- [user-service] [http-nio-8082-exec-7] c.u.config.RequestLoggingFilter          : ? GET /friends/requests/pending | status=200 | 6ms
2026-06-02T08:52:07.532+05:30 DEBUG 4800 --- [user-service] [http-nio-8082-exec-8] c.u.security.JwtAuthenticationFilter     : JWT filter processing: GET /friends/search
2026-06-02T08:52:07.540+05:30 DEBUG 4800 --- [user-service] [http-nio-8082-exec-8] c.u.security.JwtAuthenticationFilter     : Authenticated userId=9476f8db-3324-489f-b201-7e3ed48c4aea for /friends/search
2026-06-02T08:52:07.545+05:30  INFO 4800 --- [user-service] [http-nio-8082-exec-8] c.u.config.RequestLoggingFilter          : ? GET /friends/search [IP: 0:0:0:0:0:0:0:1]
2026-06-02T08:52:07.546+05:30 DEBUG 4800 --- [user-service] [http-nio-8082-exec-9] c.u.security.JwtAuthenticationFilter     : JWT filter processing: GET /friends/requests/pending
2026-06-02T08:52:07.555+05:30  INFO 4800 --- [user-service] [http-nio-8082-exec-8] c.u.config.RequestLoggingFilter          : ? GET /friends/search | status=200 | 10ms
2026-06-02T08:52:07.556+05:30 DEBUG 4800 --- [user-service] [http-nio-8082-exec-9] c.u.security.JwtAuthenticationFilter     : Authenticated userId=9476f8db-3324-489f-b201-7e3ed48c4aea for /friends/requests/pending
2026-06-02T08:52:07.557+05:30  INFO 4800 --- [user-service] [http-nio-8082-exec-9] c.u.config.RequestLoggingFilter          : ? GET /friends/requests/pending [IP: 0:0:0:0:0:0:0:1]
2026-06-02T08:52:07.569+05:30  INFO 4800 --- [user-service] [http-nio-8082-exec-9] c.u.config.RequestLoggingFilter          : ? GET /friends/requests/pending | status=200 | 12ms
2026-06-02T08:52:07.590+05:30 DEBUG 4800 --- [user-service] [http-nio-8082-exec-10] c.u.security.JwtAuthenticationFilter     : JWT filter processing: GET /friends/search
2026-06-02T08:52:07.598+05:30 DEBUG 4800 --- [user-service] [http-nio-8082-exec-10] c.u.security.JwtAuthenticationFilter     : Authenticated userId=9476f8db-3324-489f-b201-7e3ed48c4aea for /friends/search
2026-06-02T08:52:07.600+05:30 DEBUG 4800 --- [user-service] [http-nio-8082-exec-2] c.u.security.JwtAuthenticationFilter     : JWT filter processing: GET /friends/requests/pending
2026-06-02T08:52:07.601+05:30  INFO 4800 --- [user-service] [http-nio-8082-exec-10] c.u.config.RequestLoggingFilter          : ? GET /friends/search [IP: 0:0:0:0:0:0:0:1]
2026-06-02T08:52:07.614+05:30  INFO 4800 --- [user-service] [http-nio-8082-exec-10] c.u.config.RequestLoggingFilter          : ? GET /friends/search | status=200 | 13ms
2026-06-02T08:52:07.620+05:30 DEBUG 4800 --- [user-service] [http-nio-8082-exec-2] c.u.security.JwtAuthenticationFilter     : Authenticated userId=9476f8db-3324-489f-b201-7e3ed48c4aea for /friends/requests/pending
2026-06-02T08:52:07.622+05:30  INFO 4800 --- [user-service] [http-nio-8082-exec-2] c.u.config.RequestLoggingFilter          : ? GET /friends/requests/pending [IP: 0:0:0:0:0:0:0:1]
2026-06-02T08:52:07.640+05:30  INFO 4800 --- [user-service] [http-nio-8082-exec-2] c.u.config.RequestLoggingFilter          : ? GET /friends/requests/pending | status=200 | 18ms
2026-06-02T08:52:22.147+05:30 DEBUG 4800 --- [user-service] [http-nio-8082-exec-1] c.u.security.JwtAuthenticationFilter     : JWT filter processing: GET /friends/search-by-phone
2026-06-02T08:52:22.152+05:30 DEBUG 4800 --- [user-service] [http-nio-8082-exec-1] c.u.security.JwtAuthenticationFilter     : Authenticated userId=9476f8db-3324-489f-b201-7e3ed48c4aea for /friends/search-by-phone
2026-06-02T08:52:22.153+05:30  INFO 4800 --- [user-service] [http-nio-8082-exec-1] c.u.config.RequestLoggingFilter          : ? GET /friends/search-by-phone [IP: 0:0:0:0:0:0:0:1]
2026-06-02T08:52:22.500+05:30  INFO 4800 --- [user-service] [http-nio-8082-exec-1] c.u.config.RequestLoggingFilter          : ? GET /friends/search-by-phone | status=200 | 347ms
2026-06-02T08:52:23.496+05:30 DEBUG 4800 --- [user-service] [http-nio-8082-exec-3] c.u.security.JwtAuthenticationFilter     : JWT filter processing: POST /friends/add-direct
2026-06-02T08:52:23.500+05:30 DEBUG 4800 --- [user-service] [http-nio-8082-exec-3] c.u.security.JwtAuthenticationFilter     : Authenticated userId=9476f8db-3324-489f-b201-7e3ed48c4aea for /friends/add-direct
2026-06-02T08:52:23.501+05:30  INFO 4800 --- [user-service] [http-nio-8082-exec-3] c.u.config.RequestLoggingFilter          : ? POST /friends/add-direct [IP: 0:0:0:0:0:0:0:1]
2026-06-02T08:52:23.744+05:30  INFO 4800 --- [user-service] [http-nio-8082-exec-3] c.u.config.RequestLoggingFilter          : ? POST /friends/add-direct | status=200 | 243ms
2026-06-02T08:52:23.761+05:30 DEBUG 4800 --- [user-service] [http-nio-8082-exec-4] c.u.security.JwtAuthenticationFilter     : JWT filter processing: GET /friends/search
2026-06-02T08:52:23.764+05:30 DEBUG 4800 --- [user-service] [http-nio-8082-exec-4] c.u.security.JwtAuthenticationFilter     : Authenticated userId=9476f8db-3324-489f-b201-7e3ed48c4aea for /friends/search
2026-06-02T08:52:23.765+05:30  INFO 4800 --- [user-service] [http-nio-8082-exec-4] c.u.config.RequestLoggingFilter          : ? GET /friends/search [IP: 0:0:0:0:0:0:0:1]
2026-06-02T08:52:23.798+05:30  INFO 4800 --- [user-service] [http-nio-8082-exec-4] c.u.config.RequestLoggingFilter          : ? GET /friends/search | status=200 | 33ms
2026-06-02T08:52:30.798+05:30 DEBUG 4800 --- [user-service] [http-nio-8082-exec-5] c.u.security.JwtAuthenticationFilter     : JWT filter processing: GET /friends/requests/pending
2026-06-02T08:52:30.802+05:30 DEBUG 4800 --- [user-service] [http-nio-8082-exec-5] c.u.security.JwtAuthenticationFilter     : Authenticated userId=3bb24a6b-fbd9-47a8-8e19-618ceb79f4b8 for /friends/requests/pending
2026-06-02T08:52:30.803+05:30  INFO 4800 --- [user-service] [http-nio-8082-exec-5] c.u.config.RequestLoggingFilter          : ? GET /friends/requests/pending [IP: 0:0:0:0:0:0:0:1]
2026-06-02T08:52:30.809+05:30  INFO 4800 --- [user-service] [http-nio-8082-exec-5] c.u.config.RequestLoggingFilter          : ? GET /friends/requests/pending | status=200 | 6ms
2026-06-02T08:52:37.491+05:30 DEBUG 4800 --- [user-service] [http-nio-8082-exec-6] c.u.security.JwtAuthenticationFilter     : JWT filter processing: GET /friends/requests/pending
2026-06-02T08:52:37.497+05:30 DEBUG 4800 --- [user-service] [http-nio-8082-exec-6] c.u.security.JwtAuthenticationFilter     : Authenticated userId=9476f8db-3324-489f-b201-7e3ed48c4aea for /friends/requests/pending
2026-06-02T08:52:37.498+05:30  INFO 4800 --- [user-service] [http-nio-8082-exec-6] c.u.config.RequestLoggingFilter          : ? GET /friends/requests/pending [IP: 0:0:0:0:0:0:0:1]
2026-06-02T08:52:37.506+05:30  INFO 4800 --- [user-service] [http-nio-8082-exec-6] c.u.config.RequestLoggingFilter          : ? GET /friends/requests/pending | status=200 | 8ms
2026-06-02T08:52:50.394+05:30 DEBUG 4800 --- [user-service] [http-nio-8082-exec-7] c.u.security.JwtAuthenticationFilter     : JWT filter processing: GET /friends/search
2026-06-02T08:52:50.417+05:30 DEBUG 4800 --- [user-service] [http-nio-8082-exec-7] c.u.security.JwtAuthenticationFilter     : Authenticated userId=9476f8db-3324-489f-b201-7e3ed48c4aea for /friends/search
2026-06-02T08:52:50.420+05:30  INFO 4800 --- [user-service] [http-nio-8082-exec-7] c.u.config.RequestLoggingFilter          : ? GET /friends/search [IP: 0:0:0:0:0:0:0:1]
2026-06-02T08:52:50.422+05:30 DEBUG 4800 --- [user-service] [http-nio-8082-exec-8] c.u.security.JwtAuthenticationFilter     : JWT filter processing: GET /friends/requests/pending
2026-06-02T08:52:50.442+05:30 DEBUG 4800 --- [user-service] [http-nio-8082-exec-8] c.u.security.JwtAuthenticationFilter     : Authenticated userId=9476f8db-3324-489f-b201-7e3ed48c4aea for /friends/requests/pending
2026-06-02T08:52:50.454+05:30  INFO 4800 --- [user-service] [http-nio-8082-exec-8] c.u.config.RequestLoggingFilter          : ? GET /friends/requests/pending [IP: 0:0:0:0:0:0:0:1]
2026-06-02T08:52:50.474+05:30  INFO 4800 --- [user-service] [http-nio-8082-exec-8] c.u.config.RequestLoggingFilter          : ? GET /friends/requests/pending | status=200 | 20ms
2026-06-02T08:52:50.558+05:30  INFO 4800 --- [user-service] [http-nio-8082-exec-7] c.u.config.RequestLoggingFilter          : ? GET /friends/search | status=200 | 138ms
2026-06-02T08:52:50.602+05:30 DEBUG 4800 --- [user-service] [http-nio-8082-exec-9] c.u.security.JwtAuthenticationFilter     : JWT filter processing: GET /friends/requests/pending
2026-06-02T08:52:50.613+05:30 DEBUG 4800 --- [user-service] [http-nio-8082-exec-9] c.u.security.JwtAuthenticationFilter     : Authenticated userId=9476f8db-3324-489f-b201-7e3ed48c4aea for /friends/requests/pending
2026-06-02T08:52:50.615+05:30  INFO 4800 --- [user-service] [http-nio-8082-exec-9] c.u.config.RequestLoggingFilter          : ? GET /friends/requests/pending [IP: 0:0:0:0:0:0:0:1]
2026-06-02T08:52:50.617+05:30 DEBUG 4800 --- [user-service] [http-nio-8082-exec-10] c.u.security.JwtAuthenticationFilter     : JWT filter processing: GET /friends/search
2026-06-02T08:52:50.624+05:30  INFO 4800 --- [user-service] [http-nio-8082-exec-9] c.u.config.RequestLoggingFilter          : ? GET /friends/requests/pending | status=200 | 9ms
2026-06-02T08:52:50.631+05:30 DEBUG 4800 --- [user-service] [http-nio-8082-exec-10] c.u.security.JwtAuthenticationFilter     : Authenticated userId=9476f8db-3324-489f-b201-7e3ed48c4aea for /friends/search
2026-06-02T08:52:50.634+05:30  INFO 4800 --- [user-service] [http-nio-8082-exec-10] c.u.config.RequestLoggingFilter          : ? GET /friends/search [IP: 0:0:0:0:0:0:0:1]
2026-06-02T08:52:50.690+05:30  INFO 4800 --- [user-service] [http-nio-8082-exec-10] c.u.config.RequestLoggingFilter          : ? GET /friends/search | status=200 | 56ms
2026-06-02T08:52:52.827+05:30 DEBUG 4800 --- [user-service] [http-nio-8082-exec-2] c.u.security.JwtAuthenticationFilter     : JWT filter processing: GET /friends/requests/pending
2026-06-02T08:52:52.834+05:30 DEBUG 4800 --- [user-service] [http-nio-8082-exec-1] c.u.security.JwtAuthenticationFilter     : JWT filter processing: GET /friends/search
2026-06-02T08:52:52.838+05:30 DEBUG 4800 --- [user-service] [http-nio-8082-exec-2] c.u.security.JwtAuthenticationFilter     : Authenticated userId=3bb24a6b-fbd9-47a8-8e19-618ceb79f4b8 for /friends/requests/pending
2026-06-02T08:52:52.839+05:30  INFO 4800 --- [user-service] [http-nio-8082-exec-2] c.u.config.RequestLoggingFilter          : ? GET /friends/requests/pending [IP: 0:0:0:0:0:0:0:1]
2026-06-02T08:52:52.843+05:30 DEBUG 4800 --- [user-service] [http-nio-8082-exec-1] c.u.security.JwtAuthenticationFilter     : Authenticated userId=3bb24a6b-fbd9-47a8-8e19-618ceb79f4b8 for /friends/search
2026-06-02T08:52:52.845+05:30  INFO 4800 --- [user-service] [http-nio-8082-exec-1] c.u.config.RequestLoggingFilter          : ? GET /friends/search [IP: 0:0:0:0:0:0:0:1]
2026-06-02T08:52:52.848+05:30  INFO 4800 --- [user-service] [http-nio-8082-exec-2] c.u.config.RequestLoggingFilter          : ? GET /friends/requests/pending | status=200 | 9ms
2026-06-02T08:52:52.880+05:30 DEBUG 4800 --- [user-service] [http-nio-8082-exec-3] c.u.security.JwtAuthenticationFilter     : JWT filter processing: GET /friends/requests/pending
2026-06-02T08:52:52.894+05:30 DEBUG 4800 --- [user-service] [http-nio-8082-exec-3] c.u.security.JwtAuthenticationFilter     : Authenticated userId=3bb24a6b-fbd9-47a8-8e19-618ceb79f4b8 for /friends/requests/pending
2026-06-02T08:52:52.899+05:30  INFO 4800 --- [user-service] [http-nio-8082-exec-1] c.u.config.RequestLoggingFilter          : ? GET /friends/search | status=200 | 54ms
2026-06-02T08:52:52.906+05:30  INFO 4800 --- [user-service] [http-nio-8082-exec-3] c.u.config.RequestLoggingFilter          : ? GET /friends/requests/pending [IP: 0:0:0:0:0:0:0:1]
2026-06-02T08:52:52.920+05:30  INFO 4800 --- [user-service] [http-nio-8082-exec-3] c.u.config.RequestLoggingFilter          : ? GET /friends/requests/pending | status=200 | 15ms
2026-06-02T08:52:52.948+05:30 DEBUG 4800 --- [user-service] [http-nio-8082-exec-4] c.u.security.JwtAuthenticationFilter     : JWT filter processing: GET /friends/search
2026-06-02T08:52:52.955+05:30 DEBUG 4800 --- [user-service] [http-nio-8082-exec-4] c.u.security.JwtAuthenticationFilter     : Authenticated userId=3bb24a6b-fbd9-47a8-8e19-618ceb79f4b8 for /friends/search
2026-06-02T08:52:52.956+05:30  INFO 4800 --- [user-service] [http-nio-8082-exec-4] c.u.config.RequestLoggingFilter          : ? GET /friends/search [IP: 0:0:0:0:0:0:0:1]
2026-06-02T08:52:53.004+05:30  INFO 4800 --- [user-service] [http-nio-8082-exec-4] c.u.config.RequestLoggingFilter          : ? GET /friends/search | status=200 | 47ms
2026-06-02T08:53:11.990+05:30 DEBUG 4800 --- [user-service] [http-nio-8082-exec-5] c.u.security.JwtAuthenticationFilter     : JWT filter processing: GET /friends/search
2026-06-02T08:53:11.990+05:30 DEBUG 4800 --- [user-service] [http-nio-8082-exec-6] c.u.security.JwtAuthenticationFilter     : JWT filter processing: GET /friends/requests/pending
2026-06-02T08:53:12.003+05:30 DEBUG 4800 --- [user-service] [http-nio-8082-exec-5] c.u.security.JwtAuthenticationFilter     : Authenticated userId=3bb24a6b-fbd9-47a8-8e19-618ceb79f4b8 for /friends/search
2026-06-02T08:53:12.013+05:30  INFO 4800 --- [user-service] [http-nio-8082-exec-5] c.u.config.RequestLoggingFilter          : ? GET /friends/search [IP: 0:0:0:0:0:0:0:1]
2026-06-02T08:53:12.023+05:30 DEBUG 4800 --- [user-service] [http-nio-8082-exec-6] c.u.security.JwtAuthenticationFilter     : Authenticated userId=3bb24a6b-fbd9-47a8-8e19-618ceb79f4b8 for /friends/requests/pending
2026-06-02T08:53:12.026+05:30  INFO 4800 --- [user-service] [http-nio-8082-exec-6] c.u.config.RequestLoggingFilter          : ? GET /friends/requests/pending [IP: 0:0:0:0:0:0:0:1]
2026-06-02T08:53:12.050+05:30  INFO 4800 --- [user-service] [http-nio-8082-exec-6] c.u.config.RequestLoggingFilter          : ? GET /friends/requests/pending | status=200 | 23ms
2026-06-02T08:53:12.128+05:30 DEBUG 4800 --- [user-service] [http-nio-8082-exec-8] c.u.security.JwtAuthenticationFilter     : JWT filter processing: GET /friends/requests/pending
2026-06-02T08:53:12.131+05:30  INFO 4800 --- [user-service] [http-nio-8082-exec-5] c.u.config.RequestLoggingFilter          : ? GET /friends/search | status=200 | 119ms
2026-06-02T08:53:12.151+05:30 DEBUG 4800 --- [user-service] [http-nio-8082-exec-8] c.u.security.JwtAuthenticationFilter     : Authenticated userId=3bb24a6b-fbd9-47a8-8e19-618ceb79f4b8 for /friends/requests/pending
2026-06-02T08:53:12.155+05:30  INFO 4800 --- [user-service] [http-nio-8082-exec-8] c.u.config.RequestLoggingFilter          : ? GET /friends/requests/pending [IP: 0:0:0:0:0:0:0:1]
2026-06-02T08:53:12.175+05:30  INFO 4800 --- [user-service] [http-nio-8082-exec-8] c.u.config.RequestLoggingFilter          : ? GET /friends/requests/pending | status=200 | 20ms
2026-06-02T08:53:12.203+05:30 DEBUG 4800 --- [user-service] [http-nio-8082-exec-7] c.u.security.JwtAuthenticationFilter     : JWT filter processing: GET /friends/search
2026-06-02T08:53:12.212+05:30 DEBUG 4800 --- [user-service] [http-nio-8082-exec-7] c.u.security.JwtAuthenticationFilter     : Authenticated userId=3bb24a6b-fbd9-47a8-8e19-618ceb79f4b8 for /friends/search
2026-06-02T08:53:12.213+05:30  INFO 4800 --- [user-service] [http-nio-8082-exec-7] c.u.config.RequestLoggingFilter          : ? GET /friends/search [IP: 0:0:0:0:0:0:0:1]
2026-06-02T08:53:12.272+05:30  INFO 4800 --- [user-service] [http-nio-8082-exec-7] c.u.config.RequestLoggingFilter          : ? GET /friends/search | status=200 | 59ms
2026-06-02T08:53:20.323+05:30 DEBUG 4800 --- [user-service] [http-nio-8082-exec-9] c.u.security.JwtAuthenticationFilter     : JWT filter processing: GET /friends/requests/pending
2026-06-02T08:53:20.328+05:30 DEBUG 4800 --- [user-service] [http-nio-8082-exec-9] c.u.security.JwtAuthenticationFilter     : Authenticated userId=9476f8db-3324-489f-b201-7e3ed48c4aea for /friends/requests/pending
2026-06-02T08:53:20.329+05:30  INFO 4800 --- [user-service] [http-nio-8082-exec-9] c.u.config.RequestLoggingFilter          : ? GET /friends/requests/pending [IP: 0:0:0:0:0:0:0:1]
2026-06-02T08:53:20.337+05:30  INFO 4800 --- [user-service] [http-nio-8082-exec-9] c.u.config.RequestLoggingFilter          : ? GET /friends/requests/pending | status=200 | 9ms
2026-06-02T08:53:41.931+05:30 DEBUG 4800 --- [user-service] [http-nio-8082-exec-10] c.u.security.JwtAuthenticationFilter     : JWT filter processing: GET /friends/requests/pending
2026-06-02T08:53:41.935+05:30 DEBUG 4800 --- [user-service] [http-nio-8082-exec-10] c.u.security.JwtAuthenticationFilter     : Authenticated userId=3bb24a6b-fbd9-47a8-8e19-618ceb79f4b8 for /friends/requests/pending
2026-06-02T08:53:41.936+05:30  INFO 4800 --- [user-service] [http-nio-8082-exec-10] c.u.config.RequestLoggingFilter          : ? GET /friends/requests/pending [IP: 0:0:0:0:0:0:0:1]
2026-06-02T08:53:41.942+05:30  INFO 4800 --- [user-service] [http-nio-8082-exec-10] c.u.config.RequestLoggingFilter          : ? GET /friends/requests/pending | status=200 | 5ms
2026-06-02T08:53:50.328+05:30 DEBUG 4800 --- [user-service] [http-nio-8082-exec-2] c.u.security.JwtAuthenticationFilter     : JWT filter processing: GET /friends/requests/pending
2026-06-02T08:53:50.332+05:30 DEBUG 4800 --- [user-service] [http-nio-8082-exec-2] c.u.security.JwtAuthenticationFilter     : Authenticated userId=9476f8db-3324-489f-b201-7e3ed48c4aea for /friends/requests/pending
2026-06-02T08:53:50.333+05:30  INFO 4800 --- [user-service] [http-nio-8082-exec-2] c.u.config.RequestLoggingFilter          : ? GET /friends/requests/pending [IP: 0:0:0:0:0:0:0:1]
2026-06-02T08:53:50.342+05:30  INFO 4800 --- [user-service] [http-nio-8082-exec-2] c.u.config.RequestLoggingFilter          : ? GET /friends/requests/pending | status=200 | 9ms
2026-06-02T08:54:11.933+05:30 DEBUG 4800 --- [user-service] [http-nio-8082-exec-1] c.u.security.JwtAuthenticationFilter     : JWT filter processing: GET /friends/requests/pending
2026-06-02T08:54:11.938+05:30 DEBUG 4800 --- [user-service] [http-nio-8082-exec-1] c.u.security.JwtAuthenticationFilter     : Authenticated userId=3bb24a6b-fbd9-47a8-8e19-618ceb79f4b8 for /friends/requests/pending
2026-06-02T08:54:11.940+05:30  INFO 4800 --- [user-service] [http-nio-8082-exec-1] c.u.config.RequestLoggingFilter          : ? GET /friends/requests/pending [IP: 0:0:0:0:0:0:0:1]
2026-06-02T08:54:11.948+05:30  INFO 4800 --- [user-service] [http-nio-8082-exec-1] c.u.config.RequestLoggingFilter          : ? GET /friends/requests/pending | status=200 | 8ms
2026-06-02T08:54:20.315+05:30 DEBUG 4800 --- [user-service] [http-nio-8082-exec-3] c.u.security.JwtAuthenticationFilter     : JWT filter processing: GET /friends/requests/pending
2026-06-02T08:54:20.320+05:30 DEBUG 4800 --- [user-service] [http-nio-8082-exec-3] c.u.security.JwtAuthenticationFilter     : Authenticated userId=9476f8db-3324-489f-b201-7e3ed48c4aea for /friends/requests/pending
2026-06-02T08:54:20.320+05:30  INFO 4800 --- [user-service] [http-nio-8082-exec-3] c.u.config.RequestLoggingFilter          : ? GET /friends/requests/pending [IP: 0:0:0:0:0:0:0:1]
2026-06-02T08:54:20.326+05:30  INFO 4800 --- [user-service] [http-nio-8082-exec-3] c.u.config.RequestLoggingFilter          : ? GET /friends/requests/pending | status=200 | 6ms
2026-06-02T08:54:41.938+05:30 DEBUG 4800 --- [user-service] [http-nio-8082-exec-4] c.u.security.JwtAuthenticationFilter     : JWT filter processing: GET /friends/requests/pending
2026-06-02T08:54:41.943+05:30 DEBUG 4800 --- [user-service] [http-nio-8082-exec-4] c.u.security.JwtAuthenticationFilter     : Authenticated userId=3bb24a6b-fbd9-47a8-8e19-618ceb79f4b8 for /friends/requests/pending
2026-06-02T08:54:41.945+05:30  INFO 4800 --- [user-service] [http-nio-8082-exec-4] c.u.config.RequestLoggingFilter          : ? GET /friends/requests/pending [IP: 0:0:0:0:0:0:0:1]
2026-06-02T08:54:41.950+05:30  INFO 4800 --- [user-service] [http-nio-8082-exec-4] c.u.config.RequestLoggingFilter          : ? GET /friends/requests/pending | status=200 | 5ms
2026-06-02T08:54:45.618+05:30 DEBUG 4800 --- [user-service] [http-nio-8082-exec-6] c.u.security.JwtAuthenticationFilter     : JWT filter processing: GET /friends/search
2026-06-02T08:54:45.622+05:30 DEBUG 4800 --- [user-service] [http-nio-8082-exec-6] c.u.security.JwtAuthenticationFilter     : Authenticated userId=51d34d5a-40d5-4218-8ae6-d57cebe953bf for /friends/search
2026-06-02T08:54:45.622+05:30  INFO 4800 --- [user-service] [http-nio-8082-exec-6] c.u.config.RequestLoggingFilter          : ? GET /friends/search [IP: 0:0:0:0:0:0:0:1]
2026-06-02T08:54:45.627+05:30 DEBUG 4800 --- [user-service] [http-nio-8082-exec-5] c.u.security.JwtAuthenticationFilter     : JWT filter processing: GET /friends/requests/pending
2026-06-02T08:54:45.630+05:30  INFO 4800 --- [user-service] [http-nio-8082-exec-6] c.u.config.RequestLoggingFilter          : ? GET /friends/search | status=200 | 8ms
2026-06-02T08:54:45.636+05:30 DEBUG 4800 --- [user-service] [http-nio-8082-exec-5] c.u.security.JwtAuthenticationFilter     : Authenticated userId=51d34d5a-40d5-4218-8ae6-d57cebe953bf for /friends/requests/pending
2026-06-02T08:54:45.637+05:30  INFO 4800 --- [user-service] [http-nio-8082-exec-5] c.u.config.RequestLoggingFilter          : ? GET /friends/requests/pending [IP: 0:0:0:0:0:0:0:1]
2026-06-02T08:54:45.643+05:30  INFO 4800 --- [user-service] [http-nio-8082-exec-5] c.u.config.RequestLoggingFilter          : ? GET /friends/requests/pending | status=200 | 6ms
2026-06-02T08:54:45.660+05:30 DEBUG 4800 --- [user-service] [http-nio-8082-exec-8] c.u.security.JwtAuthenticationFilter     : JWT filter processing: GET /friends/search
2026-06-02T08:54:45.670+05:30 DEBUG 4800 --- [user-service] [http-nio-8082-exec-7] c.u.security.JwtAuthenticationFilter     : JWT filter processing: GET /friends/requests/pending
2026-06-02T08:54:45.673+05:30 DEBUG 4800 --- [user-service] [http-nio-8082-exec-8] c.u.security.JwtAuthenticationFilter     : Authenticated userId=51d34d5a-40d5-4218-8ae6-d57cebe953bf for /friends/search
2026-06-02T08:54:45.678+05:30  INFO 4800 --- [user-service] [http-nio-8082-exec-8] c.u.config.RequestLoggingFilter          : ? GET /friends/search [IP: 0:0:0:0:0:0:0:1]
2026-06-02T08:54:45.686+05:30 DEBUG 4800 --- [user-service] [http-nio-8082-exec-7] c.u.security.JwtAuthenticationFilter     : Authenticated userId=51d34d5a-40d5-4218-8ae6-d57cebe953bf for /friends/requests/pending
2026-06-02T08:54:45.689+05:30  INFO 4800 --- [user-service] [http-nio-8082-exec-7] c.u.config.RequestLoggingFilter          : ? GET /friends/requests/pending [IP: 0:0:0:0:0:0:0:1]
2026-06-02T08:54:45.691+05:30  INFO 4800 --- [user-service] [http-nio-8082-exec-8] c.u.config.RequestLoggingFilter          : ? GET /friends/search | status=200 | 12ms
2026-06-02T08:54:45.699+05:30  INFO 4800 --- [user-service] [http-nio-8082-exec-7] c.u.config.RequestLoggingFilter          : ? GET /friends/requests/pending | status=200 | 9ms
2026-06-02T08:54:50.330+05:30 DEBUG 4800 --- [user-service] [http-nio-8082-exec-9] c.u.security.JwtAuthenticationFilter     : JWT filter processing: GET /friends/requests/pending
2026-06-02T08:54:50.339+05:30 DEBUG 4800 --- [user-service] [http-nio-8082-exec-9] c.u.security.JwtAuthenticationFilter     : Authenticated userId=9476f8db-3324-489f-b201-7e3ed48c4aea for /friends/requests/pending
2026-06-02T08:54:50.340+05:30  INFO 4800 --- [user-service] [http-nio-8082-exec-9] c.u.config.RequestLoggingFilter          : ? GET /friends/requests/pending [IP: 0:0:0:0:0:0:0:1]
2026-06-02T08:54:50.349+05:30  INFO 4800 --- [user-service] [http-nio-8082-exec-9] c.u.config.RequestLoggingFilter          : ? GET /friends/requests/pending | status=200 | 9ms
2026-06-02T08:54:55.251+05:30 DEBUG 4800 --- [user-service] [http-nio-8082-exec-10] c.u.security.JwtAuthenticationFilter     : JWT filter processing: GET /friends/search-by-phone
2026-06-02T08:54:55.254+05:30 DEBUG 4800 --- [user-service] [http-nio-8082-exec-10] c.u.security.JwtAuthenticationFilter     : Authenticated userId=51d34d5a-40d5-4218-8ae6-d57cebe953bf for /friends/search-by-phone
2026-06-02T08:54:55.254+05:30  INFO 4800 --- [user-service] [http-nio-8082-exec-10] c.u.config.RequestLoggingFilter          : ? GET /friends/search-by-phone [IP: 0:0:0:0:0:0:0:1]
2026-06-02T08:54:55.272+05:30  INFO 4800 --- [user-service] [http-nio-8082-exec-10] c.u.config.RequestLoggingFilter          : ? GET /friends/search-by-phone | status=200 | 18ms
2026-06-02T08:54:56.310+05:30 DEBUG 4800 --- [user-service] [http-nio-8082-exec-2] c.u.security.JwtAuthenticationFilter     : JWT filter processing: POST /friends/add-direct
2026-06-02T08:54:56.315+05:30 DEBUG 4800 --- [user-service] [http-nio-8082-exec-2] c.u.security.JwtAuthenticationFilter     : Authenticated userId=51d34d5a-40d5-4218-8ae6-d57cebe953bf for /friends/add-direct
2026-06-02T08:54:56.315+05:30  INFO 4800 --- [user-service] [http-nio-8082-exec-2] c.u.config.RequestLoggingFilter          : ? POST /friends/add-direct [IP: 0:0:0:0:0:0:0:1]
2026-06-02T08:54:56.373+05:30  INFO 4800 --- [user-service] [http-nio-8082-exec-2] c.u.config.RequestLoggingFilter          : ? POST /friends/add-direct | status=200 | 58ms
2026-06-02T08:54:56.406+05:30 DEBUG 4800 --- [user-service] [http-nio-8082-exec-1] c.u.security.JwtAuthenticationFilter     : JWT filter processing: GET /friends/search
2026-06-02T08:54:56.412+05:30 DEBUG 4800 --- [user-service] [http-nio-8082-exec-1] c.u.security.JwtAuthenticationFilter     : Authenticated userId=51d34d5a-40d5-4218-8ae6-d57cebe953bf for /friends/search
2026-06-02T08:54:56.414+05:30  INFO 4800 --- [user-service] [http-nio-8082-exec-1] c.u.config.RequestLoggingFilter          : ? GET /friends/search [IP: 0:0:0:0:0:0:0:1]
2026-06-02T08:54:56.441+05:30  INFO 4800 --- [user-service] [http-nio-8082-exec-1] c.u.config.RequestLoggingFilter          : ? GET /friends/search | status=200 | 27ms
2026-06-02T08:55:02.027+05:30 DEBUG 4800 --- [user-service] [http-nio-8082-exec-4] c.u.security.JwtAuthenticationFilter     : JWT filter processing: GET /friends/requests/pending
2026-06-02T08:55:02.027+05:30 DEBUG 4800 --- [user-service] [http-nio-8082-exec-3] c.u.security.JwtAuthenticationFilter     : JWT filter processing: GET /friends/search
2026-06-02T08:55:02.033+05:30 DEBUG 4800 --- [user-service] [http-nio-8082-exec-4] c.u.security.JwtAuthenticationFilter     : Authenticated userId=51d34d5a-40d5-4218-8ae6-d57cebe953bf for /friends/requests/pending
2026-06-02T08:55:02.033+05:30 DEBUG 4800 --- [user-service] [http-nio-8082-exec-3] c.u.security.JwtAuthenticationFilter     : Authenticated userId=51d34d5a-40d5-4218-8ae6-d57cebe953bf for /friends/search
2026-06-02T08:55:02.034+05:30  INFO 4800 --- [user-service] [http-nio-8082-exec-4] c.u.config.RequestLoggingFilter          : ? GET /friends/requests/pending [IP: 0:0:0:0:0:0:0:1]
2026-06-02T08:55:02.034+05:30  INFO 4800 --- [user-service] [http-nio-8082-exec-3] c.u.config.RequestLoggingFilter          : ? GET /friends/search [IP: 0:0:0:0:0:0:0:1]
2026-06-02T08:55:02.043+05:30  INFO 4800 --- [user-service] [http-nio-8082-exec-4] c.u.config.RequestLoggingFilter          : ? GET /friends/requests/pending | status=200 | 9ms
2026-06-02T08:55:02.149+05:30 DEBUG 4800 --- [user-service] [http-nio-8082-exec-6] c.u.security.JwtAuthenticationFilter     : JWT filter processing: GET /friends/requests/pending
2026-06-02T08:55:02.167+05:30  INFO 4800 --- [user-service] [http-nio-8082-exec-3] c.u.config.RequestLoggingFilter          : ? GET /friends/search | status=200 | 133ms
2026-06-02T08:55:02.168+05:30 DEBUG 4800 --- [user-service] [http-nio-8082-exec-6] c.u.security.JwtAuthenticationFilter     : Authenticated userId=51d34d5a-40d5-4218-8ae6-d57cebe953bf for /friends/requests/pending
2026-06-02T08:55:02.170+05:30  INFO 4800 --- [user-service] [http-nio-8082-exec-6] c.u.config.RequestLoggingFilter          : ? GET /friends/requests/pending [IP: 0:0:0:0:0:0:0:1]
2026-06-02T08:55:02.184+05:30  INFO 4800 --- [user-service] [http-nio-8082-exec-6] c.u.config.RequestLoggingFilter          : ? GET /friends/requests/pending | status=200 | 14ms
2026-06-02T08:55:02.206+05:30 DEBUG 4800 --- [user-service] [http-nio-8082-exec-5] c.u.security.JwtAuthenticationFilter     : JWT filter processing: GET /friends/search
2026-06-02T08:55:02.211+05:30 DEBUG 4800 --- [user-service] [http-nio-8082-exec-5] c.u.security.JwtAuthenticationFilter     : Authenticated userId=51d34d5a-40d5-4218-8ae6-d57cebe953bf for /friends/search
2026-06-02T08:55:02.213+05:30  INFO 4800 --- [user-service] [http-nio-8082-exec-5] c.u.config.RequestLoggingFilter          : ? GET /friends/search [IP: 0:0:0:0:0:0:0:1]
2026-06-02T08:55:02.253+05:30  INFO 4800 --- [user-service] [http-nio-8082-exec-5] c.u.config.RequestLoggingFilter          : ? GET /friends/search | status=200 | 41ms
2026-06-02T08:55:11.940+05:30 DEBUG 4800 --- [user-service] [http-nio-8082-exec-8] c.u.security.JwtAuthenticationFilter     : JWT filter processing: GET /friends/requests/pending
2026-06-02T08:55:11.944+05:30 DEBUG 4800 --- [user-service] [http-nio-8082-exec-8] c.u.security.JwtAuthenticationFilter     : Authenticated userId=3bb24a6b-fbd9-47a8-8e19-618ceb79f4b8 for /friends/requests/pending
2026-06-02T08:55:11.944+05:30  INFO 4800 --- [user-service] [http-nio-8082-exec-8] c.u.config.RequestLoggingFilter          : ? GET /friends/requests/pending [IP: 0:0:0:0:0:0:0:1]
2026-06-02T08:55:11.950+05:30  INFO 4800 --- [user-service] [http-nio-8082-exec-8] c.u.config.RequestLoggingFilter          : ? GET /friends/requests/pending | status=200 | 6ms
2026-06-02T08:55:16.972+05:30 DEBUG 4800 --- [user-service] [http-nio-8082-exec-7] c.u.security.JwtAuthenticationFilter     : JWT filter processing: GET /friends/search
2026-06-02T08:55:16.979+05:30 DEBUG 4800 --- [user-service] [http-nio-8082-exec-7] c.u.security.JwtAuthenticationFilter     : Authenticated userId=9476f8db-3324-489f-b201-7e3ed48c4aea for /friends/search
2026-06-02T08:55:16.982+05:30  INFO 4800 --- [user-service] [http-nio-8082-exec-7] c.u.config.RequestLoggingFilter          : ? GET /friends/search [IP: 0:0:0:0:0:0:0:1]
2026-06-02T08:55:16.988+05:30 DEBUG 4800 --- [user-service] [http-nio-8082-exec-9] c.u.security.JwtAuthenticationFilter     : JWT filter processing: GET /friends/requests/pending
2026-06-02T08:55:17.002+05:30 DEBUG 4800 --- [user-service] [http-nio-8082-exec-9] c.u.security.JwtAuthenticationFilter     : Authenticated userId=9476f8db-3324-489f-b201-7e3ed48c4aea for /friends/requests/pending
2026-06-02T08:55:17.008+05:30  INFO 4800 --- [user-service] [http-nio-8082-exec-9] c.u.config.RequestLoggingFilter          : ? GET /friends/requests/pending [IP: 0:0:0:0:0:0:0:1]
2026-06-02T08:55:17.021+05:30  INFO 4800 --- [user-service] [http-nio-8082-exec-9] c.u.config.RequestLoggingFilter          : ? GET /friends/requests/pending | status=200 | 14ms
2026-06-02T08:55:17.100+05:30 DEBUG 4800 --- [user-service] [http-nio-8082-exec-10] c.u.security.JwtAuthenticationFilter     : JWT filter processing: GET /friends/requests/pending
2026-06-02T08:55:17.136+05:30 DEBUG 4800 --- [user-service] [http-nio-8082-exec-10] c.u.security.JwtAuthenticationFilter     : Authenticated userId=9476f8db-3324-489f-b201-7e3ed48c4aea for /friends/requests/pending
2026-06-02T08:55:17.148+05:30  INFO 4800 --- [user-service] [http-nio-8082-exec-10] c.u.config.RequestLoggingFilter          : ? GET /friends/requests/pending [IP: 0:0:0:0:0:0:0:1]
2026-06-02T08:55:17.178+05:30  INFO 4800 --- [user-service] [http-nio-8082-exec-10] c.u.config.RequestLoggingFilter          : ? GET /friends/requests/pending | status=200 | 30ms
2026-06-02T08:55:17.200+05:30  INFO 4800 --- [user-service] [http-nio-8082-exec-7] c.u.config.RequestLoggingFilter          : ? GET /friends/search | status=200 | 217ms
2026-06-02T08:55:17.269+05:30 DEBUG 4800 --- [user-service] [http-nio-8082-exec-2] c.u.security.JwtAuthenticationFilter     : JWT filter processing: GET /friends/search
2026-06-02T08:55:17.300+05:30 DEBUG 4800 --- [user-service] [http-nio-8082-exec-2] c.u.security.JwtAuthenticationFilter     : Authenticated userId=9476f8db-3324-489f-b201-7e3ed48c4aea for /friends/search
2026-06-02T08:55:17.301+05:30  INFO 4800 --- [user-service] [http-nio-8082-exec-2] c.u.config.RequestLoggingFilter          : ? GET /friends/search [IP: 0:0:0:0:0:0:0:1]
2026-06-02T08:55:17.385+05:30  INFO 4800 --- [user-service] [http-nio-8082-exec-2] c.u.config.RequestLoggingFilter          : ? GET /friends/search | status=200 | 84ms
2026-06-02T08:55:23.608+05:30  INFO 4800 --- [user-service] [AsyncResolver-bootstrap-executor-0] c.n.d.s.r.aws.ConfigClusterResolver      : Resolving eureka endpoints via configuration
2026-06-02T08:55:31.892+05:30 DEBUG 4800 --- [user-service] [http-nio-8082-exec-1] c.u.security.JwtAuthenticationFilter     : JWT filter processing: GET /friends/requests/pending
2026-06-02T08:55:31.897+05:30 DEBUG 4800 --- [user-service] [http-nio-8082-exec-1] c.u.security.JwtAuthenticationFilter     : Authenticated userId=51d34d5a-40d5-4218-8ae6-d57cebe953bf for /friends/requests/pending
2026-06-02T08:55:31.899+05:30  INFO 4800 --- [user-service] [http-nio-8082-exec-1] c.u.config.RequestLoggingFilter          : ? GET /friends/requests/pending [IP: 0:0:0:0:0:0:0:1]
2026-06-02T08:55:31.907+05:30  INFO 4800 --- [user-service] [http-nio-8082-exec-1] c.u.config.RequestLoggingFilter          : ? GET /friends/requests/pending | status=200 | 8ms
2026-06-02T08:55:41.933+05:30 DEBUG 4800 --- [user-service] [http-nio-8082-exec-4] c.u.security.JwtAuthenticationFilter     : JWT filter processing: GET /friends/requests/pending
2026-06-02T08:55:41.939+05:30 DEBUG 4800 --- [user-service] [http-nio-8082-exec-4] c.u.security.JwtAuthenticationFilter     : Authenticated userId=3bb24a6b-fbd9-47a8-8e19-618ceb79f4b8 for /friends/requests/pending
2026-06-02T08:55:41.940+05:30  INFO 4800 --- [user-service] [http-nio-8082-exec-4] c.u.config.RequestLoggingFilter          : ? GET /friends/requests/pending [IP: 0:0:0:0:0:0:0:1]
2026-06-02T08:55:41.948+05:30  INFO 4800 --- [user-service] [http-nio-8082-exec-4] c.u.config.RequestLoggingFilter          : ? GET /friends/requests/pending | status=200 | 8ms
2026-06-02T08:55:46.959+05:30 DEBUG 4800 --- [user-service] [http-nio-8082-exec-3] c.u.security.JwtAuthenticationFilter     : JWT filter processing: GET /friends/requests/pending
2026-06-02T08:55:46.963+05:30 DEBUG 4800 --- [user-service] [http-nio-8082-exec-3] c.u.security.JwtAuthenticationFilter     : Authenticated userId=9476f8db-3324-489f-b201-7e3ed48c4aea for /friends/requests/pending
2026-06-02T08:55:46.964+05:30  INFO 4800 --- [user-service] [http-nio-8082-exec-3] c.u.config.RequestLoggingFilter          : ? GET /friends/requests/pending [IP: 0:0:0:0:0:0:0:1]
2026-06-02T08:55:46.971+05:30  INFO 4800 --- [user-service] [http-nio-8082-exec-3] c.u.config.RequestLoggingFilter          : ? GET /friends/requests/pending | status=200 | 7ms
2026-06-02T08:55:47.294+05:30 DEBUG 4800 --- [user-service] [http-nio-8082-exec-6] c.u.security.JwtAuthenticationFilter     : JWT filter processing: GET /friends/requests/pending
2026-06-02T08:55:47.301+05:30 DEBUG 4800 --- [user-service] [http-nio-8082-exec-5] c.u.security.JwtAuthenticationFilter     : JWT filter processing: GET /friends/search
2026-06-02T08:55:47.301+05:30 DEBUG 4800 --- [user-service] [http-nio-8082-exec-6] c.u.security.JwtAuthenticationFilter     : Authenticated userId=51d34d5a-40d5-4218-8ae6-d57cebe953bf for /friends/requests/pending
2026-06-02T08:55:47.304+05:30  INFO 4800 --- [user-service] [http-nio-8082-exec-6] c.u.config.RequestLoggingFilter          : ? GET /friends/requests/pending [IP: 0:0:0:0:0:0:0:1]
2026-06-02T08:55:47.312+05:30 DEBUG 4800 --- [user-service] [http-nio-8082-exec-5] c.u.security.JwtAuthenticationFilter     : Authenticated userId=51d34d5a-40d5-4218-8ae6-d57cebe953bf for /friends/search
2026-06-02T08:55:47.316+05:30  INFO 4800 --- [user-service] [http-nio-8082-exec-6] c.u.config.RequestLoggingFilter          : ? GET /friends/requests/pending | status=200 | 12ms
2026-06-02T08:55:47.322+05:30  INFO 4800 --- [user-service] [http-nio-8082-exec-5] c.u.config.RequestLoggingFilter          : ? GET /friends/search [IP: 0:0:0:0:0:0:0:1]
2026-06-02T08:55:47.383+05:30  INFO 4800 --- [user-service] [http-nio-8082-exec-5] c.u.config.RequestLoggingFilter          : ? GET /friends/search | status=200 | 62ms
2026-06-02T08:55:47.432+05:30 DEBUG 4800 --- [user-service] [http-nio-8082-exec-8] c.u.security.JwtAuthenticationFilter     : JWT filter processing: GET /friends/search
2026-06-02T08:55:47.435+05:30 DEBUG 4800 --- [user-service] [http-nio-8082-exec-8] c.u.security.JwtAuthenticationFilter     : Authenticated userId=51d34d5a-40d5-4218-8ae6-d57cebe953bf for /friends/search
2026-06-02T08:55:47.437+05:30  INFO 4800 --- [user-service] [http-nio-8082-exec-8] c.u.config.RequestLoggingFilter          : ? GET /friends/search [IP: 0:0:0:0:0:0:0:1]
2026-06-02T08:55:47.473+05:30  INFO 4800 --- [user-service] [http-nio-8082-exec-8] c.u.config.RequestLoggingFilter          : ? GET /friends/search | status=200 | 36ms
2026-06-02T08:55:50.000+05:30 DEBUG 4800 --- [user-service] [http-nio-8082-exec-9] c.u.security.JwtAuthenticationFilter     : JWT filter processing: GET /friends/search
2026-06-02T08:55:50.004+05:30 DEBUG 4800 --- [user-service] [http-nio-8082-exec-9] c.u.security.JwtAuthenticationFilter     : Authenticated userId=51d34d5a-40d5-4218-8ae6-d57cebe953bf for /friends/search
2026-06-02T08:55:50.007+05:30  INFO 4800 --- [user-service] [http-nio-8082-exec-9] c.u.config.RequestLoggingFilter          : ? GET /friends/search [IP: 0:0:0:0:0:0:0:1]
2026-06-02T08:55:50.033+05:30 DEBUG 4800 --- [user-service] [http-nio-8082-exec-10] c.u.security.JwtAuthenticationFilter     : JWT filter processing: GET /friends/requests/pending
2026-06-02T08:55:50.052+05:30 DEBUG 4800 --- [user-service] [http-nio-8082-exec-10] c.u.security.JwtAuthenticationFilter     : Authenticated userId=51d34d5a-40d5-4218-8ae6-d57cebe953bf for /friends/requests/pending
2026-06-02T08:55:50.053+05:30  INFO 4800 --- [user-service] [http-nio-8082-exec-10] c.u.config.RequestLoggingFilter          : ? GET /friends/requests/pending [IP: 0:0:0:0:0:0:0:1]
2026-06-02T08:55:50.081+05:30  INFO 4800 --- [user-service] [http-nio-8082-exec-10] c.u.config.RequestLoggingFilter          : ? GET /friends/requests/pending | status=200 | 28ms
2026-06-02T08:55:50.125+05:30  INFO 4800 --- [user-service] [http-nio-8082-exec-9] c.u.config.RequestLoggingFilter          : ? GET /friends/search | status=200 | 118ms
2026-06-02T08:55:50.186+05:30 DEBUG 4800 --- [user-service] [http-nio-8082-exec-7] c.u.security.JwtAuthenticationFilter     : JWT filter processing: GET /friends/requests/pending
2026-06-02T08:55:50.203+05:30 DEBUG 4800 --- [user-service] [http-nio-8082-exec-7] c.u.security.JwtAuthenticationFilter     : Authenticated userId=51d34d5a-40d5-4218-8ae6-d57cebe953bf for /friends/requests/pending
2026-06-02T08:55:50.211+05:30  INFO 4800 --- [user-service] [http-nio-8082-exec-7] c.u.config.RequestLoggingFilter          : ? GET /friends/requests/pending [IP: 0:0:0:0:0:0:0:1]
2026-06-02T08:55:50.226+05:30  INFO 4800 --- [user-service] [http-nio-8082-exec-7] c.u.config.RequestLoggingFilter          : ? GET /friends/requests/pending | status=200 | 16ms
2026-06-02T08:55:50.231+05:30 DEBUG 4800 --- [user-service] [http-nio-8082-exec-7] c.u.security.JwtAuthenticationFilter     : JWT filter processing: GET /friends/search
2026-06-02T08:55:50.239+05:30 DEBUG 4800 --- [user-service] [http-nio-8082-exec-7] c.u.security.JwtAuthenticationFilter     : Authenticated userId=51d34d5a-40d5-4218-8ae6-d57cebe953bf for /friends/search
2026-06-02T08:55:50.241+05:30  INFO 4800 --- [user-service] [http-nio-8082-exec-7] c.u.config.RequestLoggingFilter          : ? GET /friends/search [IP: 0:0:0:0:0:0:0:1]
2026-06-02T08:55:50.307+05:30  INFO 4800 --- [user-service] [http-nio-8082-exec-7] c.u.config.RequestLoggingFilter          : ? GET /friends/search | status=200 | 63ms
2026-06-02T08:56:02.070+05:30 DEBUG 4800 --- [user-service] [http-nio-8082-exec-1] c.u.security.JwtAuthenticationFilter     : JWT filter processing: GET /friends/requests/pending
2026-06-02T08:56:02.074+05:30 DEBUG 4800 --- [user-service] [http-nio-8082-exec-1] c.u.security.JwtAuthenticationFilter     : Authenticated userId=9476f8db-3324-489f-b201-7e3ed48c4aea for /friends/requests/pending
2026-06-02T08:56:02.076+05:30  INFO 4800 --- [user-service] [http-nio-8082-exec-1] c.u.config.RequestLoggingFilter          : ? GET /friends/requests/pending [IP: 0:0:0:0:0:0:0:1]
2026-06-02T08:56:02.089+05:30  INFO 4800 --- [user-service] [http-nio-8082-exec-1] c.u.config.RequestLoggingFilter          : ? GET /friends/requests/pending | status=200 | 12ms
2026-06-02T08:56:02.092+05:30 DEBUG 4800 --- [user-service] [http-nio-8082-exec-4] c.u.security.JwtAuthenticationFilter     : JWT filter processing: GET /friends/search
2026-06-02T08:56:02.192+05:30 DEBUG 4800 --- [user-service] [http-nio-8082-exec-4] c.u.security.JwtAuthenticationFilter     : Authenticated userId=9476f8db-3324-489f-b201-7e3ed48c4aea for /friends/search
2026-06-02T08:56:02.194+05:30  INFO 4800 --- [user-service] [http-nio-8082-exec-4] c.u.config.RequestLoggingFilter          : ? GET /friends/search [IP: 0:0:0:0:0:0:0:1]
2026-06-02T08:56:02.315+05:30  INFO 4800 --- [user-service] [http-nio-8082-exec-4] c.u.config.RequestLoggingFilter          : ? GET /friends/search | status=200 | 118ms
2026-06-02T08:56:02.380+05:30 DEBUG 4800 --- [user-service] [http-nio-8082-exec-3] c.u.security.JwtAuthenticationFilter     : JWT filter processing: GET /friends/search
2026-06-02T08:56:02.399+05:30 DEBUG 4800 --- [user-service] [http-nio-8082-exec-3] c.u.security.JwtAuthenticationFilter     : Authenticated userId=9476f8db-3324-489f-b201-7e3ed48c4aea for /friends/search
2026-06-02T08:56:02.407+05:30  INFO 4800 --- [user-service] [http-nio-8082-exec-3] c.u.config.RequestLoggingFilter          : ? GET /friends/search [IP: 0:0:0:0:0:0:0:1]
2026-06-02T08:56:02.532+05:30  INFO 4800 --- [user-service] [http-nio-8082-exec-3] c.u.config.RequestLoggingFilter          : ? GET /friends/search | status=200 | 126ms
2026-06-02T08:56:10.663+05:30 DEBUG 4800 --- [user-service] [http-nio-8082-exec-6] c.u.security.JwtAuthenticationFilter     : JWT filter processing: GET /friends/search
2026-06-02T08:56:10.668+05:30 DEBUG 4800 --- [user-service] [http-nio-8082-exec-5] c.u.security.JwtAuthenticationFilter     : JWT filter processing: GET /friends/requests/pending
2026-06-02T08:56:10.670+05:30 DEBUG 4800 --- [user-service] [http-nio-8082-exec-6] c.u.security.JwtAuthenticationFilter     : Authenticated userId=51d34d5a-40d5-4218-8ae6-d57cebe953bf for /friends/search
2026-06-02T08:56:10.671+05:30  INFO 4800 --- [user-service] [http-nio-8082-exec-6] c.u.config.RequestLoggingFilter          : ? GET /friends/search [IP: 0:0:0:0:0:0:0:1]
2026-06-02T08:56:10.674+05:30 DEBUG 4800 --- [user-service] [http-nio-8082-exec-5] c.u.security.JwtAuthenticationFilter     : Authenticated userId=51d34d5a-40d5-4218-8ae6-d57cebe953bf for /friends/requests/pending
2026-06-02T08:56:10.675+05:30  INFO 4800 --- [user-service] [http-nio-8082-exec-5] c.u.config.RequestLoggingFilter          : ? GET /friends/requests/pending [IP: 0:0:0:0:0:0:0:1]
2026-06-02T08:56:10.683+05:30  INFO 4800 --- [user-service] [http-nio-8082-exec-5] c.u.config.RequestLoggingFilter          : ? GET /friends/requests/pending | status=200 | 8ms
2026-06-02T08:56:10.726+05:30  INFO 4800 --- [user-service] [http-nio-8082-exec-6] c.u.config.RequestLoggingFilter          : ? GET /friends/search | status=200 | 55ms
2026-06-02T08:56:10.777+05:30 DEBUG 4800 --- [user-service] [http-nio-8082-exec-8] c.u.security.JwtAuthenticationFilter     : JWT filter processing: GET /friends/search
2026-06-02T08:56:10.795+05:30 DEBUG 4800 --- [user-service] [http-nio-8082-exec-8] c.u.security.JwtAuthenticationFilter     : Authenticated userId=51d34d5a-40d5-4218-8ae6-d57cebe953bf for /friends/search
2026-06-02T08:56:10.816+05:30  INFO 4800 --- [user-service] [http-nio-8082-exec-8] c.u.config.RequestLoggingFilter          : ? GET /friends/search [IP: 0:0:0:0:0:0:0:1]
2026-06-02T08:56:10.868+05:30  INFO 4800 --- [user-service] [http-nio-8082-exec-8] c.u.config.RequestLoggingFilter          : ? GET /friends/search | status=200 | 52ms
2026-06-02T08:56:11.943+05:30 DEBUG 4800 --- [user-service] [http-nio-8082-exec-10] c.u.security.JwtAuthenticationFilter     : JWT filter processing: GET /friends/requests/pending
2026-06-02T08:56:11.946+05:30 DEBUG 4800 --- [user-service] [http-nio-8082-exec-10] c.u.security.JwtAuthenticationFilter     : Authenticated userId=3bb24a6b-fbd9-47a8-8e19-618ceb79f4b8 for /friends/requests/pending
2026-06-02T08:56:11.947+05:30  INFO 4800 --- [user-service] [http-nio-8082-exec-10] c.u.config.RequestLoggingFilter          : ? GET /friends/requests/pending [IP: 0:0:0:0:0:0:0:1]
2026-06-02T08:56:11.951+05:30  INFO 4800 --- [user-service] [http-nio-8082-exec-10] c.u.config.RequestLoggingFilter          : ? GET /friends/requests/pending | status=200 | 4ms
2026-06-02T08:56:13.640+05:30 DEBUG 4800 --- [user-service] [http-nio-8082-exec-9] c.u.security.JwtAuthenticationFilter     : JWT filter processing: GET /friends/requests/pending
2026-06-02T08:56:13.649+05:30 DEBUG 4800 --- [user-service] [http-nio-8082-exec-9] c.u.security.JwtAuthenticationFilter     : Authenticated userId=51d34d5a-40d5-4218-8ae6-d57cebe953bf for /friends/requests/pending
2026-06-02T08:56:13.650+05:30  INFO 4800 --- [user-service] [http-nio-8082-exec-9] c.u.config.RequestLoggingFilter          : ? GET /friends/requests/pending [IP: 0:0:0:0:0:0:0:1]
2026-06-02T08:56:13.659+05:30  INFO 4800 --- [user-service] [http-nio-8082-exec-9] c.u.config.RequestLoggingFilter          : ? GET /friends/requests/pending | status=200 | 9ms
2026-06-02T08:56:13.660+05:30 DEBUG 4800 --- [user-service] [http-nio-8082-exec-2] c.u.security.JwtAuthenticationFilter     : JWT filter processing: GET /friends/search
2026-06-02T08:56:13.666+05:30 DEBUG 4800 --- [user-service] [http-nio-8082-exec-2] c.u.security.JwtAuthenticationFilter     : Authenticated userId=51d34d5a-40d5-4218-8ae6-d57cebe953bf for /friends/search
2026-06-02T08:56:13.668+05:30  INFO 4800 --- [user-service] [http-nio-8082-exec-2] c.u.config.RequestLoggingFilter          : ? GET /friends/search [IP: 0:0:0:0:0:0:0:1]
2026-06-02T08:56:13.703+05:30 DEBUG 4800 --- [user-service] [http-nio-8082-exec-7] c.u.security.JwtAuthenticationFilter     : JWT filter processing: GET /friends/requests/pending
2026-06-02T08:56:13.716+05:30 DEBUG 4800 --- [user-service] [http-nio-8082-exec-7] c.u.security.JwtAuthenticationFilter     : Authenticated userId=51d34d5a-40d5-4218-8ae6-d57cebe953bf for /friends/requests/pending
2026-06-02T08:56:13.729+05:30  INFO 4800 --- [user-service] [http-nio-8082-exec-7] c.u.config.RequestLoggingFilter          : ? GET /friends/requests/pending [IP: 0:0:0:0:0:0:0:1]
2026-06-02T08:56:13.735+05:30  INFO 4800 --- [user-service] [http-nio-8082-exec-2] c.u.config.RequestLoggingFilter          : ? GET /friends/search | status=200 | 66ms
2026-06-02T08:56:13.741+05:30  INFO 4800 --- [user-service] [http-nio-8082-exec-7] c.u.config.RequestLoggingFilter          : ? GET /friends/requests/pending | status=200 | 12ms
2026-06-02T08:56:13.796+05:30 DEBUG 4800 --- [user-service] [http-nio-8082-exec-1] c.u.security.JwtAuthenticationFilter     : JWT filter processing: GET /friends/search
2026-06-02T08:56:13.804+05:30 DEBUG 4800 --- [user-service] [http-nio-8082-exec-1] c.u.security.JwtAuthenticationFilter     : Authenticated userId=51d34d5a-40d5-4218-8ae6-d57cebe953bf for /friends/search
2026-06-02T08:56:13.809+05:30  INFO 4800 --- [user-service] [http-nio-8082-exec-1] c.u.config.RequestLoggingFilter          : ? GET /friends/search [IP: 0:0:0:0:0:0:0:1]
2026-06-02T08:56:13.867+05:30  INFO 4800 --- [user-service] [http-nio-8082-exec-1] c.u.config.RequestLoggingFilter          : ? GET /friends/search | status=200 | 58ms
2026-06-02T08:56:14.667+05:30 DEBUG 4800 --- [user-service] [http-nio-8082-exec-4] c.u.security.JwtAuthenticationFilter     : JWT filter processing: GET /friends/search
2026-06-02T08:56:14.680+05:30 DEBUG 4800 --- [user-service] [http-nio-8082-exec-3] c.u.security.JwtAuthenticationFilter     : JWT filter processing: GET /friends/requests/pending
2026-06-02T08:56:14.680+05:30 DEBUG 4800 --- [user-service] [http-nio-8082-exec-4] c.u.security.JwtAuthenticationFilter     : Authenticated userId=51d34d5a-40d5-4218-8ae6-d57cebe953bf for /friends/search
2026-06-02T08:56:14.685+05:30  INFO 4800 --- [user-service] [http-nio-8082-exec-4] c.u.config.RequestLoggingFilter          : ? GET /friends/search [IP: 0:0:0:0:0:0:0:1]
2026-06-02T08:56:14.689+05:30 DEBUG 4800 --- [user-service] [http-nio-8082-exec-3] c.u.security.JwtAuthenticationFilter     : Authenticated userId=51d34d5a-40d5-4218-8ae6-d57cebe953bf for /friends/requests/pending
2026-06-02T08:56:14.701+05:30  INFO 4800 --- [user-service] [http-nio-8082-exec-3] c.u.config.RequestLoggingFilter          : ? GET /friends/requests/pending [IP: 0:0:0:0:0:0:0:1]
2026-06-02T08:56:14.727+05:30  INFO 4800 --- [user-service] [http-nio-8082-exec-3] c.u.config.RequestLoggingFilter          : ? GET /friends/requests/pending | status=200 | 26ms
2026-06-02T08:56:14.760+05:30  INFO 4800 --- [user-service] [http-nio-8082-exec-4] c.u.config.RequestLoggingFilter          : ? GET /friends/search | status=200 | 75ms
2026-06-02T08:56:15.141+05:30 DEBUG 4800 --- [user-service] [http-nio-8082-exec-5] c.u.security.JwtAuthenticationFilter     : JWT filter processing: GET /friends/search
2026-06-02T08:56:15.154+05:30 DEBUG 4800 --- [user-service] [http-nio-8082-exec-5] c.u.security.JwtAuthenticationFilter     : Authenticated userId=51d34d5a-40d5-4218-8ae6-d57cebe953bf for /friends/search
2026-06-02T08:56:15.156+05:30  INFO 4800 --- [user-service] [http-nio-8082-exec-5] c.u.config.RequestLoggingFilter          : ? GET /friends/search [IP: 0:0:0:0:0:0:0:1]
2026-06-02T08:56:15.221+05:30 DEBUG 4800 --- [user-service] [http-nio-8082-exec-6] c.u.security.JwtAuthenticationFilter     : JWT filter processing: GET /friends/requests/pending
2026-06-02T08:56:15.242+05:30 DEBUG 4800 --- [user-service] [http-nio-8082-exec-6] c.u.security.JwtAuthenticationFilter     : Authenticated userId=51d34d5a-40d5-4218-8ae6-d57cebe953bf for /friends/requests/pending
2026-06-02T08:56:15.245+05:30  INFO 4800 --- [user-service] [http-nio-8082-exec-6] c.u.config.RequestLoggingFilter          : ? GET /friends/requests/pending [IP: 0:0:0:0:0:0:0:1]
2026-06-02T08:56:15.250+05:30  INFO 4800 --- [user-service] [http-nio-8082-exec-6] c.u.config.RequestLoggingFilter          : ? GET /friends/requests/pending | status=200 | 5ms
2026-06-02T08:56:15.339+05:30  INFO 4800 --- [user-service] [http-nio-8082-exec-5] c.u.config.RequestLoggingFilter          : ? GET /friends/search | status=200 | 183ms
2026-06-02T08:56:15.411+05:30 DEBUG 4800 --- [user-service] [http-nio-8082-exec-8] c.u.security.JwtAuthenticationFilter     : JWT filter processing: GET /friends/search
2026-06-02T08:56:15.419+05:30 DEBUG 4800 --- [user-service] [http-nio-8082-exec-8] c.u.security.JwtAuthenticationFilter     : Authenticated userId=51d34d5a-40d5-4218-8ae6-d57cebe953bf for /friends/search
2026-06-02T08:56:15.420+05:30  INFO 4800 --- [user-service] [http-nio-8082-exec-8] c.u.config.RequestLoggingFilter          : ? GET /friends/search [IP: 0:0:0:0:0:0:0:1]
2026-06-02T08:56:15.477+05:30  INFO 4800 --- [user-service] [http-nio-8082-exec-8] c.u.config.RequestLoggingFilter          : ? GET /friends/search | status=200 | 57ms
2026-06-02T08:56:23.761+05:30 DEBUG 4800 --- [user-service] [http-nio-8082-exec-10] c.u.security.JwtAuthenticationFilter     : JWT filter processing: GET /friends/search
2026-06-02T08:56:23.777+05:30 DEBUG 4800 --- [user-service] [http-nio-8082-exec-10] c.u.security.JwtAuthenticationFilter     : Authenticated userId=51d34d5a-40d5-4218-8ae6-d57cebe953bf for /friends/search
2026-06-02T08:56:23.779+05:30 DEBUG 4800 --- [user-service] [http-nio-8082-exec-9] c.u.security.JwtAuthenticationFilter     : JWT filter processing: GET /friends/requests/pending
2026-06-02T08:56:23.786+05:30  INFO 4800 --- [user-service] [http-nio-8082-exec-10] c.u.config.RequestLoggingFilter          : ? GET /friends/search [IP: 0:0:0:0:0:0:0:1]
2026-06-02T08:56:23.791+05:30 DEBUG 4800 --- [user-service] [http-nio-8082-exec-9] c.u.security.JwtAuthenticationFilter     : Authenticated userId=51d34d5a-40d5-4218-8ae6-d57cebe953bf for /friends/requests/pending
2026-06-02T08:56:23.793+05:30  INFO 4800 --- [user-service] [http-nio-8082-exec-9] c.u.config.RequestLoggingFilter          : ? GET /friends/requests/pending [IP: 0:0:0:0:0:0:0:1]
2026-06-02T08:56:23.802+05:30  INFO 4800 --- [user-service] [http-nio-8082-exec-9] c.u.config.RequestLoggingFilter          : ? GET /friends/requests/pending | status=200 | 9ms
2026-06-02T08:56:23.865+05:30  INFO 4800 --- [user-service] [http-nio-8082-exec-10] c.u.config.RequestLoggingFilter          : ? GET /friends/search | status=200 | 79ms
2026-06-02T08:56:23.870+05:30 DEBUG 4800 --- [user-service] [http-nio-8082-exec-2] c.u.security.JwtAuthenticationFilter     : JWT filter processing: GET /friends/requests/pending
2026-06-02T08:56:23.884+05:30 DEBUG 4800 --- [user-service] [http-nio-8082-exec-2] c.u.security.JwtAuthenticationFilter     : Authenticated userId=51d34d5a-40d5-4218-8ae6-d57cebe953bf for /friends/requests/pending
2026-06-02T08:56:23.918+05:30  INFO 4800 --- [user-service] [http-nio-8082-exec-2] c.u.config.RequestLoggingFilter          : ? GET /friends/requests/pending [IP: 0:0:0:0:0:0:0:1]
2026-06-02T08:56:23.934+05:30  INFO 4800 --- [user-service] [http-nio-8082-exec-2] c.u.config.RequestLoggingFilter          : ? GET /friends/requests/pending | status=200 | 17ms
2026-06-02T08:56:23.942+05:30 DEBUG 4800 --- [user-service] [http-nio-8082-exec-7] c.u.security.JwtAuthenticationFilter     : JWT filter processing: GET /friends/search
2026-06-02T08:56:23.986+05:30 DEBUG 4800 --- [user-service] [http-nio-8082-exec-7] c.u.security.JwtAuthenticationFilter     : Authenticated userId=51d34d5a-40d5-4218-8ae6-d57cebe953bf for /friends/search
2026-06-02T08:56:23.996+05:30  INFO 4800 --- [user-service] [http-nio-8082-exec-7] c.u.config.RequestLoggingFilter          : ? GET /friends/search [IP: 0:0:0:0:0:0:0:1]
2026-06-02T08:56:24.077+05:30  INFO 4800 --- [user-service] [http-nio-8082-exec-7] c.u.config.RequestLoggingFilter          : ? GET /friends/search | status=200 | 81ms
2026-06-02T08:56:32.052+05:30 DEBUG 4800 --- [user-service] [http-nio-8082-exec-1] c.u.security.JwtAuthenticationFilter     : JWT filter processing: GET /friends/requests/pending
2026-06-02T08:56:32.057+05:30 DEBUG 4800 --- [user-service] [http-nio-8082-exec-1] c.u.security.JwtAuthenticationFilter     : Authenticated userId=9476f8db-3324-489f-b201-7e3ed48c4aea for /friends/requests/pending
2026-06-02T08:56:32.058+05:30  INFO 4800 --- [user-service] [http-nio-8082-exec-1] c.u.config.RequestLoggingFilter          : ? GET /friends/requests/pending [IP: 0:0:0:0:0:0:0:1]
2026-06-02T08:56:32.065+05:30  INFO 4800 --- [user-service] [http-nio-8082-exec-1] c.u.config.RequestLoggingFilter          : ? GET /friends/requests/pending | status=200 | 7ms
2026-06-02T08:56:41.936+05:30 DEBUG 4800 --- [user-service] [http-nio-8082-exec-4] c.u.security.JwtAuthenticationFilter     : JWT filter processing: GET /friends/requests/pending
2026-06-02T08:56:41.939+05:30 DEBUG 4800 --- [user-service] [http-nio-8082-exec-4] c.u.security.JwtAuthenticationFilter     : Authenticated userId=3bb24a6b-fbd9-47a8-8e19-618ceb79f4b8 for /friends/requests/pending
2026-06-02T08:56:41.941+05:30  INFO 4800 --- [user-service] [http-nio-8082-exec-4] c.u.config.RequestLoggingFilter          : ? GET /friends/requests/pending [IP: 0:0:0:0:0:0:0:1]
2026-06-02T08:56:41.947+05:30  INFO 4800 --- [user-service] [http-nio-8082-exec-4] c.u.config.RequestLoggingFilter          : ? GET /friends/requests/pending | status=200 | 6ms
2026-06-02T08:56:47.823+05:30 DEBUG 4800 --- [user-service] [http-nio-8082-exec-3] c.u.security.JwtAuthenticationFilter     : JWT filter processing: GET /friends/search-by-phone
2026-06-02T08:56:47.825+05:30 DEBUG 4800 --- [user-service] [http-nio-8082-exec-3] c.u.security.JwtAuthenticationFilter     : Authenticated userId=51d34d5a-40d5-4218-8ae6-d57cebe953bf for /friends/search-by-phone
2026-06-02T08:56:47.826+05:30  INFO 4800 --- [user-service] [http-nio-8082-exec-3] c.u.config.RequestLoggingFilter          : ? GET /friends/search-by-phone [IP: 0:0:0:0:0:0:0:1]
2026-06-02T08:56:47.845+05:30  INFO 4800 --- [user-service] [http-nio-8082-exec-3] c.u.config.RequestLoggingFilter          : ? GET /friends/search-by-phone | status=200 | 19ms
2026-06-02T08:56:48.810+05:30 DEBUG 4800 --- [user-service] [http-nio-8082-exec-6] c.u.security.JwtAuthenticationFilter     : JWT filter processing: POST /friends/add-direct
2026-06-02T08:56:48.812+05:30 DEBUG 4800 --- [user-service] [http-nio-8082-exec-6] c.u.security.JwtAuthenticationFilter     : Authenticated userId=51d34d5a-40d5-4218-8ae6-d57cebe953bf for /friends/add-direct
2026-06-02T08:56:48.812+05:30  INFO 4800 --- [user-service] [http-nio-8082-exec-6] c.u.config.RequestLoggingFilter          : ? POST /friends/add-direct [IP: 0:0:0:0:0:0:0:1]
2026-06-02T08:56:48.871+05:30  INFO 4800 --- [user-service] [http-nio-8082-exec-6] c.u.config.RequestLoggingFilter          : ? POST /friends/add-direct | status=200 | 59ms
2026-06-02T08:56:48.904+05:30 DEBUG 4800 --- [user-service] [http-nio-8082-exec-5] c.u.security.JwtAuthenticationFilter     : JWT filter processing: GET /friends/search
2026-06-02T08:56:48.907+05:30 DEBUG 4800 --- [user-service] [http-nio-8082-exec-5] c.u.security.JwtAuthenticationFilter     : Authenticated userId=51d34d5a-40d5-4218-8ae6-d57cebe953bf for /friends/search
2026-06-02T08:56:48.908+05:30  INFO 4800 --- [user-service] [http-nio-8082-exec-5] c.u.config.RequestLoggingFilter          : ? GET /friends/search [IP: 0:0:0:0:0:0:0:1]
2026-06-02T08:56:48.953+05:30  INFO 4800 --- [user-service] [http-nio-8082-exec-5] c.u.config.RequestLoggingFilter          : ? GET /friends/search | status=200 | 45ms
2026-06-02T08:56:53.621+05:30 DEBUG 4800 --- [user-service] [http-nio-8082-exec-8] c.u.security.JwtAuthenticationFilter     : JWT filter processing: GET /friends/search
2026-06-02T08:56:53.629+05:30 DEBUG 4800 --- [user-service] [http-nio-8082-exec-8] c.u.security.JwtAuthenticationFilter     : Authenticated userId=51d34d5a-40d5-4218-8ae6-d57cebe953bf for /friends/search
2026-06-02T08:56:53.631+05:30  INFO 4800 --- [user-service] [http-nio-8082-exec-8] c.u.config.RequestLoggingFilter          : ? GET /friends/search [IP: 0:0:0:0:0:0:0:1]
2026-06-02T08:56:53.662+05:30 DEBUG 4800 --- [user-service] [http-nio-8082-exec-9] c.u.security.JwtAuthenticationFilter     : JWT filter processing: GET /friends/requests/pending
2026-06-02T08:56:53.672+05:30 DEBUG 4800 --- [user-service] [http-nio-8082-exec-9] c.u.security.JwtAuthenticationFilter     : Authenticated userId=51d34d5a-40d5-4218-8ae6-d57cebe953bf for /friends/requests/pending
2026-06-02T08:56:53.674+05:30  INFO 4800 --- [user-service] [http-nio-8082-exec-9] c.u.config.RequestLoggingFilter          : ? GET /friends/requests/pending [IP: 0:0:0:0:0:0:0:1]
2026-06-02T08:56:53.682+05:30  INFO 4800 --- [user-service] [http-nio-8082-exec-9] c.u.config.RequestLoggingFilter          : ? GET /friends/requests/pending | status=200 | 7ms
2026-06-02T08:56:53.780+05:30 DEBUG 4800 --- [user-service] [http-nio-8082-exec-10] c.u.security.JwtAuthenticationFilter     : JWT filter processing: GET /friends/requests/pending
2026-06-02T08:56:53.806+05:30 DEBUG 4800 --- [user-service] [http-nio-8082-exec-10] c.u.security.JwtAuthenticationFilter     : Authenticated userId=51d34d5a-40d5-4218-8ae6-d57cebe953bf for /friends/requests/pending
2026-06-02T08:56:53.807+05:30  INFO 4800 --- [user-service] [http-nio-8082-exec-10] c.u.config.RequestLoggingFilter          : ? GET /friends/requests/pending [IP: 0:0:0:0:0:0:0:1]
2026-06-02T08:56:53.818+05:30  INFO 4800 --- [user-service] [http-nio-8082-exec-10] c.u.config.RequestLoggingFilter          : ? GET /friends/requests/pending | status=200 | 11ms
2026-06-02T08:56:53.848+05:30  INFO 4800 --- [user-service] [http-nio-8082-exec-8] c.u.config.RequestLoggingFilter          : ? GET /friends/search | status=200 | 217ms
2026-06-02T08:56:53.922+05:30 DEBUG 4800 --- [user-service] [http-nio-8082-exec-2] c.u.security.JwtAuthenticationFilter     : JWT filter processing: GET /friends/search
2026-06-02T08:56:53.938+05:30 DEBUG 4800 --- [user-service] [http-nio-8082-exec-2] c.u.security.JwtAuthenticationFilter     : Authenticated userId=51d34d5a-40d5-4218-8ae6-d57cebe953bf for /friends/search
2026-06-02T08:56:54.054+05:30  INFO 4800 --- [user-service] [http-nio-8082-exec-2] c.u.config.RequestLoggingFilter          : ? GET /friends/search [IP: 0:0:0:0:0:0:0:1]
2026-06-02T08:56:54.190+05:30  INFO 4800 --- [user-service] [http-nio-8082-exec-2] c.u.config.RequestLoggingFilter          : ? GET /friends/search | status=200 | 136ms
2026-06-02T08:57:02.047+05:30 DEBUG 4800 --- [user-service] [http-nio-8082-exec-7] c.u.security.JwtAuthenticationFilter     : JWT filter processing: GET /friends/requests/pending
2026-06-02T08:57:02.051+05:30 DEBUG 4800 --- [user-service] [http-nio-8082-exec-7] c.u.security.JwtAuthenticationFilter     : Authenticated userId=9476f8db-3324-489f-b201-7e3ed48c4aea for /friends/requests/pending
2026-06-02T08:57:02.052+05:30  INFO 4800 --- [user-service] [http-nio-8082-exec-7] c.u.config.RequestLoggingFilter          : ? GET /friends/requests/pending [IP: 0:0:0:0:0:0:0:1]
2026-06-02T08:57:02.057+05:30  INFO 4800 --- [user-service] [http-nio-8082-exec-7] c.u.config.RequestLoggingFilter          : ? GET /friends/requests/pending | status=200 | 5ms
2026-06-02T08:57:12.884+05:30 DEBUG 4800 --- [user-service] [http-nio-8082-exec-1] c.u.security.JwtAuthenticationFilter     : JWT filter processing: GET /friends/requests/pending
2026-06-02T08:57:12.887+05:30 DEBUG 4800 --- [user-service] [http-nio-8082-exec-1] c.u.security.JwtAuthenticationFilter     : Authenticated userId=3bb24a6b-fbd9-47a8-8e19-618ceb79f4b8 for /friends/requests/pending
2026-06-02T08:57:12.887+05:30  INFO 4800 --- [user-service] [http-nio-8082-exec-1] c.u.config.RequestLoggingFilter          : ? GET /friends/requests/pending [IP: 0:0:0:0:0:0:0:1]
2026-06-02T08:57:12.891+05:30  INFO 4800 --- [user-service] [http-nio-8082-exec-1] c.u.config.RequestLoggingFilter          : ? GET /friends/requests/pending | status=200 | 4ms
2026-06-02T08:57:23.883+05:30 DEBUG 4800 --- [user-service] [http-nio-8082-exec-4] c.u.security.JwtAuthenticationFilter     : JWT filter processing: GET /friends/requests/pending
2026-06-02T08:57:23.886+05:30 DEBUG 4800 --- [user-service] [http-nio-8082-exec-4] c.u.security.JwtAuthenticationFilter     : Authenticated userId=51d34d5a-40d5-4218-8ae6-d57cebe953bf for /friends/requests/pending
2026-06-02T08:57:23.887+05:30  INFO 4800 --- [user-service] [http-nio-8082-exec-4] c.u.config.RequestLoggingFilter          : ? GET /friends/requests/pending [IP: 0:0:0:0:0:0:0:1]
2026-06-02T08:57:23.892+05:30  INFO 4800 --- [user-service] [http-nio-8082-exec-4] c.u.config.RequestLoggingFilter          : ? GET /friends/requests/pending | status=200 | 6ms
2026-06-02T08:57:32.893+05:30 DEBUG 4800 --- [user-service] [http-nio-8082-exec-3] c.u.security.JwtAuthenticationFilter     : JWT filter processing: GET /friends/requests/pending
2026-06-02T08:57:32.896+05:30 DEBUG 4800 --- [user-service] [http-nio-8082-exec-3] c.u.security.JwtAuthenticationFilter     : Authenticated userId=9476f8db-3324-489f-b201-7e3ed48c4aea for /friends/requests/pending
2026-06-02T08:57:32.897+05:30  INFO 4800 --- [user-service] [http-nio-8082-exec-3] c.u.config.RequestLoggingFilter          : ? GET /friends/requests/pending [IP: 0:0:0:0:0:0:0:1]
2026-06-02T08:57:32.900+05:30  INFO 4800 --- [user-service] [http-nio-8082-exec-3] c.u.config.RequestLoggingFilter          : ? GET /friends/requests/pending | status=200 | 3ms
2026-06-02T08:57:42.884+05:30 DEBUG 4800 --- [user-service] [http-nio-8082-exec-6] c.u.security.JwtAuthenticationFilter     : JWT filter processing: GET /friends/requests/pending
2026-06-02T08:57:42.887+05:30 DEBUG 4800 --- [user-service] [http-nio-8082-exec-6] c.u.security.JwtAuthenticationFilter     : Authenticated userId=3bb24a6b-fbd9-47a8-8e19-618ceb79f4b8 for /friends/requests/pending
2026-06-02T08:57:42.888+05:30  INFO 4800 --- [user-service] [http-nio-8082-exec-6] c.u.config.RequestLoggingFilter          : ? GET /friends/requests/pending [IP: 0:0:0:0:0:0:0:1]
2026-06-02T08:57:42.892+05:30  INFO 4800 --- [user-service] [http-nio-8082-exec-6] c.u.config.RequestLoggingFilter          : ? GET /friends/requests/pending | status=200 | 4ms
2026-06-02T08:57:53.877+05:30 DEBUG 4800 --- [user-service] [http-nio-8082-exec-5] c.u.security.JwtAuthenticationFilter     : JWT filter processing: GET /friends/requests/pending
2026-06-02T08:57:53.880+05:30 DEBUG 4800 --- [user-service] [http-nio-8082-exec-5] c.u.security.JwtAuthenticationFilter     : Authenticated userId=51d34d5a-40d5-4218-8ae6-d57cebe953bf for /friends/requests/pending
2026-06-02T08:57:53.881+05:30  INFO 4800 --- [user-service] [http-nio-8082-exec-5] c.u.config.RequestLoggingFilter          : ? GET /friends/requests/pending [IP: 0:0:0:0:0:0:0:1]
2026-06-02T08:57:53.886+05:30  INFO 4800 --- [user-service] [http-nio-8082-exec-5] c.u.config.RequestLoggingFilter          : ? GET /friends/requests/pending | status=200 | 5ms
2026-06-02T08:58:02.880+05:30 DEBUG 4800 --- [user-service] [http-nio-8082-exec-9] c.u.security.JwtAuthenticationFilter     : JWT filter processing: GET /friends/requests/pending
2026-06-02T08:58:02.885+05:30 DEBUG 4800 --- [user-service] [http-nio-8082-exec-9] c.u.security.JwtAuthenticationFilter     : Authenticated userId=9476f8db-3324-489f-b201-7e3ed48c4aea for /friends/requests/pending
2026-06-02T08:58:02.885+05:30  INFO 4800 --- [user-service] [http-nio-8082-exec-9] c.u.config.RequestLoggingFilter          : ? GET /friends/requests/pending [IP: 0:0:0:0:0:0:0:1]
2026-06-02T08:58:02.890+05:30  INFO 4800 --- [user-service] [http-nio-8082-exec-9] c.u.config.RequestLoggingFilter          : ? GET /friends/requests/pending | status=200 | 5ms
2026-06-02T08:58:12.877+05:30 DEBUG 4800 --- [user-service] [http-nio-8082-exec-10] c.u.security.JwtAuthenticationFilter     : JWT filter processing: GET /friends/requests/pending
2026-06-02T08:58:12.880+05:30 DEBUG 4800 --- [user-service] [http-nio-8082-exec-10] c.u.security.JwtAuthenticationFilter     : Authenticated userId=3bb24a6b-fbd9-47a8-8e19-618ceb79f4b8 for /friends/requests/pending
2026-06-02T08:58:12.880+05:30  INFO 4800 --- [user-service] [http-nio-8082-exec-10] c.u.config.RequestLoggingFilter          : ? GET /friends/requests/pending [IP: 0:0:0:0:0:0:0:1]
2026-06-02T08:58:12.886+05:30  INFO 4800 --- [user-service] [http-nio-8082-exec-10] c.u.config.RequestLoggingFilter          : ? GET /friends/requests/pending | status=200 | 6ms
2026-06-02T08:58:23.877+05:30 DEBUG 4800 --- [user-service] [http-nio-8082-exec-8] c.u.security.JwtAuthenticationFilter     : JWT filter processing: GET /friends/requests/pending
2026-06-02T08:58:23.882+05:30 DEBUG 4800 --- [user-service] [http-nio-8082-exec-8] c.u.security.JwtAuthenticationFilter     : Authenticated userId=51d34d5a-40d5-4218-8ae6-d57cebe953bf for /friends/requests/pending
2026-06-02T08:58:23.882+05:30  INFO 4800 --- [user-service] [http-nio-8082-exec-8] c.u.config.RequestLoggingFilter          : ? GET /friends/requests/pending [IP: 0:0:0:0:0:0:0:1]
2026-06-02T08:58:23.887+05:30  INFO 4800 --- [user-service] [http-nio-8082-exec-8] c.u.config.RequestLoggingFilter          : ? GET /friends/requests/pending | status=200 | 5ms
2026-06-02T08:58:32.878+05:30 DEBUG 4800 --- [user-service] [http-nio-8082-exec-2] c.u.security.JwtAuthenticationFilter     : JWT filter processing: GET /friends/requests/pending
2026-06-02T08:58:32.882+05:30 DEBUG 4800 --- [user-service] [http-nio-8082-exec-2] c.u.security.JwtAuthenticationFilter     : Authenticated userId=9476f8db-3324-489f-b201-7e3ed48c4aea for /friends/requests/pending
2026-06-02T08:58:32.883+05:30  INFO 4800 --- [user-service] [http-nio-8082-exec-2] c.u.config.RequestLoggingFilter          : ? GET /friends/requests/pending [IP: 0:0:0:0:0:0:0:1]
2026-06-02T08:58:32.888+05:30  INFO 4800 --- [user-service] [http-nio-8082-exec-2] c.u.config.RequestLoggingFilter          : ? GET /friends/requests/pending | status=200 | 5ms
2026-06-02T08:58:53.894+05:30 DEBUG 4800 --- [user-service] [http-nio-8082-exec-7] c.u.security.JwtAuthenticationFilter     : JWT filter processing: GET /friends/requests/pending
2026-06-02T08:58:53.897+05:30 DEBUG 4800 --- [user-service] [http-nio-8082-exec-7] c.u.security.JwtAuthenticationFilter     : Authenticated userId=51d34d5a-40d5-4218-8ae6-d57cebe953bf for /friends/requests/pending
2026-06-02T08:58:53.897+05:30  INFO 4800 --- [user-service] [http-nio-8082-exec-7] c.u.config.RequestLoggingFilter          : ? GET /friends/requests/pending [IP: 0:0:0:0:0:0:0:1]
2026-06-02T08:58:53.901+05:30  INFO 4800 --- [user-service] [http-nio-8082-exec-7] c.u.config.RequestLoggingFilter          : ? GET /friends/requests/pending | status=200 | 4ms
2026-06-02T08:59:02.900+05:30 DEBUG 4800 --- [user-service] [http-nio-8082-exec-1] c.u.security.JwtAuthenticationFilter     : JWT filter processing: GET /friends/requests/pending
2026-06-02T08:59:02.904+05:30 DEBUG 4800 --- [user-service] [http-nio-8082-exec-1] c.u.security.JwtAuthenticationFilter     : Authenticated userId=9476f8db-3324-489f-b201-7e3ed48c4aea for /friends/requests/pending
2026-06-02T08:59:02.904+05:30  INFO 4800 --- [user-service] [http-nio-8082-exec-1] c.u.config.RequestLoggingFilter          : ? GET /friends/requests/pending [IP: 0:0:0:0:0:0:0:1]
2026-06-02T08:59:02.909+05:30  INFO 4800 --- [user-service] [http-nio-8082-exec-1] c.u.config.RequestLoggingFilter          : ? GET /friends/requests/pending | status=200 | 5ms
2026-06-02T08:59:23.882+05:30 DEBUG 4800 --- [user-service] [http-nio-8082-exec-4] c.u.security.JwtAuthenticationFilter     : JWT filter processing: GET /friends/requests/pending
2026-06-02T08:59:23.886+05:30 DEBUG 4800 --- [user-service] [http-nio-8082-exec-4] c.u.security.JwtAuthenticationFilter     : Authenticated userId=51d34d5a-40d5-4218-8ae6-d57cebe953bf for /friends/requests/pending
2026-06-02T08:59:23.887+05:30  INFO 4800 --- [user-service] [http-nio-8082-exec-4] c.u.config.RequestLoggingFilter          : ? GET /friends/requests/pending [IP: 0:0:0:0:0:0:0:1]
2026-06-02T08:59:23.892+05:30  INFO 4800 --- [user-service] [http-nio-8082-exec-4] c.u.config.RequestLoggingFilter          : ? GET /friends/requests/pending | status=200 | 5ms
2026-06-02T08:59:41.894+05:30 DEBUG 4800 --- [user-service] [http-nio-8082-exec-3] c.u.security.JwtAuthenticationFilter     : JWT filter processing: GET /friends/requests/pending
2026-06-02T08:59:41.900+05:30 DEBUG 4800 --- [user-service] [http-nio-8082-exec-3] c.u.security.JwtAuthenticationFilter     : Authenticated userId=3bb24a6b-fbd9-47a8-8e19-618ceb79f4b8 for /friends/requests/pending
2026-06-02T08:59:41.901+05:30 DEBUG 4800 --- [user-service] [http-nio-8082-exec-6] c.u.security.JwtAuthenticationFilter     : JWT filter processing: GET /friends/requests/pending
2026-06-02T08:59:41.901+05:30  INFO 4800 --- [user-service] [http-nio-8082-exec-3] c.u.config.RequestLoggingFilter          : ? GET /friends/requests/pending [IP: 0:0:0:0:0:0:0:1]
2026-06-02T08:59:41.906+05:30 DEBUG 4800 --- [user-service] [http-nio-8082-exec-6] c.u.security.JwtAuthenticationFilter     : Authenticated userId=9476f8db-3324-489f-b201-7e3ed48c4aea for /friends/requests/pending
2026-06-02T08:59:41.907+05:30  INFO 4800 --- [user-service] [http-nio-8082-exec-6] c.u.config.RequestLoggingFilter          : ? GET /friends/requests/pending [IP: 0:0:0:0:0:0:0:1]
2026-06-02T08:59:41.907+05:30  INFO 4800 --- [user-service] [http-nio-8082-exec-3] c.u.config.RequestLoggingFilter          : ? GET /friends/requests/pending | status=200 | 6ms
2026-06-02T08:59:41.913+05:30  INFO 4800 --- [user-service] [http-nio-8082-exec-6] c.u.config.RequestLoggingFilter          : ? GET /friends/requests/pending | status=200 | 6ms
2026-06-02T08:59:53.883+05:30 DEBUG 4800 --- [user-service] [http-nio-8082-exec-5] c.u.security.JwtAuthenticationFilter     : JWT filter processing: GET /friends/requests/pending
2026-06-02T08:59:53.886+05:30 DEBUG 4800 --- [user-service] [http-nio-8082-exec-5] c.u.security.JwtAuthenticationFilter     : Authenticated userId=51d34d5a-40d5-4218-8ae6-d57cebe953bf for /friends/requests/pending
2026-06-02T08:59:53.886+05:30  INFO 4800 --- [user-service] [http-nio-8082-exec-5] c.u.config.RequestLoggingFilter          : ? GET /friends/requests/pending [IP: 0:0:0:0:0:0:0:1]
2026-06-02T08:59:53.890+05:30  INFO 4800 --- [user-service] [http-nio-8082-exec-5] c.u.config.RequestLoggingFilter          : ? GET /friends/requests/pending | status=200 | 4ms
2026-06-02T09:00:23.609+05:30  INFO 4800 --- [user-service] [AsyncResolver-bootstrap-executor-0] c.n.d.s.r.aws.ConfigClusterResolver      : Resolving eureka endpoints via configuration
2026-06-02T09:00:23.883+05:30 DEBUG 4800 --- [user-service] [http-nio-8082-exec-9] c.u.security.JwtAuthenticationFilter     : JWT filter processing: GET /friends/requests/pending
2026-06-02T09:00:23.887+05:30 DEBUG 4800 --- [user-service] [http-nio-8082-exec-9] c.u.security.JwtAuthenticationFilter     : Authenticated userId=51d34d5a-40d5-4218-8ae6-d57cebe953bf for /friends/requests/pending
2026-06-02T09:00:23.888+05:30  INFO 4800 --- [user-service] [http-nio-8082-exec-9] c.u.config.RequestLoggingFilter          : ? GET /friends/requests/pending [IP: 0:0:0:0:0:0:0:1]
2026-06-02T09:00:23.893+05:30  INFO 4800 --- [user-service] [http-nio-8082-exec-9] c.u.config.RequestLoggingFilter          : ? GET /friends/requests/pending | status=200 | 5ms
2026-06-02T09:00:39.716+05:30 DEBUG 4800 --- [user-service] [http-nio-8082-exec-10] c.u.security.JwtAuthenticationFilter     : JWT filter processing: GET /friends/requests/pending
2026-06-02T09:00:39.722+05:30 DEBUG 4800 --- [user-service] [http-nio-8082-exec-8] c.u.security.JwtAuthenticationFilter     : JWT filter processing: GET /friends/requests/pending
2026-06-02T09:00:39.723+05:30 DEBUG 4800 --- [user-service] [http-nio-8082-exec-10] c.u.security.JwtAuthenticationFilter     : Authenticated userId=3bb24a6b-fbd9-47a8-8e19-618ceb79f4b8 for /friends/requests/pending
2026-06-02T09:00:39.725+05:30  INFO 4800 --- [user-service] [http-nio-8082-exec-10] c.u.config.RequestLoggingFilter          : ? GET /friends/requests/pending [IP: 0:0:0:0:0:0:0:1]
2026-06-02T09:00:39.728+05:30 DEBUG 4800 --- [user-service] [http-nio-8082-exec-8] c.u.security.JwtAuthenticationFilter     : Authenticated userId=9476f8db-3324-489f-b201-7e3ed48c4aea for /friends/requests/pending
2026-06-02T09:00:39.731+05:30  INFO 4800 --- [user-service] [http-nio-8082-exec-8] c.u.config.RequestLoggingFilter          : ? GET /friends/requests/pending [IP: 0:0:0:0:0:0:0:1]
2026-06-02T09:00:39.732+05:30  INFO 4800 --- [user-service] [http-nio-8082-exec-10] c.u.config.RequestLoggingFilter          : ? GET /friends/requests/pending | status=200 | 8ms
2026-06-02T09:00:39.738+05:30  INFO 4800 --- [user-service] [http-nio-8082-exec-8] c.u.config.RequestLoggingFilter          : ? GET /friends/requests/pending | status=200 | 7ms
2026-06-02T09:00:42.874+05:30 DEBUG 4800 --- [user-service] [http-nio-8082-exec-2] c.u.security.JwtAuthenticationFilter     : JWT filter processing: GET /friends/requests/pending
2026-06-02T09:00:42.878+05:30 DEBUG 4800 --- [user-service] [http-nio-8082-exec-2] c.u.security.JwtAuthenticationFilter     : Authenticated userId=3bb24a6b-fbd9-47a8-8e19-618ceb79f4b8 for /friends/requests/pending
2026-06-02T09:00:42.879+05:30  INFO 4800 --- [user-service] [http-nio-8082-exec-2] c.u.config.RequestLoggingFilter          : ? GET /friends/requests/pending [IP: 0:0:0:0:0:0:0:1]
2026-06-02T09:00:42.883+05:30  INFO 4800 --- [user-service] [http-nio-8082-exec-2] c.u.config.RequestLoggingFilter          : ? GET /friends/requests/pending | status=200 | 4ms
2026-06-02T09:00:53.889+05:30 DEBUG 4800 --- [user-service] [http-nio-8082-exec-7] c.u.security.JwtAuthenticationFilter     : JWT filter processing: GET /friends/requests/pending
2026-06-02T09:00:53.893+05:30 DEBUG 4800 --- [user-service] [http-nio-8082-exec-7] c.u.security.JwtAuthenticationFilter     : Authenticated userId=51d34d5a-40d5-4218-8ae6-d57cebe953bf for /friends/requests/pending
2026-06-02T09:00:53.894+05:30  INFO 4800 --- [user-service] [http-nio-8082-exec-7] c.u.config.RequestLoggingFilter          : ? GET /friends/requests/pending [IP: 0:0:0:0:0:0:0:1]
2026-06-02T09:00:53.900+05:30  INFO 4800 --- [user-service] [http-nio-8082-exec-7] c.u.config.RequestLoggingFilter          : ? GET /friends/requests/pending | status=200 | 6ms
2026-06-02T09:01:02.883+05:30 DEBUG 4800 --- [user-service] [http-nio-8082-exec-1] c.u.security.JwtAuthenticationFilter     : JWT filter processing: GET /friends/requests/pending
2026-06-02T09:01:02.887+05:30 DEBUG 4800 --- [user-service] [http-nio-8082-exec-1] c.u.security.JwtAuthenticationFilter     : Authenticated userId=9476f8db-3324-489f-b201-7e3ed48c4aea for /friends/requests/pending
2026-06-02T09:01:02.888+05:30  INFO 4800 --- [user-service] [http-nio-8082-exec-1] c.u.config.RequestLoggingFilter          : ? GET /friends/requests/pending [IP: 0:0:0:0:0:0:0:1]
2026-06-02T09:01:02.894+05:30  INFO 4800 --- [user-service] [http-nio-8082-exec-1] c.u.config.RequestLoggingFilter          : ? GET /friends/requests/pending | status=200 | 6ms
2026-06-02T09:01:12.894+05:30 DEBUG 4800 --- [user-service] [http-nio-8082-exec-4] c.u.security.JwtAuthenticationFilter     : JWT filter processing: GET /friends/requests/pending
2026-06-02T09:01:12.899+05:30 DEBUG 4800 --- [user-service] [http-nio-8082-exec-4] c.u.security.JwtAuthenticationFilter     : Authenticated userId=3bb24a6b-fbd9-47a8-8e19-618ceb79f4b8 for /friends/requests/pending
2026-06-02T09:01:12.900+05:30  INFO 4800 --- [user-service] [http-nio-8082-exec-4] c.u.config.RequestLoggingFilter          : ? GET /friends/requests/pending [IP: 0:0:0:0:0:0:0:1]
2026-06-02T09:01:12.905+05:30  INFO 4800 --- [user-service] [http-nio-8082-exec-4] c.u.config.RequestLoggingFilter          : ? GET /friends/requests/pending | status=200 | 5ms
2026-06-02T09:01:23.875+05:30 DEBUG 4800 --- [user-service] [http-nio-8082-exec-3] c.u.security.JwtAuthenticationFilter     : JWT filter processing: GET /friends/requests/pending
2026-06-02T09:01:23.878+05:30 DEBUG 4800 --- [user-service] [http-nio-8082-exec-3] c.u.security.JwtAuthenticationFilter     : Authenticated userId=51d34d5a-40d5-4218-8ae6-d57cebe953bf for /friends/requests/pending
2026-06-02T09:01:23.878+05:30  INFO 4800 --- [user-service] [http-nio-8082-exec-3] c.u.config.RequestLoggingFilter          : ? GET /friends/requests/pending [IP: 0:0:0:0:0:0:0:1]
2026-06-02T09:01:23.883+05:30  INFO 4800 --- [user-service] [http-nio-8082-exec-3] c.u.config.RequestLoggingFilter          : ? GET /friends/requests/pending | status=200 | 5ms
2026-06-02T09:01:32.134+05:30 DEBUG 4800 --- [user-service] [http-nio-8082-exec-6] c.u.security.JwtAuthenticationFilter     : JWT filter processing: GET /friends/requests/pending
2026-06-02T09:01:32.143+05:30 DEBUG 4800 --- [user-service] [http-nio-8082-exec-6] c.u.security.JwtAuthenticationFilter     : Authenticated userId=9476f8db-3324-489f-b201-7e3ed48c4aea for /friends/requests/pending
2026-06-02T09:01:32.153+05:30  INFO 4800 --- [user-service] [http-nio-8082-exec-6] c.u.config.RequestLoggingFilter          : ? GET /friends/requests/pending [IP: 0:0:0:0:0:0:0:1]
2026-06-02T09:01:32.169+05:30  INFO 4800 --- [user-service] [http-nio-8082-exec-6] c.u.config.RequestLoggingFilter          : ? GET /friends/requests/pending | status=200 | 17ms
2026-06-02T09:01:42.881+05:30 DEBUG 4800 --- [user-service] [http-nio-8082-exec-5] c.u.security.JwtAuthenticationFilter     : JWT filter processing: GET /friends/requests/pending
2026-06-02T09:01:42.884+05:30 DEBUG 4800 --- [user-service] [http-nio-8082-exec-5] c.u.security.JwtAuthenticationFilter     : Authenticated userId=3bb24a6b-fbd9-47a8-8e19-618ceb79f4b8 for /friends/requests/pending
2026-06-02T09:01:42.885+05:30  INFO 4800 --- [user-service] [http-nio-8082-exec-5] c.u.config.RequestLoggingFilter          : ? GET /friends/requests/pending [IP: 0:0:0:0:0:0:0:1]
2026-06-02T09:01:42.891+05:30  INFO 4800 --- [user-service] [http-nio-8082-exec-5] c.u.config.RequestLoggingFilter          : ? GET /friends/requests/pending | status=200 | 7ms
2026-06-02T09:01:53.876+05:30 DEBUG 4800 --- [user-service] [http-nio-8082-exec-9] c.u.security.JwtAuthenticationFilter     : JWT filter processing: GET /friends/requests/pending
2026-06-02T09:01:53.886+05:30 DEBUG 4800 --- [user-service] [http-nio-8082-exec-9] c.u.security.JwtAuthenticationFilter     : Authenticated userId=51d34d5a-40d5-4218-8ae6-d57cebe953bf for /friends/requests/pending
2026-06-02T09:01:53.893+05:30  INFO 4800 --- [user-service] [http-nio-8082-exec-9] c.u.config.RequestLoggingFilter          : ? GET /friends/requests/pending [IP: 0:0:0:0:0:0:0:1]
2026-06-02T09:01:53.899+05:30  INFO 4800 --- [user-service] [http-nio-8082-exec-9] c.u.config.RequestLoggingFilter          : ? GET /friends/requests/pending | status=200 | 6ms
2026-06-02T09:02:02.876+05:30 DEBUG 4800 --- [user-service] [http-nio-8082-exec-10] c.u.security.JwtAuthenticationFilter     : JWT filter processing: GET /friends/requests/pending
2026-06-02T09:02:02.880+05:30 DEBUG 4800 --- [user-service] [http-nio-8082-exec-10] c.u.security.JwtAuthenticationFilter     : Authenticated userId=9476f8db-3324-489f-b201-7e3ed48c4aea for /friends/requests/pending
2026-06-02T09:02:02.881+05:30  INFO 4800 --- [user-service] [http-nio-8082-exec-10] c.u.config.RequestLoggingFilter          : ? GET /friends/requests/pending [IP: 0:0:0:0:0:0:0:1]
2026-06-02T09:02:02.886+05:30  INFO 4800 --- [user-service] [http-nio-8082-exec-10] c.u.config.RequestLoggingFilter          : ? GET /friends/requests/pending | status=200 | 5ms
2026-06-02T09:02:12.876+05:30 DEBUG 4800 --- [user-service] [http-nio-8082-exec-8] c.u.security.JwtAuthenticationFilter     : JWT filter processing: GET /friends/requests/pending
2026-06-02T09:02:12.877+05:30 DEBUG 4800 --- [user-service] [http-nio-8082-exec-8] c.u.security.JwtAuthenticationFilter     : Authenticated userId=3bb24a6b-fbd9-47a8-8e19-618ceb79f4b8 for /friends/requests/pending
2026-06-02T09:02:12.878+05:30  INFO 4800 --- [user-service] [http-nio-8082-exec-8] c.u.config.RequestLoggingFilter          : ? GET /friends/requests/pending [IP: 0:0:0:0:0:0:0:1]
2026-06-02T09:02:12.883+05:30  INFO 4800 --- [user-service] [http-nio-8082-exec-8] c.u.config.RequestLoggingFilter          : ? GET /friends/requests/pending | status=200 | 5ms
2026-06-02T09:02:23.875+05:30 DEBUG 4800 --- [user-service] [http-nio-8082-exec-2] c.u.security.JwtAuthenticationFilter     : JWT filter processing: GET /friends/requests/pending
2026-06-02T09:02:23.877+05:30 DEBUG 4800 --- [user-service] [http-nio-8082-exec-2] c.u.security.JwtAuthenticationFilter     : Authenticated userId=51d34d5a-40d5-4218-8ae6-d57cebe953bf for /friends/requests/pending
2026-06-02T09:02:23.878+05:30  INFO 4800 --- [user-service] [http-nio-8082-exec-2] c.u.config.RequestLoggingFilter          : ? GET /friends/requests/pending [IP: 0:0:0:0:0:0:0:1]
2026-06-02T09:02:23.882+05:30  INFO 4800 --- [user-service] [http-nio-8082-exec-2] c.u.config.RequestLoggingFilter          : ? GET /friends/requests/pending | status=200 | 4ms
2026-06-02T09:02:32.587+05:30 DEBUG 4800 --- [user-service] [http-nio-8082-exec-7] c.u.security.JwtAuthenticationFilter     : JWT filter processing: GET /friends/requests/pending
2026-06-02T09:02:32.597+05:30 DEBUG 4800 --- [user-service] [http-nio-8082-exec-7] c.u.security.JwtAuthenticationFilter     : Authenticated userId=9476f8db-3324-489f-b201-7e3ed48c4aea for /friends/requests/pending
2026-06-02T09:02:32.602+05:30  INFO 4800 --- [user-service] [http-nio-8082-exec-7] c.u.config.RequestLoggingFilter          : ? GET /friends/requests/pending [IP: 0:0:0:0:0:0:0:1]
2026-06-02T09:02:32.614+05:30  INFO 4800 --- [user-service] [http-nio-8082-exec-7] c.u.config.RequestLoggingFilter          : ? GET /friends/requests/pending | status=200 | 12ms
2026-06-02T09:02:42.873+05:30 DEBUG 4800 --- [user-service] [http-nio-8082-exec-1] c.u.security.JwtAuthenticationFilter     : JWT filter processing: GET /friends/requests/pending
2026-06-02T09:02:42.876+05:30 DEBUG 4800 --- [user-service] [http-nio-8082-exec-1] c.u.security.JwtAuthenticationFilter     : Authenticated userId=3bb24a6b-fbd9-47a8-8e19-618ceb79f4b8 for /friends/requests/pending
2026-06-02T09:02:42.877+05:30  INFO 4800 --- [user-service] [http-nio-8082-exec-1] c.u.config.RequestLoggingFilter          : ? GET /friends/requests/pending [IP: 0:0:0:0:0:0:0:1]
2026-06-02T09:02:42.881+05:30  INFO 4800 --- [user-service] [http-nio-8082-exec-1] c.u.config.RequestLoggingFilter          : ? GET /friends/requests/pending | status=200 | 4ms
2026-06-02T09:02:53.883+05:30 DEBUG 4800 --- [user-service] [http-nio-8082-exec-4] c.u.security.JwtAuthenticationFilter     : JWT filter processing: GET /friends/requests/pending
2026-06-02T09:02:53.887+05:30 DEBUG 4800 --- [user-service] [http-nio-8082-exec-4] c.u.security.JwtAuthenticationFilter     : Authenticated userId=51d34d5a-40d5-4218-8ae6-d57cebe953bf for /friends/requests/pending
2026-06-02T09:02:53.887+05:30  INFO 4800 --- [user-service] [http-nio-8082-exec-4] c.u.config.RequestLoggingFilter          : ? GET /friends/requests/pending [IP: 0:0:0:0:0:0:0:1]
2026-06-02T09:02:53.893+05:30  INFO 4800 --- [user-service] [http-nio-8082-exec-4] c.u.config.RequestLoggingFilter          : ? GET /friends/requests/pending | status=200 | 6ms
2026-06-02T09:03:02.878+05:30 DEBUG 4800 --- [user-service] [http-nio-8082-exec-3] c.u.security.JwtAuthenticationFilter     : JWT filter processing: GET /friends/requests/pending
2026-06-02T09:03:02.881+05:30 DEBUG 4800 --- [user-service] [http-nio-8082-exec-3] c.u.security.JwtAuthenticationFilter     : Authenticated userId=9476f8db-3324-489f-b201-7e3ed48c4aea for /friends/requests/pending
2026-06-02T09:03:02.882+05:30  INFO 4800 --- [user-service] [http-nio-8082-exec-3] c.u.config.RequestLoggingFilter          : ? GET /friends/requests/pending [IP: 0:0:0:0:0:0:0:1]
2026-06-02T09:03:02.886+05:30  INFO 4800 --- [user-service] [http-nio-8082-exec-3] c.u.config.RequestLoggingFilter          : ? GET /friends/requests/pending | status=200 | 4ms
2026-06-02T09:03:12.880+05:30 DEBUG 4800 --- [user-service] [http-nio-8082-exec-6] c.u.security.JwtAuthenticationFilter     : JWT filter processing: GET /friends/requests/pending
2026-06-02T09:03:12.886+05:30 DEBUG 4800 --- [user-service] [http-nio-8082-exec-6] c.u.security.JwtAuthenticationFilter     : Authenticated userId=3bb24a6b-fbd9-47a8-8e19-618ceb79f4b8 for /friends/requests/pending
2026-06-02T09:03:12.886+05:30  INFO 4800 --- [user-service] [http-nio-8082-exec-6] c.u.config.RequestLoggingFilter          : ? GET /friends/requests/pending [IP: 0:0:0:0:0:0:0:1]
2026-06-02T09:03:12.892+05:30  INFO 4800 --- [user-service] [http-nio-8082-exec-6] c.u.config.RequestLoggingFilter          : ? GET /friends/requests/pending | status=200 | 6ms
2026-06-02T09:03:23.888+05:30 DEBUG 4800 --- [user-service] [http-nio-8082-exec-5] c.u.security.JwtAuthenticationFilter     : JWT filter processing: GET /friends/requests/pending
2026-06-02T09:03:23.893+05:30 DEBUG 4800 --- [user-service] [http-nio-8082-exec-5] c.u.security.JwtAuthenticationFilter     : Authenticated userId=51d34d5a-40d5-4218-8ae6-d57cebe953bf for /friends/requests/pending
2026-06-02T09:03:23.893+05:30  INFO 4800 --- [user-service] [http-nio-8082-exec-5] c.u.config.RequestLoggingFilter          : ? GET /friends/requests/pending [IP: 0:0:0:0:0:0:0:1]
2026-06-02T09:03:23.898+05:30  INFO 4800 --- [user-service] [http-nio-8082-exec-5] c.u.config.RequestLoggingFilter          : ? GET /friends/requests/pending | status=200 | 5ms
2026-06-02T09:03:41.898+05:30 DEBUG 4800 --- [user-service] [http-nio-8082-exec-9] c.u.security.JwtAuthenticationFilter     : JWT filter processing: GET /friends/requests/pending
2026-06-02T09:03:41.904+05:30 DEBUG 4800 --- [user-service] [http-nio-8082-exec-9] c.u.security.JwtAuthenticationFilter     : Authenticated userId=9476f8db-3324-489f-b201-7e3ed48c4aea for /friends/requests/pending
2026-06-02T09:03:41.904+05:30  INFO 4800 --- [user-service] [http-nio-8082-exec-9] c.u.config.RequestLoggingFilter          : ? GET /friends/requests/pending [IP: 0:0:0:0:0:0:0:1]
2026-06-02T09:03:41.910+05:30  INFO 4800 --- [user-service] [http-nio-8082-exec-9] c.u.config.RequestLoggingFilter          : ? GET /friends/requests/pending | status=200 | 6ms
2026-06-02T09:03:53.879+05:30 DEBUG 4800 --- [user-service] [http-nio-8082-exec-10] c.u.security.JwtAuthenticationFilter     : JWT filter processing: GET /friends/requests/pending
2026-06-02T09:03:53.883+05:30 DEBUG 4800 --- [user-service] [http-nio-8082-exec-10] c.u.security.JwtAuthenticationFilter     : Authenticated userId=51d34d5a-40d5-4218-8ae6-d57cebe953bf for /friends/requests/pending
2026-06-02T09:03:53.884+05:30  INFO 4800 --- [user-service] [http-nio-8082-exec-10] c.u.config.RequestLoggingFilter          : ? GET /friends/requests/pending [IP: 0:0:0:0:0:0:0:1]
2026-06-02T09:03:53.894+05:30  INFO 4800 --- [user-service] [http-nio-8082-exec-10] c.u.config.RequestLoggingFilter          : ? GET /friends/requests/pending | status=200 | 10ms
2026-06-02T09:04:13.359+05:30 DEBUG 4800 --- [user-service] [http-nio-8082-exec-8] c.u.security.JwtAuthenticationFilter     : JWT filter processing: GET /friends/requests/pending
2026-06-02T09:04:13.364+05:30 DEBUG 4800 --- [user-service] [http-nio-8082-exec-8] c.u.security.JwtAuthenticationFilter     : Authenticated userId=9476f8db-3324-489f-b201-7e3ed48c4aea for /friends/requests/pending
2026-06-02T09:04:13.365+05:30  INFO 4800 --- [user-service] [http-nio-8082-exec-8] c.u.config.RequestLoggingFilter          : ? GET /friends/requests/pending [IP: 0:0:0:0:0:0:0:1]
2026-06-02T09:04:13.371+05:30 DEBUG 4800 --- [user-service] [http-nio-8082-exec-2] c.u.security.JwtAuthenticationFilter     : JWT filter processing: GET /friends/requests/pending
2026-06-02T09:04:13.371+05:30  INFO 4800 --- [user-service] [http-nio-8082-exec-8] c.u.config.RequestLoggingFilter          : ? GET /friends/requests/pending | status=200 | 7ms
2026-06-02T09:04:13.377+05:30 DEBUG 4800 --- [user-service] [http-nio-8082-exec-2] c.u.security.JwtAuthenticationFilter     : Authenticated userId=3bb24a6b-fbd9-47a8-8e19-618ceb79f4b8 for /friends/requests/pending
2026-06-02T09:04:13.378+05:30  INFO 4800 --- [user-service] [http-nio-8082-exec-2] c.u.config.RequestLoggingFilter          : ? GET /friends/requests/pending [IP: 0:0:0:0:0:0:0:1]
2026-06-02T09:04:13.385+05:30  INFO 4800 --- [user-service] [http-nio-8082-exec-2] c.u.config.RequestLoggingFilter          : ? GET /friends/requests/pending | status=200 | 7ms
2026-06-02T09:04:23.104+05:30 DEBUG 4800 --- [user-service] [http-nio-8082-exec-7] c.u.security.JwtAuthenticationFilter     : JWT filter processing: GET /friends/requests/pending
2026-06-02T09:04:23.104+05:30 DEBUG 4800 --- [user-service] [http-nio-8082-exec-1] c.u.security.JwtAuthenticationFilter     : JWT filter processing: GET /friends/search
2026-06-02T09:04:23.122+05:30 DEBUG 4800 --- [user-service] [http-nio-8082-exec-7] c.u.security.JwtAuthenticationFilter     : Authenticated userId=3bb24a6b-fbd9-47a8-8e19-618ceb79f4b8 for /friends/requests/pending
2026-06-02T09:04:23.123+05:30 DEBUG 4800 --- [user-service] [http-nio-8082-exec-1] c.u.security.JwtAuthenticationFilter     : Authenticated userId=3bb24a6b-fbd9-47a8-8e19-618ceb79f4b8 for /friends/search
2026-06-02T09:04:23.156+05:30 DEBUG 4800 --- [user-service] [http-nio-8082-exec-4] c.u.security.JwtAuthenticationFilter     : JWT filter processing: GET /friends/search
2026-06-02T09:04:23.163+05:30  INFO 4800 --- [user-service] [http-nio-8082-exec-7] c.u.config.RequestLoggingFilter          : ? GET /friends/requests/pending [IP: 0:0:0:0:0:0:0:1]
2026-06-02T09:04:23.167+05:30  INFO 4800 --- [user-service] [http-nio-8082-exec-1] c.u.config.RequestLoggingFilter          : ? GET /friends/search [IP: 0:0:0:0:0:0:0:1]
2026-06-02T09:04:23.177+05:30 DEBUG 4800 --- [user-service] [http-nio-8082-exec-3] c.u.security.JwtAuthenticationFilter     : JWT filter processing: GET /friends/requests/pending
2026-06-02T09:04:23.180+05:30 DEBUG 4800 --- [user-service] [http-nio-8082-exec-6] c.u.security.JwtAuthenticationFilter     : JWT filter processing: GET /friends/search
2026-06-02T09:04:23.196+05:30 DEBUG 4800 --- [user-service] [http-nio-8082-exec-5] c.u.security.JwtAuthenticationFilter     : JWT filter processing: GET /friends/requests/pending
2026-06-02T09:04:23.197+05:30 DEBUG 4800 --- [user-service] [http-nio-8082-exec-4] c.u.security.JwtAuthenticationFilter     : Authenticated userId=9476f8db-3324-489f-b201-7e3ed48c4aea for /friends/search
2026-06-02T09:04:23.207+05:30  INFO 4800 --- [user-service] [http-nio-8082-exec-7] c.u.config.RequestLoggingFilter          : ? GET /friends/requests/pending | status=200 | 44ms
2026-06-02T09:04:23.226+05:30  INFO 4800 --- [user-service] [http-nio-8082-exec-4] c.u.config.RequestLoggingFilter          : ? GET /friends/search [IP: 0:0:0:0:0:0:0:1]
2026-06-02T09:04:23.228+05:30 DEBUG 4800 --- [user-service] [http-nio-8082-exec-6] c.u.security.JwtAuthenticationFilter     : Authenticated userId=51d34d5a-40d5-4218-8ae6-d57cebe953bf for /friends/search
2026-06-02T09:04:23.266+05:30 DEBUG 4800 --- [user-service] [http-nio-8082-exec-9] c.u.security.JwtAuthenticationFilter     : JWT filter processing: GET /friends/requests/pending
2026-06-02T09:04:23.231+05:30 DEBUG 4800 --- [user-service] [http-nio-8082-exec-3] c.u.security.JwtAuthenticationFilter     : Authenticated userId=9476f8db-3324-489f-b201-7e3ed48c4aea for /friends/requests/pending
2026-06-02T09:04:23.233+05:30 DEBUG 4800 --- [user-service] [http-nio-8082-exec-5] c.u.security.JwtAuthenticationFilter     : Authenticated userId=51d34d5a-40d5-4218-8ae6-d57cebe953bf for /friends/requests/pending
2026-06-02T09:04:23.296+05:30  INFO 4800 --- [user-service] [http-nio-8082-exec-5] c.u.config.RequestLoggingFilter          : ? GET /friends/requests/pending [IP: 0:0:0:0:0:0:0:1]
2026-06-02T09:04:23.267+05:30  INFO 4800 --- [user-service] [http-nio-8082-exec-6] c.u.config.RequestLoggingFilter          : ? GET /friends/search [IP: 0:0:0:0:0:0:0:1]
2026-06-02T09:04:23.275+05:30 DEBUG 4800 --- [user-service] [http-nio-8082-exec-9] c.u.security.JwtAuthenticationFilter     : Authenticated userId=3bb24a6b-fbd9-47a8-8e19-618ceb79f4b8 for /friends/requests/pending
2026-06-02T09:04:23.311+05:30  INFO 4800 --- [user-service] [http-nio-8082-exec-9] c.u.config.RequestLoggingFilter          : ? GET /friends/requests/pending [IP: 0:0:0:0:0:0:0:1]
2026-06-02T09:04:23.290+05:30  INFO 4800 --- [user-service] [http-nio-8082-exec-3] c.u.config.RequestLoggingFilter          : ? GET /friends/requests/pending [IP: 0:0:0:0:0:0:0:1]
2026-06-02T09:04:23.308+05:30  INFO 4800 --- [user-service] [http-nio-8082-exec-5] c.u.config.RequestLoggingFilter          : ? GET /friends/requests/pending | status=200 | 13ms
2026-06-02T09:04:23.317+05:30  INFO 4800 --- [user-service] [http-nio-8082-exec-9] c.u.config.RequestLoggingFilter          : ? GET /friends/requests/pending | status=200 | 6ms
2026-06-02T09:04:23.329+05:30  INFO 4800 --- [user-service] [http-nio-8082-exec-3] c.u.config.RequestLoggingFilter          : ? GET /friends/requests/pending | status=200 | 39ms
2026-06-02T09:04:23.338+05:30  INFO 4800 --- [user-service] [http-nio-8082-exec-1] c.u.config.RequestLoggingFilter          : ? GET /friends/search | status=200 | 171ms
2026-06-02T09:04:23.470+05:30 DEBUG 4800 --- [user-service] [http-nio-8082-exec-10] c.u.security.JwtAuthenticationFilter     : JWT filter processing: GET /friends/requests/pending
2026-06-02T09:04:23.481+05:30 DEBUG 4800 --- [user-service] [http-nio-8082-exec-10] c.u.security.JwtAuthenticationFilter     : Authenticated userId=9476f8db-3324-489f-b201-7e3ed48c4aea for /friends/requests/pending
2026-06-02T09:04:23.482+05:30  INFO 4800 --- [user-service] [http-nio-8082-exec-10] c.u.config.RequestLoggingFilter          : ? GET /friends/requests/pending [IP: 0:0:0:0:0:0:0:1]
2026-06-02T09:04:23.489+05:30 DEBUG 4800 --- [user-service] [http-nio-8082-exec-8] c.u.security.JwtAuthenticationFilter     : JWT filter processing: GET /friends/search
2026-06-02T09:04:23.490+05:30  INFO 4800 --- [user-service] [http-nio-8082-exec-10] c.u.config.RequestLoggingFilter          : ? GET /friends/requests/pending | status=200 | 8ms
2026-06-02T09:04:23.497+05:30 DEBUG 4800 --- [user-service] [http-nio-8082-exec-8] c.u.security.JwtAuthenticationFilter     : Authenticated userId=3bb24a6b-fbd9-47a8-8e19-618ceb79f4b8 for /friends/search
2026-06-02T09:04:23.500+05:30  INFO 4800 --- [user-service] [http-nio-8082-exec-8] c.u.config.RequestLoggingFilter          : ? GET /friends/search [IP: 0:0:0:0:0:0:0:1]
2026-06-02T09:04:23.501+05:30 DEBUG 4800 --- [user-service] [http-nio-8082-exec-2] c.u.security.JwtAuthenticationFilter     : JWT filter processing: GET /friends/requests/pending
2026-06-02T09:04:23.517+05:30 DEBUG 4800 --- [user-service] [http-nio-8082-exec-2] c.u.security.JwtAuthenticationFilter     : Authenticated userId=51d34d5a-40d5-4218-8ae6-d57cebe953bf for /friends/requests/pending
2026-06-02T09:04:23.518+05:30  INFO 4800 --- [user-service] [http-nio-8082-exec-2] c.u.config.RequestLoggingFilter          : ? GET /friends/requests/pending [IP: 0:0:0:0:0:0:0:1]
2026-06-02T09:04:23.527+05:30  INFO 4800 --- [user-service] [http-nio-8082-exec-2] c.u.config.RequestLoggingFilter          : ? GET /friends/requests/pending | status=200 | 9ms
2026-06-02T09:04:23.669+05:30  INFO 4800 --- [user-service] [http-nio-8082-exec-6] c.u.config.RequestLoggingFilter          : ? GET /friends/search | status=200 | 402ms
2026-06-02T09:04:23.734+05:30  INFO 4800 --- [user-service] [http-nio-8082-exec-4] c.u.config.RequestLoggingFilter          : ? GET /friends/search | status=200 | 508ms
2026-06-02T09:04:23.844+05:30 DEBUG 4800 --- [user-service] [http-nio-8082-exec-7] c.u.security.JwtAuthenticationFilter     : JWT filter processing: GET /friends/search
2026-06-02T09:04:23.858+05:30 DEBUG 4800 --- [user-service] [http-nio-8082-exec-5] c.u.security.JwtAuthenticationFilter     : JWT filter processing: GET /friends/search
2026-06-02T09:04:23.863+05:30 DEBUG 4800 --- [user-service] [http-nio-8082-exec-7] c.u.security.JwtAuthenticationFilter     : Authenticated userId=9476f8db-3324-489f-b201-7e3ed48c4aea for /friends/search
2026-06-02T09:04:23.869+05:30  INFO 4800 --- [user-service] [http-nio-8082-exec-7] c.u.config.RequestLoggingFilter          : ? GET /friends/search [IP: 0:0:0:0:0:0:0:1]
2026-06-02T09:04:23.874+05:30 DEBUG 4800 --- [user-service] [http-nio-8082-exec-5] c.u.security.JwtAuthenticationFilter     : Authenticated userId=51d34d5a-40d5-4218-8ae6-d57cebe953bf for /friends/search
2026-06-02T09:04:23.874+05:30  INFO 4800 --- [user-service] [http-nio-8082-exec-8] c.u.config.RequestLoggingFilter          : ? GET /friends/search | status=200 | 375ms
2026-06-02T09:04:23.881+05:30  INFO 4800 --- [user-service] [http-nio-8082-exec-5] c.u.config.RequestLoggingFilter          : ? GET /friends/search [IP: 0:0:0:0:0:0:0:1]
2026-06-02T09:04:23.983+05:30  INFO 4800 --- [user-service] [http-nio-8082-exec-7] c.u.config.RequestLoggingFilter          : ? GET /friends/search | status=200 | 114ms
2026-06-02T09:04:23.998+05:30  INFO 4800 --- [user-service] [http-nio-8082-exec-5] c.u.config.RequestLoggingFilter          : ? GET /friends/search | status=200 | 117ms
2026-06-02T09:04:52.874+05:30 DEBUG 4800 --- [user-service] [http-nio-8082-exec-9] c.u.security.JwtAuthenticationFilter     : JWT filter processing: GET /friends/requests/pending
2026-06-02T09:04:52.877+05:30 DEBUG 4800 --- [user-service] [http-nio-8082-exec-9] c.u.security.JwtAuthenticationFilter     : Authenticated userId=3bb24a6b-fbd9-47a8-8e19-618ceb79f4b8 for /friends/requests/pending
2026-06-02T09:04:52.877+05:30  INFO 4800 --- [user-service] [http-nio-8082-exec-9] c.u.config.RequestLoggingFilter          : ? GET /friends/requests/pending [IP: 0:0:0:0:0:0:0:1]
2026-06-02T09:04:52.885+05:30  INFO 4800 --- [user-service] [http-nio-8082-exec-9] c.u.config.RequestLoggingFilter          : ? GET /friends/requests/pending | status=200 | 8ms
2026-06-02T09:04:53.003+05:30 DEBUG 4800 --- [user-service] [http-nio-8082-exec-3] c.u.security.JwtAuthenticationFilter     : JWT filter processing: GET /friends/requests/pending
2026-06-02T09:04:53.011+05:30 DEBUG 4800 --- [user-service] [http-nio-8082-exec-3] c.u.security.JwtAuthenticationFilter     : Authenticated userId=9476f8db-3324-489f-b201-7e3ed48c4aea for /friends/requests/pending
2026-06-02T09:04:53.013+05:30  INFO 4800 --- [user-service] [http-nio-8082-exec-3] c.u.config.RequestLoggingFilter          : ? GET /friends/requests/pending [IP: 0:0:0:0:0:0:0:1]
2026-06-02T09:04:53.018+05:30 DEBUG 4800 --- [user-service] [http-nio-8082-exec-1] c.u.security.JwtAuthenticationFilter     : JWT filter processing: GET /friends/requests/pending
2026-06-02T09:04:53.022+05:30  INFO 4800 --- [user-service] [http-nio-8082-exec-3] c.u.config.RequestLoggingFilter          : ? GET /friends/requests/pending | status=200 | 9ms
2026-06-02T09:04:53.029+05:30 DEBUG 4800 --- [user-service] [http-nio-8082-exec-1] c.u.security.JwtAuthenticationFilter     : Authenticated userId=51d34d5a-40d5-4218-8ae6-d57cebe953bf for /friends/requests/pending
2026-06-02T09:04:53.030+05:30  INFO 4800 --- [user-service] [http-nio-8082-exec-1] c.u.config.RequestLoggingFilter          : ? GET /friends/requests/pending [IP: 0:0:0:0:0:0:0:1]
2026-06-02T09:04:53.036+05:30  INFO 4800 --- [user-service] [http-nio-8082-exec-1] c.u.config.RequestLoggingFilter          : ? GET /friends/requests/pending | status=200 | 7ms
2026-06-02T09:05:22.874+05:30 DEBUG 4800 --- [user-service] [http-nio-8082-exec-10] c.u.security.JwtAuthenticationFilter     : JWT filter processing: GET /friends/requests/pending
2026-06-02T09:05:22.877+05:30 DEBUG 4800 --- [user-service] [http-nio-8082-exec-10] c.u.security.JwtAuthenticationFilter     : Authenticated userId=3bb24a6b-fbd9-47a8-8e19-618ceb79f4b8 for /friends/requests/pending
2026-06-02T09:05:22.877+05:30  INFO 4800 --- [user-service] [http-nio-8082-exec-10] c.u.config.RequestLoggingFilter          : ? GET /friends/requests/pending [IP: 0:0:0:0:0:0:0:1]
2026-06-02T09:05:22.883+05:30  INFO 4800 --- [user-service] [http-nio-8082-exec-10] c.u.config.RequestLoggingFilter          : ? GET /friends/requests/pending | status=200 | 6ms
2026-06-02T09:05:22.902+05:30 DEBUG 4800 --- [user-service] [http-nio-8082-exec-2] c.u.security.JwtAuthenticationFilter     : JWT filter processing: GET /friends/requests/pending
2026-06-02T09:05:22.913+05:30 DEBUG 4800 --- [user-service] [http-nio-8082-exec-2] c.u.security.JwtAuthenticationFilter     : Authenticated userId=9476f8db-3324-489f-b201-7e3ed48c4aea for /friends/requests/pending
2026-06-02T09:05:22.914+05:30  INFO 4800 --- [user-service] [http-nio-8082-exec-2] c.u.config.RequestLoggingFilter          : ? GET /friends/requests/pending [IP: 0:0:0:0:0:0:0:1]
2026-06-02T09:05:22.920+05:30  INFO 4800 --- [user-service] [http-nio-8082-exec-2] c.u.config.RequestLoggingFilter          : ? GET /friends/requests/pending | status=200 | 6ms
2026-06-02T09:05:23.610+05:30  INFO 4800 --- [user-service] [AsyncResolver-bootstrap-executor-0] c.n.d.s.r.aws.ConfigClusterResolver      : Resolving eureka endpoints via configuration
2026-06-02T09:05:23.885+05:30 DEBUG 4800 --- [user-service] [http-nio-8082-exec-6] c.u.security.JwtAuthenticationFilter     : JWT filter processing: GET /friends/requests/pending
2026-06-02T09:05:23.890+05:30 DEBUG 4800 --- [user-service] [http-nio-8082-exec-6] c.u.security.JwtAuthenticationFilter     : Authenticated userId=51d34d5a-40d5-4218-8ae6-d57cebe953bf for /friends/requests/pending
2026-06-02T09:05:23.890+05:30  INFO 4800 --- [user-service] [http-nio-8082-exec-6] c.u.config.RequestLoggingFilter          : ? GET /friends/requests/pending [IP: 0:0:0:0:0:0:0:1]
2026-06-02T09:05:23.900+05:30  INFO 4800 --- [user-service] [http-nio-8082-exec-6] c.u.config.RequestLoggingFilter          : ? GET /friends/requests/pending | status=200 | 9ms
2026-06-02T09:05:52.877+05:30 DEBUG 4800 --- [user-service] [http-nio-8082-exec-4] c.u.security.JwtAuthenticationFilter     : JWT filter processing: GET /friends/requests/pending
2026-06-02T09:05:52.883+05:30 DEBUG 4800 --- [user-service] [http-nio-8082-exec-4] c.u.security.JwtAuthenticationFilter     : Authenticated userId=3bb24a6b-fbd9-47a8-8e19-618ceb79f4b8 for /friends/requests/pending
2026-06-02T09:05:52.883+05:30  INFO 4800 --- [user-service] [http-nio-8082-exec-4] c.u.config.RequestLoggingFilter          : ? GET /friends/requests/pending [IP: 0:0:0:0:0:0:0:1]
2026-06-02T09:05:52.890+05:30  INFO 4800 --- [user-service] [http-nio-8082-exec-4] c.u.config.RequestLoggingFilter          : ? GET /friends/requests/pending | status=200 | 7ms
2026-06-02T09:05:52.902+05:30 DEBUG 4800 --- [user-service] [http-nio-8082-exec-8] c.u.security.JwtAuthenticationFilter     : JWT filter processing: GET /friends/requests/pending
2026-06-02T09:05:52.907+05:30 DEBUG 4800 --- [user-service] [http-nio-8082-exec-8] c.u.security.JwtAuthenticationFilter     : Authenticated userId=9476f8db-3324-489f-b201-7e3ed48c4aea for /friends/requests/pending
2026-06-02T09:05:52.908+05:30  INFO 4800 --- [user-service] [http-nio-8082-exec-8] c.u.config.RequestLoggingFilter          : ? GET /friends/requests/pending [IP: 0:0:0:0:0:0:0:1]
2026-06-02T09:05:52.915+05:30  INFO 4800 --- [user-service] [http-nio-8082-exec-8] c.u.config.RequestLoggingFilter          : ? GET /friends/requests/pending | status=200 | 7ms
2026-06-02T09:05:53.887+05:30 DEBUG 4800 --- [user-service] [http-nio-8082-exec-7] c.u.security.JwtAuthenticationFilter     : JWT filter processing: GET /friends/requests/pending
2026-06-02T09:05:53.893+05:30 DEBUG 4800 --- [user-service] [http-nio-8082-exec-7] c.u.security.JwtAuthenticationFilter     : Authenticated userId=51d34d5a-40d5-4218-8ae6-d57cebe953bf for /friends/requests/pending
2026-06-02T09:05:53.894+05:30  INFO 4800 --- [user-service] [http-nio-8082-exec-7] c.u.config.RequestLoggingFilter          : ? GET /friends/requests/pending [IP: 0:0:0:0:0:0:0:1]
2026-06-02T09:05:53.900+05:30  INFO 4800 --- [user-service] [http-nio-8082-exec-7] c.u.config.RequestLoggingFilter          : ? GET /friends/requests/pending | status=200 | 6ms
2026-06-02T09:06:22.876+05:30 DEBUG 4800 --- [user-service] [http-nio-8082-exec-5] c.u.security.JwtAuthenticationFilter     : JWT filter processing: GET /friends/requests/pending
2026-06-02T09:06:22.881+05:30 DEBUG 4800 --- [user-service] [http-nio-8082-exec-5] c.u.security.JwtAuthenticationFilter     : Authenticated userId=3bb24a6b-fbd9-47a8-8e19-618ceb79f4b8 for /friends/requests/pending
2026-06-02T09:06:22.882+05:30  INFO 4800 --- [user-service] [http-nio-8082-exec-5] c.u.config.RequestLoggingFilter          : ? GET /friends/requests/pending [IP: 0:0:0:0:0:0:0:1]
2026-06-02T09:06:22.887+05:30  INFO 4800 --- [user-service] [http-nio-8082-exec-5] c.u.config.RequestLoggingFilter          : ? GET /friends/requests/pending | status=200 | 5ms
2026-06-02T09:06:22.902+05:30 DEBUG 4800 --- [user-service] [http-nio-8082-exec-9] c.u.security.JwtAuthenticationFilter     : JWT filter processing: GET /friends/requests/pending
2026-06-02T09:06:22.907+05:30 DEBUG 4800 --- [user-service] [http-nio-8082-exec-9] c.u.security.JwtAuthenticationFilter     : Authenticated userId=9476f8db-3324-489f-b201-7e3ed48c4aea for /friends/requests/pending
2026-06-02T09:06:22.908+05:30  INFO 4800 --- [user-service] [http-nio-8082-exec-9] c.u.config.RequestLoggingFilter          : ? GET /friends/requests/pending [IP: 0:0:0:0:0:0:0:1]
2026-06-02T09:06:22.915+05:30  INFO 4800 --- [user-service] [http-nio-8082-exec-9] c.u.config.RequestLoggingFilter          : ? GET /friends/requests/pending | status=200 | 7ms
2026-06-02T09:06:23.874+05:30 DEBUG 4800 --- [user-service] [http-nio-8082-exec-3] c.u.security.JwtAuthenticationFilter     : JWT filter processing: GET /friends/requests/pending
2026-06-02T09:06:23.876+05:30 DEBUG 4800 --- [user-service] [http-nio-8082-exec-3] c.u.security.JwtAuthenticationFilter     : Authenticated userId=51d34d5a-40d5-4218-8ae6-d57cebe953bf for /friends/requests/pending
2026-06-02T09:06:23.876+05:30  INFO 4800 --- [user-service] [http-nio-8082-exec-3] c.u.config.RequestLoggingFilter          : ? GET /friends/requests/pending [IP: 0:0:0:0:0:0:0:1]
2026-06-02T09:06:23.881+05:30  INFO 4800 --- [user-service] [http-nio-8082-exec-3] c.u.config.RequestLoggingFilter          : ? GET /friends/requests/pending | status=200 | 5ms
2026-06-02T09:06:39.376+05:30 DEBUG 4800 --- [user-service] [http-nio-8082-exec-1] c.u.security.JwtAuthenticationFilter     : JWT filter processing: GET /friends/search
2026-06-02T09:06:39.379+05:30 DEBUG 4800 --- [user-service] [http-nio-8082-exec-10] c.u.security.JwtAuthenticationFilter     : JWT filter processing: GET /friends/requests/pending
2026-06-02T09:06:39.379+05:30 DEBUG 4800 --- [user-service] [http-nio-8082-exec-1] c.u.security.JwtAuthenticationFilter     : Authenticated userId=49659a76-f186-415b-9088-7ad17a576c90 for /friends/search
2026-06-02T09:06:39.380+05:30  INFO 4800 --- [user-service] [http-nio-8082-exec-1] c.u.config.RequestLoggingFilter          : ? GET /friends/search [IP: 0:0:0:0:0:0:0:1]
2026-06-02T09:06:39.383+05:30 DEBUG 4800 --- [user-service] [http-nio-8082-exec-10] c.u.security.JwtAuthenticationFilter     : Authenticated userId=49659a76-f186-415b-9088-7ad17a576c90 for /friends/requests/pending
2026-06-02T09:06:39.383+05:30  INFO 4800 --- [user-service] [http-nio-8082-exec-10] c.u.config.RequestLoggingFilter          : ? GET /friends/requests/pending [IP: 0:0:0:0:0:0:0:1]
2026-06-02T09:06:39.385+05:30  INFO 4800 --- [user-service] [http-nio-8082-exec-1] c.u.config.RequestLoggingFilter          : ? GET /friends/search | status=200 | 5ms
2026-06-02T09:06:39.387+05:30  INFO 4800 --- [user-service] [http-nio-8082-exec-10] c.u.config.RequestLoggingFilter          : ? GET /friends/requests/pending | status=200 | 4ms
2026-06-02T09:06:39.404+05:30 DEBUG 4800 --- [user-service] [http-nio-8082-exec-2] c.u.security.JwtAuthenticationFilter     : JWT filter processing: GET /friends/search
2026-06-02T09:06:39.407+05:30 DEBUG 4800 --- [user-service] [http-nio-8082-exec-6] c.u.security.JwtAuthenticationFilter     : JWT filter processing: GET /friends/requests/pending
2026-06-02T09:06:39.408+05:30 DEBUG 4800 --- [user-service] [http-nio-8082-exec-2] c.u.security.JwtAuthenticationFilter     : Authenticated userId=49659a76-f186-415b-9088-7ad17a576c90 for /friends/search
2026-06-02T09:06:39.408+05:30  INFO 4800 --- [user-service] [http-nio-8082-exec-2] c.u.config.RequestLoggingFilter          : ? GET /friends/search [IP: 0:0:0:0:0:0:0:1]
2026-06-02T09:06:39.411+05:30 DEBUG 4800 --- [user-service] [http-nio-8082-exec-6] c.u.security.JwtAuthenticationFilter     : Authenticated userId=49659a76-f186-415b-9088-7ad17a576c90 for /friends/requests/pending
2026-06-02T09:06:39.412+05:30  INFO 4800 --- [user-service] [http-nio-8082-exec-6] c.u.config.RequestLoggingFilter          : ? GET /friends/requests/pending [IP: 0:0:0:0:0:0:0:1]
2026-06-02T09:06:39.413+05:30  INFO 4800 --- [user-service] [http-nio-8082-exec-2] c.u.config.RequestLoggingFilter          : ? GET /friends/search | status=200 | 5ms
2026-06-02T09:06:39.417+05:30  INFO 4800 --- [user-service] [http-nio-8082-exec-6] c.u.config.RequestLoggingFilter          : ? GET /friends/requests/pending | status=200 | 5ms
2026-06-02T09:06:50.981+05:30 DEBUG 4800 --- [user-service] [http-nio-8082-exec-4] c.u.security.JwtAuthenticationFilter     : JWT filter processing: GET /friends/search-by-phone
2026-06-02T09:06:50.983+05:30 DEBUG 4800 --- [user-service] [http-nio-8082-exec-4] c.u.security.JwtAuthenticationFilter     : Authenticated userId=49659a76-f186-415b-9088-7ad17a576c90 for /friends/search-by-phone
2026-06-02T09:06:50.983+05:30  INFO 4800 --- [user-service] [http-nio-8082-exec-4] c.u.config.RequestLoggingFilter          : ? GET /friends/search-by-phone [IP: 0:0:0:0:0:0:0:1]
2026-06-02T09:06:51.002+05:30  INFO 4800 --- [user-service] [http-nio-8082-exec-4] c.u.config.RequestLoggingFilter          : ? GET /friends/search-by-phone | status=200 | 19ms
2026-06-02T09:06:52.321+05:30 DEBUG 4800 --- [user-service] [http-nio-8082-exec-8] c.u.security.JwtAuthenticationFilter     : JWT filter processing: POST /friends/add-direct
2026-06-02T09:06:52.325+05:30 DEBUG 4800 --- [user-service] [http-nio-8082-exec-8] c.u.security.JwtAuthenticationFilter     : Authenticated userId=49659a76-f186-415b-9088-7ad17a576c90 for /friends/add-direct
2026-06-02T09:06:52.326+05:30  INFO 4800 --- [user-service] [http-nio-8082-exec-8] c.u.config.RequestLoggingFilter          : ? POST /friends/add-direct [IP: 0:0:0:0:0:0:0:1]
2026-06-02T09:06:52.373+05:30  INFO 4800 --- [user-service] [http-nio-8082-exec-8] c.u.config.RequestLoggingFilter          : ? POST /friends/add-direct | status=200 | 47ms
2026-06-02T09:06:52.387+05:30 DEBUG 4800 --- [user-service] [http-nio-8082-exec-7] c.u.security.JwtAuthenticationFilter     : JWT filter processing: GET /friends/search
2026-06-02T09:06:52.389+05:30 DEBUG 4800 --- [user-service] [http-nio-8082-exec-7] c.u.security.JwtAuthenticationFilter     : Authenticated userId=49659a76-f186-415b-9088-7ad17a576c90 for /friends/search
2026-06-02T09:06:52.389+05:30  INFO 4800 --- [user-service] [http-nio-8082-exec-7] c.u.config.RequestLoggingFilter          : ? GET /friends/search [IP: 0:0:0:0:0:0:0:1]
2026-06-02T09:06:52.407+05:30  INFO 4800 --- [user-service] [http-nio-8082-exec-7] c.u.config.RequestLoggingFilter          : ? GET /friends/search | status=200 | 18ms
2026-06-02T09:06:52.876+05:30 DEBUG 4800 --- [user-service] [http-nio-8082-exec-5] c.u.security.JwtAuthenticationFilter     : JWT filter processing: GET /friends/requests/pending
2026-06-02T09:06:52.883+05:30 DEBUG 4800 --- [user-service] [http-nio-8082-exec-5] c.u.security.JwtAuthenticationFilter     : Authenticated userId=3bb24a6b-fbd9-47a8-8e19-618ceb79f4b8 for /friends/requests/pending
2026-06-02T09:06:52.884+05:30  INFO 4800 --- [user-service] [http-nio-8082-exec-5] c.u.config.RequestLoggingFilter          : ? GET /friends/requests/pending [IP: 0:0:0:0:0:0:0:1]
2026-06-02T09:06:52.890+05:30  INFO 4800 --- [user-service] [http-nio-8082-exec-5] c.u.config.RequestLoggingFilter          : ? GET /friends/requests/pending | status=200 | 6ms
2026-06-02T09:06:52.901+05:30 DEBUG 4800 --- [user-service] [http-nio-8082-exec-9] c.u.security.JwtAuthenticationFilter     : JWT filter processing: GET /friends/requests/pending
2026-06-02T09:06:52.907+05:30 DEBUG 4800 --- [user-service] [http-nio-8082-exec-9] c.u.security.JwtAuthenticationFilter     : Authenticated userId=9476f8db-3324-489f-b201-7e3ed48c4aea for /friends/requests/pending
2026-06-02T09:06:52.908+05:30  INFO 4800 --- [user-service] [http-nio-8082-exec-9] c.u.config.RequestLoggingFilter          : ? GET /friends/requests/pending [IP: 0:0:0:0:0:0:0:1]
2026-06-02T09:06:52.914+05:30  INFO 4800 --- [user-service] [http-nio-8082-exec-9] c.u.config.RequestLoggingFilter          : ? GET /friends/requests/pending | status=200 | 6ms
2026-06-02T09:06:53.874+05:30 DEBUG 4800 --- [user-service] [http-nio-8082-exec-3] c.u.security.JwtAuthenticationFilter     : JWT filter processing: GET /friends/requests/pending
2026-06-02T09:06:53.877+05:30 DEBUG 4800 --- [user-service] [http-nio-8082-exec-3] c.u.security.JwtAuthenticationFilter     : Authenticated userId=51d34d5a-40d5-4218-8ae6-d57cebe953bf for /friends/requests/pending
2026-06-02T09:06:53.878+05:30  INFO 4800 --- [user-service] [http-nio-8082-exec-3] c.u.config.RequestLoggingFilter          : ? GET /friends/requests/pending [IP: 0:0:0:0:0:0:0:1]
2026-06-02T09:06:53.882+05:30  INFO 4800 --- [user-service] [http-nio-8082-exec-3] c.u.config.RequestLoggingFilter          : ? GET /friends/requests/pending | status=200 | 4ms
2026-06-02T09:07:04.571+05:30 DEBUG 4800 --- [user-service] [http-nio-8082-exec-1] c.u.security.JwtAuthenticationFilter     : JWT filter processing: GET /friends/search
2026-06-02T09:07:04.579+05:30 DEBUG 4800 --- [user-service] [http-nio-8082-exec-1] c.u.security.JwtAuthenticationFilter     : Authenticated userId=49659a76-f186-415b-9088-7ad17a576c90 for /friends/search
2026-06-02T09:07:04.582+05:30  INFO 4800 --- [user-service] [http-nio-8082-exec-1] c.u.config.RequestLoggingFilter          : ? GET /friends/search [IP: 0:0:0:0:0:0:0:1]
2026-06-02T09:07:04.587+05:30 DEBUG 4800 --- [user-service] [http-nio-8082-exec-10] c.u.security.JwtAuthenticationFilter     : JWT filter processing: GET /friends/requests/pending
2026-06-02T09:07:04.596+05:30 DEBUG 4800 --- [user-service] [http-nio-8082-exec-10] c.u.security.JwtAuthenticationFilter     : Authenticated userId=49659a76-f186-415b-9088-7ad17a576c90 for /friends/requests/pending
2026-06-02T09:07:04.597+05:30  INFO 4800 --- [user-service] [http-nio-8082-exec-10] c.u.config.RequestLoggingFilter          : ? GET /friends/requests/pending [IP: 0:0:0:0:0:0:0:1]
2026-06-02T09:07:04.604+05:30  INFO 4800 --- [user-service] [http-nio-8082-exec-10] c.u.config.RequestLoggingFilter          : ? GET /friends/requests/pending | status=200 | 7ms
2026-06-02T09:07:04.645+05:30 DEBUG 4800 --- [user-service] [http-nio-8082-exec-2] c.u.security.JwtAuthenticationFilter     : JWT filter processing: GET /friends/requests/pending
2026-06-02T09:07:04.646+05:30  INFO 4800 --- [user-service] [http-nio-8082-exec-1] c.u.config.RequestLoggingFilter          : ? GET /friends/search | status=200 | 64ms
2026-06-02T09:07:04.659+05:30 DEBUG 4800 --- [user-service] [http-nio-8082-exec-2] c.u.security.JwtAuthenticationFilter     : Authenticated userId=49659a76-f186-415b-9088-7ad17a576c90 for /friends/requests/pending
2026-06-02T09:07:04.661+05:30  INFO 4800 --- [user-service] [http-nio-8082-exec-2] c.u.config.RequestLoggingFilter          : ? GET /friends/requests/pending [IP: 0:0:0:0:0:0:0:1]
2026-06-02T09:07:04.669+05:30  INFO 4800 --- [user-service] [http-nio-8082-exec-2] c.u.config.RequestLoggingFilter          : ? GET /friends/requests/pending | status=200 | 7ms
2026-06-02T09:07:04.677+05:30 DEBUG 4800 --- [user-service] [http-nio-8082-exec-6] c.u.security.JwtAuthenticationFilter     : JWT filter processing: GET /friends/search
2026-06-02T09:07:04.683+05:30 DEBUG 4800 --- [user-service] [http-nio-8082-exec-6] c.u.security.JwtAuthenticationFilter     : Authenticated userId=49659a76-f186-415b-9088-7ad17a576c90 for /friends/search
2026-06-02T09:07:04.684+05:30  INFO 4800 --- [user-service] [http-nio-8082-exec-6] c.u.config.RequestLoggingFilter          : ? GET /friends/search [IP: 0:0:0:0:0:0:0:1]
2026-06-02T09:07:04.739+05:30  INFO 4800 --- [user-service] [http-nio-8082-exec-6] c.u.config.RequestLoggingFilter          : ? GET /friends/search | status=200 | 55ms
2026-06-02T09:07:22.874+05:30 DEBUG 4800 --- [user-service] [http-nio-8082-exec-4] c.u.security.JwtAuthenticationFilter     : JWT filter processing: GET /friends/requests/pending
2026-06-02T09:07:22.876+05:30 DEBUG 4800 --- [user-service] [http-nio-8082-exec-4] c.u.security.JwtAuthenticationFilter     : Authenticated userId=3bb24a6b-fbd9-47a8-8e19-618ceb79f4b8 for /friends/requests/pending
2026-06-02T09:07:22.877+05:30  INFO 4800 --- [user-service] [http-nio-8082-exec-4] c.u.config.RequestLoggingFilter          : ? GET /friends/requests/pending [IP: 0:0:0:0:0:0:0:1]
2026-06-02T09:07:22.880+05:30  INFO 4800 --- [user-service] [http-nio-8082-exec-4] c.u.config.RequestLoggingFilter          : ? GET /friends/requests/pending | status=200 | 4ms
2026-06-02T09:07:23.909+05:30 DEBUG 4800 --- [user-service] [http-nio-8082-exec-8] c.u.security.JwtAuthenticationFilter     : JWT filter processing: GET /friends/requests/pending
2026-06-02T09:07:23.924+05:30 DEBUG 4800 --- [user-service] [http-nio-8082-exec-8] c.u.security.JwtAuthenticationFilter     : Authenticated userId=9476f8db-3324-489f-b201-7e3ed48c4aea for /friends/requests/pending
2026-06-02T09:07:23.926+05:30  INFO 4800 --- [user-service] [http-nio-8082-exec-8] c.u.config.RequestLoggingFilter          : ? GET /friends/requests/pending [IP: 0:0:0:0:0:0:0:1]
2026-06-02T09:07:23.931+05:30 DEBUG 4800 --- [user-service] [http-nio-8082-exec-7] c.u.security.JwtAuthenticationFilter     : JWT filter processing: GET /friends/requests/pending
2026-06-02T09:07:23.932+05:30  INFO 4800 --- [user-service] [http-nio-8082-exec-8] c.u.config.RequestLoggingFilter          : ? GET /friends/requests/pending | status=200 | 6ms
2026-06-02T09:07:23.942+05:30 DEBUG 4800 --- [user-service] [http-nio-8082-exec-7] c.u.security.JwtAuthenticationFilter     : Authenticated userId=51d34d5a-40d5-4218-8ae6-d57cebe953bf for /friends/requests/pending
2026-06-02T09:07:23.945+05:30  INFO 4800 --- [user-service] [http-nio-8082-exec-7] c.u.config.RequestLoggingFilter          : ? GET /friends/requests/pending [IP: 0:0:0:0:0:0:0:1]
2026-06-02T09:07:23.957+05:30  INFO 4800 --- [user-service] [http-nio-8082-exec-7] c.u.config.RequestLoggingFilter          : ? GET /friends/requests/pending | status=200 | 12ms
2026-06-02T09:07:34.903+05:30 DEBUG 4800 --- [user-service] [http-nio-8082-exec-5] c.u.security.JwtAuthenticationFilter     : JWT filter processing: GET /friends/requests/pending
2026-06-02T09:07:34.917+05:30 DEBUG 4800 --- [user-service] [http-nio-8082-exec-5] c.u.security.JwtAuthenticationFilter     : Authenticated userId=49659a76-f186-415b-9088-7ad17a576c90 for /friends/requests/pending
2026-06-02T09:07:34.919+05:30  INFO 4800 --- [user-service] [http-nio-8082-exec-5] c.u.config.RequestLoggingFilter          : ? GET /friends/requests/pending [IP: 0:0:0:0:0:0:0:1]
2026-06-02T09:07:34.926+05:30  INFO 4800 --- [user-service] [http-nio-8082-exec-5] c.u.config.RequestLoggingFilter          : ? GET /friends/requests/pending | status=200 | 7ms
2026-06-02T09:07:52.881+05:30 DEBUG 4800 --- [user-service] [http-nio-8082-exec-9] c.u.security.JwtAuthenticationFilter     : JWT filter processing: GET /friends/requests/pending
2026-06-02T09:07:52.884+05:30 DEBUG 4800 --- [user-service] [http-nio-8082-exec-9] c.u.security.JwtAuthenticationFilter     : Authenticated userId=3bb24a6b-fbd9-47a8-8e19-618ceb79f4b8 for /friends/requests/pending
2026-06-02T09:07:52.884+05:30  INFO 4800 --- [user-service] [http-nio-8082-exec-9] c.u.config.RequestLoggingFilter          : ? GET /friends/requests/pending [IP: 0:0:0:0:0:0:0:1]
2026-06-02T09:07:52.888+05:30  INFO 4800 --- [user-service] [http-nio-8082-exec-9] c.u.config.RequestLoggingFilter          : ? GET /friends/requests/pending | status=200 | 4ms
2026-06-02T09:07:53.890+05:30 DEBUG 4800 --- [user-service] [http-nio-8082-exec-3] c.u.security.JwtAuthenticationFilter     : JWT filter processing: GET /friends/requests/pending
2026-06-02T09:07:53.894+05:30 DEBUG 4800 --- [user-service] [http-nio-8082-exec-10] c.u.security.JwtAuthenticationFilter     : JWT filter processing: GET /friends/requests/pending
2026-06-02T09:07:53.897+05:30 DEBUG 4800 --- [user-service] [http-nio-8082-exec-3] c.u.security.JwtAuthenticationFilter     : Authenticated userId=9476f8db-3324-489f-b201-7e3ed48c4aea for /friends/requests/pending
2026-06-02T09:07:53.898+05:30  INFO 4800 --- [user-service] [http-nio-8082-exec-3] c.u.config.RequestLoggingFilter          : ? GET /friends/requests/pending [IP: 0:0:0:0:0:0:0:1]
2026-06-02T09:07:53.900+05:30 DEBUG 4800 --- [user-service] [http-nio-8082-exec-10] c.u.security.JwtAuthenticationFilter     : Authenticated userId=51d34d5a-40d5-4218-8ae6-d57cebe953bf for /friends/requests/pending
2026-06-02T09:07:53.901+05:30  INFO 4800 --- [user-service] [http-nio-8082-exec-10] c.u.config.RequestLoggingFilter          : ? GET /friends/requests/pending [IP: 0:0:0:0:0:0:0:1]
2026-06-02T09:07:53.903+05:30  INFO 4800 --- [user-service] [http-nio-8082-exec-3] c.u.config.RequestLoggingFilter          : ? GET /friends/requests/pending | status=200 | 5ms
2026-06-02T09:07:53.916+05:30  INFO 4800 --- [user-service] [http-nio-8082-exec-10] c.u.config.RequestLoggingFilter          : ? GET /friends/requests/pending | status=200 | 15ms
2026-06-02T09:08:04.879+05:30 DEBUG 4800 --- [user-service] [http-nio-8082-exec-1] c.u.security.JwtAuthenticationFilter     : JWT filter processing: GET /friends/requests/pending
2026-06-02T09:08:04.882+05:30 DEBUG 4800 --- [user-service] [http-nio-8082-exec-1] c.u.security.JwtAuthenticationFilter     : Authenticated userId=49659a76-f186-415b-9088-7ad17a576c90 for /friends/requests/pending
2026-06-02T09:08:04.883+05:30  INFO 4800 --- [user-service] [http-nio-8082-exec-1] c.u.config.RequestLoggingFilter          : ? GET /friends/requests/pending [IP: 0:0:0:0:0:0:0:1]
2026-06-02T09:08:04.888+05:30  INFO 4800 --- [user-service] [http-nio-8082-exec-1] c.u.config.RequestLoggingFilter          : ? GET /friends/requests/pending | status=200 | 5ms
2026-06-02T09:08:22.892+05:30 DEBUG 4800 --- [user-service] [http-nio-8082-exec-2] c.u.security.JwtAuthenticationFilter     : JWT filter processing: GET /friends/requests/pending
2026-06-02T09:08:22.897+05:30 DEBUG 4800 --- [user-service] [http-nio-8082-exec-2] c.u.security.JwtAuthenticationFilter     : Authenticated userId=3bb24a6b-fbd9-47a8-8e19-618ceb79f4b8 for /friends/requests/pending
2026-06-02T09:08:22.899+05:30  INFO 4800 --- [user-service] [http-nio-8082-exec-2] c.u.config.RequestLoggingFilter          : ? GET /friends/requests/pending [IP: 0:0:0:0:0:0:0:1]
2026-06-02T09:08:22.904+05:30  INFO 4800 --- [user-service] [http-nio-8082-exec-2] c.u.config.RequestLoggingFilter          : ? GET /friends/requests/pending | status=200 | 6ms
2026-06-02T09:08:23.880+05:30 DEBUG 4800 --- [user-service] [http-nio-8082-exec-6] c.u.security.JwtAuthenticationFilter     : JWT filter processing: GET /friends/requests/pending
2026-06-02T09:08:23.885+05:30 DEBUG 4800 --- [user-service] [http-nio-8082-exec-6] c.u.security.JwtAuthenticationFilter     : Authenticated userId=9476f8db-3324-489f-b201-7e3ed48c4aea for /friends/requests/pending
2026-06-02T09:08:23.886+05:30  INFO 4800 --- [user-service] [http-nio-8082-exec-6] c.u.config.RequestLoggingFilter          : ? GET /friends/requests/pending [IP: 0:0:0:0:0:0:0:1]
2026-06-02T09:08:23.897+05:30  INFO 4800 --- [user-service] [http-nio-8082-exec-6] c.u.config.RequestLoggingFilter          : ? GET /friends/requests/pending | status=200 | 11ms
2026-06-02T09:08:23.897+05:30 DEBUG 4800 --- [user-service] [http-nio-8082-exec-4] c.u.security.JwtAuthenticationFilter     : JWT filter processing: GET /friends/requests/pending
2026-06-02T09:08:23.909+05:30 DEBUG 4800 --- [user-service] [http-nio-8082-exec-4] c.u.security.JwtAuthenticationFilter     : Authenticated userId=51d34d5a-40d5-4218-8ae6-d57cebe953bf for /friends/requests/pending
2026-06-02T09:08:23.912+05:30  INFO 4800 --- [user-service] [http-nio-8082-exec-4] c.u.config.RequestLoggingFilter          : ? GET /friends/requests/pending [IP: 0:0:0:0:0:0:0:1]
2026-06-02T09:08:23.918+05:30  INFO 4800 --- [user-service] [http-nio-8082-exec-4] c.u.config.RequestLoggingFilter          : ? GET /friends/requests/pending | status=200 | 6ms
2026-06-02T09:08:34.893+05:30 DEBUG 4800 --- [user-service] [http-nio-8082-exec-8] c.u.security.JwtAuthenticationFilter     : JWT filter processing: GET /friends/requests/pending
2026-06-02T09:08:34.896+05:30 DEBUG 4800 --- [user-service] [http-nio-8082-exec-8] c.u.security.JwtAuthenticationFilter     : Authenticated userId=49659a76-f186-415b-9088-7ad17a576c90 for /friends/requests/pending
2026-06-02T09:08:34.896+05:30  INFO 4800 --- [user-service] [http-nio-8082-exec-8] c.u.config.RequestLoggingFilter          : ? GET /friends/requests/pending [IP: 0:0:0:0:0:0:0:1]
2026-06-02T09:08:34.901+05:30  INFO 4800 --- [user-service] [http-nio-8082-exec-8] c.u.config.RequestLoggingFilter          : ? GET /friends/requests/pending | status=200 | 5ms
2026-06-02T09:08:52.878+05:30 DEBUG 4800 --- [user-service] [http-nio-8082-exec-7] c.u.security.JwtAuthenticationFilter     : JWT filter processing: GET /friends/requests/pending
2026-06-02T09:08:52.882+05:30 DEBUG 4800 --- [user-service] [http-nio-8082-exec-7] c.u.security.JwtAuthenticationFilter     : Authenticated userId=3bb24a6b-fbd9-47a8-8e19-618ceb79f4b8 for /friends/requests/pending
2026-06-02T09:08:52.883+05:30  INFO 4800 --- [user-service] [http-nio-8082-exec-7] c.u.config.RequestLoggingFilter          : ? GET /friends/requests/pending [IP: 0:0:0:0:0:0:0:1]
2026-06-02T09:08:52.888+05:30  INFO 4800 --- [user-service] [http-nio-8082-exec-7] c.u.config.RequestLoggingFilter          : ? GET /friends/requests/pending | status=200 | 5ms
2026-06-02T09:08:52.911+05:30 DEBUG 4800 --- [user-service] [http-nio-8082-exec-5] c.u.security.JwtAuthenticationFilter     : JWT filter processing: GET /friends/requests/pending
2026-06-02T09:08:52.919+05:30 DEBUG 4800 --- [user-service] [http-nio-8082-exec-5] c.u.security.JwtAuthenticationFilter     : Authenticated userId=9476f8db-3324-489f-b201-7e3ed48c4aea for /friends/requests/pending
2026-06-02T09:08:52.922+05:30  INFO 4800 --- [user-service] [http-nio-8082-exec-5] c.u.config.RequestLoggingFilter          : ? GET /friends/requests/pending [IP: 0:0:0:0:0:0:0:1]
2026-06-02T09:08:52.928+05:30  INFO 4800 --- [user-service] [http-nio-8082-exec-5] c.u.config.RequestLoggingFilter          : ? GET /friends/requests/pending | status=200 | 6ms
2026-06-02T09:08:53.877+05:30 DEBUG 4800 --- [user-service] [http-nio-8082-exec-9] c.u.security.JwtAuthenticationFilter     : JWT filter processing: GET /friends/requests/pending
2026-06-02T09:08:53.881+05:30 DEBUG 4800 --- [user-service] [http-nio-8082-exec-9] c.u.security.JwtAuthenticationFilter     : Authenticated userId=51d34d5a-40d5-4218-8ae6-d57cebe953bf for /friends/requests/pending
2026-06-02T09:08:53.882+05:30  INFO 4800 --- [user-service] [http-nio-8082-exec-9] c.u.config.RequestLoggingFilter          : ? GET /friends/requests/pending [IP: 0:0:0:0:0:0:0:1]
2026-06-02T09:08:53.887+05:30  INFO 4800 --- [user-service] [http-nio-8082-exec-9] c.u.config.RequestLoggingFilter          : ? GET /friends/requests/pending | status=200 | 5ms
2026-06-02T09:09:04.883+05:30 DEBUG 4800 --- [user-service] [http-nio-8082-exec-3] c.u.security.JwtAuthenticationFilter     : JWT filter processing: GET /friends/requests/pending
2026-06-02T09:09:04.887+05:30 DEBUG 4800 --- [user-service] [http-nio-8082-exec-3] c.u.security.JwtAuthenticationFilter     : Authenticated userId=49659a76-f186-415b-9088-7ad17a576c90 for /friends/requests/pending
2026-06-02T09:09:04.888+05:30  INFO 4800 --- [user-service] [http-nio-8082-exec-3] c.u.config.RequestLoggingFilter          : ? GET /friends/requests/pending [IP: 0:0:0:0:0:0:0:1]
2026-06-02T09:09:04.893+05:30  INFO 4800 --- [user-service] [http-nio-8082-exec-3] c.u.config.RequestLoggingFilter          : ? GET /friends/requests/pending | status=200 | 6ms
2026-06-02T09:09:22.905+05:30 DEBUG 4800 --- [user-service] [http-nio-8082-exec-10] c.u.security.JwtAuthenticationFilter     : JWT filter processing: GET /friends/requests/pending
2026-06-02T09:09:22.909+05:30 DEBUG 4800 --- [user-service] [http-nio-8082-exec-10] c.u.security.JwtAuthenticationFilter     : Authenticated userId=3bb24a6b-fbd9-47a8-8e19-618ceb79f4b8 for /friends/requests/pending
2026-06-02T09:09:22.910+05:30  INFO 4800 --- [user-service] [http-nio-8082-exec-10] c.u.config.RequestLoggingFilter          : ? GET /friends/requests/pending [IP: 0:0:0:0:0:0:0:1]
2026-06-02T09:09:22.924+05:30  INFO 4800 --- [user-service] [http-nio-8082-exec-10] c.u.config.RequestLoggingFilter          : ? GET /friends/requests/pending | status=200 | 14ms
2026-06-02T09:09:22.929+05:30 DEBUG 4800 --- [user-service] [http-nio-8082-exec-1] c.u.security.JwtAuthenticationFilter     : JWT filter processing: GET /friends/requests/pending
2026-06-02T09:09:22.942+05:30 DEBUG 4800 --- [user-service] [http-nio-8082-exec-1] c.u.security.JwtAuthenticationFilter     : Authenticated userId=9476f8db-3324-489f-b201-7e3ed48c4aea for /friends/requests/pending
2026-06-02T09:09:22.943+05:30  INFO 4800 --- [user-service] [http-nio-8082-exec-1] c.u.config.RequestLoggingFilter          : ? GET /friends/requests/pending [IP: 0:0:0:0:0:0:0:1]
2026-06-02T09:09:22.953+05:30  INFO 4800 --- [user-service] [http-nio-8082-exec-1] c.u.config.RequestLoggingFilter          : ? GET /friends/requests/pending | status=200 | 10ms
2026-06-02T09:09:23.876+05:30 DEBUG 4800 --- [user-service] [http-nio-8082-exec-2] c.u.security.JwtAuthenticationFilter     : JWT filter processing: GET /friends/requests/pending
2026-06-02T09:09:23.877+05:30 DEBUG 4800 --- [user-service] [http-nio-8082-exec-2] c.u.security.JwtAuthenticationFilter     : Authenticated userId=51d34d5a-40d5-4218-8ae6-d57cebe953bf for /friends/requests/pending
2026-06-02T09:09:23.878+05:30  INFO 4800 --- [user-service] [http-nio-8082-exec-2] c.u.config.RequestLoggingFilter          : ? GET /friends/requests/pending [IP: 0:0:0:0:0:0:0:1]
2026-06-02T09:09:23.882+05:30  INFO 4800 --- [user-service] [http-nio-8082-exec-2] c.u.config.RequestLoggingFilter          : ? GET /friends/requests/pending | status=200 | 4ms
2026-06-02T09:09:34.528+05:30 DEBUG 4800 --- [user-service] [http-nio-8082-exec-6] c.u.security.JwtAuthenticationFilter     : JWT filter processing: GET /friends/requests/pending
2026-06-02T09:09:34.533+05:30 DEBUG 4800 --- [user-service] [http-nio-8082-exec-6] c.u.security.JwtAuthenticationFilter     : Authenticated userId=49659a76-f186-415b-9088-7ad17a576c90 for /friends/requests/pending
2026-06-02T09:09:34.536+05:30  INFO 4800 --- [user-service] [http-nio-8082-exec-6] c.u.config.RequestLoggingFilter          : ? GET /friends/requests/pending [IP: 0:0:0:0:0:0:0:1]
2026-06-02T09:09:34.542+05:30  INFO 4800 --- [user-service] [http-nio-8082-exec-6] c.u.config.RequestLoggingFilter          : ? GET /friends/requests/pending | status=200 | 6ms
2026-06-02T09:09:52.532+05:30 DEBUG 4800 --- [user-service] [http-nio-8082-exec-4] c.u.security.JwtAuthenticationFilter     : JWT filter processing: GET /friends/requests/pending
2026-06-02T09:09:52.544+05:30 DEBUG 4800 --- [user-service] [http-nio-8082-exec-4] c.u.security.JwtAuthenticationFilter     : Authenticated userId=49659a76-f186-415b-9088-7ad17a576c90 for /friends/requests/pending
2026-06-02T09:09:52.550+05:30  INFO 4800 --- [user-service] [http-nio-8082-exec-4] c.u.config.RequestLoggingFilter          : ? GET /friends/requests/pending [IP: 0:0:0:0:0:0:0:1]
2026-06-02T09:09:52.565+05:30  INFO 4800 --- [user-service] [http-nio-8082-exec-4] c.u.config.RequestLoggingFilter          : ? GET /friends/requests/pending | status=200 | 16ms
2026-06-02T09:09:52.608+05:30 DEBUG 4800 --- [user-service] [http-nio-8082-exec-8] c.u.security.JwtAuthenticationFilter     : JWT filter processing: GET /friends/search
2026-06-02T09:09:52.616+05:30 DEBUG 4800 --- [user-service] [http-nio-8082-exec-8] c.u.security.JwtAuthenticationFilter     : Authenticated userId=49659a76-f186-415b-9088-7ad17a576c90 for /friends/search
2026-06-02T09:09:52.621+05:30  INFO 4800 --- [user-service] [http-nio-8082-exec-8] c.u.config.RequestLoggingFilter          : ? GET /friends/search [IP: 0:0:0:0:0:0:0:1]
2026-06-02T09:09:52.688+05:30 DEBUG 4800 --- [user-service] [http-nio-8082-exec-7] c.u.security.JwtAuthenticationFilter     : JWT filter processing: GET /friends/requests/pending
2026-06-02T09:09:52.707+05:30 DEBUG 4800 --- [user-service] [http-nio-8082-exec-7] c.u.security.JwtAuthenticationFilter     : Authenticated userId=9476f8db-3324-489f-b201-7e3ed48c4aea for /friends/requests/pending
2026-06-02T09:09:52.716+05:30 DEBUG 4800 --- [user-service] [http-nio-8082-exec-5] c.u.security.JwtAuthenticationFilter     : JWT filter processing: GET /friends/search
2026-06-02T09:09:52.722+05:30  INFO 4800 --- [user-service] [http-nio-8082-exec-7] c.u.config.RequestLoggingFilter          : ? GET /friends/requests/pending [IP: 0:0:0:0:0:0:0:1]
2026-06-02T09:09:52.735+05:30 DEBUG 4800 --- [user-service] [http-nio-8082-exec-5] c.u.security.JwtAuthenticationFilter     : Authenticated userId=9476f8db-3324-489f-b201-7e3ed48c4aea for /friends/search
2026-06-02T09:09:52.737+05:30  INFO 4800 --- [user-service] [http-nio-8082-exec-7] c.u.config.RequestLoggingFilter          : ? GET /friends/requests/pending | status=200 | 15ms
2026-06-02T09:09:52.744+05:30  INFO 4800 --- [user-service] [http-nio-8082-exec-5] c.u.config.RequestLoggingFilter          : ? GET /friends/search [IP: 0:0:0:0:0:0:0:1]
2026-06-02T09:09:52.803+05:30 DEBUG 4800 --- [user-service] [http-nio-8082-exec-9] c.u.security.JwtAuthenticationFilter     : JWT filter processing: GET /friends/search
2026-06-02T09:09:52.815+05:30 DEBUG 4800 --- [user-service] [http-nio-8082-exec-9] c.u.security.JwtAuthenticationFilter     : Authenticated userId=3bb24a6b-fbd9-47a8-8e19-618ceb79f4b8 for /friends/search
2026-06-02T09:09:52.816+05:30  INFO 4800 --- [user-service] [http-nio-8082-exec-9] c.u.config.RequestLoggingFilter          : ? GET /friends/search [IP: 0:0:0:0:0:0:0:1]
2026-06-02T09:09:52.847+05:30 DEBUG 4800 --- [user-service] [http-nio-8082-exec-3] c.u.security.JwtAuthenticationFilter     : JWT filter processing: GET /friends/requests/pending
2026-06-02T09:09:52.856+05:30 DEBUG 4800 --- [user-service] [http-nio-8082-exec-3] c.u.security.JwtAuthenticationFilter     : Authenticated userId=3bb24a6b-fbd9-47a8-8e19-618ceb79f4b8 for /friends/requests/pending
2026-06-02T09:09:52.887+05:30  INFO 4800 --- [user-service] [http-nio-8082-exec-3] c.u.config.RequestLoggingFilter          : ? GET /friends/requests/pending [IP: 0:0:0:0:0:0:0:1]
2026-06-02T09:09:52.910+05:30  INFO 4800 --- [user-service] [http-nio-8082-exec-8] c.u.config.RequestLoggingFilter          : ? GET /friends/search | status=200 | 289ms
2026-06-02T09:09:52.915+05:30  INFO 4800 --- [user-service] [http-nio-8082-exec-3] c.u.config.RequestLoggingFilter          : ? GET /friends/requests/pending | status=200 | 28ms
2026-06-02T09:09:53.169+05:30 DEBUG 4800 --- [user-service] [http-nio-8082-exec-10] c.u.security.JwtAuthenticationFilter     : JWT filter processing: GET /friends/requests/pending
2026-06-02T09:09:53.197+05:30 DEBUG 4800 --- [user-service] [http-nio-8082-exec-10] c.u.security.JwtAuthenticationFilter     : Authenticated userId=49659a76-f186-415b-9088-7ad17a576c90 for /friends/requests/pending
2026-06-02T09:09:53.210+05:30  INFO 4800 --- [user-service] [http-nio-8082-exec-10] c.u.config.RequestLoggingFilter          : ? GET /friends/requests/pending [IP: 0:0:0:0:0:0:0:1]
2026-06-02T09:09:53.230+05:30  INFO 4800 --- [user-service] [http-nio-8082-exec-10] c.u.config.RequestLoggingFilter          : ? GET /friends/requests/pending | status=200 | 21ms
2026-06-02T09:09:53.347+05:30 DEBUG 4800 --- [user-service] [http-nio-8082-exec-1] c.u.security.JwtAuthenticationFilter     : JWT filter processing: GET /friends/requests/pending
2026-06-02T09:09:53.356+05:30 DEBUG 4800 --- [user-service] [http-nio-8082-exec-1] c.u.security.JwtAuthenticationFilter     : Authenticated userId=9476f8db-3324-489f-b201-7e3ed48c4aea for /friends/requests/pending
2026-06-02T09:09:53.358+05:30  INFO 4800 --- [user-service] [http-nio-8082-exec-1] c.u.config.RequestLoggingFilter          : ? GET /friends/requests/pending [IP: 0:0:0:0:0:0:0:1]
2026-06-02T09:09:53.365+05:30  INFO 4800 --- [user-service] [http-nio-8082-exec-1] c.u.config.RequestLoggingFilter          : ? GET /friends/requests/pending | status=200 | 7ms
2026-06-02T09:09:53.513+05:30 DEBUG 4800 --- [user-service] [http-nio-8082-exec-2] c.u.security.JwtAuthenticationFilter     : JWT filter processing: GET /friends/requests/pending
2026-06-02T09:09:53.590+05:30 DEBUG 4800 --- [user-service] [http-nio-8082-exec-2] c.u.security.JwtAuthenticationFilter     : Authenticated userId=3bb24a6b-fbd9-47a8-8e19-618ceb79f4b8 for /friends/requests/pending
2026-06-02T09:09:53.600+05:30  INFO 4800 --- [user-service] [http-nio-8082-exec-2] c.u.config.RequestLoggingFilter          : ? GET /friends/requests/pending [IP: 0:0:0:0:0:0:0:1]
2026-06-02T09:09:53.613+05:30  INFO 4800 --- [user-service] [http-nio-8082-exec-2] c.u.config.RequestLoggingFilter          : ? GET /friends/requests/pending | status=200 | 13ms
2026-06-02T09:09:53.747+05:30 DEBUG 4800 --- [user-service] [http-nio-8082-exec-6] c.u.security.JwtAuthenticationFilter     : JWT filter processing: GET /friends/search
2026-06-02T09:09:53.771+05:30 DEBUG 4800 --- [user-service] [http-nio-8082-exec-6] c.u.security.JwtAuthenticationFilter     : Authenticated userId=49659a76-f186-415b-9088-7ad17a576c90 for /friends/search
2026-06-02T09:09:53.772+05:30  INFO 4800 --- [user-service] [http-nio-8082-exec-6] c.u.config.RequestLoggingFilter          : ? GET /friends/search [IP: 0:0:0:0:0:0:0:1]
2026-06-02T09:09:53.780+05:30  INFO 4800 --- [user-service] [http-nio-8082-exec-9] c.u.config.RequestLoggingFilter          : ? GET /friends/search | status=200 | 964ms
2026-06-02T09:09:53.901+05:30  INFO 4800 --- [user-service] [http-nio-8082-exec-5] c.u.config.RequestLoggingFilter          : ? GET /friends/search | status=200 | 1157ms
2026-06-02T09:09:54.166+05:30 DEBUG 4800 --- [user-service] [http-nio-8082-exec-4] c.u.security.JwtAuthenticationFilter     : JWT filter processing: GET /friends/search
2026-06-02T09:09:54.178+05:30 DEBUG 4800 --- [user-service] [http-nio-8082-exec-7] c.u.security.JwtAuthenticationFilter     : JWT filter processing: GET /friends/search
2026-06-02T09:09:54.180+05:30 DEBUG 4800 --- [user-service] [http-nio-8082-exec-4] c.u.security.JwtAuthenticationFilter     : Authenticated userId=9476f8db-3324-489f-b201-7e3ed48c4aea for /friends/search
2026-06-02T09:09:54.183+05:30  INFO 4800 --- [user-service] [http-nio-8082-exec-4] c.u.config.RequestLoggingFilter          : ? GET /friends/search [IP: 0:0:0:0:0:0:0:1]
2026-06-02T09:09:54.198+05:30 DEBUG 4800 --- [user-service] [http-nio-8082-exec-7] c.u.security.JwtAuthenticationFilter     : Authenticated userId=3bb24a6b-fbd9-47a8-8e19-618ceb79f4b8 for /friends/search
2026-06-02T09:09:54.201+05:30  INFO 4800 --- [user-service] [http-nio-8082-exec-6] c.u.config.RequestLoggingFilter          : ? GET /friends/search | status=200 | 429ms
2026-06-02T09:09:54.217+05:30  INFO 4800 --- [user-service] [http-nio-8082-exec-7] c.u.config.RequestLoggingFilter          : ? GET /friends/search [IP: 0:0:0:0:0:0:0:1]
2026-06-02T09:09:54.235+05:30 DEBUG 4800 --- [user-service] [http-nio-8082-exec-8] c.u.security.JwtAuthenticationFilter     : JWT filter processing: GET /friends/search
2026-06-02T09:09:54.260+05:30 DEBUG 4800 --- [user-service] [http-nio-8082-exec-8] c.u.security.JwtAuthenticationFilter     : Authenticated userId=51d34d5a-40d5-4218-8ae6-d57cebe953bf for /friends/search
2026-06-02T09:09:54.272+05:30  INFO 4800 --- [user-service] [http-nio-8082-exec-8] c.u.config.RequestLoggingFilter          : ? GET /friends/search [IP: 0:0:0:0:0:0:0:1]
2026-06-02T09:09:54.267+05:30 DEBUG 4800 --- [user-service] [http-nio-8082-exec-3] c.u.security.JwtAuthenticationFilter     : JWT filter processing: GET /friends/requests/pending
2026-06-02T09:09:54.455+05:30 DEBUG 4800 --- [user-service] [http-nio-8082-exec-3] c.u.security.JwtAuthenticationFilter     : Authenticated userId=51d34d5a-40d5-4218-8ae6-d57cebe953bf for /friends/requests/pending
2026-06-02T09:09:54.469+05:30  INFO 4800 --- [user-service] [http-nio-8082-exec-3] c.u.config.RequestLoggingFilter          : ? GET /friends/requests/pending [IP: 0:0:0:0:0:0:0:1]
2026-06-02T09:09:54.499+05:30  INFO 4800 --- [user-service] [http-nio-8082-exec-3] c.u.config.RequestLoggingFilter          : ? GET /friends/requests/pending | status=200 | 30ms
2026-06-02T09:09:54.545+05:30  INFO 4800 --- [user-service] [http-nio-8082-exec-7] c.u.config.RequestLoggingFilter          : ? GET /friends/search | status=200 | 328ms
2026-06-02T09:09:54.663+05:30 DEBUG 4800 --- [user-service] [http-nio-8082-exec-10] c.u.security.JwtAuthenticationFilter     : JWT filter processing: GET /friends/requests/pending
2026-06-02T09:09:54.670+05:30 DEBUG 4800 --- [user-service] [http-nio-8082-exec-10] c.u.security.JwtAuthenticationFilter     : Authenticated userId=51d34d5a-40d5-4218-8ae6-d57cebe953bf for /friends/requests/pending
2026-06-02T09:09:54.682+05:30  INFO 4800 --- [user-service] [http-nio-8082-exec-10] c.u.config.RequestLoggingFilter          : ? GET /friends/requests/pending [IP: 0:0:0:0:0:0:0:1]
2026-06-02T09:09:54.703+05:30  INFO 4800 --- [user-service] [http-nio-8082-exec-10] c.u.config.RequestLoggingFilter          : ? GET /friends/requests/pending | status=200 | 21ms
2026-06-02T09:09:54.728+05:30  INFO 4800 --- [user-service] [http-nio-8082-exec-4] c.u.config.RequestLoggingFilter          : ? GET /friends/search | status=200 | 545ms
2026-06-02T09:09:54.739+05:30  INFO 4800 --- [user-service] [http-nio-8082-exec-8] c.u.config.RequestLoggingFilter          : ? GET /friends/search | status=200 | 467ms
2026-06-02T09:09:54.771+05:30 DEBUG 4800 --- [user-service] [http-nio-8082-exec-1] c.u.security.JwtAuthenticationFilter     : JWT filter processing: GET /friends/search
2026-06-02T09:09:54.783+05:30 DEBUG 4800 --- [user-service] [http-nio-8082-exec-1] c.u.security.JwtAuthenticationFilter     : Authenticated userId=51d34d5a-40d5-4218-8ae6-d57cebe953bf for /friends/search
2026-06-02T09:09:54.790+05:30  INFO 4800 --- [user-service] [http-nio-8082-exec-1] c.u.config.RequestLoggingFilter          : ? GET /friends/search [IP: 0:0:0:0:0:0:0:1]
2026-06-02T09:09:54.927+05:30  INFO 4800 --- [user-service] [http-nio-8082-exec-1] c.u.config.RequestLoggingFilter          : ? GET /friends/search | status=200 | 137ms
2026-06-02T09:10:21.887+05:30 DEBUG 4800 --- [user-service] [http-nio-8082-exec-2] c.u.security.JwtAuthenticationFilter     : JWT filter processing: GET /friends/requests/pending
2026-06-02T09:10:21.892+05:30 DEBUG 4800 --- [user-service] [http-nio-8082-exec-2] c.u.security.JwtAuthenticationFilter     : Authenticated userId=49659a76-f186-415b-9088-7ad17a576c90 for /friends/requests/pending
2026-06-02T09:10:21.892+05:30  INFO 4800 --- [user-service] [http-nio-8082-exec-2] c.u.config.RequestLoggingFilter          : ? GET /friends/requests/pending [IP: 0:0:0:0:0:0:0:1]
2026-06-02T09:10:21.902+05:30 DEBUG 4800 --- [user-service] [http-nio-8082-exec-9] c.u.security.JwtAuthenticationFilter     : JWT filter processing: GET /friends/requests/pending
2026-06-02T09:10:21.901+05:30  INFO 4800 --- [user-service] [http-nio-8082-exec-2] c.u.config.RequestLoggingFilter          : ? GET /friends/requests/pending | status=200 | 9ms
2026-06-02T09:10:21.910+05:30 DEBUG 4800 --- [user-service] [http-nio-8082-exec-9] c.u.security.JwtAuthenticationFilter     : Authenticated userId=3bb24a6b-fbd9-47a8-8e19-618ceb79f4b8 for /friends/requests/pending
2026-06-02T09:10:21.914+05:30  INFO 4800 --- [user-service] [http-nio-8082-exec-9] c.u.config.RequestLoggingFilter          : ? GET /friends/requests/pending [IP: 0:0:0:0:0:0:0:1]
2026-06-02T09:10:21.923+05:30  INFO 4800 --- [user-service] [http-nio-8082-exec-9] c.u.config.RequestLoggingFilter          : ? GET /friends/requests/pending | status=200 | 11ms
2026-06-02T09:10:21.925+05:30 DEBUG 4800 --- [user-service] [http-nio-8082-exec-5] c.u.security.JwtAuthenticationFilter     : JWT filter processing: GET /friends/requests/pending
2026-06-02T09:10:21.935+05:30 DEBUG 4800 --- [user-service] [http-nio-8082-exec-5] c.u.security.JwtAuthenticationFilter     : Authenticated userId=9476f8db-3324-489f-b201-7e3ed48c4aea for /friends/requests/pending
2026-06-02T09:10:21.936+05:30  INFO 4800 --- [user-service] [http-nio-8082-exec-5] c.u.config.RequestLoggingFilter          : ? GET /friends/requests/pending [IP: 0:0:0:0:0:0:0:1]
2026-06-02T09:10:21.942+05:30  INFO 4800 --- [user-service] [http-nio-8082-exec-5] c.u.config.RequestLoggingFilter          : ? GET /friends/requests/pending | status=200 | 6ms
2026-06-02T09:10:23.611+05:30  INFO 4800 --- [user-service] [AsyncResolver-bootstrap-executor-0] c.n.d.s.r.aws.ConfigClusterResolver      : Resolving eureka endpoints via configuration
2026-06-02T09:10:24.076+05:30 DEBUG 4800 --- [user-service] [http-nio-8082-exec-6] c.u.security.JwtAuthenticationFilter     : JWT filter processing: GET /friends/requests/pending
2026-06-02T09:10:24.081+05:30 DEBUG 4800 --- [user-service] [http-nio-8082-exec-6] c.u.security.JwtAuthenticationFilter     : Authenticated userId=51d34d5a-40d5-4218-8ae6-d57cebe953bf for /friends/requests/pending
2026-06-02T09:10:24.083+05:30  INFO 4800 --- [user-service] [http-nio-8082-exec-6] c.u.config.RequestLoggingFilter          : ? GET /friends/requests/pending [IP: 0:0:0:0:0:0:0:1]
2026-06-02T09:10:24.092+05:30  INFO 4800 --- [user-service] [http-nio-8082-exec-6] c.u.config.RequestLoggingFilter          : ? GET /friends/requests/pending | status=200 | 9ms
2026-06-02T09:10:25.549+05:30 DEBUG 4800 --- [user-service] [http-nio-8082-exec-3] c.u.security.JwtAuthenticationFilter     : JWT filter processing: GET /friends/search
2026-06-02T09:10:25.569+05:30 DEBUG 4800 --- [user-service] [http-nio-8082-exec-3] c.u.security.JwtAuthenticationFilter     : Authenticated userId=9476f8db-3324-489f-b201-7e3ed48c4aea for /friends/search
2026-06-02T09:10:25.577+05:30  INFO 4800 --- [user-service] [http-nio-8082-exec-3] c.u.config.RequestLoggingFilter          : ? GET /friends/search [IP: 0:0:0:0:0:0:0:1]
2026-06-02T09:10:25.753+05:30 DEBUG 4800 --- [user-service] [http-nio-8082-exec-7] c.u.security.JwtAuthenticationFilter     : JWT filter processing: GET /friends/requests/pending
2026-06-02T09:10:25.775+05:30 DEBUG 4800 --- [user-service] [http-nio-8082-exec-7] c.u.security.JwtAuthenticationFilter     : Authenticated userId=9476f8db-3324-489f-b201-7e3ed48c4aea for /friends/requests/pending
2026-06-02T09:10:25.796+05:30  INFO 4800 --- [user-service] [http-nio-8082-exec-7] c.u.config.RequestLoggingFilter          : ? GET /friends/requests/pending [IP: 0:0:0:0:0:0:0:1]
2026-06-02T09:10:25.809+05:30  INFO 4800 --- [user-service] [http-nio-8082-exec-7] c.u.config.RequestLoggingFilter          : ? GET /friends/requests/pending | status=200 | 13ms
2026-06-02T09:10:25.884+05:30 DEBUG 4800 --- [user-service] [http-nio-8082-exec-10] c.u.security.JwtAuthenticationFilter     : JWT filter processing: GET /friends/requests/pending
2026-06-02T09:10:25.886+05:30 DEBUG 4800 --- [user-service] [http-nio-8082-exec-4] c.u.security.JwtAuthenticationFilter     : JWT filter processing: GET /friends/search
2026-06-02T09:10:25.896+05:30 DEBUG 4800 --- [user-service] [http-nio-8082-exec-8] c.u.security.JwtAuthenticationFilter     : JWT filter processing: GET /friends/search
2026-06-02T09:10:25.967+05:30 DEBUG 4800 --- [user-service] [http-nio-8082-exec-1] c.u.security.JwtAuthenticationFilter     : JWT filter processing: GET /friends/requests/pending
2026-06-02T09:10:26.036+05:30 DEBUG 4800 --- [user-service] [http-nio-8082-exec-8] c.u.security.JwtAuthenticationFilter     : Authenticated userId=49659a76-f186-415b-9088-7ad17a576c90 for /friends/search
2026-06-02T09:10:26.038+05:30  INFO 4800 --- [user-service] [http-nio-8082-exec-8] c.u.config.RequestLoggingFilter          : ? GET /friends/search [IP: 0:0:0:0:0:0:0:1]
2026-06-02T09:10:25.979+05:30 DEBUG 4800 --- [user-service] [http-nio-8082-exec-10] c.u.security.JwtAuthenticationFilter     : Authenticated userId=3bb24a6b-fbd9-47a8-8e19-618ceb79f4b8 for /friends/requests/pending
2026-06-02T09:10:26.005+05:30 DEBUG 4800 --- [user-service] [http-nio-8082-exec-2] c.u.security.JwtAuthenticationFilter     : JWT filter processing: GET /friends/requests/pending
2026-06-02T09:10:26.034+05:30 DEBUG 4800 --- [user-service] [http-nio-8082-exec-4] c.u.security.JwtAuthenticationFilter     : Authenticated userId=3bb24a6b-fbd9-47a8-8e19-618ceb79f4b8 for /friends/search
2026-06-02T09:10:26.042+05:30 DEBUG 4800 --- [user-service] [http-nio-8082-exec-1] c.u.security.JwtAuthenticationFilter     : Authenticated userId=49659a76-f186-415b-9088-7ad17a576c90 for /friends/requests/pending
2026-06-02T09:10:26.091+05:30  INFO 4800 --- [user-service] [http-nio-8082-exec-3] c.u.config.RequestLoggingFilter          : ? GET /friends/search | status=200 | 514ms
2026-06-02T09:10:26.092+05:30  INFO 4800 --- [user-service] [http-nio-8082-exec-4] c.u.config.RequestLoggingFilter          : ? GET /friends/search [IP: 0:0:0:0:0:0:0:1]
2026-06-02T09:10:26.094+05:30  INFO 4800 --- [user-service] [http-nio-8082-exec-1] c.u.config.RequestLoggingFilter          : ? GET /friends/requests/pending [IP: 0:0:0:0:0:0:0:1]
2026-06-02T09:10:26.102+05:30  INFO 4800 --- [user-service] [http-nio-8082-exec-10] c.u.config.RequestLoggingFilter          : ? GET /friends/requests/pending [IP: 0:0:0:0:0:0:0:1]
2026-06-02T09:10:26.106+05:30 DEBUG 4800 --- [user-service] [http-nio-8082-exec-2] c.u.security.JwtAuthenticationFilter     : Authenticated userId=9476f8db-3324-489f-b201-7e3ed48c4aea for /friends/requests/pending
2026-06-02T09:10:26.178+05:30  INFO 4800 --- [user-service] [http-nio-8082-exec-2] c.u.config.RequestLoggingFilter          : ? GET /friends/requests/pending [IP: 0:0:0:0:0:0:0:1]
2026-06-02T09:10:26.198+05:30  INFO 4800 --- [user-service] [http-nio-8082-exec-2] c.u.config.RequestLoggingFilter          : ? GET /friends/requests/pending | status=200 | 20ms
2026-06-02T09:10:26.159+05:30  INFO 4800 --- [user-service] [http-nio-8082-exec-8] c.u.config.RequestLoggingFilter          : ? GET /friends/search | status=200 | 121ms
2026-06-02T09:10:26.166+05:30  INFO 4800 --- [user-service] [http-nio-8082-exec-1] c.u.config.RequestLoggingFilter          : ? GET /friends/requests/pending | status=200 | 72ms
2026-06-02T09:10:26.173+05:30  INFO 4800 --- [user-service] [http-nio-8082-exec-10] c.u.config.RequestLoggingFilter          : ? GET /friends/requests/pending | status=200 | 71ms
2026-06-02T09:10:26.358+05:30 DEBUG 4800 --- [user-service] [http-nio-8082-exec-9] c.u.security.JwtAuthenticationFilter     : JWT filter processing: GET /friends/search
2026-06-02T09:10:26.359+05:30 DEBUG 4800 --- [user-service] [http-nio-8082-exec-5] c.u.security.JwtAuthenticationFilter     : JWT filter processing: GET /friends/requests/pending
2026-06-02T09:10:26.365+05:30 DEBUG 4800 --- [user-service] [http-nio-8082-exec-9] c.u.security.JwtAuthenticationFilter     : Authenticated userId=9476f8db-3324-489f-b201-7e3ed48c4aea for /friends/search
2026-06-02T09:10:26.367+05:30 DEBUG 4800 --- [user-service] [http-nio-8082-exec-5] c.u.security.JwtAuthenticationFilter     : Authenticated userId=3bb24a6b-fbd9-47a8-8e19-618ceb79f4b8 for /friends/requests/pending
2026-06-02T09:10:26.367+05:30  INFO 4800 --- [user-service] [http-nio-8082-exec-9] c.u.config.RequestLoggingFilter          : ? GET /friends/search [IP: 0:0:0:0:0:0:0:1]
2026-06-02T09:10:26.367+05:30  INFO 4800 --- [user-service] [http-nio-8082-exec-5] c.u.config.RequestLoggingFilter          : ? GET /friends/requests/pending [IP: 0:0:0:0:0:0:0:1]
2026-06-02T09:10:26.375+05:30  INFO 4800 --- [user-service] [http-nio-8082-exec-5] c.u.config.RequestLoggingFilter          : ? GET /friends/requests/pending | status=200 | 8ms
2026-06-02T09:10:26.728+05:30 DEBUG 4800 --- [user-service] [http-nio-8082-exec-6] c.u.security.JwtAuthenticationFilter     : JWT filter processing: GET /friends/requests/pending
2026-06-02T09:10:26.733+05:30 DEBUG 4800 --- [user-service] [http-nio-8082-exec-7] c.u.security.JwtAuthenticationFilter     : JWT filter processing: GET /friends/search
2026-06-02T09:10:26.784+05:30 DEBUG 4800 --- [user-service] [http-nio-8082-exec-6] c.u.security.JwtAuthenticationFilter     : Authenticated userId=49659a76-f186-415b-9088-7ad17a576c90 for /friends/requests/pending
2026-06-02T09:10:26.794+05:30  INFO 4800 --- [user-service] [http-nio-8082-exec-6] c.u.config.RequestLoggingFilter          : ? GET /friends/requests/pending [IP: 0:0:0:0:0:0:0:1]
2026-06-02T09:10:26.806+05:30 DEBUG 4800 --- [user-service] [http-nio-8082-exec-7] c.u.security.JwtAuthenticationFilter     : Authenticated userId=51d34d5a-40d5-4218-8ae6-d57cebe953bf for /friends/search
2026-06-02T09:10:26.812+05:30  INFO 4800 --- [user-service] [http-nio-8082-exec-7] c.u.config.RequestLoggingFilter          : ? GET /friends/search [IP: 0:0:0:0:0:0:0:1]
2026-06-02T09:10:26.814+05:30 DEBUG 4800 --- [user-service] [http-nio-8082-exec-3] c.u.security.JwtAuthenticationFilter     : JWT filter processing: GET /friends/requests/pending
2026-06-02T09:10:26.814+05:30  INFO 4800 --- [user-service] [http-nio-8082-exec-6] c.u.config.RequestLoggingFilter          : ? GET /friends/requests/pending | status=200 | 20ms
2026-06-02T09:10:26.866+05:30 DEBUG 4800 --- [user-service] [http-nio-8082-exec-8] c.u.security.JwtAuthenticationFilter     : JWT filter processing: GET /friends/search
2026-06-02T09:10:26.868+05:30 DEBUG 4800 --- [user-service] [http-nio-8082-exec-3] c.u.security.JwtAuthenticationFilter     : Authenticated userId=51d34d5a-40d5-4218-8ae6-d57cebe953bf for /friends/requests/pending
2026-06-02T09:10:27.109+05:30 DEBUG 4800 --- [user-service] [http-nio-8082-exec-8] c.u.security.JwtAuthenticationFilter     : Authenticated userId=49659a76-f186-415b-9088-7ad17a576c90 for /friends/search
2026-06-02T09:10:27.114+05:30  INFO 4800 --- [user-service] [http-nio-8082-exec-3] c.u.config.RequestLoggingFilter          : ? GET /friends/requests/pending [IP: 0:0:0:0:0:0:0:1]
2026-06-02T09:10:27.119+05:30  INFO 4800 --- [user-service] [http-nio-8082-exec-8] c.u.config.RequestLoggingFilter          : ? GET /friends/search [IP: 0:0:0:0:0:0:0:1]
2026-06-02T09:10:27.147+05:30  INFO 4800 --- [user-service] [http-nio-8082-exec-3] c.u.config.RequestLoggingFilter          : ? GET /friends/requests/pending | status=200 | 33ms
2026-06-02T09:10:27.240+05:30  INFO 4800 --- [user-service] [http-nio-8082-exec-4] c.u.config.RequestLoggingFilter          : ? GET /friends/search | status=200 | 1148ms
2026-06-02T09:10:27.472+05:30  INFO 4800 --- [user-service] [http-nio-8082-exec-9] c.u.config.RequestLoggingFilter          : ? GET /friends/search | status=200 | 1105ms
2026-06-02T09:10:27.515+05:30 DEBUG 4800 --- [user-service] [http-nio-8082-exec-2] c.u.security.JwtAuthenticationFilter     : JWT filter processing: GET /friends/search
2026-06-02T09:10:27.526+05:30 DEBUG 4800 --- [user-service] [http-nio-8082-exec-2] c.u.security.JwtAuthenticationFilter     : Authenticated userId=3bb24a6b-fbd9-47a8-8e19-618ceb79f4b8 for /friends/search
2026-06-02T09:10:27.528+05:30  INFO 4800 --- [user-service] [http-nio-8082-exec-8] c.u.config.RequestLoggingFilter          : ? GET /friends/search | status=200 | 409ms
2026-06-02T09:10:27.530+05:30  INFO 4800 --- [user-service] [http-nio-8082-exec-2] c.u.config.RequestLoggingFilter          : ? GET /friends/search [IP: 0:0:0:0:0:0:0:1]
2026-06-02T09:10:27.671+05:30 DEBUG 4800 --- [user-service] [http-nio-8082-exec-1] c.u.security.JwtAuthenticationFilter     : JWT filter processing: GET /friends/requests/pending
2026-06-02T09:10:27.678+05:30 DEBUG 4800 --- [user-service] [http-nio-8082-exec-1] c.u.security.JwtAuthenticationFilter     : Authenticated userId=51d34d5a-40d5-4218-8ae6-d57cebe953bf for /friends/requests/pending
2026-06-02T09:10:27.680+05:30  INFO 4800 --- [user-service] [http-nio-8082-exec-1] c.u.config.RequestLoggingFilter          : ? GET /friends/requests/pending [IP: 0:0:0:0:0:0:0:1]
2026-06-02T09:10:27.689+05:30  INFO 4800 --- [user-service] [http-nio-8082-exec-1] c.u.config.RequestLoggingFilter          : ? GET /friends/requests/pending | status=200 | 8ms
2026-06-02T09:10:28.192+05:30  INFO 4800 --- [user-service] [http-nio-8082-exec-7] c.u.config.RequestLoggingFilter          : ? GET /friends/search | status=200 | 1382ms
2026-06-02T09:10:28.283+05:30  INFO 4800 --- [user-service] [http-nio-8082-exec-2] c.u.config.RequestLoggingFilter          : ? GET /friends/search | status=200 | 753ms
2026-06-02T09:10:28.528+05:30 DEBUG 4800 --- [user-service] [http-nio-8082-exec-10] c.u.security.JwtAuthenticationFilter     : JWT filter processing: GET /friends/search
2026-06-02T09:10:28.540+05:30 DEBUG 4800 --- [user-service] [http-nio-8082-exec-10] c.u.security.JwtAuthenticationFilter     : Authenticated userId=51d34d5a-40d5-4218-8ae6-d57cebe953bf for /friends/search
2026-06-02T09:10:28.551+05:30  INFO 4800 --- [user-service] [http-nio-8082-exec-10] c.u.config.RequestLoggingFilter          : ? GET /friends/search [IP: 0:0:0:0:0:0:0:1]
2026-06-02T09:10:28.996+05:30  INFO 4800 --- [user-service] [http-nio-8082-exec-10] c.u.config.RequestLoggingFilter          : ? GET /friends/search | status=200 | 445ms
2026-06-02T09:10:54.875+05:30 DEBUG 4800 --- [user-service] [http-nio-8082-exec-5] c.u.security.JwtAuthenticationFilter     : JWT filter processing: GET /friends/requests/pending
2026-06-02T09:10:54.879+05:30 DEBUG 4800 --- [user-service] [http-nio-8082-exec-5] c.u.security.JwtAuthenticationFilter     : Authenticated userId=9476f8db-3324-489f-b201-7e3ed48c4aea for /friends/requests/pending
2026-06-02T09:10:54.882+05:30  INFO 4800 --- [user-service] [http-nio-8082-exec-5] c.u.config.RequestLoggingFilter          : ? GET /friends/requests/pending [IP: 0:0:0:0:0:0:0:1]
2026-06-02T09:10:54.888+05:30  INFO 4800 --- [user-service] [http-nio-8082-exec-5] c.u.config.RequestLoggingFilter          : ? GET /friends/requests/pending | status=200 | 6ms
2026-06-02T09:10:55.899+05:30 DEBUG 4800 --- [user-service] [http-nio-8082-exec-6] c.u.security.JwtAuthenticationFilter     : JWT filter processing: GET /friends/requests/pending
2026-06-02T09:10:55.912+05:30 DEBUG 4800 --- [user-service] [http-nio-8082-exec-4] c.u.security.JwtAuthenticationFilter     : JWT filter processing: GET /friends/requests/pending
2026-06-02T09:10:55.917+05:30 DEBUG 4800 --- [user-service] [http-nio-8082-exec-6] c.u.security.JwtAuthenticationFilter     : Authenticated userId=3bb24a6b-fbd9-47a8-8e19-618ceb79f4b8 for /friends/requests/pending
2026-06-02T09:10:55.922+05:30 DEBUG 4800 --- [user-service] [http-nio-8082-exec-4] c.u.security.JwtAuthenticationFilter     : Authenticated userId=51d34d5a-40d5-4218-8ae6-d57cebe953bf for /friends/requests/pending
2026-06-02T09:10:55.926+05:30  INFO 4800 --- [user-service] [http-nio-8082-exec-4] c.u.config.RequestLoggingFilter          : ? GET /friends/requests/pending [IP: 0:0:0:0:0:0:0:1]
2026-06-02T09:10:55.921+05:30  INFO 4800 --- [user-service] [http-nio-8082-exec-6] c.u.config.RequestLoggingFilter          : ? GET /friends/requests/pending [IP: 0:0:0:0:0:0:0:1]
2026-06-02T09:10:55.920+05:30 DEBUG 4800 --- [user-service] [http-nio-8082-exec-3] c.u.security.JwtAuthenticationFilter     : JWT filter processing: GET /friends/requests/pending
2026-06-02T09:10:55.932+05:30  INFO 4800 --- [user-service] [http-nio-8082-exec-4] c.u.config.RequestLoggingFilter          : ? GET /friends/requests/pending | status=200 | 6ms
2026-06-02T09:10:55.938+05:30  INFO 4800 --- [user-service] [http-nio-8082-exec-6] c.u.config.RequestLoggingFilter          : ? GET /friends/requests/pending | status=200 | 17ms
2026-06-02T09:10:55.947+05:30 DEBUG 4800 --- [user-service] [http-nio-8082-exec-3] c.u.security.JwtAuthenticationFilter     : Authenticated userId=49659a76-f186-415b-9088-7ad17a576c90 for /friends/requests/pending
2026-06-02T09:10:55.948+05:30  INFO 4800 --- [user-service] [http-nio-8082-exec-3] c.u.config.RequestLoggingFilter          : ? GET /friends/requests/pending [IP: 0:0:0:0:0:0:0:1]
2026-06-02T09:10:55.960+05:30  INFO 4800 --- [user-service] [http-nio-8082-exec-3] c.u.config.RequestLoggingFilter          : ? GET /friends/requests/pending | status=200 | 12ms
2026-06-02T09:11:24.875+05:30 DEBUG 4800 --- [user-service] [http-nio-8082-exec-9] c.u.security.JwtAuthenticationFilter     : JWT filter processing: GET /friends/requests/pending
2026-06-02T09:11:24.877+05:30 DEBUG 4800 --- [user-service] [http-nio-8082-exec-9] c.u.security.JwtAuthenticationFilter     : Authenticated userId=9476f8db-3324-489f-b201-7e3ed48c4aea for /friends/requests/pending
2026-06-02T09:11:24.878+05:30  INFO 4800 --- [user-service] [http-nio-8082-exec-9] c.u.config.RequestLoggingFilter          : ? GET /friends/requests/pending [IP: 0:0:0:0:0:0:0:1]
2026-06-02T09:11:24.882+05:30  INFO 4800 --- [user-service] [http-nio-8082-exec-9] c.u.config.RequestLoggingFilter          : ? GET /friends/requests/pending | status=200 | 4ms
2026-06-02T09:11:25.894+05:30 DEBUG 4800 --- [user-service] [http-nio-8082-exec-8] c.u.security.JwtAuthenticationFilter     : JWT filter processing: GET /friends/requests/pending
2026-06-02T09:11:25.899+05:30 DEBUG 4800 --- [user-service] [http-nio-8082-exec-8] c.u.security.JwtAuthenticationFilter     : Authenticated userId=3bb24a6b-fbd9-47a8-8e19-618ceb79f4b8 for /friends/requests/pending
2026-06-02T09:11:25.900+05:30  INFO 4800 --- [user-service] [http-nio-8082-exec-8] c.u.config.RequestLoggingFilter          : ? GET /friends/requests/pending [IP: 0:0:0:0:0:0:0:1]
2026-06-02T09:11:25.905+05:30  INFO 4800 --- [user-service] [http-nio-8082-exec-8] c.u.config.RequestLoggingFilter          : ? GET /friends/requests/pending | status=200 | 5ms
2026-06-02T09:11:25.906+05:30 DEBUG 4800 --- [user-service] [http-nio-8082-exec-1] c.u.security.JwtAuthenticationFilter     : JWT filter processing: GET /friends/requests/pending
2026-06-02T09:11:25.913+05:30 DEBUG 4800 --- [user-service] [http-nio-8082-exec-1] c.u.security.JwtAuthenticationFilter     : Authenticated userId=49659a76-f186-415b-9088-7ad17a576c90 for /friends/requests/pending
2026-06-02T09:11:25.918+05:30  INFO 4800 --- [user-service] [http-nio-8082-exec-1] c.u.config.RequestLoggingFilter          : ? GET /friends/requests/pending [IP: 0:0:0:0:0:0:0:1]
2026-06-02T09:11:25.918+05:30 DEBUG 4800 --- [user-service] [http-nio-8082-exec-7] c.u.security.JwtAuthenticationFilter     : JWT filter processing: GET /friends/requests/pending
2026-06-02T09:11:25.928+05:30  INFO 4800 --- [user-service] [http-nio-8082-exec-1] c.u.config.RequestLoggingFilter          : ? GET /friends/requests/pending | status=200 | 10ms
2026-06-02T09:11:25.930+05:30 DEBUG 4800 --- [user-service] [http-nio-8082-exec-7] c.u.security.JwtAuthenticationFilter     : Authenticated userId=51d34d5a-40d5-4218-8ae6-d57cebe953bf for /friends/requests/pending
2026-06-02T09:11:25.931+05:30  INFO 4800 --- [user-service] [http-nio-8082-exec-7] c.u.config.RequestLoggingFilter          : ? GET /friends/requests/pending [IP: 0:0:0:0:0:0:0:1]
2026-06-02T09:11:25.941+05:30  INFO 4800 --- [user-service] [http-nio-8082-exec-7] c.u.config.RequestLoggingFilter          : ? GET /friends/requests/pending | status=200 | 10ms
2026-06-02T09:11:53.202+05:30 DEBUG 4800 --- [user-service] [http-nio-8082-exec-2] c.u.security.JwtAuthenticationFilter     : JWT filter processing: GET /friends/search
2026-06-02T09:11:53.209+05:30 DEBUG 4800 --- [user-service] [http-nio-8082-exec-2] c.u.security.JwtAuthenticationFilter     : Authenticated userId=49659a76-f186-415b-9088-7ad17a576c90 for /friends/search
2026-06-02T09:11:53.212+05:30  INFO 4800 --- [user-service] [http-nio-8082-exec-2] c.u.config.RequestLoggingFilter          : ? GET /friends/search [IP: 0:0:0:0:0:0:0:1]
2026-06-02T09:11:53.233+05:30 DEBUG 4800 --- [user-service] [http-nio-8082-exec-10] c.u.security.JwtAuthenticationFilter     : JWT filter processing: GET /friends/requests/pending
2026-06-02T09:11:53.248+05:30 DEBUG 4800 --- [user-service] [http-nio-8082-exec-10] c.u.security.JwtAuthenticationFilter     : Authenticated userId=49659a76-f186-415b-9088-7ad17a576c90 for /friends/requests/pending
2026-06-02T09:11:53.254+05:30  INFO 4800 --- [user-service] [http-nio-8082-exec-10] c.u.config.RequestLoggingFilter          : ? GET /friends/requests/pending [IP: 0:0:0:0:0:0:0:1]
2026-06-02T09:11:53.271+05:30  INFO 4800 --- [user-service] [http-nio-8082-exec-10] c.u.config.RequestLoggingFilter          : ? GET /friends/requests/pending | status=200 | 17ms
2026-06-02T09:11:53.324+05:30 DEBUG 4800 --- [user-service] [http-nio-8082-exec-5] c.u.security.JwtAuthenticationFilter     : JWT filter processing: GET /friends/requests/pending
2026-06-02T09:11:53.331+05:30 DEBUG 4800 --- [user-service] [http-nio-8082-exec-5] c.u.security.JwtAuthenticationFilter     : Authenticated userId=51d34d5a-40d5-4218-8ae6-d57cebe953bf for /friends/requests/pending
2026-06-02T09:11:53.332+05:30  INFO 4800 --- [user-service] [http-nio-8082-exec-5] c.u.config.RequestLoggingFilter          : ? GET /friends/requests/pending [IP: 0:0:0:0:0:0:0:1]
2026-06-02T09:11:53.341+05:30  INFO 4800 --- [user-service] [http-nio-8082-exec-5] c.u.config.RequestLoggingFilter          : ? GET /friends/requests/pending | status=200 | 9ms
2026-06-02T09:11:53.525+05:30  INFO 4800 --- [user-service] [http-nio-8082-exec-2] c.u.config.RequestLoggingFilter          : ? GET /friends/search | status=200 | 314ms
2026-06-02T09:11:53.559+05:30 DEBUG 4800 --- [user-service] [http-nio-8082-exec-4] c.u.security.JwtAuthenticationFilter     : JWT filter processing: GET /friends/search
2026-06-02T09:11:53.589+05:30 DEBUG 4800 --- [user-service] [http-nio-8082-exec-4] c.u.security.JwtAuthenticationFilter     : Authenticated userId=51d34d5a-40d5-4218-8ae6-d57cebe953bf for /friends/search
2026-06-02T09:11:53.590+05:30  INFO 4800 --- [user-service] [http-nio-8082-exec-4] c.u.config.RequestLoggingFilter          : ? GET /friends/search [IP: 0:0:0:0:0:0:0:1]
2026-06-02T09:11:53.688+05:30 DEBUG 4800 --- [user-service] [http-nio-8082-exec-6] c.u.security.JwtAuthenticationFilter     : JWT filter processing: GET /friends/requests/pending
2026-06-02T09:11:53.693+05:30 DEBUG 4800 --- [user-service] [http-nio-8082-exec-6] c.u.security.JwtAuthenticationFilter     : Authenticated userId=3bb24a6b-fbd9-47a8-8e19-618ceb79f4b8 for /friends/requests/pending
2026-06-02T09:11:53.695+05:30  INFO 4800 --- [user-service] [http-nio-8082-exec-6] c.u.config.RequestLoggingFilter          : ? GET /friends/requests/pending [IP: 0:0:0:0:0:0:0:1]
2026-06-02T09:11:53.701+05:30 DEBUG 4800 --- [user-service] [http-nio-8082-exec-3] c.u.security.JwtAuthenticationFilter     : JWT filter processing: GET /friends/search
2026-06-02T09:11:53.704+05:30  INFO 4800 --- [user-service] [http-nio-8082-exec-6] c.u.config.RequestLoggingFilter          : ? GET /friends/requests/pending | status=200 | 9ms
2026-06-02T09:11:53.717+05:30 DEBUG 4800 --- [user-service] [http-nio-8082-exec-3] c.u.security.JwtAuthenticationFilter     : Authenticated userId=3bb24a6b-fbd9-47a8-8e19-618ceb79f4b8 for /friends/search
2026-06-02T09:11:53.722+05:30  INFO 4800 --- [user-service] [http-nio-8082-exec-3] c.u.config.RequestLoggingFilter          : ? GET /friends/search [IP: 0:0:0:0:0:0:0:1]
2026-06-02T09:11:53.836+05:30 DEBUG 4800 --- [user-service] [http-nio-8082-exec-9] c.u.security.JwtAuthenticationFilter     : JWT filter processing: GET /friends/requests/pending
2026-06-02T09:11:53.843+05:30 DEBUG 4800 --- [user-service] [http-nio-8082-exec-9] c.u.security.JwtAuthenticationFilter     : Authenticated userId=49659a76-f186-415b-9088-7ad17a576c90 for /friends/requests/pending
2026-06-02T09:11:53.845+05:30  INFO 4800 --- [user-service] [http-nio-8082-exec-9] c.u.config.RequestLoggingFilter          : ? GET /friends/requests/pending [IP: 0:0:0:0:0:0:0:1]
2026-06-02T09:11:53.852+05:30  INFO 4800 --- [user-service] [http-nio-8082-exec-9] c.u.config.RequestLoggingFilter          : ? GET /friends/requests/pending | status=200 | 7ms
2026-06-02T09:11:53.905+05:30 DEBUG 4800 --- [user-service] [http-nio-8082-exec-8] c.u.security.JwtAuthenticationFilter     : JWT filter processing: GET /friends/search
2026-06-02T09:11:53.913+05:30 DEBUG 4800 --- [user-service] [http-nio-8082-exec-8] c.u.security.JwtAuthenticationFilter     : Authenticated userId=49659a76-f186-415b-9088-7ad17a576c90 for /friends/search
2026-06-02T09:11:53.918+05:30  INFO 4800 --- [user-service] [http-nio-8082-exec-8] c.u.config.RequestLoggingFilter          : ? GET /friends/search [IP: 0:0:0:0:0:0:0:1]
2026-06-02T09:11:54.107+05:30 DEBUG 4800 --- [user-service] [http-nio-8082-exec-1] c.u.security.JwtAuthenticationFilter     : JWT filter processing: GET /friends/requests/pending
2026-06-02T09:11:54.122+05:30 DEBUG 4800 --- [user-service] [http-nio-8082-exec-1] c.u.security.JwtAuthenticationFilter     : Authenticated userId=51d34d5a-40d5-4218-8ae6-d57cebe953bf for /friends/requests/pending
2026-06-02T09:11:54.124+05:30  INFO 4800 --- [user-service] [http-nio-8082-exec-1] c.u.config.RequestLoggingFilter          : ? GET /friends/requests/pending [IP: 0:0:0:0:0:0:0:1]
2026-06-02T09:11:54.142+05:30  INFO 4800 --- [user-service] [http-nio-8082-exec-1] c.u.config.RequestLoggingFilter          : ? GET /friends/requests/pending | status=200 | 19ms
2026-06-02T09:11:54.153+05:30 DEBUG 4800 --- [user-service] [http-nio-8082-exec-7] c.u.security.JwtAuthenticationFilter     : JWT filter processing: GET /friends/requests/pending
2026-06-02T09:11:54.161+05:30 DEBUG 4800 --- [user-service] [http-nio-8082-exec-7] c.u.security.JwtAuthenticationFilter     : Authenticated userId=3bb24a6b-fbd9-47a8-8e19-618ceb79f4b8 for /friends/requests/pending
2026-06-02T09:11:54.163+05:30  INFO 4800 --- [user-service] [http-nio-8082-exec-7] c.u.config.RequestLoggingFilter          : ? GET /friends/requests/pending [IP: 0:0:0:0:0:0:0:1]
2026-06-02T09:11:54.172+05:30  INFO 4800 --- [user-service] [http-nio-8082-exec-7] c.u.config.RequestLoggingFilter          : ? GET /friends/requests/pending | status=200 | 9ms
2026-06-02T09:11:54.308+05:30 DEBUG 4800 --- [user-service] [http-nio-8082-exec-10] c.u.security.JwtAuthenticationFilter     : JWT filter processing: GET /friends/requests/pending
2026-06-02T09:11:54.309+05:30  INFO 4800 --- [user-service] [http-nio-8082-exec-3] c.u.config.RequestLoggingFilter          : ? GET /friends/search | status=200 | 588ms
2026-06-02T09:11:54.318+05:30 DEBUG 4800 --- [user-service] [http-nio-8082-exec-10] c.u.security.JwtAuthenticationFilter     : Authenticated userId=9476f8db-3324-489f-b201-7e3ed48c4aea for /friends/requests/pending
2026-06-02T09:11:54.351+05:30  INFO 4800 --- [user-service] [http-nio-8082-exec-10] c.u.config.RequestLoggingFilter          : ? GET /friends/requests/pending [IP: 0:0:0:0:0:0:0:1]
2026-06-02T09:11:54.374+05:30  INFO 4800 --- [user-service] [http-nio-8082-exec-10] c.u.config.RequestLoggingFilter          : ? GET /friends/requests/pending | status=200 | 24ms
2026-06-02T09:11:54.512+05:30  INFO 4800 --- [user-service] [http-nio-8082-exec-8] c.u.config.RequestLoggingFilter          : ? GET /friends/search | status=200 | 595ms
2026-06-02T09:11:54.558+05:30 DEBUG 4800 --- [user-service] [http-nio-8082-exec-5] c.u.security.JwtAuthenticationFilter     : JWT filter processing: GET /friends/search
2026-06-02T09:11:54.564+05:30 DEBUG 4800 --- [user-service] [http-nio-8082-exec-5] c.u.security.JwtAuthenticationFilter     : Authenticated userId=9476f8db-3324-489f-b201-7e3ed48c4aea for /friends/search
2026-06-02T09:11:54.566+05:30  INFO 4800 --- [user-service] [http-nio-8082-exec-5] c.u.config.RequestLoggingFilter          : ? GET /friends/search [IP: 0:0:0:0:0:0:0:1]
2026-06-02T09:11:54.576+05:30  INFO 4800 --- [user-service] [http-nio-8082-exec-4] c.u.config.RequestLoggingFilter          : ? GET /friends/search | status=200 | 986ms
2026-06-02T09:11:54.800+05:30 DEBUG 4800 --- [user-service] [http-nio-8082-exec-2] c.u.security.JwtAuthenticationFilter     : JWT filter processing: GET /friends/requests/pending
2026-06-02T09:11:54.812+05:30 DEBUG 4800 --- [user-service] [http-nio-8082-exec-2] c.u.security.JwtAuthenticationFilter     : Authenticated userId=9476f8db-3324-489f-b201-7e3ed48c4aea for /friends/requests/pending
2026-06-02T09:11:54.857+05:30  INFO 4800 --- [user-service] [http-nio-8082-exec-2] c.u.config.RequestLoggingFilter          : ? GET /friends/requests/pending [IP: 0:0:0:0:0:0:0:1]
2026-06-02T09:11:54.867+05:30  INFO 4800 --- [user-service] [http-nio-8082-exec-2] c.u.config.RequestLoggingFilter          : ? GET /friends/requests/pending | status=200 | 10ms
2026-06-02T09:11:55.034+05:30 DEBUG 4800 --- [user-service] [http-nio-8082-exec-9] c.u.security.JwtAuthenticationFilter     : JWT filter processing: GET /friends/search
2026-06-02T09:11:55.034+05:30 DEBUG 4800 --- [user-service] [http-nio-8082-exec-6] c.u.security.JwtAuthenticationFilter     : JWT filter processing: GET /friends/search
2026-06-02T09:11:55.066+05:30 DEBUG 4800 --- [user-service] [http-nio-8082-exec-6] c.u.security.JwtAuthenticationFilter     : Authenticated userId=3bb24a6b-fbd9-47a8-8e19-618ceb79f4b8 for /friends/search
2026-06-02T09:11:55.066+05:30 DEBUG 4800 --- [user-service] [http-nio-8082-exec-9] c.u.security.JwtAuthenticationFilter     : Authenticated userId=51d34d5a-40d5-4218-8ae6-d57cebe953bf for /friends/search
2026-06-02T09:11:55.102+05:30  INFO 4800 --- [user-service] [http-nio-8082-exec-6] c.u.config.RequestLoggingFilter          : ? GET /friends/search [IP: 0:0:0:0:0:0:0:1]
2026-06-02T09:11:55.108+05:30  INFO 4800 --- [user-service] [http-nio-8082-exec-9] c.u.config.RequestLoggingFilter          : ? GET /friends/search [IP: 0:0:0:0:0:0:0:1]
2026-06-02T09:11:55.877+05:30  INFO 4800 --- [user-service] [http-nio-8082-exec-6] c.u.config.RequestLoggingFilter          : ? GET /friends/search | status=200 | 775ms
2026-06-02T09:11:55.936+05:30  INFO 4800 --- [user-service] [http-nio-8082-exec-5] c.u.config.RequestLoggingFilter          : ? GET /friends/search | status=200 | 1370ms
2026-06-02T09:11:55.994+05:30  INFO 4800 --- [user-service] [http-nio-8082-exec-9] c.u.config.RequestLoggingFilter          : ? GET /friends/search | status=200 | 886ms
2026-06-02T09:11:56.370+05:30 DEBUG 4800 --- [user-service] [http-nio-8082-exec-1] c.u.security.JwtAuthenticationFilter     : JWT filter processing: GET /friends/search
2026-06-02T09:11:56.401+05:30 DEBUG 4800 --- [user-service] [http-nio-8082-exec-1] c.u.security.JwtAuthenticationFilter     : Authenticated userId=9476f8db-3324-489f-b201-7e3ed48c4aea for /friends/search
2026-06-02T09:11:56.404+05:30  INFO 4800 --- [user-service] [http-nio-8082-exec-1] c.u.config.RequestLoggingFilter          : ? GET /friends/search [IP: 0:0:0:0:0:0:0:1]
2026-06-02T09:11:56.658+05:30  INFO 4800 --- [user-service] [http-nio-8082-exec-1] c.u.config.RequestLoggingFilter          : ? GET /friends/search | status=200 | 254ms
2026-06-02T09:12:12.453+05:30 DEBUG 4800 --- [user-service] [http-nio-8082-exec-7] c.u.security.JwtAuthenticationFilter     : JWT filter processing: GET /friends/search-by-phone
2026-06-02T09:12:12.456+05:30 DEBUG 4800 --- [user-service] [http-nio-8082-exec-7] c.u.security.JwtAuthenticationFilter     : Authenticated userId=49659a76-f186-415b-9088-7ad17a576c90 for /friends/search-by-phone
2026-06-02T09:12:12.457+05:30  INFO 4800 --- [user-service] [http-nio-8082-exec-7] c.u.config.RequestLoggingFilter          : ? GET /friends/search-by-phone [IP: 0:0:0:0:0:0:0:1]
2026-06-02T09:12:12.465+05:30 ERROR 4800 --- [user-service] [http-nio-8082-exec-7] c.u.exception.GlobalExceptionHandler     : Unhandled error at /friends/search-by-phone: Not enough variable values available to expand ' Client '
2026-06-02T09:12:12.485+05:30  INFO 4800 --- [user-service] [http-nio-8082-exec-7] c.u.config.RequestLoggingFilter          : ? GET /friends/search-by-phone | status=500 | 28ms
2026-06-02T09:12:22.917+05:30 DEBUG 4800 --- [user-service] [http-nio-8082-exec-3] c.u.security.JwtAuthenticationFilter     : JWT filter processing: GET /friends/requests/pending
2026-06-02T09:12:22.920+05:30 DEBUG 4800 --- [user-service] [http-nio-8082-exec-3] c.u.security.JwtAuthenticationFilter     : Authenticated userId=49659a76-f186-415b-9088-7ad17a576c90 for /friends/requests/pending
2026-06-02T09:12:22.921+05:30  INFO 4800 --- [user-service] [http-nio-8082-exec-3] c.u.config.RequestLoggingFilter          : ? GET /friends/requests/pending [IP: 0:0:0:0:0:0:0:1]
2026-06-02T09:12:22.924+05:30  INFO 4800 --- [user-service] [http-nio-8082-exec-3] c.u.config.RequestLoggingFilter          : ? GET /friends/requests/pending | status=200 | 3ms
2026-06-02T09:12:23.041+05:30 DEBUG 4800 --- [user-service] [http-nio-8082-exec-10] c.u.security.JwtAuthenticationFilter     : JWT filter processing: GET /friends/requests/pending
2026-06-02T09:12:23.053+05:30 DEBUG 4800 --- [user-service] [http-nio-8082-exec-10] c.u.security.JwtAuthenticationFilter     : Authenticated userId=51d34d5a-40d5-4218-8ae6-d57cebe953bf for /friends/requests/pending
2026-06-02T09:12:23.054+05:30  INFO 4800 --- [user-service] [http-nio-8082-exec-10] c.u.config.RequestLoggingFilter          : ? GET /friends/requests/pending [IP: 0:0:0:0:0:0:0:1]
2026-06-02T09:12:23.062+05:30  INFO 4800 --- [user-service] [http-nio-8082-exec-10] c.u.config.RequestLoggingFilter          : ? GET /friends/requests/pending | status=200 | 8ms
2026-06-02T09:12:23.888+05:30 DEBUG 4800 --- [user-service] [http-nio-8082-exec-8] c.u.security.JwtAuthenticationFilter     : JWT filter processing: GET /friends/requests/pending
2026-06-02T09:12:23.891+05:30 DEBUG 4800 --- [user-service] [http-nio-8082-exec-4] c.u.security.JwtAuthenticationFilter     : JWT filter processing: GET /friends/requests/pending
2026-06-02T09:12:23.891+05:30 DEBUG 4800 --- [user-service] [http-nio-8082-exec-8] c.u.security.JwtAuthenticationFilter     : Authenticated userId=9476f8db-3324-489f-b201-7e3ed48c4aea for /friends/requests/pending
2026-06-02T09:12:23.893+05:30  INFO 4800 --- [user-service] [http-nio-8082-exec-8] c.u.config.RequestLoggingFilter          : ? GET /friends/requests/pending [IP: 0:0:0:0:0:0:0:1]
2026-06-02T09:12:23.896+05:30 DEBUG 4800 --- [user-service] [http-nio-8082-exec-4] c.u.security.JwtAuthenticationFilter     : Authenticated userId=3bb24a6b-fbd9-47a8-8e19-618ceb79f4b8 for /friends/requests/pending
2026-06-02T09:12:23.897+05:30  INFO 4800 --- [user-service] [http-nio-8082-exec-4] c.u.config.RequestLoggingFilter          : ? GET /friends/requests/pending [IP: 0:0:0:0:0:0:0:1]
2026-06-02T09:12:23.897+05:30  INFO 4800 --- [user-service] [http-nio-8082-exec-8] c.u.config.RequestLoggingFilter          : ? GET /friends/requests/pending | status=200 | 4ms
2026-06-02T09:12:23.901+05:30  INFO 4800 --- [user-service] [http-nio-8082-exec-4] c.u.config.RequestLoggingFilter          : ? GET /friends/requests/pending | status=200 | 4ms
2026-06-02T09:12:24.175+05:30 DEBUG 4800 --- [user-service] [http-nio-8082-exec-2] c.u.security.JwtAuthenticationFilter     : JWT filter processing: GET /friends/search-by-phone
2026-06-02T09:12:24.178+05:30 DEBUG 4800 --- [user-service] [http-nio-8082-exec-2] c.u.security.JwtAuthenticationFilter     : Authenticated userId=49659a76-f186-415b-9088-7ad17a576c90 for /friends/search-by-phone
2026-06-02T09:12:24.179+05:30  INFO 4800 --- [user-service] [http-nio-8082-exec-2] c.u.config.RequestLoggingFilter          : ? GET /friends/search-by-phone [IP: 0:0:0:0:0:0:0:1]
2026-06-02T09:12:24.201+05:30  INFO 4800 --- [user-service] [http-nio-8082-exec-2] c.u.config.RequestLoggingFilter          : ? GET /friends/search-by-phone | status=200 | 22ms
2026-06-02T09:12:25.320+05:30 DEBUG 4800 --- [user-service] [http-nio-8082-exec-6] c.u.security.JwtAuthenticationFilter     : JWT filter processing: POST /friends/add-direct
2026-06-02T09:12:25.324+05:30 DEBUG 4800 --- [user-service] [http-nio-8082-exec-6] c.u.security.JwtAuthenticationFilter     : Authenticated userId=49659a76-f186-415b-9088-7ad17a576c90 for /friends/add-direct
2026-06-02T09:12:25.324+05:30  INFO 4800 --- [user-service] [http-nio-8082-exec-6] c.u.config.RequestLoggingFilter          : ? POST /friends/add-direct [IP: 0:0:0:0:0:0:0:1]
2026-06-02T09:12:25.366+05:30  INFO 4800 --- [user-service] [http-nio-8082-exec-6] c.u.config.RequestLoggingFilter          : ? POST /friends/add-direct | status=200 | 42ms
2026-06-02T09:12:25.408+05:30 DEBUG 4800 --- [user-service] [http-nio-8082-exec-5] c.u.security.JwtAuthenticationFilter     : JWT filter processing: GET /friends/search
2026-06-02T09:12:25.414+05:30 DEBUG 4800 --- [user-service] [http-nio-8082-exec-5] c.u.security.JwtAuthenticationFilter     : Authenticated userId=49659a76-f186-415b-9088-7ad17a576c90 for /friends/search
2026-06-02T09:12:25.415+05:30  INFO 4800 --- [user-service] [http-nio-8082-exec-5] c.u.config.RequestLoggingFilter          : ? GET /friends/search [IP: 0:0:0:0:0:0:0:1]
2026-06-02T09:12:25.537+05:30  INFO 4800 --- [user-service] [http-nio-8082-exec-5] c.u.config.RequestLoggingFilter          : ? GET /friends/search | status=200 | 122ms
2026-06-02T09:12:33.652+05:30 DEBUG 4800 --- [user-service] [http-nio-8082-exec-9] c.u.security.JwtAuthenticationFilter     : JWT filter processing: GET /friends/search
2026-06-02T09:12:33.663+05:30 DEBUG 4800 --- [user-service] [http-nio-8082-exec-1] c.u.security.JwtAuthenticationFilter     : JWT filter processing: GET /friends/requests/pending
2026-06-02T09:12:33.671+05:30 DEBUG 4800 --- [user-service] [http-nio-8082-exec-9] c.u.security.JwtAuthenticationFilter     : Authenticated userId=49659a76-f186-415b-9088-7ad17a576c90 for /friends/search
2026-06-02T09:12:33.673+05:30 DEBUG 4800 --- [user-service] [http-nio-8082-exec-1] c.u.security.JwtAuthenticationFilter     : Authenticated userId=49659a76-f186-415b-9088-7ad17a576c90 for /friends/requests/pending
2026-06-02T09:12:33.677+05:30  INFO 4800 --- [user-service] [http-nio-8082-exec-9] c.u.config.RequestLoggingFilter          : ? GET /friends/search [IP: 0:0:0:0:0:0:0:1]
2026-06-02T09:12:33.677+05:30  INFO 4800 --- [user-service] [http-nio-8082-exec-1] c.u.config.RequestLoggingFilter          : ? GET /friends/requests/pending [IP: 0:0:0:0:0:0:0:1]
2026-06-02T09:12:33.682+05:30  INFO 4800 --- [user-service] [http-nio-8082-exec-1] c.u.config.RequestLoggingFilter          : ? GET /friends/requests/pending | status=200 | 5ms
2026-06-02T09:12:33.735+05:30 DEBUG 4800 --- [user-service] [http-nio-8082-exec-7] c.u.security.JwtAuthenticationFilter     : JWT filter processing: GET /friends/requests/pending
2026-06-02T09:12:33.758+05:30 DEBUG 4800 --- [user-service] [http-nio-8082-exec-7] c.u.security.JwtAuthenticationFilter     : Authenticated userId=49659a76-f186-415b-9088-7ad17a576c90 for /friends/requests/pending
2026-06-02T09:12:33.796+05:30  INFO 4800 --- [user-service] [http-nio-8082-exec-7] c.u.config.RequestLoggingFilter          : ? GET /friends/requests/pending [IP: 0:0:0:0:0:0:0:1]
2026-06-02T09:12:33.821+05:30  INFO 4800 --- [user-service] [http-nio-8082-exec-7] c.u.config.RequestLoggingFilter          : ? GET /friends/requests/pending | status=200 | 25ms
2026-06-02T09:12:33.828+05:30  INFO 4800 --- [user-service] [http-nio-8082-exec-9] c.u.config.RequestLoggingFilter          : ? GET /friends/search | status=200 | 151ms
2026-06-02T09:12:33.875+05:30 DEBUG 4800 --- [user-service] [http-nio-8082-exec-3] c.u.security.JwtAuthenticationFilter     : JWT filter processing: GET /friends/search
2026-06-02T09:12:33.896+05:30 DEBUG 4800 --- [user-service] [http-nio-8082-exec-3] c.u.security.JwtAuthenticationFilter     : Authenticated userId=49659a76-f186-415b-9088-7ad17a576c90 for /friends/search
2026-06-02T09:12:33.936+05:30  INFO 4800 --- [user-service] [http-nio-8082-exec-3] c.u.config.RequestLoggingFilter          : ? GET /friends/search [IP: 0:0:0:0:0:0:0:1]
2026-06-02T09:12:34.290+05:30  INFO 4800 --- [user-service] [http-nio-8082-exec-3] c.u.config.RequestLoggingFilter          : ? GET /friends/search | status=200 | 354ms
2026-06-02T09:12:53.882+05:30 DEBUG 4800 --- [user-service] [http-nio-8082-exec-10] c.u.security.JwtAuthenticationFilter     : JWT filter processing: GET /friends/requests/pending
2026-06-02T09:12:53.891+05:30 DEBUG 4800 --- [user-service] [http-nio-8082-exec-10] c.u.security.JwtAuthenticationFilter     : Authenticated userId=51d34d5a-40d5-4218-8ae6-d57cebe953bf for /friends/requests/pending
2026-06-02T09:12:53.892+05:30  INFO 4800 --- [user-service] [http-nio-8082-exec-10] c.u.config.RequestLoggingFilter          : ? GET /friends/requests/pending [IP: 0:0:0:0:0:0:0:1]
2026-06-02T09:12:53.892+05:30 DEBUG 4800 --- [user-service] [http-nio-8082-exec-8] c.u.security.JwtAuthenticationFilter     : JWT filter processing: GET /friends/requests/pending
2026-06-02T09:12:53.897+05:30  INFO 4800 --- [user-service] [http-nio-8082-exec-10] c.u.config.RequestLoggingFilter          : ? GET /friends/requests/pending | status=200 | 5ms
2026-06-02T09:12:53.898+05:30 DEBUG 4800 --- [user-service] [http-nio-8082-exec-4] c.u.security.JwtAuthenticationFilter     : JWT filter processing: GET /friends/requests/pending
2026-06-02T09:12:53.899+05:30 DEBUG 4800 --- [user-service] [http-nio-8082-exec-8] c.u.security.JwtAuthenticationFilter     : Authenticated userId=3bb24a6b-fbd9-47a8-8e19-618ceb79f4b8 for /friends/requests/pending
2026-06-02T09:12:53.901+05:30  INFO 4800 --- [user-service] [http-nio-8082-exec-8] c.u.config.RequestLoggingFilter          : ? GET /friends/requests/pending [IP: 0:0:0:0:0:0:0:1]
2026-06-02T09:12:53.905+05:30 DEBUG 4800 --- [user-service] [http-nio-8082-exec-4] c.u.security.JwtAuthenticationFilter     : Authenticated userId=9476f8db-3324-489f-b201-7e3ed48c4aea for /friends/requests/pending
2026-06-02T09:12:53.906+05:30  INFO 4800 --- [user-service] [http-nio-8082-exec-4] c.u.config.RequestLoggingFilter          : ? GET /friends/requests/pending [IP: 0:0:0:0:0:0:0:1]
2026-06-02T09:12:53.908+05:30  INFO 4800 --- [user-service] [http-nio-8082-exec-8] c.u.config.RequestLoggingFilter          : ? GET /friends/requests/pending | status=200 | 8ms
2026-06-02T09:12:53.912+05:30  INFO 4800 --- [user-service] [http-nio-8082-exec-4] c.u.config.RequestLoggingFilter          : ? GET /friends/requests/pending | status=200 | 6ms
2026-06-02T09:13:03.875+05:30 DEBUG 4800 --- [user-service] [http-nio-8082-exec-2] c.u.security.JwtAuthenticationFilter     : JWT filter processing: GET /friends/requests/pending
2026-06-02T09:13:03.878+05:30 DEBUG 4800 --- [user-service] [http-nio-8082-exec-2] c.u.security.JwtAuthenticationFilter     : Authenticated userId=49659a76-f186-415b-9088-7ad17a576c90 for /friends/requests/pending
2026-06-02T09:13:03.878+05:30  INFO 4800 --- [user-service] [http-nio-8082-exec-2] c.u.config.RequestLoggingFilter          : ? GET /friends/requests/pending [IP: 0:0:0:0:0:0:0:1]
2026-06-02T09:13:03.882+05:30  INFO 4800 --- [user-service] [http-nio-8082-exec-2] c.u.config.RequestLoggingFilter          : ? GET /friends/requests/pending | status=200 | 4ms
2026-06-02T09:13:16.336+05:30 DEBUG 4800 --- [user-service] [http-nio-8082-exec-6] c.u.security.JwtAuthenticationFilter     : JWT filter processing: GET /friends/search
2026-06-02T09:13:16.342+05:30 DEBUG 4800 --- [user-service] [http-nio-8082-exec-6] c.u.security.JwtAuthenticationFilter     : Authenticated userId=3bb24a6b-fbd9-47a8-8e19-618ceb79f4b8 for /friends/search
2026-06-02T09:13:16.342+05:30  INFO 4800 --- [user-service] [http-nio-8082-exec-6] c.u.config.RequestLoggingFilter          : ? GET /friends/search [IP: 0:0:0:0:0:0:0:1]
2026-06-02T09:13:16.350+05:30 DEBUG 4800 --- [user-service] [http-nio-8082-exec-5] c.u.security.JwtAuthenticationFilter     : JWT filter processing: GET /friends/requests/pending
2026-06-02T09:13:16.361+05:30 DEBUG 4800 --- [user-service] [http-nio-8082-exec-5] c.u.security.JwtAuthenticationFilter     : Authenticated userId=49659a76-f186-415b-9088-7ad17a576c90 for /friends/requests/pending
2026-06-02T09:13:16.362+05:30  INFO 4800 --- [user-service] [http-nio-8082-exec-5] c.u.config.RequestLoggingFilter          : ? GET /friends/requests/pending [IP: 0:0:0:0:0:0:0:1]
2026-06-02T09:13:16.370+05:30  INFO 4800 --- [user-service] [http-nio-8082-exec-5] c.u.config.RequestLoggingFilter          : ? GET /friends/requests/pending | status=200 | 7ms
2026-06-02T09:13:16.383+05:30 DEBUG 4800 --- [user-service] [http-nio-8082-exec-1] c.u.security.JwtAuthenticationFilter     : JWT filter processing: GET /friends/requests/pending
2026-06-02T09:13:16.392+05:30 DEBUG 4800 --- [user-service] [http-nio-8082-exec-1] c.u.security.JwtAuthenticationFilter     : Authenticated userId=3bb24a6b-fbd9-47a8-8e19-618ceb79f4b8 for /friends/requests/pending
2026-06-02T09:13:16.405+05:30  INFO 4800 --- [user-service] [http-nio-8082-exec-1] c.u.config.RequestLoggingFilter          : ? GET /friends/requests/pending [IP: 0:0:0:0:0:0:0:1]
2026-06-02T09:13:16.474+05:30  INFO 4800 --- [user-service] [http-nio-8082-exec-1] c.u.config.RequestLoggingFilter          : ? GET /friends/requests/pending | status=200 | 68ms
2026-06-02T09:13:16.475+05:30 DEBUG 4800 --- [user-service] [http-nio-8082-exec-7] c.u.security.JwtAuthenticationFilter     : JWT filter processing: GET /friends/search
2026-06-02T09:13:16.497+05:30 DEBUG 4800 --- [user-service] [http-nio-8082-exec-9] c.u.security.JwtAuthenticationFilter     : JWT filter processing: GET /friends/requests/pending
2026-06-02T09:13:16.730+05:30 DEBUG 4800 --- [user-service] [http-nio-8082-exec-7] c.u.security.JwtAuthenticationFilter     : Authenticated userId=51d34d5a-40d5-4218-8ae6-d57cebe953bf for /friends/search
2026-06-02T09:13:16.730+05:30 DEBUG 4800 --- [user-service] [http-nio-8082-exec-9] c.u.security.JwtAuthenticationFilter     : Authenticated userId=51d34d5a-40d5-4218-8ae6-d57cebe953bf for /friends/requests/pending
2026-06-02T09:13:16.736+05:30  INFO 4800 --- [user-service] [http-nio-8082-exec-9] c.u.config.RequestLoggingFilter          : ? GET /friends/requests/pending [IP: 0:0:0:0:0:0:0:1]
2026-06-02T09:13:16.730+05:30  INFO 4800 --- [user-service] [http-nio-8082-exec-7] c.u.config.RequestLoggingFilter          : ? GET /friends/search [IP: 0:0:0:0:0:0:0:1]
2026-06-02T09:13:16.747+05:30  INFO 4800 --- [user-service] [http-nio-8082-exec-9] c.u.config.RequestLoggingFilter          : ? GET /friends/requests/pending | status=200 | 11ms
2026-06-02T09:13:16.771+05:30 DEBUG 4800 --- [user-service] [http-nio-8082-exec-3] c.u.security.JwtAuthenticationFilter     : JWT filter processing: GET /friends/search
2026-06-02T09:13:16.781+05:30 DEBUG 4800 --- [user-service] [http-nio-8082-exec-3] c.u.security.JwtAuthenticationFilter     : Authenticated userId=49659a76-f186-415b-9088-7ad17a576c90 for /friends/search
2026-06-02T09:13:16.784+05:30  INFO 4800 --- [user-service] [http-nio-8082-exec-3] c.u.config.RequestLoggingFilter          : ? GET /friends/search [IP: 0:0:0:0:0:0:0:1]
2026-06-02T09:13:17.198+05:30 DEBUG 4800 --- [user-service] [http-nio-8082-exec-10] c.u.security.JwtAuthenticationFilter     : JWT filter processing: GET /friends/requests/pending
2026-06-02T09:13:17.206+05:30 DEBUG 4800 --- [user-service] [http-nio-8082-exec-10] c.u.security.JwtAuthenticationFilter     : Authenticated userId=49659a76-f186-415b-9088-7ad17a576c90 for /friends/requests/pending
2026-06-02T09:13:17.212+05:30  INFO 4800 --- [user-service] [http-nio-8082-exec-10] c.u.config.RequestLoggingFilter          : ? GET /friends/requests/pending [IP: 0:0:0:0:0:0:0:1]
2026-06-02T09:13:17.224+05:30  INFO 4800 --- [user-service] [http-nio-8082-exec-10] c.u.config.RequestLoggingFilter          : ? GET /friends/requests/pending | status=200 | 13ms
2026-06-02T09:13:17.226+05:30 DEBUG 4800 --- [user-service] [http-nio-8082-exec-8] c.u.security.JwtAuthenticationFilter     : JWT filter processing: GET /friends/requests/pending
2026-06-02T09:13:17.276+05:30 DEBUG 4800 --- [user-service] [http-nio-8082-exec-8] c.u.security.JwtAuthenticationFilter     : Authenticated userId=3bb24a6b-fbd9-47a8-8e19-618ceb79f4b8 for /friends/requests/pending
2026-06-02T09:13:17.282+05:30  INFO 4800 --- [user-service] [http-nio-8082-exec-8] c.u.config.RequestLoggingFilter          : ? GET /friends/requests/pending [IP: 0:0:0:0:0:0:0:1]
2026-06-02T09:13:17.294+05:30  INFO 4800 --- [user-service] [http-nio-8082-exec-8] c.u.config.RequestLoggingFilter          : ? GET /friends/requests/pending | status=200 | 12ms
2026-06-02T09:13:17.432+05:30 DEBUG 4800 --- [user-service] [http-nio-8082-exec-4] c.u.security.JwtAuthenticationFilter     : JWT filter processing: GET /friends/requests/pending
2026-06-02T09:13:17.439+05:30 DEBUG 4800 --- [user-service] [http-nio-8082-exec-4] c.u.security.JwtAuthenticationFilter     : Authenticated userId=51d34d5a-40d5-4218-8ae6-d57cebe953bf for /friends/requests/pending
2026-06-02T09:13:17.443+05:30  INFO 4800 --- [user-service] [http-nio-8082-exec-4] c.u.config.RequestLoggingFilter          : ? GET /friends/requests/pending [IP: 0:0:0:0:0:0:0:1]
2026-06-02T09:13:17.449+05:30  INFO 4800 --- [user-service] [http-nio-8082-exec-4] c.u.config.RequestLoggingFilter          : ? GET /friends/requests/pending | status=200 | 6ms
2026-06-02T09:13:17.489+05:30  INFO 4800 --- [user-service] [http-nio-8082-exec-6] c.u.config.RequestLoggingFilter          : ? GET /friends/search | status=200 | 1146ms
2026-06-02T09:13:17.572+05:30  INFO 4800 --- [user-service] [http-nio-8082-exec-3] c.u.config.RequestLoggingFilter          : ? GET /friends/search | status=200 | 788ms
2026-06-02T09:13:17.637+05:30 DEBUG 4800 --- [user-service] [http-nio-8082-exec-2] c.u.security.JwtAuthenticationFilter     : JWT filter processing: GET /friends/search
2026-06-02T09:13:17.648+05:30  INFO 4800 --- [user-service] [http-nio-8082-exec-7] c.u.config.RequestLoggingFilter          : ? GET /friends/search | status=200 | 918ms
2026-06-02T09:13:17.652+05:30 DEBUG 4800 --- [user-service] [http-nio-8082-exec-2] c.u.security.JwtAuthenticationFilter     : Authenticated userId=3bb24a6b-fbd9-47a8-8e19-618ceb79f4b8 for /friends/search
2026-06-02T09:13:17.692+05:30  INFO 4800 --- [user-service] [http-nio-8082-exec-2] c.u.config.RequestLoggingFilter          : ? GET /friends/search [IP: 0:0:0:0:0:0:0:1]
2026-06-02T09:13:18.024+05:30 DEBUG 4800 --- [user-service] [http-nio-8082-exec-5] c.u.security.JwtAuthenticationFilter     : JWT filter processing: GET /friends/search
2026-06-02T09:13:18.034+05:30 DEBUG 4800 --- [user-service] [http-nio-8082-exec-5] c.u.security.JwtAuthenticationFilter     : Authenticated userId=49659a76-f186-415b-9088-7ad17a576c90 for /friends/search
2026-06-02T09:13:18.035+05:30  INFO 4800 --- [user-service] [http-nio-8082-exec-5] c.u.config.RequestLoggingFilter          : ? GET /friends/search [IP: 0:0:0:0:0:0:0:1]
2026-06-02T09:13:18.056+05:30 DEBUG 4800 --- [user-service] [http-nio-8082-exec-1] c.u.security.JwtAuthenticationFilter     : JWT filter processing: GET /friends/search
2026-06-02T09:13:18.089+05:30  INFO 4800 --- [user-service] [http-nio-8082-exec-2] c.u.config.RequestLoggingFilter          : ? GET /friends/search | status=200 | 398ms
2026-06-02T09:13:18.123+05:30  INFO 4800 --- [user-service] [http-nio-8082-exec-5] c.u.config.RequestLoggingFilter          : ? GET /friends/search | status=200 | 88ms
2026-06-02T09:13:18.134+05:30 DEBUG 4800 --- [user-service] [http-nio-8082-exec-1] c.u.security.JwtAuthenticationFilter     : Authenticated userId=51d34d5a-40d5-4218-8ae6-d57cebe953bf for /friends/search
2026-06-02T09:13:18.161+05:30  INFO 4800 --- [user-service] [http-nio-8082-exec-1] c.u.config.RequestLoggingFilter          : ? GET /friends/search [IP: 0:0:0:0:0:0:0:1]
2026-06-02T09:13:18.385+05:30 DEBUG 4800 --- [user-service] [http-nio-8082-exec-9] c.u.security.JwtAuthenticationFilter     : JWT filter processing: GET /friends/search
2026-06-02T09:13:18.403+05:30 DEBUG 4800 --- [user-service] [http-nio-8082-exec-9] c.u.security.JwtAuthenticationFilter     : Authenticated userId=9476f8db-3324-489f-b201-7e3ed48c4aea for /friends/search
2026-06-02T09:13:18.449+05:30  INFO 4800 --- [user-service] [http-nio-8082-exec-9] c.u.config.RequestLoggingFilter          : ? GET /friends/search [IP: 0:0:0:0:0:0:0:1]
2026-06-02T09:13:18.443+05:30 DEBUG 4800 --- [user-service] [http-nio-8082-exec-10] c.u.security.JwtAuthenticationFilter     : JWT filter processing: GET /friends/requests/pending
2026-06-02T09:13:18.534+05:30 DEBUG 4800 --- [user-service] [http-nio-8082-exec-10] c.u.security.JwtAuthenticationFilter     : Authenticated userId=9476f8db-3324-489f-b201-7e3ed48c4aea for /friends/requests/pending
2026-06-02T09:13:18.544+05:30  INFO 4800 --- [user-service] [http-nio-8082-exec-1] c.u.config.RequestLoggingFilter          : ? GET /friends/search | status=200 | 383ms
2026-06-02T09:13:18.548+05:30  INFO 4800 --- [user-service] [http-nio-8082-exec-10] c.u.config.RequestLoggingFilter          : ? GET /friends/requests/pending [IP: 0:0:0:0:0:0:0:1]
2026-06-02T09:13:18.606+05:30  INFO 4800 --- [user-service] [http-nio-8082-exec-10] c.u.config.RequestLoggingFilter          : ? GET /friends/requests/pending | status=200 | 58ms
2026-06-02T09:13:18.788+05:30 DEBUG 4800 --- [user-service] [http-nio-8082-exec-8] c.u.security.JwtAuthenticationFilter     : JWT filter processing: GET /friends/requests/pending
2026-06-02T09:13:18.810+05:30 DEBUG 4800 --- [user-service] [http-nio-8082-exec-8] c.u.security.JwtAuthenticationFilter     : Authenticated userId=9476f8db-3324-489f-b201-7e3ed48c4aea for /friends/requests/pending
2026-06-02T09:13:18.818+05:30  INFO 4800 --- [user-service] [http-nio-8082-exec-8] c.u.config.RequestLoggingFilter          : ? GET /friends/requests/pending [IP: 0:0:0:0:0:0:0:1]
2026-06-02T09:13:18.824+05:30  INFO 4800 --- [user-service] [http-nio-8082-exec-8] c.u.config.RequestLoggingFilter          : ? GET /friends/requests/pending | status=200 | 6ms
2026-06-02T09:13:18.845+05:30  INFO 4800 --- [user-service] [http-nio-8082-exec-9] c.u.config.RequestLoggingFilter          : ? GET /friends/search | status=200 | 396ms
2026-06-02T09:13:19.093+05:30 DEBUG 4800 --- [user-service] [http-nio-8082-exec-4] c.u.security.JwtAuthenticationFilter     : JWT filter processing: GET /friends/search
2026-06-02T09:13:19.100+05:30 DEBUG 4800 --- [user-service] [http-nio-8082-exec-4] c.u.security.JwtAuthenticationFilter     : Authenticated userId=9476f8db-3324-489f-b201-7e3ed48c4aea for /friends/search
2026-06-02T09:13:19.101+05:30  INFO 4800 --- [user-service] [http-nio-8082-exec-4] c.u.config.RequestLoggingFilter          : ? GET /friends/search [IP: 0:0:0:0:0:0:0:1]
2026-06-02T09:13:19.462+05:30  INFO 4800 --- [user-service] [http-nio-8082-exec-4] c.u.config.RequestLoggingFilter          : ? GET /friends/search | status=200 | 361ms
2026-06-02T09:13:46.904+05:30 DEBUG 4800 --- [user-service] [http-nio-8082-exec-6] c.u.security.JwtAuthenticationFilter     : JWT filter processing: GET /friends/requests/pending
2026-06-02T09:13:46.907+05:30 DEBUG 4800 --- [user-service] [http-nio-8082-exec-3] c.u.security.JwtAuthenticationFilter     : JWT filter processing: GET /friends/requests/pending
2026-06-02T09:13:46.910+05:30 DEBUG 4800 --- [user-service] [http-nio-8082-exec-6] c.u.security.JwtAuthenticationFilter     : Authenticated userId=3bb24a6b-fbd9-47a8-8e19-618ceb79f4b8 for /friends/requests/pending
2026-06-02T09:13:46.913+05:30  INFO 4800 --- [user-service] [http-nio-8082-exec-6] c.u.config.RequestLoggingFilter          : ? GET /friends/requests/pending [IP: 0:0:0:0:0:0:0:1]
2026-06-02T09:13:46.916+05:30 DEBUG 4800 --- [user-service] [http-nio-8082-exec-7] c.u.security.JwtAuthenticationFilter     : JWT filter processing: GET /friends/requests/pending
2026-06-02T09:13:46.916+05:30 DEBUG 4800 --- [user-service] [http-nio-8082-exec-3] c.u.security.JwtAuthenticationFilter     : Authenticated userId=49659a76-f186-415b-9088-7ad17a576c90 for /friends/requests/pending
2026-06-02T09:13:46.922+05:30  INFO 4800 --- [user-service] [http-nio-8082-exec-6] c.u.config.RequestLoggingFilter          : ? GET /friends/requests/pending | status=200 | 8ms
2026-06-02T09:13:46.924+05:30 DEBUG 4800 --- [user-service] [http-nio-8082-exec-7] c.u.security.JwtAuthenticationFilter     : Authenticated userId=51d34d5a-40d5-4218-8ae6-d57cebe953bf for /friends/requests/pending
2026-06-02T09:13:46.925+05:30  INFO 4800 --- [user-service] [http-nio-8082-exec-3] c.u.config.RequestLoggingFilter          : ? GET /friends/requests/pending [IP: 0:0:0:0:0:0:0:1]
2026-06-02T09:13:46.927+05:30  INFO 4800 --- [user-service] [http-nio-8082-exec-7] c.u.config.RequestLoggingFilter          : ? GET /friends/requests/pending [IP: 0:0:0:0:0:0:0:1]
2026-06-02T09:13:46.939+05:30  INFO 4800 --- [user-service] [http-nio-8082-exec-3] c.u.config.RequestLoggingFilter          : ? GET /friends/requests/pending | status=200 | 14ms
2026-06-02T09:13:46.943+05:30  INFO 4800 --- [user-service] [http-nio-8082-exec-7] c.u.config.RequestLoggingFilter          : ? GET /friends/requests/pending | status=200 | 16ms
2026-06-02T09:13:47.912+05:30 DEBUG 4800 --- [user-service] [http-nio-8082-exec-2] c.u.security.JwtAuthenticationFilter     : JWT filter processing: GET /friends/requests/pending
2026-06-02T09:13:47.924+05:30 DEBUG 4800 --- [user-service] [http-nio-8082-exec-2] c.u.security.JwtAuthenticationFilter     : Authenticated userId=9476f8db-3324-489f-b201-7e3ed48c4aea for /friends/requests/pending
2026-06-02T09:13:47.927+05:30  INFO 4800 --- [user-service] [http-nio-8082-exec-2] c.u.config.RequestLoggingFilter          : ? GET /friends/requests/pending [IP: 0:0:0:0:0:0:0:1]
2026-06-02T09:13:47.937+05:30  INFO 4800 --- [user-service] [http-nio-8082-exec-2] c.u.config.RequestLoggingFilter          : ? GET /friends/requests/pending | status=200 | 10ms
2026-06-02T09:14:15.933+05:30 DEBUG 4800 --- [user-service] [http-nio-8082-exec-5] c.u.security.JwtAuthenticationFilter     : JWT filter processing: GET /friends/requests/pending
2026-06-02T09:14:15.936+05:30 DEBUG 4800 --- [user-service] [http-nio-8082-exec-5] c.u.security.JwtAuthenticationFilter     : Authenticated userId=3bb24a6b-fbd9-47a8-8e19-618ceb79f4b8 for /friends/requests/pending
2026-06-02T09:14:15.938+05:30  INFO 4800 --- [user-service] [http-nio-8082-exec-5] c.u.config.RequestLoggingFilter          : ? GET /friends/requests/pending [IP: 0:0:0:0:0:0:0:1]
2026-06-02T09:14:15.942+05:30  INFO 4800 --- [user-service] [http-nio-8082-exec-5] c.u.config.RequestLoggingFilter          : ? GET /friends/requests/pending | status=200 | 4ms
2026-06-02T09:14:16.133+05:30 DEBUG 4800 --- [user-service] [http-nio-8082-exec-1] c.u.security.JwtAuthenticationFilter     : JWT filter processing: GET /friends/requests/pending
2026-06-02T09:14:16.140+05:30 DEBUG 4800 --- [user-service] [http-nio-8082-exec-1] c.u.security.JwtAuthenticationFilter     : Authenticated userId=51d34d5a-40d5-4218-8ae6-d57cebe953bf for /friends/requests/pending
2026-06-02T09:14:16.141+05:30  INFO 4800 --- [user-service] [http-nio-8082-exec-1] c.u.config.RequestLoggingFilter          : ? GET /friends/requests/pending [IP: 0:0:0:0:0:0:0:1]
2026-06-02T09:14:16.144+05:30  INFO 4800 --- [user-service] [http-nio-8082-exec-1] c.u.config.RequestLoggingFilter          : ? GET /friends/requests/pending | status=200 | 3ms
2026-06-02T09:14:16.877+05:30 DEBUG 4800 --- [user-service] [http-nio-8082-exec-10] c.u.security.JwtAuthenticationFilter     : JWT filter processing: GET /friends/requests/pending
2026-06-02T09:14:16.880+05:30 DEBUG 4800 --- [user-service] [http-nio-8082-exec-10] c.u.security.JwtAuthenticationFilter     : Authenticated userId=49659a76-f186-415b-9088-7ad17a576c90 for /friends/requests/pending
2026-06-02T09:14:16.881+05:30  INFO 4800 --- [user-service] [http-nio-8082-exec-10] c.u.config.RequestLoggingFilter          : ? GET /friends/requests/pending [IP: 0:0:0:0:0:0:0:1]
2026-06-02T09:14:16.885+05:30  INFO 4800 --- [user-service] [http-nio-8082-exec-10] c.u.config.RequestLoggingFilter          : ? GET /friends/requests/pending | status=200 | 4ms
2026-06-02T09:14:17.722+05:30 DEBUG 4800 --- [user-service] [http-nio-8082-exec-8] c.u.security.JwtAuthenticationFilter     : JWT filter processing: GET /friends/requests/pending
2026-06-02T09:14:17.725+05:30 DEBUG 4800 --- [user-service] [http-nio-8082-exec-8] c.u.security.JwtAuthenticationFilter     : Authenticated userId=9476f8db-3324-489f-b201-7e3ed48c4aea for /friends/requests/pending
2026-06-02T09:14:17.726+05:30  INFO 4800 --- [user-service] [http-nio-8082-exec-8] c.u.config.RequestLoggingFilter          : ? GET /friends/requests/pending [IP: 0:0:0:0:0:0:0:1]
2026-06-02T09:14:17.729+05:30  INFO 4800 --- [user-service] [http-nio-8082-exec-8] c.u.config.RequestLoggingFilter          : ? GET /friends/requests/pending | status=200 | 3ms
2026-06-02T09:14:25.719+05:30 DEBUG 4800 --- [user-service] [http-nio-8082-exec-9] c.u.security.JwtAuthenticationFilter     : JWT filter processing: GET /friends/search-by-phone
2026-06-02T09:14:25.721+05:30 DEBUG 4800 --- [user-service] [http-nio-8082-exec-9] c.u.security.JwtAuthenticationFilter     : Authenticated userId=49659a76-f186-415b-9088-7ad17a576c90 for /friends/search-by-phone
2026-06-02T09:14:25.721+05:30  INFO 4800 --- [user-service] [http-nio-8082-exec-9] c.u.config.RequestLoggingFilter          : ? GET /friends/search-by-phone [IP: 0:0:0:0:0:0:0:1]
2026-06-02T09:14:25.737+05:30  INFO 4800 --- [user-service] [http-nio-8082-exec-9] c.u.config.RequestLoggingFilter          : ? GET /friends/search-by-phone | status=200 | 16ms
2026-06-02T09:14:26.878+05:30 DEBUG 4800 --- [user-service] [http-nio-8082-exec-4] c.u.security.JwtAuthenticationFilter     : JWT filter processing: POST /friends/add-direct
2026-06-02T09:14:26.882+05:30 DEBUG 4800 --- [user-service] [http-nio-8082-exec-4] c.u.security.JwtAuthenticationFilter     : Authenticated userId=49659a76-f186-415b-9088-7ad17a576c90 for /friends/add-direct
2026-06-02T09:14:26.882+05:30  INFO 4800 --- [user-service] [http-nio-8082-exec-4] c.u.config.RequestLoggingFilter          : ? POST /friends/add-direct [IP: 0:0:0:0:0:0:0:1]
2026-06-02T09:14:26.941+05:30  INFO 4800 --- [user-service] [http-nio-8082-exec-4] c.u.config.RequestLoggingFilter          : ? POST /friends/add-direct | status=200 | 59ms
2026-06-02T09:14:26.975+05:30 DEBUG 4800 --- [user-service] [http-nio-8082-exec-6] c.u.security.JwtAuthenticationFilter     : JWT filter processing: GET /friends/search
2026-06-02T09:14:26.982+05:30 DEBUG 4800 --- [user-service] [http-nio-8082-exec-6] c.u.security.JwtAuthenticationFilter     : Authenticated userId=49659a76-f186-415b-9088-7ad17a576c90 for /friends/search
2026-06-02T09:14:26.998+05:30  INFO 4800 --- [user-service] [http-nio-8082-exec-6] c.u.config.RequestLoggingFilter          : ? GET /friends/search [IP: 0:0:0:0:0:0:0:1]
2026-06-02T09:14:27.112+05:30  INFO 4800 --- [user-service] [http-nio-8082-exec-6] c.u.config.RequestLoggingFilter          : ? GET /friends/search | status=200 | 114ms
2026-06-02T09:14:36.697+05:30 DEBUG 4800 --- [user-service] [http-nio-8082-exec-3] c.u.security.JwtAuthenticationFilter     : JWT filter processing: GET /friends/search
2026-06-02T09:14:36.704+05:30 DEBUG 4800 --- [user-service] [http-nio-8082-exec-7] c.u.security.JwtAuthenticationFilter     : JWT filter processing: GET /friends/requests/pending
2026-06-02T09:14:36.706+05:30 DEBUG 4800 --- [user-service] [http-nio-8082-exec-3] c.u.security.JwtAuthenticationFilter     : Authenticated userId=49659a76-f186-415b-9088-7ad17a576c90 for /friends/search
2026-06-02T09:14:36.712+05:30  INFO 4800 --- [user-service] [http-nio-8082-exec-3] c.u.config.RequestLoggingFilter          : ? GET /friends/search [IP: 0:0:0:0:0:0:0:1]
2026-06-02T09:14:36.716+05:30 DEBUG 4800 --- [user-service] [http-nio-8082-exec-7] c.u.security.JwtAuthenticationFilter     : Authenticated userId=49659a76-f186-415b-9088-7ad17a576c90 for /friends/requests/pending
2026-06-02T09:14:36.721+05:30  INFO 4800 --- [user-service] [http-nio-8082-exec-7] c.u.config.RequestLoggingFilter          : ? GET /friends/requests/pending [IP: 0:0:0:0:0:0:0:1]
2026-06-02T09:14:36.727+05:30  INFO 4800 --- [user-service] [http-nio-8082-exec-7] c.u.config.RequestLoggingFilter          : ? GET /friends/requests/pending | status=200 | 7ms
2026-06-02T09:14:36.841+05:30 DEBUG 4800 --- [user-service] [http-nio-8082-exec-2] c.u.security.JwtAuthenticationFilter     : JWT filter processing: GET /friends/requests/pending
2026-06-02T09:14:36.886+05:30 DEBUG 4800 --- [user-service] [http-nio-8082-exec-2] c.u.security.JwtAuthenticationFilter     : Authenticated userId=49659a76-f186-415b-9088-7ad17a576c90 for /friends/requests/pending
2026-06-02T09:14:36.892+05:30  INFO 4800 --- [user-service] [http-nio-8082-exec-2] c.u.config.RequestLoggingFilter          : ? GET /friends/requests/pending [IP: 0:0:0:0:0:0:0:1]
2026-06-02T09:14:36.901+05:30  INFO 4800 --- [user-service] [http-nio-8082-exec-2] c.u.config.RequestLoggingFilter          : ? GET /friends/requests/pending | status=200 | 9ms
2026-06-02T09:14:36.939+05:30  INFO 4800 --- [user-service] [http-nio-8082-exec-3] c.u.config.RequestLoggingFilter          : ? GET /friends/search | status=200 | 228ms
2026-06-02T09:14:36.987+05:30 DEBUG 4800 --- [user-service] [http-nio-8082-exec-5] c.u.security.JwtAuthenticationFilter     : JWT filter processing: GET /friends/search
2026-06-02T09:14:37.066+05:30 DEBUG 4800 --- [user-service] [http-nio-8082-exec-5] c.u.security.JwtAuthenticationFilter     : Authenticated userId=49659a76-f186-415b-9088-7ad17a576c90 for /friends/search
2026-06-02T09:14:37.168+05:30  INFO 4800 --- [user-service] [http-nio-8082-exec-5] c.u.config.RequestLoggingFilter          : ? GET /friends/search [IP: 0:0:0:0:0:0:0:1]
2026-06-02T09:14:37.361+05:30  INFO 4800 --- [user-service] [http-nio-8082-exec-5] c.u.config.RequestLoggingFilter          : ? GET /friends/search | status=200 | 193ms
2026-06-02T09:14:39.365+05:30 DEBUG 4800 --- [user-service] [http-nio-8082-exec-1] c.u.security.JwtAuthenticationFilter     : JWT filter processing: GET /friends/search
2026-06-02T09:14:39.371+05:30 DEBUG 4800 --- [user-service] [http-nio-8082-exec-1] c.u.security.JwtAuthenticationFilter     : Authenticated userId=3bb24a6b-fbd9-47a8-8e19-618ceb79f4b8 for /friends/search
2026-06-02T09:14:39.376+05:30  INFO 4800 --- [user-service] [http-nio-8082-exec-1] c.u.config.RequestLoggingFilter          : ? GET /friends/search [IP: 0:0:0:0:0:0:0:1]
2026-06-02T09:14:39.378+05:30 DEBUG 4800 --- [user-service] [http-nio-8082-exec-10] c.u.security.JwtAuthenticationFilter     : JWT filter processing: GET /friends/requests/pending
2026-06-02T09:14:39.386+05:30 DEBUG 4800 --- [user-service] [http-nio-8082-exec-10] c.u.security.JwtAuthenticationFilter     : Authenticated userId=3bb24a6b-fbd9-47a8-8e19-618ceb79f4b8 for /friends/requests/pending
2026-06-02T09:14:39.388+05:30  INFO 4800 --- [user-service] [http-nio-8082-exec-10] c.u.config.RequestLoggingFilter          : ? GET /friends/requests/pending [IP: 0:0:0:0:0:0:0:1]
2026-06-02T09:14:39.394+05:30  INFO 4800 --- [user-service] [http-nio-8082-exec-10] c.u.config.RequestLoggingFilter          : ? GET /friends/requests/pending | status=200 | 6ms
2026-06-02T09:14:39.490+05:30 DEBUG 4800 --- [user-service] [http-nio-8082-exec-8] c.u.security.JwtAuthenticationFilter     : JWT filter processing: GET /friends/requests/pending
2026-06-02T09:14:39.530+05:30 DEBUG 4800 --- [user-service] [http-nio-8082-exec-8] c.u.security.JwtAuthenticationFilter     : Authenticated userId=3bb24a6b-fbd9-47a8-8e19-618ceb79f4b8 for /friends/requests/pending
2026-06-02T09:14:39.536+05:30  INFO 4800 --- [user-service] [http-nio-8082-exec-8] c.u.config.RequestLoggingFilter          : ? GET /friends/requests/pending [IP: 0:0:0:0:0:0:0:1]
2026-06-02T09:14:39.541+05:30  INFO 4800 --- [user-service] [http-nio-8082-exec-8] c.u.config.RequestLoggingFilter          : ? GET /friends/requests/pending | status=200 | 5ms
2026-06-02T09:14:39.686+05:30  INFO 4800 --- [user-service] [http-nio-8082-exec-1] c.u.config.RequestLoggingFilter          : ? GET /friends/search | status=200 | 310ms
2026-06-02T09:14:39.792+05:30 DEBUG 4800 --- [user-service] [http-nio-8082-exec-9] c.u.security.JwtAuthenticationFilter     : JWT filter processing: GET /friends/search
2026-06-02T09:14:39.809+05:30 DEBUG 4800 --- [user-service] [http-nio-8082-exec-9] c.u.security.JwtAuthenticationFilter     : Authenticated userId=3bb24a6b-fbd9-47a8-8e19-618ceb79f4b8 for /friends/search
2026-06-02T09:14:39.816+05:30  INFO 4800 --- [user-service] [http-nio-8082-exec-9] c.u.config.RequestLoggingFilter          : ? GET /friends/search [IP: 0:0:0:0:0:0:0:1]
2026-06-02T09:14:39.949+05:30  INFO 4800 --- [user-service] [http-nio-8082-exec-9] c.u.config.RequestLoggingFilter          : ? GET /friends/search | status=200 | 133ms
2026-06-02T09:14:46.022+05:30 DEBUG 4800 --- [user-service] [http-nio-8082-exec-4] c.u.security.JwtAuthenticationFilter     : JWT filter processing: GET /friends/requests/pending
2026-06-02T09:14:46.024+05:30 DEBUG 4800 --- [user-service] [http-nio-8082-exec-4] c.u.security.JwtAuthenticationFilter     : Authenticated userId=51d34d5a-40d5-4218-8ae6-d57cebe953bf for /friends/requests/pending
2026-06-02T09:14:46.024+05:30  INFO 4800 --- [user-service] [http-nio-8082-exec-4] c.u.config.RequestLoggingFilter          : ? GET /friends/requests/pending [IP: 0:0:0:0:0:0:0:1]
2026-06-02T09:14:46.028+05:30  INFO 4800 --- [user-service] [http-nio-8082-exec-4] c.u.config.RequestLoggingFilter          : ? GET /friends/requests/pending | status=200 | 4ms
2026-06-02T09:14:47.724+05:30 DEBUG 4800 --- [user-service] [http-nio-8082-exec-6] c.u.security.JwtAuthenticationFilter     : JWT filter processing: GET /friends/requests/pending
2026-06-02T09:14:47.728+05:30 DEBUG 4800 --- [user-service] [http-nio-8082-exec-6] c.u.security.JwtAuthenticationFilter     : Authenticated userId=9476f8db-3324-489f-b201-7e3ed48c4aea for /friends/requests/pending
2026-06-02T09:14:47.731+05:30  INFO 4800 --- [user-service] [http-nio-8082-exec-6] c.u.config.RequestLoggingFilter          : ? GET /friends/requests/pending [IP: 0:0:0:0:0:0:0:1]
2026-06-02T09:14:47.738+05:30  INFO 4800 --- [user-service] [http-nio-8082-exec-6] c.u.config.RequestLoggingFilter          : ? GET /friends/requests/pending | status=200 | 7ms
2026-06-02T09:15:06.883+05:30 DEBUG 4800 --- [user-service] [http-nio-8082-exec-7] c.u.security.JwtAuthenticationFilter     : JWT filter processing: GET /friends/requests/pending
2026-06-02T09:15:06.886+05:30 DEBUG 4800 --- [user-service] [http-nio-8082-exec-7] c.u.security.JwtAuthenticationFilter     : Authenticated userId=49659a76-f186-415b-9088-7ad17a576c90 for /friends/requests/pending
2026-06-02T09:15:06.886+05:30  INFO 4800 --- [user-service] [http-nio-8082-exec-7] c.u.config.RequestLoggingFilter          : ? GET /friends/requests/pending [IP: 0:0:0:0:0:0:0:1]
2026-06-02T09:15:06.891+05:30  INFO 4800 --- [user-service] [http-nio-8082-exec-7] c.u.config.RequestLoggingFilter          : ? GET /friends/requests/pending | status=200 | 5ms
2026-06-02T09:15:09.877+05:30 DEBUG 4800 --- [user-service] [http-nio-8082-exec-2] c.u.security.JwtAuthenticationFilter     : JWT filter processing: GET /friends/requests/pending
2026-06-02T09:15:09.882+05:30 DEBUG 4800 --- [user-service] [http-nio-8082-exec-2] c.u.security.JwtAuthenticationFilter     : Authenticated userId=3bb24a6b-fbd9-47a8-8e19-618ceb79f4b8 for /friends/requests/pending
2026-06-02T09:15:09.883+05:30  INFO 4800 --- [user-service] [http-nio-8082-exec-2] c.u.config.RequestLoggingFilter          : ? GET /friends/requests/pending [IP: 0:0:0:0:0:0:0:1]
2026-06-02T09:15:09.886+05:30  INFO 4800 --- [user-service] [http-nio-8082-exec-2] c.u.config.RequestLoggingFilter          : ? GET /friends/requests/pending | status=200 | 3ms
2026-06-02T09:15:16.882+05:30 DEBUG 4800 --- [user-service] [http-nio-8082-exec-3] c.u.security.JwtAuthenticationFilter     : JWT filter processing: GET /friends/requests/pending
2026-06-02T09:15:16.886+05:30 DEBUG 4800 --- [user-service] [http-nio-8082-exec-3] c.u.security.JwtAuthenticationFilter     : Authenticated userId=51d34d5a-40d5-4218-8ae6-d57cebe953bf for /friends/requests/pending
2026-06-02T09:15:16.886+05:30  INFO 4800 --- [user-service] [http-nio-8082-exec-3] c.u.config.RequestLoggingFilter          : ? GET /friends/requests/pending [IP: 0:0:0:0:0:0:0:1]
2026-06-02T09:15:16.891+05:30  INFO 4800 --- [user-service] [http-nio-8082-exec-3] c.u.config.RequestLoggingFilter          : ? GET /friends/requests/pending | status=200 | 5ms
2026-06-02T09:15:17.881+05:30 DEBUG 4800 --- [user-service] [http-nio-8082-exec-5] c.u.security.JwtAuthenticationFilter     : JWT filter processing: GET /friends/requests/pending
2026-06-02T09:15:17.885+05:30 DEBUG 4800 --- [user-service] [http-nio-8082-exec-5] c.u.security.JwtAuthenticationFilter     : Authenticated userId=9476f8db-3324-489f-b201-7e3ed48c4aea for /friends/requests/pending
2026-06-02T09:15:17.885+05:30  INFO 4800 --- [user-service] [http-nio-8082-exec-5] c.u.config.RequestLoggingFilter          : ? GET /friends/requests/pending [IP: 0:0:0:0:0:0:0:1]
2026-06-02T09:15:17.889+05:30  INFO 4800 --- [user-service] [http-nio-8082-exec-5] c.u.config.RequestLoggingFilter          : ? GET /friends/requests/pending | status=200 | 4ms
2026-06-02T09:15:23.612+05:30  INFO 4800 --- [user-service] [AsyncResolver-bootstrap-executor-0] c.n.d.s.r.aws.ConfigClusterResolver      : Resolving eureka endpoints via configuration
2026-06-02T09:15:36.879+05:30 DEBUG 4800 --- [user-service] [http-nio-8082-exec-10] c.u.security.JwtAuthenticationFilter     : JWT filter processing: GET /friends/requests/pending
2026-06-02T09:15:36.884+05:30 DEBUG 4800 --- [user-service] [http-nio-8082-exec-10] c.u.security.JwtAuthenticationFilter     : Authenticated userId=49659a76-f186-415b-9088-7ad17a576c90 for /friends/requests/pending
2026-06-02T09:15:36.885+05:30  INFO 4800 --- [user-service] [http-nio-8082-exec-10] c.u.config.RequestLoggingFilter          : ? GET /friends/requests/pending [IP: 0:0:0:0:0:0:0:1]
2026-06-02T09:15:36.889+05:30  INFO 4800 --- [user-service] [http-nio-8082-exec-10] c.u.config.RequestLoggingFilter          : ? GET /friends/requests/pending | status=200 | 4ms
2026-06-02T09:15:39.885+05:30 DEBUG 4800 --- [user-service] [http-nio-8082-exec-8] c.u.security.JwtAuthenticationFilter     : JWT filter processing: GET /friends/requests/pending
2026-06-02T09:15:39.889+05:30 DEBUG 4800 --- [user-service] [http-nio-8082-exec-8] c.u.security.JwtAuthenticationFilter     : Authenticated userId=3bb24a6b-fbd9-47a8-8e19-618ceb79f4b8 for /friends/requests/pending
2026-06-02T09:15:39.889+05:30  INFO 4800 --- [user-service] [http-nio-8082-exec-8] c.u.config.RequestLoggingFilter          : ? GET /friends/requests/pending [IP: 0:0:0:0:0:0:0:1]
2026-06-02T09:15:39.895+05:30  INFO 4800 --- [user-service] [http-nio-8082-exec-8] c.u.config.RequestLoggingFilter          : ? GET /friends/requests/pending | status=200 | 6ms
2026-06-02T09:15:46.875+05:30 DEBUG 4800 --- [user-service] [http-nio-8082-exec-1] c.u.security.JwtAuthenticationFilter     : JWT filter processing: GET /friends/requests/pending
2026-06-02T09:15:46.877+05:30 DEBUG 4800 --- [user-service] [http-nio-8082-exec-1] c.u.security.JwtAuthenticationFilter     : Authenticated userId=51d34d5a-40d5-4218-8ae6-d57cebe953bf for /friends/requests/pending
2026-06-02T09:15:46.877+05:30  INFO 4800 --- [user-service] [http-nio-8082-exec-1] c.u.config.RequestLoggingFilter          : ? GET /friends/requests/pending [IP: 0:0:0:0:0:0:0:1]
2026-06-02T09:15:46.881+05:30  INFO 4800 --- [user-service] [http-nio-8082-exec-1] c.u.config.RequestLoggingFilter          : ? GET /friends/requests/pending | status=200 | 4ms
2026-06-02T09:15:47.719+05:30 DEBUG 4800 --- [user-service] [http-nio-8082-exec-9] c.u.security.JwtAuthenticationFilter     : JWT filter processing: GET /friends/requests/pending
2026-06-02T09:15:47.723+05:30 DEBUG 4800 --- [user-service] [http-nio-8082-exec-9] c.u.security.JwtAuthenticationFilter     : Authenticated userId=9476f8db-3324-489f-b201-7e3ed48c4aea for /friends/requests/pending
2026-06-02T09:15:47.723+05:30  INFO 4800 --- [user-service] [http-nio-8082-exec-9] c.u.config.RequestLoggingFilter          : ? GET /friends/requests/pending [IP: 0:0:0:0:0:0:0:1]
2026-06-02T09:15:47.728+05:30  INFO 4800 --- [user-service] [http-nio-8082-exec-9] c.u.config.RequestLoggingFilter          : ? GET /friends/requests/pending | status=200 | 5ms
2026-06-02T09:16:07.446+05:30 DEBUG 4800 --- [user-service] [http-nio-8082-exec-4] c.u.security.JwtAuthenticationFilter     : JWT filter processing: GET /friends/requests/pending
2026-06-02T09:16:07.453+05:30 DEBUG 4800 --- [user-service] [http-nio-8082-exec-4] c.u.security.JwtAuthenticationFilter     : Authenticated userId=3bb24a6b-fbd9-47a8-8e19-618ceb79f4b8 for /friends/requests/pending
2026-06-02T09:16:07.458+05:30  INFO 4800 --- [user-service] [http-nio-8082-exec-4] c.u.config.RequestLoggingFilter          : ? GET /friends/requests/pending [IP: 0:0:0:0:0:0:0:1]
2026-06-02T09:16:07.461+05:30 DEBUG 4800 --- [user-service] [http-nio-8082-exec-6] c.u.security.JwtAuthenticationFilter     : JWT filter processing: GET /friends/search
2026-06-02T09:16:07.463+05:30  INFO 4800 --- [user-service] [http-nio-8082-exec-4] c.u.config.RequestLoggingFilter          : ? GET /friends/requests/pending | status=200 | 5ms
2026-06-02T09:16:07.466+05:30 DEBUG 4800 --- [user-service] [http-nio-8082-exec-7] c.u.security.JwtAuthenticationFilter     : JWT filter processing: GET /friends/search
2026-06-02T09:16:07.476+05:30 DEBUG 4800 --- [user-service] [http-nio-8082-exec-6] c.u.security.JwtAuthenticationFilter     : Authenticated userId=3bb24a6b-fbd9-47a8-8e19-618ceb79f4b8 for /friends/search
2026-06-02T09:16:07.477+05:30 DEBUG 4800 --- [user-service] [http-nio-8082-exec-2] c.u.security.JwtAuthenticationFilter     : JWT filter processing: GET /friends/requests/pending
2026-06-02T09:16:07.480+05:30 DEBUG 4800 --- [user-service] [http-nio-8082-exec-7] c.u.security.JwtAuthenticationFilter     : Authenticated userId=49659a76-f186-415b-9088-7ad17a576c90 for /friends/search
2026-06-02T09:16:07.485+05:30  INFO 4800 --- [user-service] [http-nio-8082-exec-6] c.u.config.RequestLoggingFilter          : ? GET /friends/search [IP: 0:0:0:0:0:0:0:1]
2026-06-02T09:16:07.503+05:30 DEBUG 4800 --- [user-service] [http-nio-8082-exec-2] c.u.security.JwtAuthenticationFilter     : Authenticated userId=49659a76-f186-415b-9088-7ad17a576c90 for /friends/requests/pending
2026-06-02T09:16:07.516+05:30 DEBUG 4800 --- [user-service] [http-nio-8082-exec-3] c.u.security.JwtAuthenticationFilter     : JWT filter processing: GET /friends/search
2026-06-02T09:16:07.522+05:30 DEBUG 4800 --- [user-service] [http-nio-8082-exec-5] c.u.security.JwtAuthenticationFilter     : JWT filter processing: GET /friends/requests/pending
2026-06-02T09:16:07.524+05:30  INFO 4800 --- [user-service] [http-nio-8082-exec-2] c.u.config.RequestLoggingFilter          : ? GET /friends/requests/pending [IP: 0:0:0:0:0:0:0:1]
2026-06-02T09:16:07.523+05:30  INFO 4800 --- [user-service] [http-nio-8082-exec-7] c.u.config.RequestLoggingFilter          : ? GET /friends/search [IP: 0:0:0:0:0:0:0:1]
2026-06-02T09:16:07.529+05:30 DEBUG 4800 --- [user-service] [http-nio-8082-exec-3] c.u.security.JwtAuthenticationFilter     : Authenticated userId=9476f8db-3324-489f-b201-7e3ed48c4aea for /friends/search
2026-06-02T09:16:07.531+05:30 DEBUG 4800 --- [user-service] [http-nio-8082-exec-5] c.u.security.JwtAuthenticationFilter     : Authenticated userId=9476f8db-3324-489f-b201-7e3ed48c4aea for /friends/requests/pending
2026-06-02T09:16:07.540+05:30  INFO 4800 --- [user-service] [http-nio-8082-exec-2] c.u.config.RequestLoggingFilter          : ? GET /friends/requests/pending | status=200 | 16ms
2026-06-02T09:16:07.542+05:30  INFO 4800 --- [user-service] [http-nio-8082-exec-3] c.u.config.RequestLoggingFilter          : ? GET /friends/search [IP: 0:0:0:0:0:0:0:1]
2026-06-02T09:16:07.542+05:30  INFO 4800 --- [user-service] [http-nio-8082-exec-5] c.u.config.RequestLoggingFilter          : ? GET /friends/requests/pending [IP: 0:0:0:0:0:0:0:1]
2026-06-02T09:16:07.547+05:30 DEBUG 4800 --- [user-service] [http-nio-8082-exec-10] c.u.security.JwtAuthenticationFilter     : JWT filter processing: GET /friends/requests/pending
2026-06-02T09:16:07.577+05:30  INFO 4800 --- [user-service] [http-nio-8082-exec-5] c.u.config.RequestLoggingFilter          : ? GET /friends/requests/pending | status=200 | 35ms
2026-06-02T09:16:07.626+05:30 DEBUG 4800 --- [user-service] [http-nio-8082-exec-8] c.u.security.JwtAuthenticationFilter     : JWT filter processing: GET /friends/requests/pending
2026-06-02T09:16:07.636+05:30 DEBUG 4800 --- [user-service] [http-nio-8082-exec-10] c.u.security.JwtAuthenticationFilter     : Authenticated userId=3bb24a6b-fbd9-47a8-8e19-618ceb79f4b8 for /friends/requests/pending
2026-06-02T09:16:07.686+05:30 DEBUG 4800 --- [user-service] [http-nio-8082-exec-8] c.u.security.JwtAuthenticationFilter     : Authenticated userId=49659a76-f186-415b-9088-7ad17a576c90 for /friends/requests/pending
2026-06-02T09:16:07.690+05:30  INFO 4800 --- [user-service] [http-nio-8082-exec-10] c.u.config.RequestLoggingFilter          : ? GET /friends/requests/pending [IP: 0:0:0:0:0:0:0:1]
2026-06-02T09:16:07.703+05:30  INFO 4800 --- [user-service] [http-nio-8082-exec-8] c.u.config.RequestLoggingFilter          : ? GET /friends/requests/pending [IP: 0:0:0:0:0:0:0:1]
2026-06-02T09:16:07.709+05:30  INFO 4800 --- [user-service] [http-nio-8082-exec-10] c.u.config.RequestLoggingFilter          : ? GET /friends/requests/pending | status=200 | 19ms
2026-06-02T09:16:07.715+05:30  INFO 4800 --- [user-service] [http-nio-8082-exec-8] c.u.config.RequestLoggingFilter          : ? GET /friends/requests/pending | status=200 | 12ms
2026-06-02T09:16:08.064+05:30 DEBUG 4800 --- [user-service] [http-nio-8082-exec-1] c.u.security.JwtAuthenticationFilter     : JWT filter processing: GET /friends/requests/pending
2026-06-02T09:16:08.075+05:30 DEBUG 4800 --- [user-service] [http-nio-8082-exec-1] c.u.security.JwtAuthenticationFilter     : Authenticated userId=9476f8db-3324-489f-b201-7e3ed48c4aea for /friends/requests/pending
2026-06-02T09:16:08.112+05:30  INFO 4800 --- [user-service] [http-nio-8082-exec-1] c.u.config.RequestLoggingFilter          : ? GET /friends/requests/pending [IP: 0:0:0:0:0:0:0:1]
2026-06-02T09:16:08.121+05:30  INFO 4800 --- [user-service] [http-nio-8082-exec-1] c.u.config.RequestLoggingFilter          : ? GET /friends/requests/pending | status=200 | 9ms
2026-06-02T09:16:08.242+05:30 DEBUG 4800 --- [user-service] [http-nio-8082-exec-9] c.u.security.JwtAuthenticationFilter     : JWT filter processing: GET /friends/requests/pending
2026-06-02T09:16:08.308+05:30 DEBUG 4800 --- [user-service] [http-nio-8082-exec-9] c.u.security.JwtAuthenticationFilter     : Authenticated userId=51d34d5a-40d5-4218-8ae6-d57cebe953bf for /friends/requests/pending
2026-06-02T09:16:08.312+05:30  INFO 4800 --- [user-service] [http-nio-8082-exec-9] c.u.config.RequestLoggingFilter          : ? GET /friends/requests/pending [IP: 0:0:0:0:0:0:0:1]
2026-06-02T09:16:08.322+05:30  INFO 4800 --- [user-service] [http-nio-8082-exec-9] c.u.config.RequestLoggingFilter          : ? GET /friends/requests/pending | status=200 | 10ms
2026-06-02T09:16:08.344+05:30  INFO 4800 --- [user-service] [http-nio-8082-exec-6] c.u.config.RequestLoggingFilter          : ? GET /friends/search | status=200 | 859ms
2026-06-02T09:16:08.407+05:30  INFO 4800 --- [user-service] [http-nio-8082-exec-7] c.u.config.RequestLoggingFilter          : ? GET /friends/search | status=200 | 884ms
2026-06-02T09:16:08.518+05:30  INFO 4800 --- [user-service] [http-nio-8082-exec-3] c.u.config.RequestLoggingFilter          : ? GET /friends/search | status=200 | 976ms
2026-06-02T09:16:08.519+05:30 DEBUG 4800 --- [user-service] [http-nio-8082-exec-4] c.u.security.JwtAuthenticationFilter     : JWT filter processing: GET /friends/search
2026-06-02T09:16:08.527+05:30 DEBUG 4800 --- [user-service] [http-nio-8082-exec-4] c.u.security.JwtAuthenticationFilter     : Authenticated userId=51d34d5a-40d5-4218-8ae6-d57cebe953bf for /friends/search
2026-06-02T09:16:08.533+05:30  INFO 4800 --- [user-service] [http-nio-8082-exec-4] c.u.config.RequestLoggingFilter          : ? GET /friends/search [IP: 0:0:0:0:0:0:0:1]
2026-06-02T09:16:08.750+05:30 DEBUG 4800 --- [user-service] [http-nio-8082-exec-2] c.u.security.JwtAuthenticationFilter     : JWT filter processing: GET /friends/search
2026-06-02T09:16:08.763+05:30 DEBUG 4800 --- [user-service] [http-nio-8082-exec-2] c.u.security.JwtAuthenticationFilter     : Authenticated userId=49659a76-f186-415b-9088-7ad17a576c90 for /friends/search
2026-06-02T09:16:08.766+05:30  INFO 4800 --- [user-service] [http-nio-8082-exec-2] c.u.config.RequestLoggingFilter          : ? GET /friends/search [IP: 0:0:0:0:0:0:0:1]
2026-06-02T09:16:09.106+05:30 DEBUG 4800 --- [user-service] [http-nio-8082-exec-5] c.u.security.JwtAuthenticationFilter     : JWT filter processing: GET /friends/requests/pending
2026-06-02T09:16:09.120+05:30 DEBUG 4800 --- [user-service] [http-nio-8082-exec-5] c.u.security.JwtAuthenticationFilter     : Authenticated userId=51d34d5a-40d5-4218-8ae6-d57cebe953bf for /friends/requests/pending
2026-06-02T09:16:09.132+05:30  INFO 4800 --- [user-service] [http-nio-8082-exec-5] c.u.config.RequestLoggingFilter          : ? GET /friends/requests/pending [IP: 0:0:0:0:0:0:0:1]
2026-06-02T09:16:09.156+05:30  INFO 4800 --- [user-service] [http-nio-8082-exec-5] c.u.config.RequestLoggingFilter          : ? GET /friends/requests/pending | status=200 | 24ms
2026-06-02T09:16:09.191+05:30 DEBUG 4800 --- [user-service] [http-nio-8082-exec-10] c.u.security.JwtAuthenticationFilter     : JWT filter processing: GET /friends/search
2026-06-02T09:16:09.203+05:30 DEBUG 4800 --- [user-service] [http-nio-8082-exec-8] c.u.security.JwtAuthenticationFilter     : JWT filter processing: GET /friends/search
2026-06-02T09:16:09.213+05:30 DEBUG 4800 --- [user-service] [http-nio-8082-exec-8] c.u.security.JwtAuthenticationFilter     : Authenticated userId=9476f8db-3324-489f-b201-7e3ed48c4aea for /friends/search
2026-06-02T09:16:09.213+05:30 DEBUG 4800 --- [user-service] [http-nio-8082-exec-10] c.u.security.JwtAuthenticationFilter     : Authenticated userId=3bb24a6b-fbd9-47a8-8e19-618ceb79f4b8 for /friends/search
2026-06-02T09:16:09.214+05:30  INFO 4800 --- [user-service] [http-nio-8082-exec-8] c.u.config.RequestLoggingFilter          : ? GET /friends/search [IP: 0:0:0:0:0:0:0:1]
2026-06-02T09:16:09.216+05:30  INFO 4800 --- [user-service] [http-nio-8082-exec-10] c.u.config.RequestLoggingFilter          : ? GET /friends/search [IP: 0:0:0:0:0:0:0:1]
2026-06-02T09:16:10.200+05:30  INFO 4800 --- [user-service] [http-nio-8082-exec-4] c.u.config.RequestLoggingFilter          : ? GET /friends/search | status=200 | 1667ms
2026-06-02T09:16:10.200+05:30  INFO 4800 --- [user-service] [http-nio-8082-exec-10] c.u.config.RequestLoggingFilter          : ? GET /friends/search | status=200 | 984ms
2026-06-02T09:16:10.241+05:30  INFO 4800 --- [user-service] [http-nio-8082-exec-2] c.u.config.RequestLoggingFilter          : ? GET /friends/search | status=200 | 1475ms
2026-06-02T09:16:10.283+05:30  INFO 4800 --- [user-service] [http-nio-8082-exec-8] c.u.config.RequestLoggingFilter          : ? GET /friends/search | status=200 | 1069ms
2026-06-02T09:16:10.344+05:30 DEBUG 4800 --- [user-service] [http-nio-8082-exec-1] c.u.security.JwtAuthenticationFilter     : JWT filter processing: GET /friends/search
2026-06-02T09:16:10.354+05:30 DEBUG 4800 --- [user-service] [http-nio-8082-exec-1] c.u.security.JwtAuthenticationFilter     : Authenticated userId=51d34d5a-40d5-4218-8ae6-d57cebe953bf for /friends/search
2026-06-02T09:16:10.355+05:30  INFO 4800 --- [user-service] [http-nio-8082-exec-1] c.u.config.RequestLoggingFilter          : ? GET /friends/search [IP: 0:0:0:0:0:0:0:1]
2026-06-02T09:16:10.741+05:30  INFO 4800 --- [user-service] [http-nio-8082-exec-1] c.u.config.RequestLoggingFilter          : ? GET /friends/search | status=200 | 386ms
2026-06-02T09:16:37.914+05:30 DEBUG 4800 --- [user-service] [http-nio-8082-exec-9] c.u.security.JwtAuthenticationFilter     : JWT filter processing: GET /friends/requests/pending
2026-06-02T09:16:37.918+05:30 DEBUG 4800 --- [user-service] [http-nio-8082-exec-6] c.u.security.JwtAuthenticationFilter     : JWT filter processing: GET /friends/requests/pending
2026-06-02T09:16:37.924+05:30 DEBUG 4800 --- [user-service] [http-nio-8082-exec-9] c.u.security.JwtAuthenticationFilter     : Authenticated userId=49659a76-f186-415b-9088-7ad17a576c90 for /friends/requests/pending
2026-06-02T09:16:37.926+05:30  INFO 4800 --- [user-service] [http-nio-8082-exec-9] c.u.config.RequestLoggingFilter          : ? GET /friends/requests/pending [IP: 0:0:0:0:0:0:0:1]
2026-06-02T09:16:37.926+05:30 DEBUG 4800 --- [user-service] [http-nio-8082-exec-6] c.u.security.JwtAuthenticationFilter     : Authenticated userId=51d34d5a-40d5-4218-8ae6-d57cebe953bf for /friends/requests/pending
2026-06-02T09:16:37.929+05:30 DEBUG 4800 --- [user-service] [http-nio-8082-exec-7] c.u.security.JwtAuthenticationFilter     : JWT filter processing: GET /friends/requests/pending
2026-06-02T09:16:37.929+05:30  INFO 4800 --- [user-service] [http-nio-8082-exec-6] c.u.config.RequestLoggingFilter          : ? GET /friends/requests/pending [IP: 0:0:0:0:0:0:0:1]
2026-06-02T09:16:37.933+05:30  INFO 4800 --- [user-service] [http-nio-8082-exec-9] c.u.config.RequestLoggingFilter          : ? GET /friends/requests/pending | status=200 | 7ms
2026-06-02T09:16:37.934+05:30  INFO 4800 --- [user-service] [http-nio-8082-exec-6] c.u.config.RequestLoggingFilter          : ? GET /friends/requests/pending | status=200 | 5ms
2026-06-02T09:16:37.939+05:30 DEBUG 4800 --- [user-service] [http-nio-8082-exec-7] c.u.security.JwtAuthenticationFilter     : Authenticated userId=3bb24a6b-fbd9-47a8-8e19-618ceb79f4b8 for /friends/requests/pending
2026-06-02T09:16:37.946+05:30  INFO 4800 --- [user-service] [http-nio-8082-exec-7] c.u.config.RequestLoggingFilter          : ? GET /friends/requests/pending [IP: 0:0:0:0:0:0:0:1]
2026-06-02T09:16:37.960+05:30  INFO 4800 --- [user-service] [http-nio-8082-exec-7] c.u.config.RequestLoggingFilter          : ? GET /friends/requests/pending | status=200 | 14ms
2026-06-02T09:16:37.980+05:30 DEBUG 4800 --- [user-service] [http-nio-8082-exec-3] c.u.security.JwtAuthenticationFilter     : JWT filter processing: GET /friends/requests/pending
2026-06-02T09:16:37.988+05:30 DEBUG 4800 --- [user-service] [http-nio-8082-exec-3] c.u.security.JwtAuthenticationFilter     : Authenticated userId=9476f8db-3324-489f-b201-7e3ed48c4aea for /friends/requests/pending
2026-06-02T09:16:37.993+05:30  INFO 4800 --- [user-service] [http-nio-8082-exec-3] c.u.config.RequestLoggingFilter          : ? GET /friends/requests/pending [IP: 0:0:0:0:0:0:0:1]
2026-06-02T09:16:38.064+05:30  INFO 4800 --- [user-service] [http-nio-8082-exec-3] c.u.config.RequestLoggingFilter          : ? GET /friends/requests/pending | status=200 | 72ms
2026-06-02T09:17:07.899+05:30 DEBUG 4800 --- [user-service] [http-nio-8082-exec-5] c.u.security.JwtAuthenticationFilter     : JWT filter processing: GET /friends/requests/pending
2026-06-02T09:17:07.902+05:30 DEBUG 4800 --- [user-service] [http-nio-8082-exec-4] c.u.security.JwtAuthenticationFilter     : JWT filter processing: GET /friends/requests/pending
2026-06-02T09:17:07.902+05:30 DEBUG 4800 --- [user-service] [http-nio-8082-exec-5] c.u.security.JwtAuthenticationFilter     : Authenticated userId=51d34d5a-40d5-4218-8ae6-d57cebe953bf for /friends/requests/pending
2026-06-02T09:17:07.903+05:30  INFO 4800 --- [user-service] [http-nio-8082-exec-5] c.u.config.RequestLoggingFilter          : ? GET /friends/requests/pending [IP: 0:0:0:0:0:0:0:1]
2026-06-02T09:17:07.912+05:30  INFO 4800 --- [user-service] [http-nio-8082-exec-5] c.u.config.RequestLoggingFilter          : ? GET /friends/requests/pending | status=200 | 9ms
2026-06-02T09:17:07.913+05:30 DEBUG 4800 --- [user-service] [http-nio-8082-exec-4] c.u.security.JwtAuthenticationFilter     : Authenticated userId=9476f8db-3324-489f-b201-7e3ed48c4aea for /friends/requests/pending
2026-06-02T09:17:07.916+05:30  INFO 4800 --- [user-service] [http-nio-8082-exec-4] c.u.config.RequestLoggingFilter          : ? GET /friends/requests/pending [IP: 0:0:0:0:0:0:0:1]
2026-06-02T09:17:07.917+05:30 DEBUG 4800 --- [user-service] [http-nio-8082-exec-10] c.u.security.JwtAuthenticationFilter     : JWT filter processing: GET /friends/requests/pending
2026-06-02T09:17:07.921+05:30  INFO 4800 --- [user-service] [http-nio-8082-exec-4] c.u.config.RequestLoggingFilter          : ? GET /friends/requests/pending | status=200 | 5ms
2026-06-02T09:17:07.924+05:30 DEBUG 4800 --- [user-service] [http-nio-8082-exec-10] c.u.security.JwtAuthenticationFilter     : Authenticated userId=3bb24a6b-fbd9-47a8-8e19-618ceb79f4b8 for /friends/requests/pending
2026-06-02T09:17:07.925+05:30  INFO 4800 --- [user-service] [http-nio-8082-exec-10] c.u.config.RequestLoggingFilter          : ? GET /friends/requests/pending [IP: 0:0:0:0:0:0:0:1]
2026-06-02T09:17:07.926+05:30 DEBUG 4800 --- [user-service] [http-nio-8082-exec-2] c.u.security.JwtAuthenticationFilter     : JWT filter processing: GET /friends/requests/pending
2026-06-02T09:17:07.935+05:30  INFO 4800 --- [user-service] [http-nio-8082-exec-10] c.u.config.RequestLoggingFilter          : ? GET /friends/requests/pending | status=200 | 10ms
2026-06-02T09:17:07.939+05:30 DEBUG 4800 --- [user-service] [http-nio-8082-exec-2] c.u.security.JwtAuthenticationFilter     : Authenticated userId=49659a76-f186-415b-9088-7ad17a576c90 for /friends/requests/pending
2026-06-02T09:17:07.940+05:30  INFO 4800 --- [user-service] [http-nio-8082-exec-2] c.u.config.RequestLoggingFilter          : ? GET /friends/requests/pending [IP: 0:0:0:0:0:0:0:1]
2026-06-02T09:17:07.957+05:30  INFO 4800 --- [user-service] [http-nio-8082-exec-2] c.u.config.RequestLoggingFilter          : ? GET /friends/requests/pending | status=200 | 17ms
2026-06-02T09:17:23.060+05:30 DEBUG 4800 --- [user-service] [http-nio-8082-exec-8] c.u.security.JwtAuthenticationFilter     : JWT filter processing: GET /friends/search
2026-06-02T09:17:23.064+05:30 DEBUG 4800 --- [user-service] [http-nio-8082-exec-1] c.u.security.JwtAuthenticationFilter     : JWT filter processing: GET /friends/requests/pending
2026-06-02T09:17:23.066+05:30 DEBUG 4800 --- [user-service] [http-nio-8082-exec-8] c.u.security.JwtAuthenticationFilter     : Authenticated userId=401ca9ee-e8c5-4d5d-a03e-eaab4a8a013a for /friends/search
2026-06-02T09:17:23.068+05:30  INFO 4800 --- [user-service] [http-nio-8082-exec-8] c.u.config.RequestLoggingFilter          : ? GET /friends/search [IP: 0:0:0:0:0:0:0:1]
2026-06-02T09:17:23.071+05:30 DEBUG 4800 --- [user-service] [http-nio-8082-exec-1] c.u.security.JwtAuthenticationFilter     : Authenticated userId=401ca9ee-e8c5-4d5d-a03e-eaab4a8a013a for /friends/requests/pending
2026-06-02T09:17:23.073+05:30  INFO 4800 --- [user-service] [http-nio-8082-exec-1] c.u.config.RequestLoggingFilter          : ? GET /friends/requests/pending [IP: 0:0:0:0:0:0:0:1]
2026-06-02T09:17:23.074+05:30  INFO 4800 --- [user-service] [http-nio-8082-exec-8] c.u.config.RequestLoggingFilter          : ? GET /friends/search | status=200 | 6ms
2026-06-02T09:17:23.081+05:30  INFO 4800 --- [user-service] [http-nio-8082-exec-1] c.u.config.RequestLoggingFilter          : ? GET /friends/requests/pending | status=200 | 8ms
2026-06-02T09:17:23.156+05:30 DEBUG 4800 --- [user-service] [http-nio-8082-exec-9] c.u.security.JwtAuthenticationFilter     : JWT filter processing: GET /friends/search
2026-06-02T09:17:23.192+05:30 DEBUG 4800 --- [user-service] [http-nio-8082-exec-6] c.u.security.JwtAuthenticationFilter     : JWT filter processing: GET /friends/requests/pending
2026-06-02T09:17:23.206+05:30 DEBUG 4800 --- [user-service] [http-nio-8082-exec-6] c.u.security.JwtAuthenticationFilter     : Authenticated userId=401ca9ee-e8c5-4d5d-a03e-eaab4a8a013a for /friends/requests/pending
2026-06-02T09:17:23.207+05:30 DEBUG 4800 --- [user-service] [http-nio-8082-exec-9] c.u.security.JwtAuthenticationFilter     : Authenticated userId=401ca9ee-e8c5-4d5d-a03e-eaab4a8a013a for /friends/search
2026-06-02T09:17:23.207+05:30  INFO 4800 --- [user-service] [http-nio-8082-exec-6] c.u.config.RequestLoggingFilter          : ? GET /friends/requests/pending [IP: 0:0:0:0:0:0:0:1]
2026-06-02T09:17:23.209+05:30  INFO 4800 --- [user-service] [http-nio-8082-exec-9] c.u.config.RequestLoggingFilter          : ? GET /friends/search [IP: 0:0:0:0:0:0:0:1]
2026-06-02T09:17:23.213+05:30  INFO 4800 --- [user-service] [http-nio-8082-exec-6] c.u.config.RequestLoggingFilter          : ? GET /friends/requests/pending | status=200 | 6ms
2026-06-02T09:17:23.292+05:30  INFO 4800 --- [user-service] [http-nio-8082-exec-9] c.u.config.RequestLoggingFilter          : ? GET /friends/search | status=200 | 83ms
2026-06-02T09:17:37.895+05:30 DEBUG 4800 --- [user-service] [http-nio-8082-exec-3] c.u.security.JwtAuthenticationFilter     : JWT filter processing: GET /friends/requests/pending
2026-06-02T09:17:37.895+05:30 DEBUG 4800 --- [user-service] [http-nio-8082-exec-7] c.u.security.JwtAuthenticationFilter     : JWT filter processing: GET /friends/requests/pending
2026-06-02T09:17:37.895+05:30 DEBUG 4800 --- [user-service] [http-nio-8082-exec-5] c.u.security.JwtAuthenticationFilter     : JWT filter processing: GET /friends/requests/pending
2026-06-02T09:17:37.901+05:30 DEBUG 4800 --- [user-service] [http-nio-8082-exec-3] c.u.security.JwtAuthenticationFilter     : Authenticated userId=3bb24a6b-fbd9-47a8-8e19-618ceb79f4b8 for /friends/requests/pending
2026-06-02T09:17:37.901+05:30 DEBUG 4800 --- [user-service] [http-nio-8082-exec-5] c.u.security.JwtAuthenticationFilter     : Authenticated userId=49659a76-f186-415b-9088-7ad17a576c90 for /friends/requests/pending
2026-06-02T09:17:37.901+05:30 DEBUG 4800 --- [user-service] [http-nio-8082-exec-7] c.u.security.JwtAuthenticationFilter     : Authenticated userId=51d34d5a-40d5-4218-8ae6-d57cebe953bf for /friends/requests/pending
2026-06-02T09:17:37.902+05:30  INFO 4800 --- [user-service] [http-nio-8082-exec-5] c.u.config.RequestLoggingFilter          : ? GET /friends/requests/pending [IP: 0:0:0:0:0:0:0:1]
2026-06-02T09:17:37.902+05:30  INFO 4800 --- [user-service] [http-nio-8082-exec-3] c.u.config.RequestLoggingFilter          : ? GET /friends/requests/pending [IP: 0:0:0:0:0:0:0:1]
2026-06-02T09:17:37.904+05:30  INFO 4800 --- [user-service] [http-nio-8082-exec-7] c.u.config.RequestLoggingFilter          : ? GET /friends/requests/pending [IP: 0:0:0:0:0:0:0:1]
2026-06-02T09:17:37.912+05:30  INFO 4800 --- [user-service] [http-nio-8082-exec-5] c.u.config.RequestLoggingFilter          : ? GET /friends/requests/pending | status=200 | 10ms
2026-06-02T09:17:37.914+05:30  INFO 4800 --- [user-service] [http-nio-8082-exec-7] c.u.config.RequestLoggingFilter          : ? GET /friends/requests/pending | status=200 | 11ms
2026-06-02T09:17:37.914+05:30  INFO 4800 --- [user-service] [http-nio-8082-exec-3] c.u.config.RequestLoggingFilter          : ? GET /friends/requests/pending | status=200 | 12ms
2026-06-02T09:17:37.926+05:30 DEBUG 4800 --- [user-service] [http-nio-8082-exec-4] c.u.security.JwtAuthenticationFilter     : JWT filter processing: GET /friends/requests/pending
2026-06-02T09:17:37.935+05:30 DEBUG 4800 --- [user-service] [http-nio-8082-exec-4] c.u.security.JwtAuthenticationFilter     : Authenticated userId=9476f8db-3324-489f-b201-7e3ed48c4aea for /friends/requests/pending
2026-06-02T09:17:37.936+05:30  INFO 4800 --- [user-service] [http-nio-8082-exec-4] c.u.config.RequestLoggingFilter          : ? GET /friends/requests/pending [IP: 0:0:0:0:0:0:0:1]
2026-06-02T09:17:37.942+05:30  INFO 4800 --- [user-service] [http-nio-8082-exec-4] c.u.config.RequestLoggingFilter          : ? GET /friends/requests/pending | status=200 | 6ms
2026-06-02T09:17:52.980+05:30 DEBUG 4800 --- [user-service] [http-nio-8082-exec-10] c.u.security.JwtAuthenticationFilter     : JWT filter processing: GET /friends/requests/pending
2026-06-02T09:17:52.983+05:30 DEBUG 4800 --- [user-service] [http-nio-8082-exec-10] c.u.security.JwtAuthenticationFilter     : Authenticated userId=401ca9ee-e8c5-4d5d-a03e-eaab4a8a013a for /friends/requests/pending
2026-06-02T09:17:52.983+05:30  INFO 4800 --- [user-service] [http-nio-8082-exec-10] c.u.config.RequestLoggingFilter          : ? GET /friends/requests/pending [IP: 0:0:0:0:0:0:0:1]
2026-06-02T09:17:52.987+05:30  INFO 4800 --- [user-service] [http-nio-8082-exec-10] c.u.config.RequestLoggingFilter          : ? GET /friends/requests/pending | status=200 | 4ms
2026-06-02T09:18:07.902+05:30 DEBUG 4800 --- [user-service] [http-nio-8082-exec-2] c.u.security.JwtAuthenticationFilter     : JWT filter processing: GET /friends/requests/pending
2026-06-02T09:18:07.903+05:30 DEBUG 4800 --- [user-service] [http-nio-8082-exec-8] c.u.security.JwtAuthenticationFilter     : JWT filter processing: GET /friends/requests/pending
2026-06-02T09:18:07.905+05:30 DEBUG 4800 --- [user-service] [http-nio-8082-exec-2] c.u.security.JwtAuthenticationFilter     : Authenticated userId=3bb24a6b-fbd9-47a8-8e19-618ceb79f4b8 for /friends/requests/pending
2026-06-02T09:18:07.906+05:30  INFO 4800 --- [user-service] [http-nio-8082-exec-2] c.u.config.RequestLoggingFilter          : ? GET /friends/requests/pending [IP: 0:0:0:0:0:0:0:1]
2026-06-02T09:18:07.906+05:30 DEBUG 4800 --- [user-service] [http-nio-8082-exec-1] c.u.security.JwtAuthenticationFilter     : JWT filter processing: GET /friends/requests/pending
2026-06-02T09:18:07.906+05:30 DEBUG 4800 --- [user-service] [http-nio-8082-exec-8] c.u.security.JwtAuthenticationFilter     : Authenticated userId=49659a76-f186-415b-9088-7ad17a576c90 for /friends/requests/pending
2026-06-02T09:18:07.907+05:30  INFO 4800 --- [user-service] [http-nio-8082-exec-8] c.u.config.RequestLoggingFilter          : ? GET /friends/requests/pending [IP: 0:0:0:0:0:0:0:1]
2026-06-02T09:18:07.910+05:30  INFO 4800 --- [user-service] [http-nio-8082-exec-2] c.u.config.RequestLoggingFilter          : ? GET /friends/requests/pending | status=200 | 4ms
2026-06-02T09:18:07.911+05:30 DEBUG 4800 --- [user-service] [http-nio-8082-exec-1] c.u.security.JwtAuthenticationFilter     : Authenticated userId=51d34d5a-40d5-4218-8ae6-d57cebe953bf for /friends/requests/pending
2026-06-02T09:18:07.912+05:30  INFO 4800 --- [user-service] [http-nio-8082-exec-8] c.u.config.RequestLoggingFilter          : ? GET /friends/requests/pending | status=200 | 5ms
2026-06-02T09:18:07.913+05:30  INFO 4800 --- [user-service] [http-nio-8082-exec-1] c.u.config.RequestLoggingFilter          : ? GET /friends/requests/pending [IP: 0:0:0:0:0:0:0:1]
2026-06-02T09:18:07.920+05:30  INFO 4800 --- [user-service] [http-nio-8082-exec-1] c.u.config.RequestLoggingFilter          : ? GET /friends/requests/pending | status=200 | 7ms
2026-06-02T09:18:07.935+05:30 DEBUG 4800 --- [user-service] [http-nio-8082-exec-6] c.u.security.JwtAuthenticationFilter     : JWT filter processing: GET /friends/requests/pending
2026-06-02T09:18:07.946+05:30 DEBUG 4800 --- [user-service] [http-nio-8082-exec-6] c.u.security.JwtAuthenticationFilter     : Authenticated userId=9476f8db-3324-489f-b201-7e3ed48c4aea for /friends/requests/pending
2026-06-02T09:18:07.950+05:30  INFO 4800 --- [user-service] [http-nio-8082-exec-6] c.u.config.RequestLoggingFilter          : ? GET /friends/requests/pending [IP: 0:0:0:0:0:0:0:1]
2026-06-02T09:18:07.955+05:30  INFO 4800 --- [user-service] [http-nio-8082-exec-6] c.u.config.RequestLoggingFilter          : ? GET /friends/requests/pending | status=200 | 5ms
2026-06-02T09:18:22.974+05:30 DEBUG 4800 --- [user-service] [http-nio-8082-exec-9] c.u.security.JwtAuthenticationFilter     : JWT filter processing: GET /friends/requests/pending
2026-06-02T09:18:22.983+05:30 DEBUG 4800 --- [user-service] [http-nio-8082-exec-9] c.u.security.JwtAuthenticationFilter     : Authenticated userId=401ca9ee-e8c5-4d5d-a03e-eaab4a8a013a for /friends/requests/pending
2026-06-02T09:18:22.985+05:30  INFO 4800 --- [user-service] [http-nio-8082-exec-9] c.u.config.RequestLoggingFilter          : ? GET /friends/requests/pending [IP: 0:0:0:0:0:0:0:1]
2026-06-02T09:18:22.988+05:30  INFO 4800 --- [user-service] [http-nio-8082-exec-9] c.u.config.RequestLoggingFilter          : ? GET /friends/requests/pending | status=200 | 3ms
2026-06-02T09:18:26.321+05:30 DEBUG 4800 --- [user-service] [http-nio-8082-exec-5] c.u.security.JwtAuthenticationFilter     : JWT filter processing: GET /friends/search-by-phone
2026-06-02T09:18:26.323+05:30 DEBUG 4800 --- [user-service] [http-nio-8082-exec-5] c.u.security.JwtAuthenticationFilter     : Authenticated userId=401ca9ee-e8c5-4d5d-a03e-eaab4a8a013a for /friends/search-by-phone
2026-06-02T09:18:26.324+05:30  INFO 4800 --- [user-service] [http-nio-8082-exec-5] c.u.config.RequestLoggingFilter          : ? GET /friends/search-by-phone [IP: 0:0:0:0:0:0:0:1]
2026-06-02T09:18:26.343+05:30  INFO 4800 --- [user-service] [http-nio-8082-exec-5] c.u.config.RequestLoggingFilter          : ? GET /friends/search-by-phone | status=200 | 19ms
2026-06-02T09:18:27.191+05:30 DEBUG 4800 --- [user-service] [http-nio-8082-exec-7] c.u.security.JwtAuthenticationFilter     : JWT filter processing: POST /friends/add-direct
2026-06-02T09:18:27.194+05:30 DEBUG 4800 --- [user-service] [http-nio-8082-exec-7] c.u.security.JwtAuthenticationFilter     : Authenticated userId=401ca9ee-e8c5-4d5d-a03e-eaab4a8a013a for /friends/add-direct
2026-06-02T09:18:27.194+05:30  INFO 4800 --- [user-service] [http-nio-8082-exec-7] c.u.config.RequestLoggingFilter          : ? POST /friends/add-direct [IP: 0:0:0:0:0:0:0:1]
2026-06-02T09:18:27.251+05:30  INFO 4800 --- [user-service] [http-nio-8082-exec-7] c.u.config.RequestLoggingFilter          : ? POST /friends/add-direct | status=200 | 57ms
2026-06-02T09:18:27.305+05:30 DEBUG 4800 --- [user-service] [http-nio-8082-exec-3] c.u.security.JwtAuthenticationFilter     : JWT filter processing: GET /friends/search
2026-06-02T09:18:27.311+05:30 DEBUG 4800 --- [user-service] [http-nio-8082-exec-3] c.u.security.JwtAuthenticationFilter     : Authenticated userId=401ca9ee-e8c5-4d5d-a03e-eaab4a8a013a for /friends/search
2026-06-02T09:18:27.311+05:30  INFO 4800 --- [user-service] [http-nio-8082-exec-3] c.u.config.RequestLoggingFilter          : ? GET /friends/search [IP: 0:0:0:0:0:0:0:1]
2026-06-02T09:18:27.356+05:30  INFO 4800 --- [user-service] [http-nio-8082-exec-3] c.u.config.RequestLoggingFilter          : ? GET /friends/search | status=200 | 45ms
2026-06-02T09:18:37.255+05:30 DEBUG 4800 --- [user-service] [http-nio-8082-exec-4] c.u.security.JwtAuthenticationFilter     : JWT filter processing: GET /friends/requests/pending
2026-06-02T09:18:37.260+05:30 DEBUG 4800 --- [user-service] [http-nio-8082-exec-4] c.u.security.JwtAuthenticationFilter     : Authenticated userId=9476f8db-3324-489f-b201-7e3ed48c4aea for /friends/requests/pending
2026-06-02T09:18:37.261+05:30  INFO 4800 --- [user-service] [http-nio-8082-exec-4] c.u.config.RequestLoggingFilter          : ? GET /friends/requests/pending [IP: 0:0:0:0:0:0:0:1]
2026-06-02T09:18:37.266+05:30  INFO 4800 --- [user-service] [http-nio-8082-exec-4] c.u.config.RequestLoggingFilter          : ? GET /friends/requests/pending | status=200 | 5ms
2026-06-02T09:18:37.893+05:30 DEBUG 4800 --- [user-service] [http-nio-8082-exec-10] c.u.security.JwtAuthenticationFilter     : JWT filter processing: GET /friends/requests/pending
2026-06-02T09:18:37.895+05:30 DEBUG 4800 --- [user-service] [http-nio-8082-exec-2] c.u.security.JwtAuthenticationFilter     : JWT filter processing: GET /friends/requests/pending
2026-06-02T09:18:37.896+05:30 DEBUG 4800 --- [user-service] [http-nio-8082-exec-10] c.u.security.JwtAuthenticationFilter     : Authenticated userId=49659a76-f186-415b-9088-7ad17a576c90 for /friends/requests/pending
2026-06-02T09:18:37.898+05:30  INFO 4800 --- [user-service] [http-nio-8082-exec-10] c.u.config.RequestLoggingFilter          : ? GET /friends/requests/pending [IP: 0:0:0:0:0:0:0:1]
2026-06-02T09:18:37.899+05:30 DEBUG 4800 --- [user-service] [http-nio-8082-exec-2] c.u.security.JwtAuthenticationFilter     : Authenticated userId=3bb24a6b-fbd9-47a8-8e19-618ceb79f4b8 for /friends/requests/pending
2026-06-02T09:18:37.900+05:30  INFO 4800 --- [user-service] [http-nio-8082-exec-2] c.u.config.RequestLoggingFilter          : ? GET /friends/requests/pending [IP: 0:0:0:0:0:0:0:1]
2026-06-02T09:18:37.902+05:30  INFO 4800 --- [user-service] [http-nio-8082-exec-10] c.u.config.RequestLoggingFilter          : ? GET /friends/requests/pending | status=200 | 4ms
2026-06-02T09:18:37.904+05:30 DEBUG 4800 --- [user-service] [http-nio-8082-exec-8] c.u.security.JwtAuthenticationFilter     : JWT filter processing: GET /friends/requests/pending
2026-06-02T09:18:37.905+05:30  INFO 4800 --- [user-service] [http-nio-8082-exec-2] c.u.config.RequestLoggingFilter          : ? GET /friends/requests/pending | status=200 | 5ms
2026-06-02T09:18:37.909+05:30 DEBUG 4800 --- [user-service] [http-nio-8082-exec-8] c.u.security.JwtAuthenticationFilter     : Authenticated userId=51d34d5a-40d5-4218-8ae6-d57cebe953bf for /friends/requests/pending
2026-06-02T09:18:37.910+05:30  INFO 4800 --- [user-service] [http-nio-8082-exec-8] c.u.config.RequestLoggingFilter          : ? GET /friends/requests/pending [IP: 0:0:0:0:0:0:0:1]
2026-06-02T09:18:37.916+05:30  INFO 4800 --- [user-service] [http-nio-8082-exec-8] c.u.config.RequestLoggingFilter          : ? GET /friends/requests/pending | status=200 | 6ms
2026-06-02T09:18:53.060+05:30 DEBUG 4800 --- [user-service] [http-nio-8082-exec-1] c.u.security.JwtAuthenticationFilter     : JWT filter processing: GET /friends/requests/pending
2026-06-02T09:18:53.082+05:30 DEBUG 4800 --- [user-service] [http-nio-8082-exec-1] c.u.security.JwtAuthenticationFilter     : Authenticated userId=401ca9ee-e8c5-4d5d-a03e-eaab4a8a013a for /friends/requests/pending
2026-06-02T09:18:53.086+05:30  INFO 4800 --- [user-service] [http-nio-8082-exec-1] c.u.config.RequestLoggingFilter          : ? GET /friends/requests/pending [IP: 0:0:0:0:0:0:0:1]
2026-06-02T09:18:53.093+05:30  INFO 4800 --- [user-service] [http-nio-8082-exec-1] c.u.config.RequestLoggingFilter          : ? GET /friends/requests/pending | status=200 | 7ms
2026-06-02T09:19:05.328+05:30 DEBUG 4800 --- [user-service] [http-nio-8082-exec-6] c.u.security.JwtAuthenticationFilter     : JWT filter processing: GET /friends/search-by-phone
2026-06-02T09:19:05.331+05:30 DEBUG 4800 --- [user-service] [http-nio-8082-exec-6] c.u.security.JwtAuthenticationFilter     : Authenticated userId=401ca9ee-e8c5-4d5d-a03e-eaab4a8a013a for /friends/search-by-phone
2026-06-02T09:19:05.333+05:30  INFO 4800 --- [user-service] [http-nio-8082-exec-6] c.u.config.RequestLoggingFilter          : ? GET /friends/search-by-phone [IP: 0:0:0:0:0:0:0:1]
2026-06-02T09:19:05.350+05:30  INFO 4800 --- [user-service] [http-nio-8082-exec-6] c.u.config.RequestLoggingFilter          : ? GET /friends/search-by-phone | status=200 | 18ms
2026-06-02T09:19:06.226+05:30 DEBUG 4800 --- [user-service] [http-nio-8082-exec-9] c.u.security.JwtAuthenticationFilter     : JWT filter processing: POST /friends/add-direct
2026-06-02T09:19:06.236+05:30 DEBUG 4800 --- [user-service] [http-nio-8082-exec-9] c.u.security.JwtAuthenticationFilter     : Authenticated userId=401ca9ee-e8c5-4d5d-a03e-eaab4a8a013a for /friends/add-direct
2026-06-02T09:19:06.236+05:30  INFO 4800 --- [user-service] [http-nio-8082-exec-9] c.u.config.RequestLoggingFilter          : ? POST /friends/add-direct [IP: 0:0:0:0:0:0:0:1]
2026-06-02T09:19:06.471+05:30  INFO 4800 --- [user-service] [http-nio-8082-exec-9] c.u.config.RequestLoggingFilter          : ? POST /friends/add-direct | status=200 | 235ms
2026-06-02T09:19:06.523+05:30 DEBUG 4800 --- [user-service] [http-nio-8082-exec-5] c.u.security.JwtAuthenticationFilter     : JWT filter processing: GET /friends/search
2026-06-02T09:19:06.527+05:30 DEBUG 4800 --- [user-service] [http-nio-8082-exec-5] c.u.security.JwtAuthenticationFilter     : Authenticated userId=401ca9ee-e8c5-4d5d-a03e-eaab4a8a013a for /friends/search
2026-06-02T09:19:06.529+05:30  INFO 4800 --- [user-service] [http-nio-8082-exec-5] c.u.config.RequestLoggingFilter          : ? GET /friends/search [IP: 0:0:0:0:0:0:0:1]
2026-06-02T09:19:06.607+05:30  INFO 4800 --- [user-service] [http-nio-8082-exec-5] c.u.config.RequestLoggingFilter          : ? GET /friends/search | status=200 | 78ms
2026-06-02T09:19:07.491+05:30 DEBUG 4800 --- [user-service] [http-nio-8082-exec-7] c.u.security.JwtAuthenticationFilter     : JWT filter processing: GET /friends/requests/pending
2026-06-02T09:19:07.494+05:30 DEBUG 4800 --- [user-service] [http-nio-8082-exec-7] c.u.security.JwtAuthenticationFilter     : Authenticated userId=51d34d5a-40d5-4218-8ae6-d57cebe953bf for /friends/requests/pending
2026-06-02T09:19:07.494+05:30  INFO 4800 --- [user-service] [http-nio-8082-exec-7] c.u.config.RequestLoggingFilter          : ? GET /friends/requests/pending [IP: 0:0:0:0:0:0:0:1]
2026-06-02T09:19:07.498+05:30  INFO 4800 --- [user-service] [http-nio-8082-exec-7] c.u.config.RequestLoggingFilter          : ? GET /friends/requests/pending | status=200 | 4ms
2026-06-02T09:19:07.890+05:30 DEBUG 4800 --- [user-service] [http-nio-8082-exec-3] c.u.security.JwtAuthenticationFilter     : JWT filter processing: GET /friends/requests/pending
2026-06-02T09:19:07.893+05:30 DEBUG 4800 --- [user-service] [http-nio-8082-exec-4] c.u.security.JwtAuthenticationFilter     : JWT filter processing: GET /friends/requests/pending
2026-06-02T09:19:07.893+05:30 DEBUG 4800 --- [user-service] [http-nio-8082-exec-3] c.u.security.JwtAuthenticationFilter     : Authenticated userId=49659a76-f186-415b-9088-7ad17a576c90 for /friends/requests/pending
2026-06-02T09:19:07.894+05:30  INFO 4800 --- [user-service] [http-nio-8082-exec-3] c.u.config.RequestLoggingFilter          : ? GET /friends/requests/pending [IP: 0:0:0:0:0:0:0:1]
2026-06-02T09:19:07.896+05:30 DEBUG 4800 --- [user-service] [http-nio-8082-exec-10] c.u.security.JwtAuthenticationFilter     : JWT filter processing: GET /friends/requests/pending
2026-06-02T09:19:07.896+05:30 DEBUG 4800 --- [user-service] [http-nio-8082-exec-4] c.u.security.JwtAuthenticationFilter     : Authenticated userId=9476f8db-3324-489f-b201-7e3ed48c4aea for /friends/requests/pending
2026-06-02T09:19:07.897+05:30  INFO 4800 --- [user-service] [http-nio-8082-exec-4] c.u.config.RequestLoggingFilter          : ? GET /friends/requests/pending [IP: 0:0:0:0:0:0:0:1]
2026-06-02T09:19:07.898+05:30  INFO 4800 --- [user-service] [http-nio-8082-exec-3] c.u.config.RequestLoggingFilter          : ? GET /friends/requests/pending | status=200 | 4ms
2026-06-02T09:19:07.899+05:30 DEBUG 4800 --- [user-service] [http-nio-8082-exec-10] c.u.security.JwtAuthenticationFilter     : Authenticated userId=3bb24a6b-fbd9-47a8-8e19-618ceb79f4b8 for /friends/requests/pending
2026-06-02T09:19:07.901+05:30  INFO 4800 --- [user-service] [http-nio-8082-exec-10] c.u.config.RequestLoggingFilter          : ? GET /friends/requests/pending [IP: 0:0:0:0:0:0:0:1]
2026-06-02T09:19:07.902+05:30  INFO 4800 --- [user-service] [http-nio-8082-exec-4] c.u.config.RequestLoggingFilter          : ? GET /friends/requests/pending | status=200 | 5ms
2026-06-02T09:19:07.907+05:30  INFO 4800 --- [user-service] [http-nio-8082-exec-10] c.u.config.RequestLoggingFilter          : ? GET /friends/requests/pending | status=200 | 6ms
2026-06-02T09:19:22.973+05:30 DEBUG 4800 --- [user-service] [http-nio-8082-exec-2] c.u.security.JwtAuthenticationFilter     : JWT filter processing: GET /friends/requests/pending
2026-06-02T09:19:22.982+05:30 DEBUG 4800 --- [user-service] [http-nio-8082-exec-2] c.u.security.JwtAuthenticationFilter     : Authenticated userId=401ca9ee-e8c5-4d5d-a03e-eaab4a8a013a for /friends/requests/pending
2026-06-02T09:19:22.983+05:30  INFO 4800 --- [user-service] [http-nio-8082-exec-2] c.u.config.RequestLoggingFilter          : ? GET /friends/requests/pending [IP: 0:0:0:0:0:0:0:1]
2026-06-02T09:19:22.987+05:30  INFO 4800 --- [user-service] [http-nio-8082-exec-2] c.u.config.RequestLoggingFilter          : ? GET /friends/requests/pending | status=200 | 4ms
2026-06-02T09:19:37.493+05:30 DEBUG 4800 --- [user-service] [http-nio-8082-exec-8] c.u.security.JwtAuthenticationFilter     : JWT filter processing: GET /friends/requests/pending
2026-06-02T09:19:37.497+05:30 DEBUG 4800 --- [user-service] [http-nio-8082-exec-8] c.u.security.JwtAuthenticationFilter     : Authenticated userId=51d34d5a-40d5-4218-8ae6-d57cebe953bf for /friends/requests/pending
2026-06-02T09:19:37.497+05:30  INFO 4800 --- [user-service] [http-nio-8082-exec-8] c.u.config.RequestLoggingFilter          : ? GET /friends/requests/pending [IP: 0:0:0:0:0:0:0:1]
2026-06-02T09:19:37.499+05:30  INFO 4800 --- [user-service] [http-nio-8082-exec-8] c.u.config.RequestLoggingFilter          : ? GET /friends/requests/pending | status=200 | 2ms
2026-06-02T09:19:37.877+05:30 DEBUG 4800 --- [user-service] [http-nio-8082-exec-1] c.u.security.JwtAuthenticationFilter     : JWT filter processing: GET /friends/requests/pending
2026-06-02T09:19:37.880+05:30 DEBUG 4800 --- [user-service] [http-nio-8082-exec-1] c.u.security.JwtAuthenticationFilter     : Authenticated userId=9476f8db-3324-489f-b201-7e3ed48c4aea for /friends/requests/pending
2026-06-02T09:19:37.881+05:30  INFO 4800 --- [user-service] [http-nio-8082-exec-1] c.u.config.RequestLoggingFilter          : ? GET /friends/requests/pending [IP: 0:0:0:0:0:0:0:1]
2026-06-02T09:19:37.881+05:30 DEBUG 4800 --- [user-service] [http-nio-8082-exec-6] c.u.security.JwtAuthenticationFilter     : JWT filter processing: GET /friends/requests/pending
2026-06-02T09:19:37.884+05:30  INFO 4800 --- [user-service] [http-nio-8082-exec-1] c.u.config.RequestLoggingFilter          : ? GET /friends/requests/pending | status=200 | 3ms
2026-06-02T09:19:37.885+05:30 DEBUG 4800 --- [user-service] [http-nio-8082-exec-6] c.u.security.JwtAuthenticationFilter     : Authenticated userId=3bb24a6b-fbd9-47a8-8e19-618ceb79f4b8 for /friends/requests/pending
2026-06-02T09:19:37.886+05:30  INFO 4800 --- [user-service] [http-nio-8082-exec-6] c.u.config.RequestLoggingFilter          : ? GET /friends/requests/pending [IP: 0:0:0:0:0:0:0:1]
2026-06-02T09:19:37.890+05:30  INFO 4800 --- [user-service] [http-nio-8082-exec-6] c.u.config.RequestLoggingFilter          : ? GET /friends/requests/pending | status=200 | 5ms
2026-06-02T09:19:41.877+05:30 DEBUG 4800 --- [user-service] [http-nio-8082-exec-9] c.u.security.JwtAuthenticationFilter     : JWT filter processing: GET /friends/requests/pending
2026-06-02T09:19:41.883+05:30 DEBUG 4800 --- [user-service] [http-nio-8082-exec-9] c.u.security.JwtAuthenticationFilter     : Authenticated userId=49659a76-f186-415b-9088-7ad17a576c90 for /friends/requests/pending
2026-06-02T09:19:41.884+05:30  INFO 4800 --- [user-service] [http-nio-8082-exec-9] c.u.config.RequestLoggingFilter          : ? GET /friends/requests/pending [IP: 0:0:0:0:0:0:0:1]
2026-06-02T09:19:41.891+05:30  INFO 4800 --- [user-service] [http-nio-8082-exec-9] c.u.config.RequestLoggingFilter          : ? GET /friends/requests/pending | status=200 | 7ms
2026-06-02T09:19:52.974+05:30 DEBUG 4800 --- [user-service] [http-nio-8082-exec-5] c.u.security.JwtAuthenticationFilter     : JWT filter processing: GET /friends/requests/pending
2026-06-02T09:19:52.979+05:30 DEBUG 4800 --- [user-service] [http-nio-8082-exec-5] c.u.security.JwtAuthenticationFilter     : Authenticated userId=401ca9ee-e8c5-4d5d-a03e-eaab4a8a013a for /friends/requests/pending
2026-06-02T09:19:52.980+05:30  INFO 4800 --- [user-service] [http-nio-8082-exec-5] c.u.config.RequestLoggingFilter          : ? GET /friends/requests/pending [IP: 0:0:0:0:0:0:0:1]
2026-06-02T09:19:52.987+05:30  INFO 4800 --- [user-service] [http-nio-8082-exec-5] c.u.config.RequestLoggingFilter          : ? GET /friends/requests/pending | status=200 | 7ms
2026-06-02T09:19:59.241+05:30 DEBUG 4800 --- [user-service] [http-nio-8082-exec-7] c.u.security.JwtAuthenticationFilter     : JWT filter processing: GET /friends/search-by-phone
2026-06-02T09:19:59.243+05:30 DEBUG 4800 --- [user-service] [http-nio-8082-exec-7] c.u.security.JwtAuthenticationFilter     : Authenticated userId=401ca9ee-e8c5-4d5d-a03e-eaab4a8a013a for /friends/search-by-phone
2026-06-02T09:19:59.243+05:30  INFO 4800 --- [user-service] [http-nio-8082-exec-7] c.u.config.RequestLoggingFilter          : ? GET /friends/search-by-phone [IP: 0:0:0:0:0:0:0:1]
2026-06-02T09:19:59.269+05:30  INFO 4800 --- [user-service] [http-nio-8082-exec-7] c.u.config.RequestLoggingFilter          : ? GET /friends/search-by-phone | status=200 | 26ms
2026-06-02T09:19:59.971+05:30 DEBUG 4800 --- [user-service] [http-nio-8082-exec-3] c.u.security.JwtAuthenticationFilter     : JWT filter processing: POST /friends/add-direct
2026-06-02T09:19:59.971+05:30 DEBUG 4800 --- [user-service] [http-nio-8082-exec-3] c.u.security.JwtAuthenticationFilter     : Authenticated userId=401ca9ee-e8c5-4d5d-a03e-eaab4a8a013a for /friends/add-direct
2026-06-02T09:19:59.974+05:30  INFO 4800 --- [user-service] [http-nio-8082-exec-3] c.u.config.RequestLoggingFilter          : ? POST /friends/add-direct [IP: 0:0:0:0:0:0:0:1]
2026-06-02T09:20:00.049+05:30  INFO 4800 --- [user-service] [http-nio-8082-exec-3] c.u.config.RequestLoggingFilter          : ? POST /friends/add-direct | status=200 | 75ms
2026-06-02T09:20:00.124+05:30 DEBUG 4800 --- [user-service] [http-nio-8082-exec-4] c.u.security.JwtAuthenticationFilter     : JWT filter processing: GET /friends/search
2026-06-02T09:20:00.127+05:30 DEBUG 4800 --- [user-service] [http-nio-8082-exec-4] c.u.security.JwtAuthenticationFilter     : Authenticated userId=401ca9ee-e8c5-4d5d-a03e-eaab4a8a013a for /friends/search
2026-06-02T09:20:00.127+05:30  INFO 4800 --- [user-service] [http-nio-8082-exec-4] c.u.config.RequestLoggingFilter          : ? GET /friends/search [IP: 0:0:0:0:0:0:0:1]
2026-06-02T09:20:00.224+05:30  INFO 4800 --- [user-service] [http-nio-8082-exec-4] c.u.config.RequestLoggingFilter          : ? GET /friends/search | status=200 | 97ms
2026-06-02T09:20:07.238+05:30 DEBUG 4800 --- [user-service] [http-nio-8082-exec-10] c.u.security.JwtAuthenticationFilter     : JWT filter processing: GET /friends/requests/pending
2026-06-02T09:20:07.242+05:30 DEBUG 4800 --- [user-service] [http-nio-8082-exec-10] c.u.security.JwtAuthenticationFilter     : Authenticated userId=3bb24a6b-fbd9-47a8-8e19-618ceb79f4b8 for /friends/requests/pending
2026-06-02T09:20:07.242+05:30  INFO 4800 --- [user-service] [http-nio-8082-exec-10] c.u.config.RequestLoggingFilter          : ? GET /friends/requests/pending [IP: 0:0:0:0:0:0:0:1]
2026-06-02T09:20:07.245+05:30  INFO 4800 --- [user-service] [http-nio-8082-exec-10] c.u.config.RequestLoggingFilter          : ? GET /friends/requests/pending | status=200 | 3ms
2026-06-02T09:20:07.876+05:30 DEBUG 4800 --- [user-service] [http-nio-8082-exec-2] c.u.security.JwtAuthenticationFilter     : JWT filter processing: GET /friends/requests/pending
2026-06-02T09:20:07.880+05:30 DEBUG 4800 --- [user-service] [http-nio-8082-exec-8] c.u.security.JwtAuthenticationFilter     : JWT filter processing: GET /friends/requests/pending
2026-06-02T09:20:07.880+05:30 DEBUG 4800 --- [user-service] [http-nio-8082-exec-2] c.u.security.JwtAuthenticationFilter     : Authenticated userId=9476f8db-3324-489f-b201-7e3ed48c4aea for /friends/requests/pending
2026-06-02T09:20:07.881+05:30  INFO 4800 --- [user-service] [http-nio-8082-exec-2] c.u.config.RequestLoggingFilter          : ? GET /friends/requests/pending [IP: 0:0:0:0:0:0:0:1]
2026-06-02T09:20:07.885+05:30 DEBUG 4800 --- [user-service] [http-nio-8082-exec-8] c.u.security.JwtAuthenticationFilter     : Authenticated userId=51d34d5a-40d5-4218-8ae6-d57cebe953bf for /friends/requests/pending
2026-06-02T09:20:07.885+05:30  INFO 4800 --- [user-service] [http-nio-8082-exec-2] c.u.config.RequestLoggingFilter          : ? GET /friends/requests/pending | status=200 | 4ms
2026-06-02T09:20:07.885+05:30  INFO 4800 --- [user-service] [http-nio-8082-exec-8] c.u.config.RequestLoggingFilter          : ? GET /friends/requests/pending [IP: 0:0:0:0:0:0:0:1]
2026-06-02T09:20:07.890+05:30  INFO 4800 --- [user-service] [http-nio-8082-exec-8] c.u.config.RequestLoggingFilter          : ? GET /friends/requests/pending | status=200 | 5ms
2026-06-02T09:20:22.979+05:30 DEBUG 4800 --- [user-service] [http-nio-8082-exec-1] c.u.security.JwtAuthenticationFilter     : JWT filter processing: GET /friends/requests/pending
2026-06-02T09:20:22.982+05:30 DEBUG 4800 --- [user-service] [http-nio-8082-exec-1] c.u.security.JwtAuthenticationFilter     : Authenticated userId=401ca9ee-e8c5-4d5d-a03e-eaab4a8a013a for /friends/requests/pending
2026-06-02T09:20:22.983+05:30  INFO 4800 --- [user-service] [http-nio-8082-exec-1] c.u.config.RequestLoggingFilter          : ? GET /friends/requests/pending [IP: 0:0:0:0:0:0:0:1]
2026-06-02T09:20:22.986+05:30  INFO 4800 --- [user-service] [http-nio-8082-exec-1] c.u.config.RequestLoggingFilter          : ? GET /friends/requests/pending | status=200 | 3ms
2026-06-02T09:20:23.614+05:30  INFO 4800 --- [user-service] [AsyncResolver-bootstrap-executor-0] c.n.d.s.r.aws.ConfigClusterResolver      : Resolving eureka endpoints via configuration
2026-06-02T09:20:30.944+05:30 DEBUG 4800 --- [user-service] [http-nio-8082-exec-6] c.u.security.JwtAuthenticationFilter     : JWT filter processing: GET /friends/requests/pending
2026-06-02T09:20:30.952+05:30 DEBUG 4800 --- [user-service] [http-nio-8082-exec-6] c.u.security.JwtAuthenticationFilter     : Authenticated userId=49659a76-f186-415b-9088-7ad17a576c90 for /friends/requests/pending
2026-06-02T09:20:30.953+05:30  INFO 4800 --- [user-service] [http-nio-8082-exec-6] c.u.config.RequestLoggingFilter          : ? GET /friends/requests/pending [IP: 0:0:0:0:0:0:0:1]
2026-06-02T09:20:30.960+05:30  INFO 4800 --- [user-service] [http-nio-8082-exec-6] c.u.config.RequestLoggingFilter          : ? GET /friends/requests/pending | status=200 | 7ms
2026-06-02T09:20:37.251+05:30 DEBUG 4800 --- [user-service] [http-nio-8082-exec-9] c.u.security.JwtAuthenticationFilter     : JWT filter processing: GET /friends/requests/pending
2026-06-02T09:20:37.255+05:30 DEBUG 4800 --- [user-service] [http-nio-8082-exec-9] c.u.security.JwtAuthenticationFilter     : Authenticated userId=49659a76-f186-415b-9088-7ad17a576c90 for /friends/requests/pending
2026-06-02T09:20:37.256+05:30  INFO 4800 --- [user-service] [http-nio-8082-exec-9] c.u.config.RequestLoggingFilter          : ? GET /friends/requests/pending [IP: 0:0:0:0:0:0:0:1]
2026-06-02T09:20:37.264+05:30  INFO 4800 --- [user-service] [http-nio-8082-exec-9] c.u.config.RequestLoggingFilter          : ? GET /friends/requests/pending | status=200 | 8ms
2026-06-02T09:20:37.891+05:30 DEBUG 4800 --- [user-service] [http-nio-8082-exec-5] c.u.security.JwtAuthenticationFilter     : JWT filter processing: GET /friends/requests/pending
2026-06-02T09:20:37.894+05:30 DEBUG 4800 --- [user-service] [http-nio-8082-exec-7] c.u.security.JwtAuthenticationFilter     : JWT filter processing: GET /friends/requests/pending
2026-06-02T09:20:37.895+05:30 DEBUG 4800 --- [user-service] [http-nio-8082-exec-5] c.u.security.JwtAuthenticationFilter     : Authenticated userId=3bb24a6b-fbd9-47a8-8e19-618ceb79f4b8 for /friends/requests/pending
2026-06-02T09:20:37.895+05:30  INFO 4800 --- [user-service] [http-nio-8082-exec-5] c.u.config.RequestLoggingFilter          : ? GET /friends/requests/pending [IP: 0:0:0:0:0:0:0:1]
2026-06-02T09:20:37.905+05:30 DEBUG 4800 --- [user-service] [http-nio-8082-exec-7] c.u.security.JwtAuthenticationFilter     : Authenticated userId=9476f8db-3324-489f-b201-7e3ed48c4aea for /friends/requests/pending
2026-06-02T09:20:37.906+05:30 DEBUG 4800 --- [user-service] [http-nio-8082-exec-3] c.u.security.JwtAuthenticationFilter     : JWT filter processing: GET /friends/requests/pending
2026-06-02T09:20:37.906+05:30  INFO 4800 --- [user-service] [http-nio-8082-exec-7] c.u.config.RequestLoggingFilter          : ? GET /friends/requests/pending [IP: 0:0:0:0:0:0:0:1]
2026-06-02T09:20:37.906+05:30  INFO 4800 --- [user-service] [http-nio-8082-exec-5] c.u.config.RequestLoggingFilter          : ? GET /friends/requests/pending | status=200 | 11ms
2026-06-02T09:20:37.911+05:30  INFO 4800 --- [user-service] [http-nio-8082-exec-7] c.u.config.RequestLoggingFilter          : ? GET /friends/requests/pending | status=200 | 5ms
2026-06-02T09:20:37.914+05:30 DEBUG 4800 --- [user-service] [http-nio-8082-exec-3] c.u.security.JwtAuthenticationFilter     : Authenticated userId=51d34d5a-40d5-4218-8ae6-d57cebe953bf for /friends/requests/pending
2026-06-02T09:20:37.916+05:30  INFO 4800 --- [user-service] [http-nio-8082-exec-3] c.u.config.RequestLoggingFilter          : ? GET /friends/requests/pending [IP: 0:0:0:0:0:0:0:1]
2026-06-02T09:20:37.930+05:30  INFO 4800 --- [user-service] [http-nio-8082-exec-3] c.u.config.RequestLoggingFilter          : ? GET /friends/requests/pending | status=200 | 13ms
2026-06-02T09:20:38.318+05:30 DEBUG 4800 --- [user-service] [http-nio-8082-exec-4] c.u.security.JwtAuthenticationFilter     : JWT filter processing: GET /friends/search-by-phone
2026-06-02T09:20:38.320+05:30 DEBUG 4800 --- [user-service] [http-nio-8082-exec-4] c.u.security.JwtAuthenticationFilter     : Authenticated userId=401ca9ee-e8c5-4d5d-a03e-eaab4a8a013a for /friends/search-by-phone
2026-06-02T09:20:38.320+05:30  INFO 4800 --- [user-service] [http-nio-8082-exec-4] c.u.config.RequestLoggingFilter          : ? GET /friends/search-by-phone [IP: 0:0:0:0:0:0:0:1]
2026-06-02T09:20:38.337+05:30  INFO 4800 --- [user-service] [http-nio-8082-exec-4] c.u.config.RequestLoggingFilter          : ? GET /friends/search-by-phone | status=200 | 17ms
2026-06-02T09:20:39.120+05:30 DEBUG 4800 --- [user-service] [http-nio-8082-exec-10] c.u.security.JwtAuthenticationFilter     : JWT filter processing: POST /friends/add-direct
2026-06-02T09:20:39.125+05:30 DEBUG 4800 --- [user-service] [http-nio-8082-exec-10] c.u.security.JwtAuthenticationFilter     : Authenticated userId=401ca9ee-e8c5-4d5d-a03e-eaab4a8a013a for /friends/add-direct
2026-06-02T09:20:39.126+05:30  INFO 4800 --- [user-service] [http-nio-8082-exec-10] c.u.config.RequestLoggingFilter          : ? POST /friends/add-direct [IP: 0:0:0:0:0:0:0:1]
2026-06-02T09:20:39.190+05:30  INFO 4800 --- [user-service] [http-nio-8082-exec-10] c.u.config.RequestLoggingFilter          : ? POST /friends/add-direct | status=200 | 64ms
2026-06-02T09:20:39.240+05:30 DEBUG 4800 --- [user-service] [http-nio-8082-exec-2] c.u.security.JwtAuthenticationFilter     : JWT filter processing: GET /friends/search
2026-06-02T09:20:39.243+05:30 DEBUG 4800 --- [user-service] [http-nio-8082-exec-2] c.u.security.JwtAuthenticationFilter     : Authenticated userId=401ca9ee-e8c5-4d5d-a03e-eaab4a8a013a for /friends/search
2026-06-02T09:20:39.244+05:30  INFO 4800 --- [user-service] [http-nio-8082-exec-2] c.u.config.RequestLoggingFilter          : ? GET /friends/search [IP: 0:0:0:0:0:0:0:1]
2026-06-02T09:20:39.491+05:30  INFO 4800 --- [user-service] [http-nio-8082-exec-2] c.u.config.RequestLoggingFilter          : ? GET /friends/search | status=200 | 247ms
2026-06-02T09:20:45.090+05:30 DEBUG 4800 --- [user-service] [http-nio-8082-exec-8] c.u.security.JwtAuthenticationFilter     : JWT filter processing: GET /friends/search
2026-06-02T09:20:45.103+05:30 DEBUG 4800 --- [user-service] [http-nio-8082-exec-1] c.u.security.JwtAuthenticationFilter     : JWT filter processing: GET /friends/requests/pending
2026-06-02T09:20:45.104+05:30 DEBUG 4800 --- [user-service] [http-nio-8082-exec-8] c.u.security.JwtAuthenticationFilter     : Authenticated userId=401ca9ee-e8c5-4d5d-a03e-eaab4a8a013a for /friends/search
2026-06-02T09:20:45.110+05:30  INFO 4800 --- [user-service] [http-nio-8082-exec-8] c.u.config.RequestLoggingFilter          : ? GET /friends/search [IP: 0:0:0:0:0:0:0:1]
2026-06-02T09:20:45.111+05:30 DEBUG 4800 --- [user-service] [http-nio-8082-exec-1] c.u.security.JwtAuthenticationFilter     : Authenticated userId=401ca9ee-e8c5-4d5d-a03e-eaab4a8a013a for /friends/requests/pending
2026-06-02T09:20:45.118+05:30  INFO 4800 --- [user-service] [http-nio-8082-exec-1] c.u.config.RequestLoggingFilter          : ? GET /friends/requests/pending [IP: 0:0:0:0:0:0:0:1]
2026-06-02T09:20:45.135+05:30  INFO 4800 --- [user-service] [http-nio-8082-exec-1] c.u.config.RequestLoggingFilter          : ? GET /friends/requests/pending | status=200 | 17ms
2026-06-02T09:20:45.278+05:30 DEBUG 4800 --- [user-service] [http-nio-8082-exec-6] c.u.security.JwtAuthenticationFilter     : JWT filter processing: GET /friends/requests/pending
2026-06-02T09:20:45.311+05:30 DEBUG 4800 --- [user-service] [http-nio-8082-exec-6] c.u.security.JwtAuthenticationFilter     : Authenticated userId=401ca9ee-e8c5-4d5d-a03e-eaab4a8a013a for /friends/requests/pending
2026-06-02T09:20:45.318+05:30  INFO 4800 --- [user-service] [http-nio-8082-exec-6] c.u.config.RequestLoggingFilter          : ? GET /friends/requests/pending [IP: 0:0:0:0:0:0:0:1]
2026-06-02T09:20:45.413+05:30  INFO 4800 --- [user-service] [http-nio-8082-exec-6] c.u.config.RequestLoggingFilter          : ? GET /friends/requests/pending | status=200 | 95ms
2026-06-02T09:20:45.528+05:30  INFO 4800 --- [user-service] [http-nio-8082-exec-8] c.u.config.RequestLoggingFilter          : ? GET /friends/search | status=200 | 418ms
2026-06-02T09:20:45.606+05:30 DEBUG 4800 --- [user-service] [http-nio-8082-exec-9] c.u.security.JwtAuthenticationFilter     : JWT filter processing: GET /friends/search
2026-06-02T09:20:45.610+05:30 DEBUG 4800 --- [user-service] [http-nio-8082-exec-9] c.u.security.JwtAuthenticationFilter     : Authenticated userId=401ca9ee-e8c5-4d5d-a03e-eaab4a8a013a for /friends/search
2026-06-02T09:20:45.617+05:30  INFO 4800 --- [user-service] [http-nio-8082-exec-9] c.u.config.RequestLoggingFilter          : ? GET /friends/search [IP: 0:0:0:0:0:0:0:1]
2026-06-02T09:20:46.033+05:30  INFO 4800 --- [user-service] [http-nio-8082-exec-9] c.u.config.RequestLoggingFilter          : ? GET /friends/search | status=200 | 417ms
2026-06-02T09:21:07.260+05:30 DEBUG 4800 --- [user-service] [http-nio-8082-exec-5] c.u.security.JwtAuthenticationFilter     : JWT filter processing: GET /friends/requests/pending
2026-06-02T09:21:07.264+05:30 DEBUG 4800 --- [user-service] [http-nio-8082-exec-5] c.u.security.JwtAuthenticationFilter     : Authenticated userId=49659a76-f186-415b-9088-7ad17a576c90 for /friends/requests/pending
2026-06-02T09:21:07.264+05:30  INFO 4800 --- [user-service] [http-nio-8082-exec-5] c.u.config.RequestLoggingFilter          : ? GET /friends/requests/pending [IP: 0:0:0:0:0:0:0:1]
2026-06-02T09:21:07.266+05:30  INFO 4800 --- [user-service] [http-nio-8082-exec-5] c.u.config.RequestLoggingFilter          : ? GET /friends/requests/pending | status=200 | 2ms
2026-06-02T09:21:07.890+05:30 DEBUG 4800 --- [user-service] [http-nio-8082-exec-7] c.u.security.JwtAuthenticationFilter     : JWT filter processing: GET /friends/requests/pending
2026-06-02T09:21:07.894+05:30 DEBUG 4800 --- [user-service] [http-nio-8082-exec-7] c.u.security.JwtAuthenticationFilter     : Authenticated userId=3bb24a6b-fbd9-47a8-8e19-618ceb79f4b8 for /friends/requests/pending
2026-06-02T09:21:07.895+05:30  INFO 4800 --- [user-service] [http-nio-8082-exec-7] c.u.config.RequestLoggingFilter          : ? GET /friends/requests/pending [IP: 0:0:0:0:0:0:0:1]
2026-06-02T09:21:07.899+05:30  INFO 4800 --- [user-service] [http-nio-8082-exec-7] c.u.config.RequestLoggingFilter          : ? GET /friends/requests/pending | status=200 | 4ms
2026-06-02T09:21:07.902+05:30 DEBUG 4800 --- [user-service] [http-nio-8082-exec-3] c.u.security.JwtAuthenticationFilter     : JWT filter processing: GET /friends/requests/pending
2026-06-02T09:21:07.907+05:30 DEBUG 4800 --- [user-service] [http-nio-8082-exec-4] c.u.security.JwtAuthenticationFilter     : JWT filter processing: GET /friends/requests/pending
2026-06-02T09:21:07.909+05:30 DEBUG 4800 --- [user-service] [http-nio-8082-exec-3] c.u.security.JwtAuthenticationFilter     : Authenticated userId=51d34d5a-40d5-4218-8ae6-d57cebe953bf for /friends/requests/pending
2026-06-02T09:21:07.909+05:30  INFO 4800 --- [user-service] [http-nio-8082-exec-3] c.u.config.RequestLoggingFilter          : ? GET /friends/requests/pending [IP: 0:0:0:0:0:0:0:1]
2026-06-02T09:21:07.913+05:30  INFO 4800 --- [user-service] [http-nio-8082-exec-3] c.u.config.RequestLoggingFilter          : ? GET /friends/requests/pending | status=200 | 3ms
2026-06-02T09:21:07.914+05:30 DEBUG 4800 --- [user-service] [http-nio-8082-exec-4] c.u.security.JwtAuthenticationFilter     : Authenticated userId=9476f8db-3324-489f-b201-7e3ed48c4aea for /friends/requests/pending
2026-06-02T09:21:07.914+05:30  INFO 4800 --- [user-service] [http-nio-8082-exec-4] c.u.config.RequestLoggingFilter          : ? GET /friends/requests/pending [IP: 0:0:0:0:0:0:0:1]
2026-06-02T09:21:07.918+05:30  INFO 4800 --- [user-service] [http-nio-8082-exec-4] c.u.config.RequestLoggingFilter          : ? GET /friends/requests/pending | status=200 | 4ms
2026-06-02T09:21:15.039+05:30 DEBUG 4800 --- [user-service] [http-nio-8082-exec-10] c.u.security.JwtAuthenticationFilter     : JWT filter processing: GET /friends/requests/pending
2026-06-02T09:21:15.042+05:30 DEBUG 4800 --- [user-service] [http-nio-8082-exec-10] c.u.security.JwtAuthenticationFilter     : Authenticated userId=401ca9ee-e8c5-4d5d-a03e-eaab4a8a013a for /friends/requests/pending
2026-06-02T09:21:15.043+05:30  INFO 4800 --- [user-service] [http-nio-8082-exec-10] c.u.config.RequestLoggingFilter          : ? GET /friends/requests/pending [IP: 0:0:0:0:0:0:0:1]
2026-06-02T09:21:15.045+05:30  INFO 4800 --- [user-service] [http-nio-8082-exec-10] c.u.config.RequestLoggingFilter          : ? GET /friends/requests/pending | status=200 | 2ms
2026-06-02T09:21:37.243+05:30 DEBUG 4800 --- [user-service] [http-nio-8082-exec-2] c.u.security.JwtAuthenticationFilter     : JWT filter processing: GET /friends/requests/pending
2026-06-02T09:21:37.246+05:30 DEBUG 4800 --- [user-service] [http-nio-8082-exec-2] c.u.security.JwtAuthenticationFilter     : Authenticated userId=3bb24a6b-fbd9-47a8-8e19-618ceb79f4b8 for /friends/requests/pending
2026-06-02T09:21:37.247+05:30  INFO 4800 --- [user-service] [http-nio-8082-exec-2] c.u.config.RequestLoggingFilter          : ? GET /friends/requests/pending [IP: 0:0:0:0:0:0:0:1]
2026-06-02T09:21:37.249+05:30  INFO 4800 --- [user-service] [http-nio-8082-exec-2] c.u.config.RequestLoggingFilter          : ? GET /friends/requests/pending | status=200 | 2ms
2026-06-02T09:21:37.880+05:30 DEBUG 4800 --- [user-service] [http-nio-8082-exec-1] c.u.security.JwtAuthenticationFilter     : JWT filter processing: GET /friends/requests/pending
2026-06-02T09:21:37.883+05:30 DEBUG 4800 --- [user-service] [http-nio-8082-exec-1] c.u.security.JwtAuthenticationFilter     : Authenticated userId=51d34d5a-40d5-4218-8ae6-d57cebe953bf for /friends/requests/pending
2026-06-02T09:21:37.884+05:30  INFO 4800 --- [user-service] [http-nio-8082-exec-1] c.u.config.RequestLoggingFilter          : ? GET /friends/requests/pending [IP: 0:0:0:0:0:0:0:1]
2026-06-02T09:21:37.887+05:30  INFO 4800 --- [user-service] [http-nio-8082-exec-1] c.u.config.RequestLoggingFilter          : ? GET /friends/requests/pending | status=200 | 3ms
2026-06-02T09:21:39.523+05:30 DEBUG 4800 --- [user-service] [http-nio-8082-exec-6] c.u.security.JwtAuthenticationFilter     : JWT filter processing: GET /friends/requests/pending
2026-06-02T09:21:39.528+05:30 DEBUG 4800 --- [user-service] [http-nio-8082-exec-6] c.u.security.JwtAuthenticationFilter     : Authenticated userId=9476f8db-3324-489f-b201-7e3ed48c4aea for /friends/requests/pending
2026-06-02T09:21:39.529+05:30  INFO 4800 --- [user-service] [http-nio-8082-exec-6] c.u.config.RequestLoggingFilter          : ? GET /friends/requests/pending [IP: 0:0:0:0:0:0:0:1]
2026-06-02T09:21:39.532+05:30  INFO 4800 --- [user-service] [http-nio-8082-exec-6] c.u.config.RequestLoggingFilter          : ? GET /friends/requests/pending | status=200 | 3ms
