2026-06-18 09:05:03 [main] INFO  c.authservice.AuthServiceApplication - Starting AuthServiceApplication using Java 17.0.17 with PID 19376 (C:\Users\Administrator\Desktop\Radius-git\Radius\auth-service\target\classes started by Administrator in C:\Users\Administrator\Desktop\Radius-git\Radius\auth-service)
2026-06-18 09:05:03 [main] DEBUG c.authservice.AuthServiceApplication - Running with Spring Boot v3.2.3, Spring v6.1.4
2026-06-18 09:05:03 [main] INFO  c.authservice.AuthServiceApplication - No active profile set, falling back to 1 default profile: "default"
2026-06-18 09:05:05 [main] INFO  o.s.d.r.c.RepositoryConfigurationDelegate - Multiple Spring Data modules found, entering strict repository configuration mode
2026-06-18 09:05:05 [main] INFO  o.s.d.r.c.RepositoryConfigurationDelegate - Bootstrapping Spring Data JPA repositories in DEFAULT mode.
2026-06-18 09:05:05 [main] INFO  o.s.d.r.c.RepositoryConfigurationDelegate - Finished Spring Data repository scanning in 302 ms. Found 1 JPA repository interface.
2026-06-18 09:05:05 [main] INFO  o.s.d.r.c.RepositoryConfigurationDelegate - Multiple Spring Data modules found, entering strict repository configuration mode
2026-06-18 09:05:05 [main] INFO  o.s.d.r.c.RepositoryConfigurationDelegate - Bootstrapping Spring Data Redis repositories in DEFAULT mode.
2026-06-18 09:05:06 [main] INFO  o.s.d.r.c.RepositoryConfigurationExtensionSupport - Spring Data Redis - Could not safely identify store assignment for repository candidate interface com.authservice.repository.UserRepository; If you want this repository to be a Redis repository, consider annotating your entities with one of these annotations: org.springframework.data.redis.core.RedisHash (preferred), or consider extending one of the following types with your repository: org.springframework.data.keyvalue.repository.KeyValueRepository
2026-06-18 09:05:06 [main] INFO  o.s.d.r.c.RepositoryConfigurationDelegate - Finished Spring Data repository scanning in 15 ms. Found 0 Redis repository interfaces.
2026-06-18 09:05:06 [main] INFO  o.s.cloud.context.scope.GenericScope - BeanFactory id=6ffccfd3-490f-301b-a02e-f3858c541321
2026-06-18 09:05:07 [main] WARN  o.s.c.s.PostProcessorRegistrationDelegate$BeanPostProcessorChecker - Bean 'org.springframework.cloud.client.loadbalancer.LoadBalancerAutoConfiguration$DeferringLoadBalancerInterceptorConfig' of type [org.springframework.cloud.client.loadbalancer.LoadBalancerAutoConfiguration$DeferringLoadBalancerInterceptorConfig] is not eligible for getting processed by all BeanPostProcessors (for example: not eligible for auto-proxying). The currently created BeanPostProcessor [lbRestClientPostProcessor] is declared through a non-static factory method on that class; consider declaring it as static instead.
2026-06-18 09:05:07 [main] WARN  o.s.c.s.PostProcessorRegistrationDelegate$BeanPostProcessorChecker - Bean 'deferringLoadBalancerInterceptor' of type [org.springframework.cloud.client.loadbalancer.DeferringLoadBalancerInterceptor] is not eligible for getting processed by all BeanPostProcessors (for example: not eligible for auto-proxying). Is this bean getting eagerly injected into a currently created BeanPostProcessor [lbRestClientPostProcessor]? Check the corresponding BeanPostProcessor declaration and its dependencies.
2026-06-18 09:05:07 [main] INFO  o.s.b.w.e.tomcat.TomcatWebServer - Tomcat initialized with port 8083 (http)
2026-06-18 09:05:07 [main] INFO  o.a.catalina.core.StandardService - Starting service [Tomcat]
2026-06-18 09:05:07 [main] INFO  o.a.catalina.core.StandardEngine - Starting Servlet engine: [Apache Tomcat/10.1.19]
2026-06-18 09:05:08 [main] INFO  o.a.c.c.C.[Tomcat].[localhost].[/] - Initializing Spring embedded WebApplicationContext
2026-06-18 09:05:08 [main] INFO  o.s.b.w.s.c.ServletWebServerApplicationContext - Root WebApplicationContext: initialization completed in 4161 ms
2026-06-18 09:05:08 [main] DEBUG c.a.security.JwtAuthenticationFilter - Filter 'jwtAuthenticationFilter' configured for use
2026-06-18 09:05:08 [main] DEBUG c.a.c.SecurityConfig$GatewayWhitelistFilter - Filter 'securityConfig.GatewayWhitelistFilter' configured for use
2026-06-18 09:05:08 [main] INFO  o.h.jpa.internal.util.LogHelper - HHH000204: Processing PersistenceUnitInfo [name: default]
2026-06-18 09:05:08 [main] INFO  org.hibernate.Version - HHH000412: Hibernate ORM core version 6.4.4.Final
2026-06-18 09:05:08 [main] INFO  o.h.c.i.RegionFactoryInitiator - HHH000026: Second-level cache disabled
2026-06-18 09:05:09 [main] INFO  o.s.o.j.p.SpringPersistenceUnitInfo - No LoadTimeWeaver setup: ignoring JPA class transformer
2026-06-18 09:05:09 [main] INFO  com.zaxxer.hikari.HikariDataSource - HikariPool-1 - Starting...
2026-06-18 09:05:09 [main] INFO  com.zaxxer.hikari.pool.HikariPool - HikariPool-1 - Added connection org.postgresql.jdbc.PgConnection@1cdd31a4
2026-06-18 09:05:09 [main] INFO  com.zaxxer.hikari.HikariDataSource - HikariPool-1 - Start completed.
2026-06-18 09:05:09 [main] WARN  org.hibernate.orm.deprecation - HHH90000025: PostgreSQLDialect does not need to be specified explicitly using 'hibernate.dialect' (remove the property setting and it will be selected by default)
2026-06-18 09:05:12 [main] INFO  o.h.e.t.j.p.i.JtaPlatformInitiator - HHH000489: No JTA platform available (set 'hibernate.transaction.jta.platform' to enable JTA platform integration)
2026-06-18 09:05:12 [main] INFO  o.s.o.j.LocalContainerEntityManagerFactoryBean - Initialized JPA EntityManagerFactory for persistence unit 'default'
2026-06-18 09:05:14 [main] WARN  o.s.b.a.o.j.JpaBaseConfiguration$JpaWebConfiguration - spring.jpa.open-in-view is enabled by default. Therefore, database queries may be performed during view rendering. Explicitly configure spring.jpa.open-in-view to disable this warning
2026-06-18 09:05:17 [main] INFO  o.s.c.n.e.c.DiscoveryClientOptionalArgsConfiguration - Eureka HTTP Client uses RestTemplate.
2026-06-18 09:05:17 [main] WARN  o.s.c.l.c.LoadBalancerCacheAutoConfiguration$LoadBalancerCaffeineWarnLogger - Spring Cloud LoadBalancer is currently working with the default cache. While this cache implementation is useful for development and tests, it's recommended to use Caffeine cache in production.You can switch to using Caffeine cache, by adding it and org.springframework.cache.caffeine.CaffeineCacheManager to the classpath.
2026-06-18 09:05:17 [main] INFO  o.s.c.n.eureka.InstanceInfoFactory - Setting initial instance status as: STARTING
2026-06-18 09:05:17 [main] INFO  c.netflix.discovery.DiscoveryClient - Initializing Eureka in region us-east-1
2026-06-18 09:05:17 [main] INFO  c.n.d.s.r.aws.ConfigClusterResolver - Resolving eureka endpoints via configuration
2026-06-18 09:05:17 [main] INFO  c.netflix.discovery.DiscoveryClient - Disable delta property : false
2026-06-18 09:05:17 [main] INFO  c.netflix.discovery.DiscoveryClient - Single vip registry refresh property : null
2026-06-18 09:05:17 [main] INFO  c.netflix.discovery.DiscoveryClient - Force full registry fetch : false
2026-06-18 09:05:17 [main] INFO  c.netflix.discovery.DiscoveryClient - Application is null : false
2026-06-18 09:05:17 [main] INFO  c.netflix.discovery.DiscoveryClient - Registered Applications size is zero : true
2026-06-18 09:05:17 [main] INFO  c.netflix.discovery.DiscoveryClient - Application version is -1: true
2026-06-18 09:05:17 [main] INFO  c.netflix.discovery.DiscoveryClient - Getting all instance registry info from the eureka server
2026-06-18 09:05:18 [main] INFO  c.netflix.discovery.DiscoveryClient - The response status is 200
2026-06-18 09:05:18 [main] INFO  c.netflix.discovery.DiscoveryClient - Starting heartbeat executor: renew interval is: 30
2026-06-18 09:05:18 [main] INFO  c.n.discovery.InstanceInfoReplicator - InstanceInfoReplicator onDemand update allowed rate per min is 4
2026-06-18 09:05:18 [main] INFO  c.netflix.discovery.DiscoveryClient - Discovery Client initialized at timestamp 1781753718109 with initial instances count: 1
2026-06-18 09:05:18 [main] INFO  o.s.c.n.e.s.EurekaServiceRegistry - Registering application AUTH-SERVICE with eureka with status UP
2026-06-18 09:05:18 [main] INFO  c.netflix.discovery.DiscoveryClient - Saw local status change event StatusChangeEvent [timestamp=1781753718150, current=UP, previous=STARTING]
2026-06-18 09:05:18 [DiscoveryClient-InstanceInfoReplicator-0] INFO  c.netflix.discovery.DiscoveryClient - DiscoveryClient_AUTH-SERVICE/WIN-26J4SRU1QMI:auth-service:8083: registering service...
2026-06-18 09:05:18 [main] INFO  o.s.b.w.e.tomcat.TomcatWebServer - Tomcat started on port 8083 (http) with context path ''
2026-06-18 09:05:18 [main] INFO  o.s.c.n.e.s.EurekaAutoServiceRegistration - Updating port to 8083
2026-06-18 09:05:18 [DiscoveryClient-InstanceInfoReplicator-0] INFO  c.netflix.discovery.DiscoveryClient - DiscoveryClient_AUTH-SERVICE/WIN-26J4SRU1QMI:auth-service:8083 - registration status: 204
2026-06-18 09:05:18 [main] INFO  o.s.m.s.b.SimpleBrokerMessageHandler - Starting...
2026-06-18 09:05:18 [main] INFO  o.s.m.s.b.SimpleBrokerMessageHandler - BrokerAvailabilityEvent[available=true, SimpleBrokerMessageHandler [org.springframework.messaging.simp.broker.DefaultSubscriptionRegistry@382e7f70]]
2026-06-18 09:05:18 [main] INFO  o.s.m.s.b.SimpleBrokerMessageHandler - Started.
2026-06-18 09:05:18 [main] INFO  c.authservice.AuthServiceApplication - Started AuthServiceApplication in 15.725 seconds (process running for 16.377)
2026-06-18 09:06:17 [MessageBroker-1] INFO  o.s.w.s.c.WebSocketMessageBrokerStats - WebSocketSession[0 current WS(0)-HttpStream(0)-HttpPoll(0), 0 total, 0 closed abnormally (0 connect failure, 0 send limit, 0 transport error)], stompSubProtocol[processed CONNECT(0)-CONNECTED(0)-DISCONNECT(0)], stompBrokerRelay[null], inboundChannel[pool size = 0, active threads = 0, queued tasks = 0, completed tasks = 0], outboundChannel[pool size = 0, active threads = 0, queued tasks = 0, completed tasks = 0], sockJsScheduler[pool size = 1, active threads = 1, queued tasks = 0, completed tasks = 0]
2026-06-18 09:10:17 [AsyncResolver-bootstrap-executor-0] INFO  c.n.d.s.r.aws.ConfigClusterResolver - Resolving eureka endpoints via configuration
2026-06-18 09:15:17 [AsyncResolver-bootstrap-executor-0] INFO  c.n.d.s.r.aws.ConfigClusterResolver - Resolving eureka endpoints via configuration
2026-06-18 09:20:17 [AsyncResolver-bootstrap-executor-0] INFO  c.n.d.s.r.aws.ConfigClusterResolver - Resolving eureka endpoints via configuration
2026-06-18 09:25:17 [AsyncResolver-bootstrap-executor-0] INFO  c.n.d.s.r.aws.ConfigClusterResolver - Resolving eureka endpoints via configuration
2026-06-18 09:30:17 [AsyncResolver-bootstrap-executor-0] INFO  c.n.d.s.r.aws.ConfigClusterResolver - Resolving eureka endpoints via configuration
2026-06-18 09:35:17 [AsyncResolver-bootstrap-executor-0] INFO  c.n.d.s.r.aws.ConfigClusterResolver - Resolving eureka endpoints via configuration
2026-06-18 09:36:17 [MessageBroker-1] INFO  o.s.w.s.c.WebSocketMessageBrokerStats - WebSocketSession[0 current WS(0)-HttpStream(0)-HttpPoll(0), 0 total, 0 closed abnormally (0 connect failure, 0 send limit, 0 transport error)], stompSubProtocol[processed CONNECT(0)-CONNECTED(0)-DISCONNECT(0)], stompBrokerRelay[null], inboundChannel[pool size = 0, active threads = 0, queued tasks = 0, completed tasks = 0], outboundChannel[pool size = 0, active threads = 0, queued tasks = 0, completed tasks = 0], sockJsScheduler[pool size = 2, active threads = 1, queued tasks = 0, completed tasks = 1]
2026-06-18 09:40:17 [AsyncResolver-bootstrap-executor-0] INFO  c.n.d.s.r.aws.ConfigClusterResolver - Resolving eureka endpoints via configuration
2026-06-18 09:45:17 [AsyncResolver-bootstrap-executor-0] INFO  c.n.d.s.r.aws.ConfigClusterResolver - Resolving eureka endpoints via configuration
2026-06-18 09:46:13 [SpringApplicationShutdownHook] INFO  o.s.c.n.e.s.EurekaServiceRegistry - Unregistering application AUTH-SERVICE with eureka with status DOWN
2026-06-18 09:46:13 [SpringApplicationShutdownHook] INFO  c.netflix.discovery.DiscoveryClient - Saw local status change event StatusChangeEvent [timestamp=1781756173495, current=DOWN, previous=UP]
2026-06-18 09:46:13 [DiscoveryClient-InstanceInfoReplicator-0] INFO  c.netflix.discovery.DiscoveryClient - DiscoveryClient_AUTH-SERVICE/WIN-26J4SRU1QMI:auth-service:8083: registering service...
2026-06-18 09:46:13 [SpringApplicationShutdownHook] INFO  o.s.m.s.b.SimpleBrokerMessageHandler - Stopping...
2026-06-18 09:46:13 [SpringApplicationShutdownHook] INFO  o.s.m.s.b.SimpleBrokerMessageHandler - BrokerAvailabilityEvent[available=false, SimpleBrokerMessageHandler [org.springframework.messaging.simp.broker.DefaultSubscriptionRegistry@382e7f70]]
2026-06-18 09:46:13 [SpringApplicationShutdownHook] INFO  o.s.m.s.b.SimpleBrokerMessageHandler - Stopped.
2026-06-18 09:46:13 [DiscoveryClient-InstanceInfoReplicator-0] INFO  c.netflix.discovery.DiscoveryClient - DiscoveryClient_AUTH-SERVICE/WIN-26J4SRU1QMI:auth-service:8083 - registration status: 204
2026-06-18 09:46:13 [SpringApplicationShutdownHook] INFO  o.s.o.j.LocalContainerEntityManagerFactoryBean - Closing JPA EntityManagerFactory for persistence unit 'default'
2026-06-18 09:46:13 [SpringApplicationShutdownHook] INFO  com.zaxxer.hikari.HikariDataSource - HikariPool-1 - Shutdown initiated...
2026-06-18 09:46:13 [SpringApplicationShutdownHook] INFO  com.zaxxer.hikari.HikariDataSource - HikariPool-1 - Shutdown completed.
2026-06-18 09:46:13 [SpringApplicationShutdownHook] INFO  c.netflix.discovery.DiscoveryClient - Shutting down DiscoveryClient ...
2026-06-18 09:46:16 [SpringApplicationShutdownHook] INFO  c.netflix.discovery.DiscoveryClient - Unregistering ...
2026-06-18 09:46:16 [SpringApplicationShutdownHook] INFO  c.n.d.s.t.d.RedirectingEurekaHttpClient - Request execution error. endpoint=DefaultEndpoint{ serviceUrl='http://localhost:8761/eureka/} exception=Connection pool shut down stacktrace=java.lang.IllegalStateException: Connection pool shut down
	at org.apache.hc.core5.util.Asserts.check(Asserts.java:38)
	at org.apache.hc.core5.pool.StrictConnPool.lease(StrictConnPool.java:176)
	at org.apache.hc.client5.http.impl.io.PoolingHttpClientConnectionManager.lease(PoolingHttpClientConnectionManager.java:298)
	at org.apache.hc.client5.http.impl.classic.InternalExecRuntime.acquireEndpoint(InternalExecRuntime.java:103)
	at org.apache.hc.client5.http.impl.classic.ConnectExec.execute(ConnectExec.java:125)
	at org.apache.hc.client5.http.impl.classic.ExecChainElement.execute(ExecChainElement.java:51)
	at org.apache.hc.client5.http.impl.classic.ProtocolExec.execute(ProtocolExec.java:192)
	at org.apache.hc.client5.http.impl.classic.ExecChainElement.execute(ExecChainElement.java:51)
	at org.apache.hc.client5.http.impl.classic.HttpRequestRetryExec.execute(HttpRequestRetryExec.java:96)
	at org.apache.hc.client5.http.impl.classic.ExecChainElement.execute(ExecChainElement.java:51)
	at org.apache.hc.client5.http.impl.classic.ContentCompressionExec.execute(ContentCompressionExec.java:152)
	at org.apache.hc.client5.http.impl.classic.ExecChainElement.execute(ExecChainElement.java:51)
	at org.apache.hc.client5.http.impl.classic.RedirectExec.execute(RedirectExec.java:115)
	at org.apache.hc.client5.http.impl.classic.ExecChainElement.execute(ExecChainElement.java:51)
	at org.apache.hc.client5.http.impl.classic.InternalHttpClient.doExecute(InternalHttpClient.java:170)
	at org.apache.hc.client5.http.impl.classic.CloseableHttpClient.execute(CloseableHttpClient.java:87)
	at org.apache.hc.client5.http.impl.classic.CloseableHttpClient.execute(CloseableHttpClient.java:55)
	at org.apache.hc.client5.http.classic.HttpClient.executeOpen(HttpClient.java:183)
	at org.springframework.http.client.HttpComponentsClientHttpRequest.executeInternal(HttpComponentsClientHttpRequest.java:95)
	at org.springframework.http.client.AbstractStreamingClientHttpRequest.executeInternal(AbstractStreamingClientHttpRequest.java:70)
	at org.springframework.http.client.AbstractClientHttpRequest.execute(AbstractClientHttpRequest.java:66)
	at org.springframework.http.client.InterceptingClientHttpRequest$InterceptingRequestExecution.execute(InterceptingClientHttpRequest.java:112)
	at org.springframework.cloud.netflix.eureka.http.RestTemplateTransportClientFactory.lambda$restTemplate$0(RestTemplateTransportClientFactory.java:143)
	at org.springframework.http.client.InterceptingClientHttpRequest$InterceptingRequestExecution.execute(InterceptingClientHttpRequest.java:88)
	at org.springframework.http.client.InterceptingClientHttpRequest.executeInternal(InterceptingClientHttpRequest.java:72)
	at org.springframework.http.client.AbstractBufferingClientHttpRequest.executeInternal(AbstractBufferingClientHttpRequest.java:48)
	at org.springframework.http.client.AbstractClientHttpRequest.execute(AbstractClientHttpRequest.java:66)
	at org.springframework.web.client.RestTemplate.doExecute(RestTemplate.java:889)
	at org.springframework.web.client.RestTemplate.execute(RestTemplate.java:790)
	at org.springframework.web.client.RestTemplate.exchange(RestTemplate.java:672)
	at org.springframework.cloud.netflix.eureka.http.RestTemplateEurekaHttpClient.cancel(RestTemplateEurekaHttpClient.java:87)
	at com.netflix.discovery.shared.transport.decorator.EurekaHttpClientDecorator$2.execute(EurekaHttpClientDecorator.java:74)
	at com.netflix.discovery.shared.transport.decorator.RedirectingEurekaHttpClient.execute(RedirectingEurekaHttpClient.java:91)
	at com.netflix.discovery.shared.transport.decorator.EurekaHttpClientDecorator.cancel(EurekaHttpClientDecorator.java:71)
	at com.netflix.discovery.shared.transport.decorator.EurekaHttpClientDecorator$2.execute(EurekaHttpClientDecorator.java:74)
	at com.netflix.discovery.shared.transport.decorator.RetryableEurekaHttpClient.execute(RetryableEurekaHttpClient.java:120)
	at com.netflix.discovery.shared.transport.decorator.EurekaHttpClientDecorator.cancel(EurekaHttpClientDecorator.java:71)
	at com.netflix.discovery.shared.transport.decorator.EurekaHttpClientDecorator$2.execute(EurekaHttpClientDecorator.java:74)
	at com.netflix.discovery.shared.transport.decorator.SessionedEurekaHttpClient.execute(SessionedEurekaHttpClient.java:77)
	at com.netflix.discovery.shared.transport.decorator.EurekaHttpClientDecorator.cancel(EurekaHttpClientDecorator.java:71)
	at com.netflix.discovery.DiscoveryClient.unregister(DiscoveryClient.java:916)
	at com.netflix.discovery.DiscoveryClient.shutdown(DiscoveryClient.java:892)
	at java.base/jdk.internal.reflect.NativeMethodAccessorImpl.invoke0(Native Method)
	at java.base/jdk.internal.reflect.NativeMethodAccessorImpl.invoke(NativeMethodAccessorImpl.java:77)
	at java.base/jdk.internal.reflect.DelegatingMethodAccessorImpl.invoke(DelegatingMethodAccessorImpl.java:43)
	at java.base/java.lang.reflect.Method.invoke(Method.java:569)
	at org.springframework.beans.factory.annotation.InitDestroyAnnotationBeanPostProcessor$LifecycleMethod.invoke(InitDestroyAnnotationBeanPostProcessor.java:457)
	at org.springframework.beans.factory.annotation.InitDestroyAnnotationBeanPostProcessor$LifecycleMetadata.invokeDestroyMethods(InitDestroyAnnotationBeanPostProcessor.java:415)
	at org.springframework.beans.factory.annotation.InitDestroyAnnotationBeanPostProcessor.postProcessBeforeDestruction(InitDestroyAnnotationBeanPostProcessor.java:239)
	at org.springframework.beans.factory.support.DisposableBeanAdapter.destroy(DisposableBeanAdapter.java:202)
	at org.springframework.beans.factory.support.DisposableBeanAdapter.run(DisposableBeanAdapter.java:195)
	at org.springframework.cloud.context.scope.GenericScope$BeanLifecycleWrapper.destroy(GenericScope.java:389)
	at org.springframework.cloud.context.scope.GenericScope.destroy(GenericScope.java:136)
	at org.springframework.beans.factory.support.DisposableBeanAdapter.destroy(DisposableBeanAdapter.java:211)
	at org.springframework.beans.factory.support.DefaultSingletonBeanRegistry.destroyBean(DefaultSingletonBeanRegistry.java:587)
	at org.springframework.beans.factory.support.DefaultSingletonBeanRegistry.destroySingleton(DefaultSingletonBeanRegistry.java:559)
	at org.springframework.beans.factory.support.DefaultListableBeanFactory.destroySingleton(DefaultListableBeanFactory.java:1202)
	at org.springframework.beans.factory.support.DefaultSingletonBeanRegistry.destroySingletons(DefaultSingletonBeanRegistry.java:520)
	at org.springframework.beans.factory.support.DefaultListableBeanFactory.destroySingletons(DefaultListableBeanFactory.java:1195)
	at org.springframework.context.support.AbstractApplicationContext.destroyBeans(AbstractApplicationContext.java:1183)
	at org.springframework.context.support.AbstractApplicationContext.doClose(AbstractApplicationContext.java:1144)
	at org.springframework.boot.web.servlet.context.ServletWebServerApplicationContext.doClose(ServletWebServerApplicationContext.java:174)
	at org.springframework.context.support.AbstractApplicationContext.close(AbstractApplicationContext.java:1090)
	at org.springframework.boot.SpringApplicationShutdownHook.closeAndWait(SpringApplicationShutdownHook.java:145)
	at java.base/java.lang.Iterable.forEach(Iterable.java:75)
	at org.springframework.boot.SpringApplicationShutdownHook.run(SpringApplicationShutdownHook.java:114)
	at java.base/java.lang.Thread.run(Thread.java:840)

2026-06-18 09:46:16 [SpringApplicationShutdownHook] WARN  c.n.d.s.t.d.RetryableEurekaHttpClient - Request execution failed with message: Connection pool shut down
2026-06-18 09:46:16 [SpringApplicationShutdownHook] INFO  c.n.d.s.t.d.RedirectingEurekaHttpClient - Request execution error. endpoint=DefaultEndpoint{ serviceUrl='http://localhost:8761/eureka/}, exception=Connection pool shut down stacktrace=java.lang.IllegalStateException: Connection pool shut down
	at org.apache.hc.core5.util.Asserts.check(Asserts.java:38)
	at org.apache.hc.core5.pool.StrictConnPool.lease(StrictConnPool.java:176)
	at org.apache.hc.client5.http.impl.io.PoolingHttpClientConnectionManager.lease(PoolingHttpClientConnectionManager.java:298)
	at org.apache.hc.client5.http.impl.classic.InternalExecRuntime.acquireEndpoint(InternalExecRuntime.java:103)
	at org.apache.hc.client5.http.impl.classic.ConnectExec.execute(ConnectExec.java:125)
	at org.apache.hc.client5.http.impl.classic.ExecChainElement.execute(ExecChainElement.java:51)
	at org.apache.hc.client5.http.impl.classic.ProtocolExec.execute(ProtocolExec.java:192)
	at org.apache.hc.client5.http.impl.classic.ExecChainElement.execute(ExecChainElement.java:51)
	at org.apache.hc.client5.http.impl.classic.HttpRequestRetryExec.execute(HttpRequestRetryExec.java:96)
	at org.apache.hc.client5.http.impl.classic.ExecChainElement.execute(ExecChainElement.java:51)
	at org.apache.hc.client5.http.impl.classic.ContentCompressionExec.execute(ContentCompressionExec.java:152)
	at org.apache.hc.client5.http.impl.classic.ExecChainElement.execute(ExecChainElement.java:51)
	at org.apache.hc.client5.http.impl.classic.RedirectExec.execute(RedirectExec.java:115)
	at org.apache.hc.client5.http.impl.classic.ExecChainElement.execute(ExecChainElement.java:51)
	at org.apache.hc.client5.http.impl.classic.InternalHttpClient.doExecute(InternalHttpClient.java:170)
	at org.apache.hc.client5.http.impl.classic.CloseableHttpClient.execute(CloseableHttpClient.java:87)
	at org.apache.hc.client5.http.impl.classic.CloseableHttpClient.execute(CloseableHttpClient.java:55)
	at org.apache.hc.client5.http.classic.HttpClient.executeOpen(HttpClient.java:183)
	at org.springframework.http.client.HttpComponentsClientHttpRequest.executeInternal(HttpComponentsClientHttpRequest.java:95)
	at org.springframework.http.client.AbstractStreamingClientHttpRequest.executeInternal(AbstractStreamingClientHttpRequest.java:70)
	at org.springframework.http.client.AbstractClientHttpRequest.execute(AbstractClientHttpRequest.java:66)
	at org.springframework.http.client.InterceptingClientHttpRequest$InterceptingRequestExecution.execute(InterceptingClientHttpRequest.java:112)
	at org.springframework.cloud.netflix.eureka.http.RestTemplateTransportClientFactory.lambda$restTemplate$0(RestTemplateTransportClientFactory.java:143)
	at org.springframework.http.client.InterceptingClientHttpRequest$InterceptingRequestExecution.execute(InterceptingClientHttpRequest.java:88)
	at org.springframework.http.client.InterceptingClientHttpRequest.executeInternal(InterceptingClientHttpRequest.java:72)
	at org.springframework.http.client.AbstractBufferingClientHttpRequest.executeInternal(AbstractBufferingClientHttpRequest.java:48)
	at org.springframework.http.client.AbstractClientHttpRequest.execute(AbstractClientHttpRequest.java:66)
	at org.springframework.web.client.RestTemplate.doExecute(RestTemplate.java:889)
	at org.springframework.web.client.RestTemplate.execute(RestTemplate.java:790)
	at org.springframework.web.client.RestTemplate.exchange(RestTemplate.java:672)
	at org.springframework.cloud.netflix.eureka.http.RestTemplateEurekaHttpClient.cancel(RestTemplateEurekaHttpClient.java:87)
	at com.netflix.discovery.shared.transport.decorator.EurekaHttpClientDecorator$2.execute(EurekaHttpClientDecorator.java:74)
	at com.netflix.discovery.shared.transport.decorator.RedirectingEurekaHttpClient.executeOnNewServer(RedirectingEurekaHttpClient.java:121)
	at com.netflix.discovery.shared.transport.decorator.RedirectingEurekaHttpClient.execute(RedirectingEurekaHttpClient.java:80)
	at com.netflix.discovery.shared.transport.decorator.EurekaHttpClientDecorator.cancel(EurekaHttpClientDecorator.java:71)
	at com.netflix.discovery.shared.transport.decorator.EurekaHttpClientDecorator$2.execute(EurekaHttpClientDecorator.java:74)
	at com.netflix.discovery.shared.transport.decorator.RetryableEurekaHttpClient.execute(RetryableEurekaHttpClient.java:120)
	at com.netflix.discovery.shared.transport.decorator.EurekaHttpClientDecorator.cancel(EurekaHttpClientDecorator.java:71)
	at com.netflix.discovery.shared.transport.decorator.EurekaHttpClientDecorator$2.execute(EurekaHttpClientDecorator.java:74)
	at com.netflix.discovery.shared.transport.decorator.SessionedEurekaHttpClient.execute(SessionedEurekaHttpClient.java:77)
	at com.netflix.discovery.shared.transport.decorator.EurekaHttpClientDecorator.cancel(EurekaHttpClientDecorator.java:71)
	at com.netflix.discovery.DiscoveryClient.unregister(DiscoveryClient.java:916)
	at com.netflix.discovery.DiscoveryClient.shutdown(DiscoveryClient.java:892)
	at java.base/jdk.internal.reflect.NativeMethodAccessorImpl.invoke0(Native Method)
	at java.base/jdk.internal.reflect.NativeMethodAccessorImpl.invoke(NativeMethodAccessorImpl.java:77)
	at java.base/jdk.internal.reflect.DelegatingMethodAccessorImpl.invoke(DelegatingMethodAccessorImpl.java:43)
	at java.base/java.lang.reflect.Method.invoke(Method.java:569)
	at org.springframework.beans.factory.annotation.InitDestroyAnnotationBeanPostProcessor$LifecycleMethod.invoke(InitDestroyAnnotationBeanPostProcessor.java:457)
	at org.springframework.beans.factory.annotation.InitDestroyAnnotationBeanPostProcessor$LifecycleMetadata.invokeDestroyMethods(InitDestroyAnnotationBeanPostProcessor.java:415)
	at org.springframework.beans.factory.annotation.InitDestroyAnnotationBeanPostProcessor.postProcessBeforeDestruction(InitDestroyAnnotationBeanPostProcessor.java:239)
	at org.springframework.beans.factory.support.DisposableBeanAdapter.destroy(DisposableBeanAdapter.java:202)
	at org.springframework.beans.factory.support.DisposableBeanAdapter.run(DisposableBeanAdapter.java:195)
	at org.springframework.cloud.context.scope.GenericScope$BeanLifecycleWrapper.destroy(GenericScope.java:389)
	at org.springframework.cloud.context.scope.GenericScope.destroy(GenericScope.java:136)
	at org.springframework.beans.factory.support.DisposableBeanAdapter.destroy(DisposableBeanAdapter.java:211)
	at org.springframework.beans.factory.support.DefaultSingletonBeanRegistry.destroyBean(DefaultSingletonBeanRegistry.java:587)
	at org.springframework.beans.factory.support.DefaultSingletonBeanRegistry.destroySingleton(DefaultSingletonBeanRegistry.java:559)
	at org.springframework.beans.factory.support.DefaultListableBeanFactory.destroySingleton(DefaultListableBeanFactory.java:1202)
	at org.springframework.beans.factory.support.DefaultSingletonBeanRegistry.destroySingletons(DefaultSingletonBeanRegistry.java:520)
	at org.springframework.beans.factory.support.DefaultListableBeanFactory.destroySingletons(DefaultListableBeanFactory.java:1195)
	at org.springframework.context.support.AbstractApplicationContext.destroyBeans(AbstractApplicationContext.java:1183)
	at org.springframework.context.support.AbstractApplicationContext.doClose(AbstractApplicationContext.java:1144)
	at org.springframework.boot.web.servlet.context.ServletWebServerApplicationContext.doClose(ServletWebServerApplicationContext.java:174)
	at org.springframework.context.support.AbstractApplicationContext.close(AbstractApplicationContext.java:1090)
	at org.springframework.boot.SpringApplicationShutdownHook.closeAndWait(SpringApplicationShutdownHook.java:145)
	at java.base/java.lang.Iterable.forEach(Iterable.java:75)
	at org.springframework.boot.SpringApplicationShutdownHook.run(SpringApplicationShutdownHook.java:114)
	at java.base/java.lang.Thread.run(Thread.java:840)

2026-06-18 09:46:16 [SpringApplicationShutdownHook] WARN  c.n.d.s.t.d.RetryableEurekaHttpClient - Request execution failed with message: Connection pool shut down
2026-06-18 09:46:16 [SpringApplicationShutdownHook] ERROR c.netflix.discovery.DiscoveryClient - DiscoveryClient_AUTH-SERVICE/WIN-26J4SRU1QMI:auth-service:8083 - de-registration failedCannot execute request on any known server
com.netflix.discovery.shared.transport.TransportException: Cannot execute request on any known server
	at com.netflix.discovery.shared.transport.decorator.RetryableEurekaHttpClient.execute(RetryableEurekaHttpClient.java:112)
	at com.netflix.discovery.shared.transport.decorator.EurekaHttpClientDecorator.cancel(EurekaHttpClientDecorator.java:71)
	at com.netflix.discovery.shared.transport.decorator.EurekaHttpClientDecorator$2.execute(EurekaHttpClientDecorator.java:74)
	at com.netflix.discovery.shared.transport.decorator.SessionedEurekaHttpClient.execute(SessionedEurekaHttpClient.java:77)
	at com.netflix.discovery.shared.transport.decorator.EurekaHttpClientDecorator.cancel(EurekaHttpClientDecorator.java:71)
	at com.netflix.discovery.DiscoveryClient.unregister(DiscoveryClient.java:916)
	at com.netflix.discovery.DiscoveryClient.shutdown(DiscoveryClient.java:892)
	at java.base/jdk.internal.reflect.NativeMethodAccessorImpl.invoke0(Native Method)
	at java.base/jdk.internal.reflect.NativeMethodAccessorImpl.invoke(NativeMethodAccessorImpl.java:77)
	at java.base/jdk.internal.reflect.DelegatingMethodAccessorImpl.invoke(DelegatingMethodAccessorImpl.java:43)
	at java.base/java.lang.reflect.Method.invoke(Method.java:569)
	at org.springframework.beans.factory.annotation.InitDestroyAnnotationBeanPostProcessor$LifecycleMethod.invoke(InitDestroyAnnotationBeanPostProcessor.java:457)
	at org.springframework.beans.factory.annotation.InitDestroyAnnotationBeanPostProcessor$LifecycleMetadata.invokeDestroyMethods(InitDestroyAnnotationBeanPostProcessor.java:415)
	at org.springframework.beans.factory.annotation.InitDestroyAnnotationBeanPostProcessor.postProcessBeforeDestruction(InitDestroyAnnotationBeanPostProcessor.java:239)
	at org.springframework.beans.factory.support.DisposableBeanAdapter.destroy(DisposableBeanAdapter.java:202)
	at org.springframework.beans.factory.support.DisposableBeanAdapter.run(DisposableBeanAdapter.java:195)
	at org.springframework.cloud.context.scope.GenericScope$BeanLifecycleWrapper.destroy(GenericScope.java:389)
	at org.springframework.cloud.context.scope.GenericScope.destroy(GenericScope.java:136)
	at org.springframework.beans.factory.support.DisposableBeanAdapter.destroy(DisposableBeanAdapter.java:211)
	at org.springframework.beans.factory.support.DefaultSingletonBeanRegistry.destroyBean(DefaultSingletonBeanRegistry.java:587)
	at org.springframework.beans.factory.support.DefaultSingletonBeanRegistry.destroySingleton(DefaultSingletonBeanRegistry.java:559)
	at org.springframework.beans.factory.support.DefaultListableBeanFactory.destroySingleton(DefaultListableBeanFactory.java:1202)
	at org.springframework.beans.factory.support.DefaultSingletonBeanRegistry.destroySingletons(DefaultSingletonBeanRegistry.java:520)
	at org.springframework.beans.factory.support.DefaultListableBeanFactory.destroySingletons(DefaultListableBeanFactory.java:1195)
	at org.springframework.context.support.AbstractApplicationContext.destroyBeans(AbstractApplicationContext.java:1183)
	at org.springframework.context.support.AbstractApplicationContext.doClose(AbstractApplicationContext.java:1144)
	at org.springframework.boot.web.servlet.context.ServletWebServerApplicationContext.doClose(ServletWebServerApplicationContext.java:174)
	at org.springframework.context.support.AbstractApplicationContext.close(AbstractApplicationContext.java:1090)
	at org.springframework.boot.SpringApplicationShutdownHook.closeAndWait(SpringApplicationShutdownHook.java:145)
	at java.base/java.lang.Iterable.forEach(Iterable.java:75)
	at org.springframework.boot.SpringApplicationShutdownHook.run(SpringApplicationShutdownHook.java:114)
	at java.base/java.lang.Thread.run(Thread.java:840)
2026-06-18 09:46:16 [SpringApplicationShutdownHook] INFO  c.netflix.discovery.DiscoveryClient - Completed shut down of DiscoveryClient
2026-06-18 09:47:24 [main] INFO  c.authservice.AuthServiceApplication - Starting AuthServiceApplication using Java 17.0.17 with PID 16148 (C:\Users\Administrator\Desktop\Radius-git\Radius\auth-service\target\classes started by Administrator in C:\Users\Administrator\Desktop\Radius-git\Radius\auth-service)
2026-06-18 09:47:24 [main] DEBUG c.authservice.AuthServiceApplication - Running with Spring Boot v3.2.3, Spring v6.1.4
2026-06-18 09:47:24 [main] INFO  c.authservice.AuthServiceApplication - No active profile set, falling back to 1 default profile: "default"
2026-06-18 09:47:26 [main] INFO  o.s.d.r.c.RepositoryConfigurationDelegate - Multiple Spring Data modules found, entering strict repository configuration mode
2026-06-18 09:47:26 [main] INFO  o.s.d.r.c.RepositoryConfigurationDelegate - Bootstrapping Spring Data JPA repositories in DEFAULT mode.
2026-06-18 09:47:26 [main] INFO  o.s.d.r.c.RepositoryConfigurationDelegate - Finished Spring Data repository scanning in 358 ms. Found 1 JPA repository interface.
2026-06-18 09:47:26 [main] INFO  o.s.d.r.c.RepositoryConfigurationDelegate - Multiple Spring Data modules found, entering strict repository configuration mode
2026-06-18 09:47:26 [main] INFO  o.s.d.r.c.RepositoryConfigurationDelegate - Bootstrapping Spring Data Redis repositories in DEFAULT mode.
2026-06-18 09:47:26 [main] INFO  o.s.d.r.c.RepositoryConfigurationExtensionSupport - Spring Data Redis - Could not safely identify store assignment for repository candidate interface com.authservice.repository.UserRepository; If you want this repository to be a Redis repository, consider annotating your entities with one of these annotations: org.springframework.data.redis.core.RedisHash (preferred), or consider extending one of the following types with your repository: org.springframework.data.keyvalue.repository.KeyValueRepository
2026-06-18 09:47:26 [main] INFO  o.s.d.r.c.RepositoryConfigurationDelegate - Finished Spring Data repository scanning in 26 ms. Found 0 Redis repository interfaces.
2026-06-18 09:47:27 [main] INFO  o.s.cloud.context.scope.GenericScope - BeanFactory id=6ffccfd3-490f-301b-a02e-f3858c541321
2026-06-18 09:47:27 [main] WARN  o.s.c.s.PostProcessorRegistrationDelegate$BeanPostProcessorChecker - Bean 'org.springframework.cloud.client.loadbalancer.LoadBalancerAutoConfiguration$DeferringLoadBalancerInterceptorConfig' of type [org.springframework.cloud.client.loadbalancer.LoadBalancerAutoConfiguration$DeferringLoadBalancerInterceptorConfig] is not eligible for getting processed by all BeanPostProcessors (for example: not eligible for auto-proxying). The currently created BeanPostProcessor [lbRestClientPostProcessor] is declared through a non-static factory method on that class; consider declaring it as static instead.
2026-06-18 09:47:27 [main] WARN  o.s.c.s.PostProcessorRegistrationDelegate$BeanPostProcessorChecker - Bean 'deferringLoadBalancerInterceptor' of type [org.springframework.cloud.client.loadbalancer.DeferringLoadBalancerInterceptor] is not eligible for getting processed by all BeanPostProcessors (for example: not eligible for auto-proxying). Is this bean getting eagerly injected into a currently created BeanPostProcessor [lbRestClientPostProcessor]? Check the corresponding BeanPostProcessor declaration and its dependencies.
2026-06-18 09:47:28 [main] INFO  o.s.b.w.e.tomcat.TomcatWebServer - Tomcat initialized with port 8083 (http)
2026-06-18 09:47:28 [main] INFO  o.a.catalina.core.StandardService - Starting service [Tomcat]
2026-06-18 09:47:28 [main] INFO  o.a.catalina.core.StandardEngine - Starting Servlet engine: [Apache Tomcat/10.1.19]
2026-06-18 09:47:28 [main] INFO  o.a.c.c.C.[Tomcat].[localhost].[/] - Initializing Spring embedded WebApplicationContext
2026-06-18 09:47:28 [main] INFO  o.s.b.w.s.c.ServletWebServerApplicationContext - Root WebApplicationContext: initialization completed in 4028 ms
2026-06-18 09:47:28 [main] DEBUG c.a.security.JwtAuthenticationFilter - Filter 'jwtAuthenticationFilter' configured for use
2026-06-18 09:47:28 [main] DEBUG c.a.c.SecurityConfig$GatewayWhitelistFilter - Filter 'securityConfig.GatewayWhitelistFilter' configured for use
2026-06-18 09:47:29 [main] INFO  o.h.jpa.internal.util.LogHelper - HHH000204: Processing PersistenceUnitInfo [name: default]
2026-06-18 09:47:29 [main] INFO  org.hibernate.Version - HHH000412: Hibernate ORM core version 6.4.4.Final
2026-06-18 09:47:29 [main] INFO  o.h.c.i.RegionFactoryInitiator - HHH000026: Second-level cache disabled
2026-06-18 09:47:30 [main] INFO  o.s.o.j.p.SpringPersistenceUnitInfo - No LoadTimeWeaver setup: ignoring JPA class transformer
2026-06-18 09:47:30 [main] INFO  com.zaxxer.hikari.HikariDataSource - HikariPool-1 - Starting...
2026-06-18 09:47:30 [main] INFO  com.zaxxer.hikari.pool.HikariPool - HikariPool-1 - Added connection org.postgresql.jdbc.PgConnection@35554635
2026-06-18 09:47:30 [main] INFO  com.zaxxer.hikari.HikariDataSource - HikariPool-1 - Start completed.
2026-06-18 09:47:31 [main] WARN  org.hibernate.orm.deprecation - HHH90000025: PostgreSQLDialect does not need to be specified explicitly using 'hibernate.dialect' (remove the property setting and it will be selected by default)
2026-06-18 09:47:33 [main] INFO  o.h.e.t.j.p.i.JtaPlatformInitiator - HHH000489: No JTA platform available (set 'hibernate.transaction.jta.platform' to enable JTA platform integration)
2026-06-18 09:47:33 [main] INFO  o.s.o.j.LocalContainerEntityManagerFactoryBean - Initialized JPA EntityManagerFactory for persistence unit 'default'
2026-06-18 09:47:35 [main] WARN  o.s.b.a.o.j.JpaBaseConfiguration$JpaWebConfiguration - spring.jpa.open-in-view is enabled by default. Therefore, database queries may be performed during view rendering. Explicitly configure spring.jpa.open-in-view to disable this warning
2026-06-18 09:47:39 [main] INFO  o.s.c.n.e.c.DiscoveryClientOptionalArgsConfiguration - Eureka HTTP Client uses RestTemplate.
2026-06-18 09:47:39 [main] WARN  o.s.c.l.c.LoadBalancerCacheAutoConfiguration$LoadBalancerCaffeineWarnLogger - Spring Cloud LoadBalancer is currently working with the default cache. While this cache implementation is useful for development and tests, it's recommended to use Caffeine cache in production.You can switch to using Caffeine cache, by adding it and org.springframework.cache.caffeine.CaffeineCacheManager to the classpath.
2026-06-18 09:47:39 [main] INFO  o.s.c.n.eureka.InstanceInfoFactory - Setting initial instance status as: STARTING
2026-06-18 09:47:39 [main] INFO  c.netflix.discovery.DiscoveryClient - Initializing Eureka in region us-east-1
2026-06-18 09:47:39 [main] INFO  c.n.d.s.r.aws.ConfigClusterResolver - Resolving eureka endpoints via configuration
2026-06-18 09:47:39 [main] INFO  c.netflix.discovery.DiscoveryClient - Disable delta property : false
2026-06-18 09:47:39 [main] INFO  c.netflix.discovery.DiscoveryClient - Single vip registry refresh property : null
2026-06-18 09:47:39 [main] INFO  c.netflix.discovery.DiscoveryClient - Force full registry fetch : false
2026-06-18 09:47:39 [main] INFO  c.netflix.discovery.DiscoveryClient - Application is null : false
2026-06-18 09:47:39 [main] INFO  c.netflix.discovery.DiscoveryClient - Registered Applications size is zero : true
2026-06-18 09:47:39 [main] INFO  c.netflix.discovery.DiscoveryClient - Application version is -1: true
2026-06-18 09:47:39 [main] INFO  c.netflix.discovery.DiscoveryClient - Getting all instance registry info from the eureka server
2026-06-18 09:47:40 [main] INFO  c.netflix.discovery.DiscoveryClient - The response status is 200
2026-06-18 09:47:40 [main] INFO  c.netflix.discovery.DiscoveryClient - Starting heartbeat executor: renew interval is: 30
2026-06-18 09:47:40 [main] INFO  c.n.discovery.InstanceInfoReplicator - InstanceInfoReplicator onDemand update allowed rate per min is 4
2026-06-18 09:47:40 [main] INFO  c.netflix.discovery.DiscoveryClient - Discovery Client initialized at timestamp 1781756260454 with initial instances count: 3
2026-06-18 09:47:40 [main] INFO  o.s.c.n.e.s.EurekaServiceRegistry - Registering application AUTH-SERVICE with eureka with status UP
2026-06-18 09:47:40 [main] INFO  c.netflix.discovery.DiscoveryClient - Saw local status change event StatusChangeEvent [timestamp=1781756260489, current=UP, previous=STARTING]
2026-06-18 09:47:40 [DiscoveryClient-InstanceInfoReplicator-0] INFO  c.netflix.discovery.DiscoveryClient - DiscoveryClient_AUTH-SERVICE/WIN-26J4SRU1QMI:auth-service:8083: registering service...
2026-06-18 09:47:40 [main] INFO  o.s.b.w.e.tomcat.TomcatWebServer - Tomcat started on port 8083 (http) with context path ''
2026-06-18 09:47:40 [DiscoveryClient-InstanceInfoReplicator-0] INFO  c.netflix.discovery.DiscoveryClient - DiscoveryClient_AUTH-SERVICE/WIN-26J4SRU1QMI:auth-service:8083 - registration status: 204
2026-06-18 09:47:40 [main] INFO  o.s.c.n.e.s.EurekaAutoServiceRegistration - Updating port to 8083
2026-06-18 09:47:40 [main] INFO  o.s.m.s.b.SimpleBrokerMessageHandler - Starting...
2026-06-18 09:47:40 [main] INFO  o.s.m.s.b.SimpleBrokerMessageHandler - BrokerAvailabilityEvent[available=true, SimpleBrokerMessageHandler [org.springframework.messaging.simp.broker.DefaultSubscriptionRegistry@644e9953]]
2026-06-18 09:47:40 [main] INFO  o.s.m.s.b.SimpleBrokerMessageHandler - Started.
2026-06-18 09:47:40 [main] INFO  c.authservice.AuthServiceApplication - Started AuthServiceApplication in 17.552 seconds (process running for 19.196)
2026-06-18 09:48:39 [MessageBroker-1] INFO  o.s.w.s.c.WebSocketMessageBrokerStats - WebSocketSession[0 current WS(0)-HttpStream(0)-HttpPoll(0), 0 total, 0 closed abnormally (0 connect failure, 0 send limit, 0 transport error)], stompSubProtocol[processed CONNECT(0)-CONNECTED(0)-DISCONNECT(0)], stompBrokerRelay[null], inboundChannel[pool size = 0, active threads = 0, queued tasks = 0, completed tasks = 0], outboundChannel[pool size = 0, active threads = 0, queued tasks = 0, completed tasks = 0], sockJsScheduler[pool size = 1, active threads = 1, queued tasks = 0, completed tasks = 0]
2026-06-18 09:52:39 [AsyncResolver-bootstrap-executor-0] INFO  c.n.d.s.r.aws.ConfigClusterResolver - Resolving eureka endpoints via configuration
2026-06-18 09:57:39 [AsyncResolver-bootstrap-executor-0] INFO  c.n.d.s.r.aws.ConfigClusterResolver - Resolving eureka endpoints via configuration
2026-06-18 10:02:39 [AsyncResolver-bootstrap-executor-0] INFO  c.n.d.s.r.aws.ConfigClusterResolver - Resolving eureka endpoints via configuration
2026-06-18 10:07:39 [AsyncResolver-bootstrap-executor-0] INFO  c.n.d.s.r.aws.ConfigClusterResolver - Resolving eureka endpoints via configuration
2026-06-18 10:12:39 [AsyncResolver-bootstrap-executor-0] INFO  c.n.d.s.r.aws.ConfigClusterResolver - Resolving eureka endpoints via configuration
2026-06-18 10:17:39 [AsyncResolver-bootstrap-executor-0] INFO  c.n.d.s.r.aws.ConfigClusterResolver - Resolving eureka endpoints via configuration
2026-06-18 10:18:39 [MessageBroker-1] INFO  o.s.w.s.c.WebSocketMessageBrokerStats - WebSocketSession[0 current WS(0)-HttpStream(0)-HttpPoll(0), 0 total, 0 closed abnormally (0 connect failure, 0 send limit, 0 transport error)], stompSubProtocol[processed CONNECT(0)-CONNECTED(0)-DISCONNECT(0)], stompBrokerRelay[null], inboundChannel[pool size = 0, active threads = 0, queued tasks = 0, completed tasks = 0], outboundChannel[pool size = 0, active threads = 0, queued tasks = 0, completed tasks = 0], sockJsScheduler[pool size = 2, active threads = 1, queued tasks = 0, completed tasks = 1]
2026-06-18 10:22:39 [AsyncResolver-bootstrap-executor-0] INFO  c.n.d.s.r.aws.ConfigClusterResolver - Resolving eureka endpoints via configuration
2026-06-18 10:27:39 [AsyncResolver-bootstrap-executor-0] INFO  c.n.d.s.r.aws.ConfigClusterResolver - Resolving eureka endpoints via configuration
2026-06-18 10:29:24 [http-nio-8083-exec-1] INFO  o.a.c.c.C.[Tomcat].[localhost].[/] - Initializing Spring DispatcherServlet 'dispatcherServlet'
2026-06-18 10:29:24 [http-nio-8083-exec-1] INFO  o.s.web.servlet.DispatcherServlet - Initializing Servlet 'dispatcherServlet'
2026-06-18 10:29:24 [http-nio-8083-exec-1] INFO  o.s.web.servlet.DispatcherServlet - Completed initialization in 4 ms
2026-06-18 10:29:24 [http-nio-8083-exec-1] DEBUG c.a.security.JwtAuthenticationFilter - Processing request: GET /api/v1/auth/users/7b809124-e5d3-47ce-af7e-6c831a449d9b/profile-picture
2026-06-18 10:29:24 [http-nio-8083-exec-1] INFO  c.a.config.RequestLoggingFilter - -> GET /api/v1/auth/users/7b809124-e5d3-47ce-af7e-6c831a449d9b/profile-picture [IP: 0:0:0:0:0:0:0:1]
2026-06-18 10:29:24 [http-nio-8083-exec-1] WARN  c.a.exception.GlobalExceptionHandler - User not found: User not found.
2026-06-18 10:29:24 [http-nio-8083-exec-1] WARN  o.s.w.s.m.m.a.ExceptionHandlerExceptionResolver - Failure in @ExceptionHandler com.authservice.exception.GlobalExceptionHandler#handleUserNotFound(UserNotFoundException, HttpServletRequest)
org.springframework.web.HttpMediaTypeNotAcceptableException: No acceptable representation
	at org.springframework.web.servlet.mvc.method.annotation.AbstractMessageConverterMethodProcessor.writeWithMessageConverters(AbstractMessageConverterMethodProcessor.java:322)
	at org.springframework.web.servlet.mvc.method.annotation.HttpEntityMethodProcessor.handleReturnValue(HttpEntityMethodProcessor.java:245)
	at org.springframework.web.method.support.HandlerMethodReturnValueHandlerComposite.handleReturnValue(HandlerMethodReturnValueHandlerComposite.java:78)
	at org.springframework.web.servlet.mvc.method.annotation.ServletInvocableHandlerMethod.invokeAndHandle(ServletInvocableHandlerMethod.java:136)
	at org.springframework.web.servlet.mvc.method.annotation.ExceptionHandlerExceptionResolver.doResolveHandlerMethodException(ExceptionHandlerExceptionResolver.java:432)
	at org.springframework.web.servlet.handler.AbstractHandlerMethodExceptionResolver.doResolveException(AbstractHandlerMethodExceptionResolver.java:74)
	at org.springframework.web.servlet.handler.AbstractHandlerExceptionResolver.resolveException(AbstractHandlerExceptionResolver.java:175)
	at org.springframework.web.servlet.handler.HandlerExceptionResolverComposite.resolveException(HandlerExceptionResolverComposite.java:80)
	at org.springframework.web.servlet.DispatcherServlet.processHandlerException(DispatcherServlet.java:1357)
	at org.springframework.web.servlet.DispatcherServlet.processDispatchResult(DispatcherServlet.java:1160)
	at org.springframework.web.servlet.DispatcherServlet.doDispatch(DispatcherServlet.java:1106)
	at org.springframework.web.servlet.DispatcherServlet.doService(DispatcherServlet.java:979)
	at org.springframework.web.servlet.FrameworkServlet.processRequest(FrameworkServlet.java:1014)
	at org.springframework.web.servlet.FrameworkServlet.doGet(FrameworkServlet.java:903)
	at jakarta.servlet.http.HttpServlet.service(HttpServlet.java:564)
	at org.springframework.web.servlet.FrameworkServlet.service(FrameworkServlet.java:885)
	at jakarta.servlet.http.HttpServlet.service(HttpServlet.java:658)
	at org.apache.catalina.core.ApplicationFilterChain.internalDoFilter(ApplicationFilterChain.java:205)
	at org.apache.catalina.core.ApplicationFilterChain.doFilter(ApplicationFilterChain.java:149)
	at org.apache.tomcat.websocket.server.WsFilter.doFilter(WsFilter.java:51)
	at org.apache.catalina.core.ApplicationFilterChain.internalDoFilter(ApplicationFilterChain.java:174)
	at org.apache.catalina.core.ApplicationFilterChain.doFilter(ApplicationFilterChain.java:149)
	at org.springframework.web.filter.OncePerRequestFilter.doFilter(OncePerRequestFilter.java:110)
	at org.apache.catalina.core.ApplicationFilterChain.internalDoFilter(ApplicationFilterChain.java:174)
	at org.apache.catalina.core.ApplicationFilterChain.doFilter(ApplicationFilterChain.java:149)
	at org.springframework.web.filter.OncePerRequestFilter.doFilter(OncePerRequestFilter.java:110)
	at org.apache.catalina.core.ApplicationFilterChain.internalDoFilter(ApplicationFilterChain.java:174)
	at org.apache.catalina.core.ApplicationFilterChain.doFilter(ApplicationFilterChain.java:149)
	at com.authservice.config.RequestLoggingFilter.doFilter(RequestLoggingFilter.java:39)
	at org.apache.catalina.core.ApplicationFilterChain.internalDoFilter(ApplicationFilterChain.java:174)
	at org.apache.catalina.core.ApplicationFilterChain.doFilter(ApplicationFilterChain.java:149)
	at org.springframework.web.filter.CompositeFilter$VirtualFilterChain.doFilter(CompositeFilter.java:108)
	at org.springframework.security.web.FilterChainProxy.lambda$doFilterInternal$3(FilterChainProxy.java:231)
	at org.springframework.security.web.FilterChainProxy$VirtualFilterChain.doFilter(FilterChainProxy.java:365)
	at org.springframework.security.web.access.intercept.AuthorizationFilter.doFilter(AuthorizationFilter.java:100)
	at org.springframework.security.web.FilterChainProxy$VirtualFilterChain.doFilter(FilterChainProxy.java:374)
	at org.springframework.security.web.access.ExceptionTranslationFilter.doFilter(ExceptionTranslationFilter.java:126)
	at org.springframework.security.web.access.ExceptionTranslationFilter.doFilter(ExceptionTranslationFilter.java:120)
	at org.springframework.security.web.FilterChainProxy$VirtualFilterChain.doFilter(FilterChainProxy.java:374)
	at org.springframework.security.web.session.SessionManagementFilter.doFilter(SessionManagementFilter.java:131)
	at org.springframework.security.web.session.SessionManagementFilter.doFilter(SessionManagementFilter.java:85)
	at org.springframework.security.web.FilterChainProxy$VirtualFilterChain.doFilter(FilterChainProxy.java:374)
	at org.springframework.security.web.authentication.AnonymousAuthenticationFilter.doFilter(AnonymousAuthenticationFilter.java:100)
	at org.springframework.security.web.FilterChainProxy$VirtualFilterChain.doFilter(FilterChainProxy.java:374)
	at org.springframework.security.web.servletapi.SecurityContextHolderAwareRequestFilter.doFilter(SecurityContextHolderAwareRequestFilter.java:179)
	at org.springframework.security.web.FilterChainProxy$VirtualFilterChain.doFilter(FilterChainProxy.java:374)
	at org.springframework.security.web.savedrequest.RequestCacheAwareFilter.doFilter(RequestCacheAwareFilter.java:63)
	at org.springframework.security.web.FilterChainProxy$VirtualFilterChain.doFilter(FilterChainProxy.java:374)
	at com.authservice.security.JwtAuthenticationFilter.doFilterInternal(JwtAuthenticationFilter.java:94)
	at org.springframework.web.filter.OncePerRequestFilter.doFilter(OncePerRequestFilter.java:116)
	at org.springframework.security.web.FilterChainProxy$VirtualFilterChain.doFilter(FilterChainProxy.java:374)
	at com.authservice.config.SecurityConfig$GatewayWhitelistFilter.doFilterInternal(SecurityConfig.java:118)
	at org.springframework.web.filter.OncePerRequestFilter.doFilter(OncePerRequestFilter.java:116)
	at org.springframework.security.web.FilterChainProxy$VirtualFilterChain.doFilter(FilterChainProxy.java:374)
	at org.springframework.security.web.authentication.logout.LogoutFilter.doFilter(LogoutFilter.java:107)
	at org.springframework.security.web.authentication.logout.LogoutFilter.doFilter(LogoutFilter.java:93)
	at org.springframework.security.web.FilterChainProxy$VirtualFilterChain.doFilter(FilterChainProxy.java:374)
	at org.springframework.web.filter.CorsFilter.doFilterInternal(CorsFilter.java:91)
	at org.springframework.web.filter.OncePerRequestFilter.doFilter(OncePerRequestFilter.java:116)
	at org.springframework.security.web.FilterChainProxy$VirtualFilterChain.doFilter(FilterChainProxy.java:374)
	at org.springframework.security.web.header.HeaderWriterFilter.doHeadersAfter(HeaderWriterFilter.java:90)
	at org.springframework.security.web.header.HeaderWriterFilter.doFilterInternal(HeaderWriterFilter.java:75)
	at org.springframework.web.filter.OncePerRequestFilter.doFilter(OncePerRequestFilter.java:116)
	at org.springframework.security.web.FilterChainProxy$VirtualFilterChain.doFilter(FilterChainProxy.java:374)
	at org.springframework.security.web.context.SecurityContextHolderFilter.doFilter(SecurityContextHolderFilter.java:82)
	at org.springframework.security.web.context.SecurityContextHolderFilter.doFilter(SecurityContextHolderFilter.java:69)
	at org.springframework.security.web.FilterChainProxy$VirtualFilterChain.doFilter(FilterChainProxy.java:374)
	at org.springframework.security.web.context.request.async.WebAsyncManagerIntegrationFilter.doFilterInternal(WebAsyncManagerIntegrationFilter.java:62)
	at org.springframework.web.filter.OncePerRequestFilter.doFilter(OncePerRequestFilter.java:116)
	at org.springframework.security.web.FilterChainProxy$VirtualFilterChain.doFilter(FilterChainProxy.java:374)
	at org.springframework.security.web.session.DisableEncodeUrlFilter.doFilterInternal(DisableEncodeUrlFilter.java:42)
	at org.springframework.web.filter.OncePerRequestFilter.doFilter(OncePerRequestFilter.java:116)
	at org.springframework.security.web.FilterChainProxy$VirtualFilterChain.doFilter(FilterChainProxy.java:374)
	at org.springframework.security.web.FilterChainProxy.doFilterInternal(FilterChainProxy.java:233)
	at org.springframework.security.web.FilterChainProxy.doFilter(FilterChainProxy.java:191)
	at org.springframework.web.filter.CompositeFilter$VirtualFilterChain.doFilter(CompositeFilter.java:113)
	at org.springframework.web.servlet.handler.HandlerMappingIntrospector.lambda$createCacheFilter$3(HandlerMappingIntrospector.java:195)
	at org.springframework.web.filter.CompositeFilter$VirtualFilterChain.doFilter(CompositeFilter.java:113)
	at org.springframework.web.filter.CompositeFilter.doFilter(CompositeFilter.java:74)
	at org.springframework.security.config.annotation.web.configuration.WebMvcSecurityConfiguration$CompositeFilterChainProxy.doFilter(WebMvcSecurityConfiguration.java:230)
	at org.springframework.web.filter.DelegatingFilterProxy.invokeDelegate(DelegatingFilterProxy.java:352)
	at org.springframework.web.filter.DelegatingFilterProxy.doFilter(DelegatingFilterProxy.java:268)
	at org.apache.catalina.core.ApplicationFilterChain.internalDoFilter(ApplicationFilterChain.java:174)
	at org.apache.catalina.core.ApplicationFilterChain.doFilter(ApplicationFilterChain.java:149)
	at org.springframework.web.filter.RequestContextFilter.doFilterInternal(RequestContextFilter.java:100)
	at org.springframework.web.filter.OncePerRequestFilter.doFilter(OncePerRequestFilter.java:116)
	at org.apache.catalina.core.ApplicationFilterChain.internalDoFilter(ApplicationFilterChain.java:174)
	at org.apache.catalina.core.ApplicationFilterChain.doFilter(ApplicationFilterChain.java:149)
	at org.springframework.web.filter.FormContentFilter.doFilterInternal(FormContentFilter.java:93)
	at org.springframework.web.filter.OncePerRequestFilter.doFilter(OncePerRequestFilter.java:116)
	at org.apache.catalina.core.ApplicationFilterChain.internalDoFilter(ApplicationFilterChain.java:174)
	at org.apache.catalina.core.ApplicationFilterChain.doFilter(ApplicationFilterChain.java:149)
	at org.springframework.web.filter.CharacterEncodingFilter.doFilterInternal(CharacterEncodingFilter.java:201)
	at org.springframework.web.filter.OncePerRequestFilter.doFilter(OncePerRequestFilter.java:116)
	at org.apache.catalina.core.ApplicationFilterChain.internalDoFilter(ApplicationFilterChain.java:174)
	at org.apache.catalina.core.ApplicationFilterChain.doFilter(ApplicationFilterChain.java:149)
	at org.apache.catalina.core.StandardWrapperValve.invoke(StandardWrapperValve.java:167)
	at org.apache.catalina.core.StandardContextValve.invoke(StandardContextValve.java:90)
	at org.apache.catalina.authenticator.AuthenticatorBase.invoke(AuthenticatorBase.java:482)
	at org.apache.catalina.core.StandardHostValve.invoke(StandardHostValve.java:115)
	at org.apache.catalina.valves.ErrorReportValve.invoke(ErrorReportValve.java:93)
	at org.apache.catalina.core.StandardEngineValve.invoke(StandardEngineValve.java:74)
	at org.apache.catalina.connector.CoyoteAdapter.service(CoyoteAdapter.java:344)
	at org.apache.coyote.http11.Http11Processor.service(Http11Processor.java:391)
	at org.apache.coyote.AbstractProcessorLight.process(AbstractProcessorLight.java:63)
	at org.apache.coyote.AbstractProtocol$ConnectionHandler.process(AbstractProtocol.java:896)
	at org.apache.tomcat.util.net.NioEndpoint$SocketProcessor.doRun(NioEndpoint.java:1744)
	at org.apache.tomcat.util.net.SocketProcessorBase.run(SocketProcessorBase.java:52)
	at org.apache.tomcat.util.threads.ThreadPoolExecutor.runWorker(ThreadPoolExecutor.java:1191)
	at org.apache.tomcat.util.threads.ThreadPoolExecutor$Worker.run(ThreadPoolExecutor.java:659)
	at org.apache.tomcat.util.threads.TaskThread$WrappingRunnable.run(TaskThread.java:63)
	at java.base/java.lang.Thread.run(Thread.java:840)
2026-06-18 10:29:24 [http-nio-8083-exec-1] INFO  c.a.config.RequestLoggingFilter - <- GET /api/v1/auth/users/7b809124-e5d3-47ce-af7e-6c831a449d9b/profile-picture | status=404 | 242ms
2026-06-18 10:30:34 [http-nio-8083-exec-2] DEBUG c.a.security.JwtAuthenticationFilter - Processing request: POST /api/v1/auth/register
2026-06-18 10:30:34 [http-nio-8083-exec-2] INFO  c.a.config.RequestLoggingFilter - -> POST /api/v1/auth/register [IP: 0:0:0:0:0:0:0:1]
2026-06-18 10:30:34 [http-nio-8083-exec-2] INFO  c.a.controller.AuthController - Received registration request for email: a42l7fcuof@bwmyga.com
2026-06-18 10:30:34 [http-nio-8083-exec-2] INFO  c.a.service.impl.AuthServiceImpl - Registration attempt for email: a42l7fcuof@bwmyga.com
2026-06-18 10:30:34 [http-nio-8083-exec-2] INFO  o.s.s.a.AnnotationAsyncExecutionInterceptor - More than one TaskExecutor bean found within the context, and none is named 'taskExecutor'. Mark one of them as primary or name it 'taskExecutor' (possibly as an alias) in order to use it for async processing: [clientInboundChannelExecutor, clientOutboundChannelExecutor, brokerChannelExecutor]
2026-06-18 10:30:34 [SimpleAsyncTaskExecutor-1] INFO  c.a.service.impl.EmailServiceImpl - Sending welcome email to: a42l7fcuof@bwmyga.com
2026-06-18 10:30:34 [http-nio-8083-exec-2] INFO  c.a.config.RequestLoggingFilter - <- POST /api/v1/auth/register | status=201 | 625ms
2026-06-18 10:30:39 [SimpleAsyncTaskExecutor-1] INFO  c.a.service.impl.EmailServiceImpl - Welcome email sent successfully to: a42l7fcuof@bwmyga.com
2026-06-18 10:30:44 [http-nio-8083-exec-5] DEBUG c.a.security.JwtAuthenticationFilter - Processing request: POST /api/v1/auth/login
2026-06-18 10:30:44 [http-nio-8083-exec-5] INFO  c.a.config.RequestLoggingFilter - -> POST /api/v1/auth/login [IP: 0:0:0:0:0:0:0:1]
2026-06-18 10:30:44 [http-nio-8083-exec-5] INFO  c.a.controller.AuthController - Received login request for email: a42l7fcuof@bwmyga.com
2026-06-18 10:30:44 [http-nio-8083-exec-5] DEBUG com.authservice.util.OtpUtil - Generated OTP (masked): 22****
2026-06-18 10:30:44 [http-nio-8083-exec-5] INFO  c.a.service.impl.OtpServiceImpl - OTP generated and stored in Redis for email: a42l7fcuof@bwmyga.com | TTL: 300s
2026-06-18 10:30:44 [SimpleAsyncTaskExecutor-2] INFO  c.a.service.impl.EmailServiceImpl - Sending OTP email to: a42l7fcuof@bwmyga.com
2026-06-18 10:30:44 [http-nio-8083-exec-5] INFO  c.a.config.RequestLoggingFilter - <- POST /api/v1/auth/login | status=200 | 869ms
2026-06-18 10:30:50 [SimpleAsyncTaskExecutor-2] INFO  c.a.service.impl.EmailServiceImpl - OTP email sent successfully to: a42l7fcuof@bwmyga.com
2026-06-18 10:31:03 [http-nio-8083-exec-6] DEBUG c.a.security.JwtAuthenticationFilter - Processing request: POST /api/v1/auth/verify-otp
2026-06-18 10:31:03 [http-nio-8083-exec-6] INFO  c.a.config.RequestLoggingFilter - -> POST /api/v1/auth/verify-otp [IP: 0:0:0:0:0:0:0:1]
2026-06-18 10:31:03 [http-nio-8083-exec-6] INFO  c.a.controller.AuthController - Received OTP verification request for email: a42l7fcuof@bwmyga.com
2026-06-18 10:31:03 [http-nio-8083-exec-6] INFO  c.a.service.impl.OtpServiceImpl - OTP verified and invalidated successfully for email: a42l7fcuof@bwmyga.com
2026-06-18 10:31:03 [http-nio-8083-exec-6] DEBUG com.authservice.util.JwtUtil - Generating JWT token for user: a42l7fcuof@bwmyga.com
2026-06-18 10:31:03 [http-nio-8083-exec-6] INFO  c.a.config.RequestLoggingFilter - <- POST /api/v1/auth/verify-otp | status=200 | 56ms
2026-06-18 10:31:04 [http-nio-8083-exec-9] DEBUG c.a.security.JwtAuthenticationFilter - Processing request: GET /api/v1/auth/users/username/Ashok
2026-06-18 10:31:04 [http-nio-8083-exec-9] DEBUG c.a.security.JwtAuthenticationFilter - Authenticated user [a42l7fcuof@bwmyga.com] for URI: /api/v1/auth/users/username/Ashok
2026-06-18 10:31:04 [http-nio-8083-exec-9] INFO  c.a.config.RequestLoggingFilter - -> GET /api/v1/auth/users/username/Ashok [IP: 127.0.0.1]
2026-06-18 10:31:04 [http-nio-8083-exec-9] INFO  c.a.config.RequestLoggingFilter - <- GET /api/v1/auth/users/username/Ashok | status=200 | 11ms
2026-06-18 10:31:04 [http-nio-8083-exec-10] DEBUG c.a.security.JwtAuthenticationFilter - Processing request: GET /api/v1/auth/users/username/Ashok
2026-06-18 10:31:04 [http-nio-8083-exec-10] DEBUG c.a.security.JwtAuthenticationFilter - Authenticated user [a42l7fcuof@bwmyga.com] for URI: /api/v1/auth/users/username/Ashok
2026-06-18 10:31:04 [http-nio-8083-exec-10] INFO  c.a.config.RequestLoggingFilter - -> GET /api/v1/auth/users/username/Ashok [IP: 127.0.0.1]
2026-06-18 10:31:04 [http-nio-8083-exec-10] INFO  c.a.config.RequestLoggingFilter - <- GET /api/v1/auth/users/username/Ashok | status=200 | 4ms
2026-06-18 10:31:11 [http-nio-8083-exec-3] DEBUG c.a.security.JwtAuthenticationFilter - Processing request: GET /api/v1/auth/users/username/Ashok
2026-06-18 10:31:11 [http-nio-8083-exec-3] DEBUG c.a.security.JwtAuthenticationFilter - Authenticated user [a42l7fcuof@bwmyga.com] for URI: /api/v1/auth/users/username/Ashok
2026-06-18 10:31:11 [http-nio-8083-exec-3] INFO  c.a.config.RequestLoggingFilter - -> GET /api/v1/auth/users/username/Ashok [IP: 127.0.0.1]
2026-06-18 10:31:11 [http-nio-8083-exec-3] INFO  c.a.config.RequestLoggingFilter - <- GET /api/v1/auth/users/username/Ashok | status=200 | 4ms
2026-06-18 10:31:11 [http-nio-8083-exec-4] DEBUG c.a.security.JwtAuthenticationFilter - Processing request: GET /api/v1/auth/users/username/Ashok
2026-06-18 10:31:11 [http-nio-8083-exec-4] DEBUG c.a.security.JwtAuthenticationFilter - Authenticated user [a42l7fcuof@bwmyga.com] for URI: /api/v1/auth/users/username/Ashok
2026-06-18 10:31:11 [http-nio-8083-exec-4] INFO  c.a.config.RequestLoggingFilter - -> GET /api/v1/auth/users/username/Ashok [IP: 127.0.0.1]
2026-06-18 10:31:11 [http-nio-8083-exec-4] INFO  c.a.config.RequestLoggingFilter - <- GET /api/v1/auth/users/username/Ashok | status=200 | 8ms
2026-06-18 10:31:13 [http-nio-8083-exec-7] DEBUG c.a.security.JwtAuthenticationFilter - Processing request: GET /api/v1/auth/users/username/Ashok
2026-06-18 10:31:13 [http-nio-8083-exec-7] DEBUG c.a.security.JwtAuthenticationFilter - Authenticated user [a42l7fcuof@bwmyga.com] for URI: /api/v1/auth/users/username/Ashok
2026-06-18 10:31:14 [http-nio-8083-exec-7] INFO  c.a.config.RequestLoggingFilter - -> GET /api/v1/auth/users/username/Ashok [IP: 127.0.0.1]
2026-06-18 10:31:14 [http-nio-8083-exec-7] INFO  c.a.config.RequestLoggingFilter - <- GET /api/v1/auth/users/username/Ashok | status=200 | 6ms
2026-06-18 10:31:14 [http-nio-8083-exec-8] DEBUG c.a.security.JwtAuthenticationFilter - Processing request: GET /api/v1/auth/users/username/Ashok
2026-06-18 10:31:14 [http-nio-8083-exec-8] DEBUG c.a.security.JwtAuthenticationFilter - Authenticated user [a42l7fcuof@bwmyga.com] for URI: /api/v1/auth/users/username/Ashok
2026-06-18 10:31:14 [http-nio-8083-exec-8] INFO  c.a.config.RequestLoggingFilter - -> GET /api/v1/auth/users/username/Ashok [IP: 127.0.0.1]
2026-06-18 10:31:14 [http-nio-8083-exec-8] INFO  c.a.config.RequestLoggingFilter - <- GET /api/v1/auth/users/username/Ashok | status=200 | 3ms
2026-06-18 10:31:44 [http-nio-8083-exec-1] DEBUG c.a.security.JwtAuthenticationFilter - Processing request: GET /api/v1/auth/users/username/Ashok
2026-06-18 10:31:44 [http-nio-8083-exec-1] DEBUG c.a.security.JwtAuthenticationFilter - Authenticated user [a42l7fcuof@bwmyga.com] for URI: /api/v1/auth/users/username/Ashok
2026-06-18 10:31:44 [http-nio-8083-exec-1] INFO  c.a.config.RequestLoggingFilter - -> GET /api/v1/auth/users/username/Ashok [IP: 127.0.0.1]
2026-06-18 10:31:44 [http-nio-8083-exec-1] INFO  c.a.config.RequestLoggingFilter - <- GET /api/v1/auth/users/username/Ashok | status=200 | 3ms
2026-06-18 10:32:14 [http-nio-8083-exec-2] DEBUG c.a.security.JwtAuthenticationFilter - Processing request: GET /api/v1/auth/users/username/Ashok
2026-06-18 10:32:14 [http-nio-8083-exec-2] DEBUG c.a.security.JwtAuthenticationFilter - Authenticated user [a42l7fcuof@bwmyga.com] for URI: /api/v1/auth/users/username/Ashok
2026-06-18 10:32:14 [http-nio-8083-exec-2] INFO  c.a.config.RequestLoggingFilter - -> GET /api/v1/auth/users/username/Ashok [IP: 127.0.0.1]
2026-06-18 10:32:14 [http-nio-8083-exec-2] INFO  c.a.config.RequestLoggingFilter - <- GET /api/v1/auth/users/username/Ashok | status=200 | 2ms
2026-06-18 10:32:39 [AsyncResolver-bootstrap-executor-0] INFO  c.n.d.s.r.aws.ConfigClusterResolver - Resolving eureka endpoints via configuration
2026-06-18 10:32:44 [http-nio-8083-exec-5] DEBUG c.a.security.JwtAuthenticationFilter - Processing request: GET /api/v1/auth/users/username/Ashok
2026-06-18 10:32:44 [http-nio-8083-exec-5] DEBUG c.a.security.JwtAuthenticationFilter - Authenticated user [a42l7fcuof@bwmyga.com] for URI: /api/v1/auth/users/username/Ashok
2026-06-18 10:32:44 [http-nio-8083-exec-5] INFO  c.a.config.RequestLoggingFilter - -> GET /api/v1/auth/users/username/Ashok [IP: 127.0.0.1]
2026-06-18 10:32:44 [http-nio-8083-exec-5] INFO  c.a.config.RequestLoggingFilter - <- GET /api/v1/auth/users/username/Ashok | status=200 | 9ms
2026-06-18 10:32:50 [http-nio-8083-exec-6] DEBUG c.a.security.JwtAuthenticationFilter - Processing request: GET /api/v1/auth/users/username/Ashok
2026-06-18 10:32:50 [http-nio-8083-exec-6] DEBUG c.a.security.JwtAuthenticationFilter - Authenticated user [a42l7fcuof@bwmyga.com] for URI: /api/v1/auth/users/username/Ashok
2026-06-18 10:32:50 [http-nio-8083-exec-6] INFO  c.a.config.RequestLoggingFilter - -> GET /api/v1/auth/users/username/Ashok [IP: 127.0.0.1]
2026-06-18 10:32:50 [http-nio-8083-exec-6] INFO  c.a.config.RequestLoggingFilter - <- GET /api/v1/auth/users/username/Ashok | status=200 | 10ms
2026-06-18 10:32:50 [http-nio-8083-exec-9] DEBUG c.a.security.JwtAuthenticationFilter - Processing request: GET /api/v1/auth/users/username/Ashok
2026-06-18 10:32:50 [http-nio-8083-exec-9] DEBUG c.a.security.JwtAuthenticationFilter - Authenticated user [a42l7fcuof@bwmyga.com] for URI: /api/v1/auth/users/username/Ashok
2026-06-18 10:32:50 [http-nio-8083-exec-9] INFO  c.a.config.RequestLoggingFilter - -> GET /api/v1/auth/users/username/Ashok [IP: 127.0.0.1]
2026-06-18 10:32:50 [http-nio-8083-exec-9] INFO  c.a.config.RequestLoggingFilter - <- GET /api/v1/auth/users/username/Ashok | status=200 | 6ms
2026-06-18 10:33:20 [http-nio-8083-exec-10] DEBUG c.a.security.JwtAuthenticationFilter - Processing request: GET /api/v1/auth/users/username/Ashok
2026-06-18 10:33:20 [http-nio-8083-exec-10] DEBUG c.a.security.JwtAuthenticationFilter - Authenticated user [a42l7fcuof@bwmyga.com] for URI: /api/v1/auth/users/username/Ashok
2026-06-18 10:33:20 [http-nio-8083-exec-10] INFO  c.a.config.RequestLoggingFilter - -> GET /api/v1/auth/users/username/Ashok [IP: 127.0.0.1]
2026-06-18 10:33:20 [http-nio-8083-exec-10] INFO  c.a.config.RequestLoggingFilter - <- GET /api/v1/auth/users/username/Ashok | status=200 | 4ms
2026-06-18 10:33:50 [http-nio-8083-exec-3] DEBUG c.a.security.JwtAuthenticationFilter - Processing request: GET /api/v1/auth/users/username/Ashok
2026-06-18 10:33:50 [http-nio-8083-exec-3] DEBUG c.a.security.JwtAuthenticationFilter - Authenticated user [a42l7fcuof@bwmyga.com] for URI: /api/v1/auth/users/username/Ashok
2026-06-18 10:33:50 [http-nio-8083-exec-3] INFO  c.a.config.RequestLoggingFilter - -> GET /api/v1/auth/users/username/Ashok [IP: 127.0.0.1]
2026-06-18 10:33:50 [http-nio-8083-exec-3] INFO  c.a.config.RequestLoggingFilter - <- GET /api/v1/auth/users/username/Ashok | status=200 | 11ms
2026-06-18 10:34:20 [http-nio-8083-exec-4] DEBUG c.a.security.JwtAuthenticationFilter - Processing request: GET /api/v1/auth/users/username/Ashok
2026-06-18 10:34:20 [http-nio-8083-exec-4] DEBUG c.a.security.JwtAuthenticationFilter - Authenticated user [a42l7fcuof@bwmyga.com] for URI: /api/v1/auth/users/username/Ashok
2026-06-18 10:34:20 [http-nio-8083-exec-4] INFO  c.a.config.RequestLoggingFilter - -> GET /api/v1/auth/users/username/Ashok [IP: 127.0.0.1]
2026-06-18 10:34:20 [http-nio-8083-exec-4] INFO  c.a.config.RequestLoggingFilter - <- GET /api/v1/auth/users/username/Ashok | status=200 | 16ms
2026-06-18 10:34:50 [http-nio-8083-exec-7] DEBUG c.a.security.JwtAuthenticationFilter - Processing request: GET /api/v1/auth/users/username/Ashok
2026-06-18 10:34:50 [http-nio-8083-exec-7] DEBUG c.a.security.JwtAuthenticationFilter - Authenticated user [a42l7fcuof@bwmyga.com] for URI: /api/v1/auth/users/username/Ashok
2026-06-18 10:34:50 [http-nio-8083-exec-7] INFO  c.a.config.RequestLoggingFilter - -> GET /api/v1/auth/users/username/Ashok [IP: 127.0.0.1]
2026-06-18 10:34:50 [http-nio-8083-exec-7] INFO  c.a.config.RequestLoggingFilter - <- GET /api/v1/auth/users/username/Ashok | status=200 | 11ms
2026-06-18 10:35:20 [http-nio-8083-exec-8] DEBUG c.a.security.JwtAuthenticationFilter - Processing request: GET /api/v1/auth/users/username/Ashok
2026-06-18 10:35:20 [http-nio-8083-exec-8] DEBUG c.a.security.JwtAuthenticationFilter - Authenticated user [a42l7fcuof@bwmyga.com] for URI: /api/v1/auth/users/username/Ashok
2026-06-18 10:35:20 [http-nio-8083-exec-8] INFO  c.a.config.RequestLoggingFilter - -> GET /api/v1/auth/users/username/Ashok [IP: 127.0.0.1]
2026-06-18 10:35:20 [http-nio-8083-exec-8] INFO  c.a.config.RequestLoggingFilter - <- GET /api/v1/auth/users/username/Ashok | status=200 | 18ms
2026-06-18 10:35:50 [http-nio-8083-exec-1] DEBUG c.a.security.JwtAuthenticationFilter - Processing request: GET /api/v1/auth/users/username/Ashok
2026-06-18 10:35:50 [http-nio-8083-exec-1] DEBUG c.a.security.JwtAuthenticationFilter - Authenticated user [a42l7fcuof@bwmyga.com] for URI: /api/v1/auth/users/username/Ashok
2026-06-18 10:35:50 [http-nio-8083-exec-1] INFO  c.a.config.RequestLoggingFilter - -> GET /api/v1/auth/users/username/Ashok [IP: 127.0.0.1]
2026-06-18 10:35:50 [http-nio-8083-exec-1] INFO  c.a.config.RequestLoggingFilter - <- GET /api/v1/auth/users/username/Ashok | status=200 | 14ms
2026-06-18 10:36:20 [http-nio-8083-exec-2] DEBUG c.a.security.JwtAuthenticationFilter - Processing request: GET /api/v1/auth/users/username/Ashok
2026-06-18 10:36:20 [http-nio-8083-exec-2] DEBUG c.a.security.JwtAuthenticationFilter - Authenticated user [a42l7fcuof@bwmyga.com] for URI: /api/v1/auth/users/username/Ashok
2026-06-18 10:36:20 [http-nio-8083-exec-2] INFO  c.a.config.RequestLoggingFilter - -> GET /api/v1/auth/users/username/Ashok [IP: 127.0.0.1]
2026-06-18 10:36:20 [http-nio-8083-exec-2] INFO  c.a.config.RequestLoggingFilter - <- GET /api/v1/auth/users/username/Ashok | status=200 | 4ms
2026-06-18 10:36:50 [http-nio-8083-exec-5] DEBUG c.a.security.JwtAuthenticationFilter - Processing request: GET /api/v1/auth/users/username/Ashok
2026-06-18 10:36:50 [http-nio-8083-exec-5] DEBUG c.a.security.JwtAuthenticationFilter - Authenticated user [a42l7fcuof@bwmyga.com] for URI: /api/v1/auth/users/username/Ashok
2026-06-18 10:36:50 [http-nio-8083-exec-5] INFO  c.a.config.RequestLoggingFilter - -> GET /api/v1/auth/users/username/Ashok [IP: 127.0.0.1]
2026-06-18 10:36:50 [http-nio-8083-exec-5] INFO  c.a.config.RequestLoggingFilter - <- GET /api/v1/auth/users/username/Ashok | status=200 | 5ms
2026-06-18 10:37:20 [http-nio-8083-exec-6] DEBUG c.a.security.JwtAuthenticationFilter - Processing request: GET /api/v1/auth/users/username/Ashok
2026-06-18 10:37:20 [http-nio-8083-exec-6] DEBUG c.a.security.JwtAuthenticationFilter - Authenticated user [a42l7fcuof@bwmyga.com] for URI: /api/v1/auth/users/username/Ashok
2026-06-18 10:37:20 [http-nio-8083-exec-6] INFO  c.a.config.RequestLoggingFilter - -> GET /api/v1/auth/users/username/Ashok [IP: 127.0.0.1]
2026-06-18 10:37:20 [http-nio-8083-exec-6] INFO  c.a.config.RequestLoggingFilter - <- GET /api/v1/auth/users/username/Ashok | status=200 | 4ms
2026-06-18 10:37:39 [AsyncResolver-bootstrap-executor-0] INFO  c.n.d.s.r.aws.ConfigClusterResolver - Resolving eureka endpoints via configuration
2026-06-18 10:37:50 [http-nio-8083-exec-9] DEBUG c.a.security.JwtAuthenticationFilter - Processing request: GET /api/v1/auth/users/username/Ashok
2026-06-18 10:37:50 [http-nio-8083-exec-9] DEBUG c.a.security.JwtAuthenticationFilter - Authenticated user [a42l7fcuof@bwmyga.com] for URI: /api/v1/auth/users/username/Ashok
2026-06-18 10:37:50 [http-nio-8083-exec-9] INFO  c.a.config.RequestLoggingFilter - -> GET /api/v1/auth/users/username/Ashok [IP: 127.0.0.1]
2026-06-18 10:37:50 [http-nio-8083-exec-9] INFO  c.a.config.RequestLoggingFilter - <- GET /api/v1/auth/users/username/Ashok | status=200 | 4ms
2026-06-18 10:38:20 [http-nio-8083-exec-10] DEBUG c.a.security.JwtAuthenticationFilter - Processing request: GET /api/v1/auth/users/username/Ashok
2026-06-18 10:38:20 [http-nio-8083-exec-10] DEBUG c.a.security.JwtAuthenticationFilter - Authenticated user [a42l7fcuof@bwmyga.com] for URI: /api/v1/auth/users/username/Ashok
2026-06-18 10:38:20 [http-nio-8083-exec-10] INFO  c.a.config.RequestLoggingFilter - -> GET /api/v1/auth/users/username/Ashok [IP: 127.0.0.1]
2026-06-18 10:38:20 [http-nio-8083-exec-10] INFO  c.a.config.RequestLoggingFilter - <- GET /api/v1/auth/users/username/Ashok | status=200 | 8ms
2026-06-18 10:38:50 [http-nio-8083-exec-3] DEBUG c.a.security.JwtAuthenticationFilter - Processing request: GET /api/v1/auth/users/username/Ashok
2026-06-18 10:38:50 [http-nio-8083-exec-3] DEBUG c.a.security.JwtAuthenticationFilter - Authenticated user [a42l7fcuof@bwmyga.com] for URI: /api/v1/auth/users/username/Ashok
2026-06-18 10:38:50 [http-nio-8083-exec-3] INFO  c.a.config.RequestLoggingFilter - -> GET /api/v1/auth/users/username/Ashok [IP: 127.0.0.1]
2026-06-18 10:38:50 [http-nio-8083-exec-3] INFO  c.a.config.RequestLoggingFilter - <- GET /api/v1/auth/users/username/Ashok | status=200 | 7ms
2026-06-18 10:39:20 [http-nio-8083-exec-4] DEBUG c.a.security.JwtAuthenticationFilter - Processing request: GET /api/v1/auth/users/username/Ashok
2026-06-18 10:39:20 [http-nio-8083-exec-4] DEBUG c.a.security.JwtAuthenticationFilter - Authenticated user [a42l7fcuof@bwmyga.com] for URI: /api/v1/auth/users/username/Ashok
2026-06-18 10:39:20 [http-nio-8083-exec-4] INFO  c.a.config.RequestLoggingFilter - -> GET /api/v1/auth/users/username/Ashok [IP: 127.0.0.1]
2026-06-18 10:39:20 [http-nio-8083-exec-4] INFO  c.a.config.RequestLoggingFilter - <- GET /api/v1/auth/users/username/Ashok | status=200 | 6ms
2026-06-18 10:39:50 [http-nio-8083-exec-7] DEBUG c.a.security.JwtAuthenticationFilter - Processing request: GET /api/v1/auth/users/username/Ashok
2026-06-18 10:39:50 [http-nio-8083-exec-7] DEBUG c.a.security.JwtAuthenticationFilter - Authenticated user [a42l7fcuof@bwmyga.com] for URI: /api/v1/auth/users/username/Ashok
2026-06-18 10:39:50 [http-nio-8083-exec-7] INFO  c.a.config.RequestLoggingFilter - -> GET /api/v1/auth/users/username/Ashok [IP: 127.0.0.1]
2026-06-18 10:39:50 [http-nio-8083-exec-7] INFO  c.a.config.RequestLoggingFilter - <- GET /api/v1/auth/users/username/Ashok | status=200 | 10ms
2026-06-18 10:40:04 [http-nio-8083-exec-8] DEBUG c.a.security.JwtAuthenticationFilter - Processing request: POST /api/v1/auth/register
2026-06-18 10:40:04 [http-nio-8083-exec-8] INFO  c.a.config.RequestLoggingFilter - -> POST /api/v1/auth/register [IP: 0:0:0:0:0:0:0:1]
2026-06-18 10:40:04 [http-nio-8083-exec-8] INFO  c.a.controller.AuthController - Received registration request for email: ks6s0r4trg@ozsaip.com
2026-06-18 10:40:04 [http-nio-8083-exec-8] INFO  c.a.service.impl.AuthServiceImpl - Registration attempt for email: ks6s0r4trg@ozsaip.com
2026-06-18 10:40:04 [SimpleAsyncTaskExecutor-3] INFO  c.a.service.impl.EmailServiceImpl - Sending welcome email to: ks6s0r4trg@ozsaip.com
2026-06-18 10:40:04 [http-nio-8083-exec-8] INFO  c.a.config.RequestLoggingFilter - <- POST /api/v1/auth/register | status=201 | 354ms
2026-06-18 10:40:08 [SimpleAsyncTaskExecutor-3] INFO  c.a.service.impl.EmailServiceImpl - Welcome email sent successfully to: ks6s0r4trg@ozsaip.com
2026-06-18 10:40:09 [http-nio-8083-exec-1] DEBUG c.a.security.JwtAuthenticationFilter - Processing request: POST /api/v1/auth/login
2026-06-18 10:40:09 [http-nio-8083-exec-1] INFO  c.a.config.RequestLoggingFilter - -> POST /api/v1/auth/login [IP: 0:0:0:0:0:0:0:1]
2026-06-18 10:40:09 [http-nio-8083-exec-1] INFO  c.a.controller.AuthController - Received login request for email: ks6s0r4trg@ozsaip.com
2026-06-18 10:40:09 [http-nio-8083-exec-1] DEBUG com.authservice.util.OtpUtil - Generated OTP (masked): 25****
2026-06-18 10:40:09 [http-nio-8083-exec-1] INFO  c.a.service.impl.OtpServiceImpl - OTP generated and stored in Redis for email: ks6s0r4trg@ozsaip.com | TTL: 300s
2026-06-18 10:40:09 [http-nio-8083-exec-1] INFO  c.a.config.RequestLoggingFilter - <- POST /api/v1/auth/login | status=200 | 363ms
2026-06-18 10:40:09 [SimpleAsyncTaskExecutor-4] INFO  c.a.service.impl.EmailServiceImpl - Sending OTP email to: ks6s0r4trg@ozsaip.com
2026-06-18 10:40:13 [SimpleAsyncTaskExecutor-4] INFO  c.a.service.impl.EmailServiceImpl - OTP email sent successfully to: ks6s0r4trg@ozsaip.com
2026-06-18 10:40:20 [http-nio-8083-exec-2] DEBUG c.a.security.JwtAuthenticationFilter - Processing request: GET /api/v1/auth/users/username/Ashok
2026-06-18 10:40:20 [http-nio-8083-exec-2] DEBUG c.a.security.JwtAuthenticationFilter - Authenticated user [a42l7fcuof@bwmyga.com] for URI: /api/v1/auth/users/username/Ashok
2026-06-18 10:40:20 [http-nio-8083-exec-2] INFO  c.a.config.RequestLoggingFilter - -> GET /api/v1/auth/users/username/Ashok [IP: 127.0.0.1]
2026-06-18 10:40:20 [http-nio-8083-exec-2] INFO  c.a.config.RequestLoggingFilter - <- GET /api/v1/auth/users/username/Ashok | status=200 | 25ms
2026-06-18 10:40:21 [http-nio-8083-exec-5] DEBUG c.a.security.JwtAuthenticationFilter - Processing request: POST /api/v1/auth/verify-otp
2026-06-18 10:40:21 [http-nio-8083-exec-5] INFO  c.a.config.RequestLoggingFilter - -> POST /api/v1/auth/verify-otp [IP: 0:0:0:0:0:0:0:1]
2026-06-18 10:40:21 [http-nio-8083-exec-5] INFO  c.a.controller.AuthController - Received OTP verification request for email: ks6s0r4trg@ozsaip.com
2026-06-18 10:40:21 [http-nio-8083-exec-5] INFO  c.a.service.impl.OtpServiceImpl - OTP verified and invalidated successfully for email: ks6s0r4trg@ozsaip.com
2026-06-18 10:40:21 [http-nio-8083-exec-5] DEBUG com.authservice.util.JwtUtil - Generating JWT token for user: ks6s0r4trg@ozsaip.com
2026-06-18 10:40:21 [http-nio-8083-exec-5] INFO  c.a.config.RequestLoggingFilter - <- POST /api/v1/auth/verify-otp | status=200 | 29ms
2026-06-18 10:40:21 [http-nio-8083-exec-6] DEBUG c.a.security.JwtAuthenticationFilter - Processing request: GET /api/v1/auth/users/username/Syam
2026-06-18 10:40:21 [http-nio-8083-exec-6] DEBUG c.a.security.JwtAuthenticationFilter - Authenticated user [ks6s0r4trg@ozsaip.com] for URI: /api/v1/auth/users/username/Syam
2026-06-18 10:40:22 [http-nio-8083-exec-6] INFO  c.a.config.RequestLoggingFilter - -> GET /api/v1/auth/users/username/Syam [IP: 127.0.0.1]
2026-06-18 10:40:22 [http-nio-8083-exec-6] INFO  c.a.config.RequestLoggingFilter - <- GET /api/v1/auth/users/username/Syam | status=200 | 10ms
2026-06-18 10:40:22 [http-nio-8083-exec-9] DEBUG c.a.security.JwtAuthenticationFilter - Processing request: GET /api/v1/auth/users/username/Syam
2026-06-18 10:40:22 [http-nio-8083-exec-9] DEBUG c.a.security.JwtAuthenticationFilter - Authenticated user [ks6s0r4trg@ozsaip.com] for URI: /api/v1/auth/users/username/Syam
2026-06-18 10:40:22 [http-nio-8083-exec-9] INFO  c.a.config.RequestLoggingFilter - -> GET /api/v1/auth/users/username/Syam [IP: 127.0.0.1]
2026-06-18 10:40:22 [http-nio-8083-exec-9] INFO  c.a.config.RequestLoggingFilter - <- GET /api/v1/auth/users/username/Syam | status=200 | 3ms
2026-06-18 10:40:38 [http-nio-8083-exec-10] DEBUG c.a.security.JwtAuthenticationFilter - Processing request: GET /api/v1/auth/users/phone/+442079460018
2026-06-18 10:40:38 [http-nio-8083-exec-10] DEBUG c.a.security.JwtAuthenticationFilter - Authenticated user [ks6s0r4trg@ozsaip.com] for URI: /api/v1/auth/users/phone/+442079460018
2026-06-18 10:40:38 [http-nio-8083-exec-10] INFO  c.a.config.RequestLoggingFilter - -> GET /api/v1/auth/users/phone/+442079460018 [IP: 127.0.0.1]
2026-06-18 10:40:38 [http-nio-8083-exec-10] INFO  c.a.config.RequestLoggingFilter - <- GET /api/v1/auth/users/phone/+442079460018 | status=200 | 5ms
2026-06-18 10:40:39 [http-nio-8083-exec-3] DEBUG c.a.security.JwtAuthenticationFilter - Processing request: GET /api/v1/auth/users/phone/+442079460018
2026-06-18 10:40:39 [http-nio-8083-exec-3] DEBUG c.a.security.JwtAuthenticationFilter - Authenticated user [ks6s0r4trg@ozsaip.com] for URI: /api/v1/auth/users/phone/+442079460018
2026-06-18 10:40:39 [http-nio-8083-exec-3] INFO  c.a.config.RequestLoggingFilter - -> GET /api/v1/auth/users/phone/+442079460018 [IP: 127.0.0.1]
2026-06-18 10:40:39 [http-nio-8083-exec-3] INFO  c.a.config.RequestLoggingFilter - <- GET /api/v1/auth/users/phone/+442079460018 | status=200 | 5ms
2026-06-18 10:40:39 [http-nio-8083-exec-4] DEBUG c.a.security.JwtAuthenticationFilter - Processing request: GET /api/v1/auth/users/68e922f9-7fd7-443b-bcd7-1a9d7978d3b8
2026-06-18 10:40:39 [http-nio-8083-exec-4] DEBUG c.a.security.JwtAuthenticationFilter - Authenticated user [ks6s0r4trg@ozsaip.com] for URI: /api/v1/auth/users/68e922f9-7fd7-443b-bcd7-1a9d7978d3b8
2026-06-18 10:40:39 [http-nio-8083-exec-4] INFO  c.a.config.RequestLoggingFilter - -> GET /api/v1/auth/users/68e922f9-7fd7-443b-bcd7-1a9d7978d3b8 [IP: 127.0.0.1]
2026-06-18 10:40:39 [http-nio-8083-exec-4] INFO  c.a.config.RequestLoggingFilter - <- GET /api/v1/auth/users/68e922f9-7fd7-443b-bcd7-1a9d7978d3b8 | status=200 | 2ms
2026-06-18 10:40:39 [http-nio-8083-exec-7] DEBUG c.a.security.JwtAuthenticationFilter - Processing request: GET /api/v1/auth/users/e2810d50-ab33-49c8-b198-dcfba3cceecc
2026-06-18 10:40:39 [http-nio-8083-exec-7] DEBUG c.a.security.JwtAuthenticationFilter - Authenticated user [ks6s0r4trg@ozsaip.com] for URI: /api/v1/auth/users/e2810d50-ab33-49c8-b198-dcfba3cceecc
2026-06-18 10:40:39 [http-nio-8083-exec-7] INFO  c.a.config.RequestLoggingFilter - -> GET /api/v1/auth/users/e2810d50-ab33-49c8-b198-dcfba3cceecc [IP: 127.0.0.1]
2026-06-18 10:40:39 [http-nio-8083-exec-7] INFO  c.a.config.RequestLoggingFilter - <- GET /api/v1/auth/users/e2810d50-ab33-49c8-b198-dcfba3cceecc | status=200 | 2ms
2026-06-18 10:40:39 [http-nio-8083-exec-8] DEBUG c.a.security.JwtAuthenticationFilter - Processing request: GET /api/v1/auth/users/username/Syam
2026-06-18 10:40:39 [http-nio-8083-exec-8] DEBUG c.a.security.JwtAuthenticationFilter - Authenticated user [ks6s0r4trg@ozsaip.com] for URI: /api/v1/auth/users/username/Syam
2026-06-18 10:40:39 [http-nio-8083-exec-8] INFO  c.a.config.RequestLoggingFilter - -> GET /api/v1/auth/users/username/Syam [IP: 127.0.0.1]
2026-06-18 10:40:39 [http-nio-8083-exec-8] INFO  c.a.config.RequestLoggingFilter - <- GET /api/v1/auth/users/username/Syam | status=200 | 7ms
2026-06-18 10:40:43 [http-nio-8083-exec-1] DEBUG c.a.security.JwtAuthenticationFilter - Processing request: GET /api/v1/auth/users/username/Ashok
2026-06-18 10:40:43 [http-nio-8083-exec-1] DEBUG c.a.security.JwtAuthenticationFilter - Authenticated user [ks6s0r4trg@ozsaip.com] for URI: /api/v1/auth/users/username/Ashok
2026-06-18 10:40:43 [http-nio-8083-exec-1] INFO  c.a.config.RequestLoggingFilter - -> GET /api/v1/auth/users/username/Ashok [IP: 127.0.0.1]
2026-06-18 10:40:43 [http-nio-8083-exec-1] INFO  c.a.config.RequestLoggingFilter - <- GET /api/v1/auth/users/username/Ashok | status=200 | 5ms
2026-06-18 10:40:46 [http-nio-8083-exec-2] DEBUG c.a.security.JwtAuthenticationFilter - Processing request: GET /api/v1/auth/users/68e922f9-7fd7-443b-bcd7-1a9d7978d3b8
2026-06-18 10:40:46 [http-nio-8083-exec-2] DEBUG c.a.security.JwtAuthenticationFilter - Authenticated user [a42l7fcuof@bwmyga.com] for URI: /api/v1/auth/users/68e922f9-7fd7-443b-bcd7-1a9d7978d3b8
2026-06-18 10:40:46 [http-nio-8083-exec-2] INFO  c.a.config.RequestLoggingFilter - -> GET /api/v1/auth/users/68e922f9-7fd7-443b-bcd7-1a9d7978d3b8 [IP: 127.0.0.1]
2026-06-18 10:40:46 [http-nio-8083-exec-2] INFO  c.a.config.RequestLoggingFilter - <- GET /api/v1/auth/users/68e922f9-7fd7-443b-bcd7-1a9d7978d3b8 | status=200 | 10ms
2026-06-18 10:40:46 [http-nio-8083-exec-5] DEBUG c.a.security.JwtAuthenticationFilter - Processing request: GET /api/v1/auth/users/username/Ashok
2026-06-18 10:40:46 [http-nio-8083-exec-5] DEBUG c.a.security.JwtAuthenticationFilter - Authenticated user [a42l7fcuof@bwmyga.com] for URI: /api/v1/auth/users/username/Ashok
2026-06-18 10:40:47 [http-nio-8083-exec-5] INFO  c.a.config.RequestLoggingFilter - -> GET /api/v1/auth/users/username/Ashok [IP: 127.0.0.1]
2026-06-18 10:40:47 [http-nio-8083-exec-5] INFO  c.a.config.RequestLoggingFilter - <- GET /api/v1/auth/users/username/Ashok | status=200 | 7ms
2026-06-18 10:40:47 [http-nio-8083-exec-6] DEBUG c.a.security.JwtAuthenticationFilter - Processing request: GET /api/v1/auth/users/68e922f9-7fd7-443b-bcd7-1a9d7978d3b8
2026-06-18 10:40:47 [http-nio-8083-exec-6] DEBUG c.a.security.JwtAuthenticationFilter - Authenticated user [a42l7fcuof@bwmyga.com] for URI: /api/v1/auth/users/68e922f9-7fd7-443b-bcd7-1a9d7978d3b8
2026-06-18 10:40:47 [http-nio-8083-exec-6] INFO  c.a.config.RequestLoggingFilter - -> GET /api/v1/auth/users/68e922f9-7fd7-443b-bcd7-1a9d7978d3b8 [IP: 127.0.0.1]
2026-06-18 10:40:47 [http-nio-8083-exec-6] INFO  c.a.config.RequestLoggingFilter - <- GET /api/v1/auth/users/68e922f9-7fd7-443b-bcd7-1a9d7978d3b8 | status=200 | 9ms
2026-06-18 10:40:47 [http-nio-8083-exec-9] DEBUG c.a.security.JwtAuthenticationFilter - Processing request: GET /api/v1/auth/users/username/Ashok
2026-06-18 10:40:47 [http-nio-8083-exec-9] DEBUG c.a.security.JwtAuthenticationFilter - Authenticated user [a42l7fcuof@bwmyga.com] for URI: /api/v1/auth/users/username/Ashok
2026-06-18 10:40:47 [http-nio-8083-exec-9] INFO  c.a.config.RequestLoggingFilter - -> GET /api/v1/auth/users/username/Ashok [IP: 127.0.0.1]
2026-06-18 10:40:47 [http-nio-8083-exec-9] INFO  c.a.config.RequestLoggingFilter - <- GET /api/v1/auth/users/username/Ashok | status=200 | 6ms
2026-06-18 10:40:50 [http-nio-8083-exec-10] DEBUG c.a.security.JwtAuthenticationFilter - Processing request: GET /api/v1/auth/users/username/Syam
2026-06-18 10:40:50 [http-nio-8083-exec-10] DEBUG c.a.security.JwtAuthenticationFilter - Authenticated user [ks6s0r4trg@ozsaip.com] for URI: /api/v1/auth/users/username/Syam
2026-06-18 10:40:50 [http-nio-8083-exec-10] INFO  c.a.config.RequestLoggingFilter - -> GET /api/v1/auth/users/username/Syam [IP: 127.0.0.1]
2026-06-18 10:40:50 [http-nio-8083-exec-10] INFO  c.a.config.RequestLoggingFilter - <- GET /api/v1/auth/users/username/Syam | status=200 | 13ms
2026-06-18 10:40:50 [http-nio-8083-exec-3] DEBUG c.a.security.JwtAuthenticationFilter - Processing request: GET /api/v1/auth/users/e2810d50-ab33-49c8-b198-dcfba3cceecc
2026-06-18 10:40:50 [http-nio-8083-exec-3] DEBUG c.a.security.JwtAuthenticationFilter - Authenticated user [ks6s0r4trg@ozsaip.com] for URI: /api/v1/auth/users/e2810d50-ab33-49c8-b198-dcfba3cceecc
2026-06-18 10:40:50 [http-nio-8083-exec-3] INFO  c.a.config.RequestLoggingFilter - -> GET /api/v1/auth/users/e2810d50-ab33-49c8-b198-dcfba3cceecc [IP: 127.0.0.1]
2026-06-18 10:40:50 [http-nio-8083-exec-3] INFO  c.a.config.RequestLoggingFilter - <- GET /api/v1/auth/users/e2810d50-ab33-49c8-b198-dcfba3cceecc | status=200 | 14ms
2026-06-18 10:40:50 [http-nio-8083-exec-4] DEBUG c.a.security.JwtAuthenticationFilter - Processing request: GET /api/v1/auth/users/username/Syam
2026-06-18 10:40:50 [http-nio-8083-exec-7] DEBUG c.a.security.JwtAuthenticationFilter - Processing request: GET /api/v1/auth/users/e2810d50-ab33-49c8-b198-dcfba3cceecc
2026-06-18 10:40:50 [http-nio-8083-exec-4] DEBUG c.a.security.JwtAuthenticationFilter - Authenticated user [ks6s0r4trg@ozsaip.com] for URI: /api/v1/auth/users/username/Syam
2026-06-18 10:40:50 [http-nio-8083-exec-4] INFO  c.a.config.RequestLoggingFilter - -> GET /api/v1/auth/users/username/Syam [IP: 127.0.0.1]
2026-06-18 10:40:50 [http-nio-8083-exec-7] DEBUG c.a.security.JwtAuthenticationFilter - Authenticated user [ks6s0r4trg@ozsaip.com] for URI: /api/v1/auth/users/e2810d50-ab33-49c8-b198-dcfba3cceecc
2026-06-18 10:40:50 [http-nio-8083-exec-7] INFO  c.a.config.RequestLoggingFilter - -> GET /api/v1/auth/users/e2810d50-ab33-49c8-b198-dcfba3cceecc [IP: 127.0.0.1]
2026-06-18 10:40:50 [http-nio-8083-exec-4] INFO  c.a.config.RequestLoggingFilter - <- GET /api/v1/auth/users/username/Syam | status=200 | 7ms
2026-06-18 10:40:50 [http-nio-8083-exec-7] INFO  c.a.config.RequestLoggingFilter - <- GET /api/v1/auth/users/e2810d50-ab33-49c8-b198-dcfba3cceecc | status=200 | 8ms
2026-06-18 10:40:53 [http-nio-8083-exec-8] DEBUG c.a.security.JwtAuthenticationFilter - Processing request: GET /api/v1/auth/users/username/Syam
2026-06-18 10:40:54 [http-nio-8083-exec-8] DEBUG c.a.security.JwtAuthenticationFilter - Authenticated user [a42l7fcuof@bwmyga.com] for URI: /api/v1/auth/users/username/Syam
2026-06-18 10:40:54 [http-nio-8083-exec-8] INFO  c.a.config.RequestLoggingFilter - -> GET /api/v1/auth/users/username/Syam [IP: 127.0.0.1]
2026-06-18 10:40:54 [http-nio-8083-exec-8] INFO  c.a.config.RequestLoggingFilter - <- GET /api/v1/auth/users/username/Syam | status=200 | 5ms
2026-06-18 10:41:16 [http-nio-8083-exec-1] DEBUG c.a.security.JwtAuthenticationFilter - Processing request: GET /api/v1/auth/users/username/Ashok
2026-06-18 10:41:16 [http-nio-8083-exec-1] DEBUG c.a.security.JwtAuthenticationFilter - Authenticated user [a42l7fcuof@bwmyga.com] for URI: /api/v1/auth/users/username/Ashok
2026-06-18 10:41:16 [http-nio-8083-exec-1] INFO  c.a.config.RequestLoggingFilter - -> GET /api/v1/auth/users/username/Ashok [IP: 127.0.0.1]
2026-06-18 10:41:16 [http-nio-8083-exec-1] INFO  c.a.config.RequestLoggingFilter - <- GET /api/v1/auth/users/username/Ashok | status=200 | 4ms
2026-06-18 10:41:19 [http-nio-8083-exec-2] DEBUG c.a.security.JwtAuthenticationFilter - Processing request: GET /api/v1/auth/users/username/Syam
2026-06-18 10:41:19 [http-nio-8083-exec-2] DEBUG c.a.security.JwtAuthenticationFilter - Authenticated user [ks6s0r4trg@ozsaip.com] for URI: /api/v1/auth/users/username/Syam
2026-06-18 10:41:19 [http-nio-8083-exec-2] INFO  c.a.config.RequestLoggingFilter - -> GET /api/v1/auth/users/username/Syam [IP: 127.0.0.1]
2026-06-18 10:41:19 [http-nio-8083-exec-2] INFO  c.a.config.RequestLoggingFilter - <- GET /api/v1/auth/users/username/Syam | status=200 | 3ms
2026-06-18 10:41:46 [http-nio-8083-exec-5] DEBUG c.a.security.JwtAuthenticationFilter - Processing request: GET /api/v1/auth/users/username/Ashok
2026-06-18 10:41:46 [http-nio-8083-exec-5] DEBUG c.a.security.JwtAuthenticationFilter - Authenticated user [a42l7fcuof@bwmyga.com] for URI: /api/v1/auth/users/username/Ashok
2026-06-18 10:41:46 [http-nio-8083-exec-5] INFO  c.a.config.RequestLoggingFilter - -> GET /api/v1/auth/users/username/Ashok [IP: 127.0.0.1]
2026-06-18 10:41:46 [http-nio-8083-exec-5] INFO  c.a.config.RequestLoggingFilter - <- GET /api/v1/auth/users/username/Ashok | status=200 | 6ms
2026-06-18 10:41:49 [http-nio-8083-exec-6] DEBUG c.a.security.JwtAuthenticationFilter - Processing request: GET /api/v1/auth/users/username/Syam
2026-06-18 10:41:49 [http-nio-8083-exec-6] DEBUG c.a.security.JwtAuthenticationFilter - Authenticated user [ks6s0r4trg@ozsaip.com] for URI: /api/v1/auth/users/username/Syam
2026-06-18 10:41:49 [http-nio-8083-exec-6] INFO  c.a.config.RequestLoggingFilter - -> GET /api/v1/auth/users/username/Syam [IP: 127.0.0.1]
2026-06-18 10:41:49 [http-nio-8083-exec-6] INFO  c.a.config.RequestLoggingFilter - <- GET /api/v1/auth/users/username/Syam | status=200 | 6ms
2026-06-18 10:42:17 [http-nio-8083-exec-9] DEBUG c.a.security.JwtAuthenticationFilter - Processing request: GET /api/v1/auth/users/username/Ashok
2026-06-18 10:42:17 [http-nio-8083-exec-9] DEBUG c.a.security.JwtAuthenticationFilter - Authenticated user [a42l7fcuof@bwmyga.com] for URI: /api/v1/auth/users/username/Ashok
2026-06-18 10:42:17 [http-nio-8083-exec-9] INFO  c.a.config.RequestLoggingFilter - -> GET /api/v1/auth/users/username/Ashok [IP: 127.0.0.1]
2026-06-18 10:42:17 [http-nio-8083-exec-9] INFO  c.a.config.RequestLoggingFilter - <- GET /api/v1/auth/users/username/Ashok | status=200 | 16ms
2026-06-18 10:42:19 [http-nio-8083-exec-10] DEBUG c.a.security.JwtAuthenticationFilter - Processing request: GET /api/v1/auth/users/username/Syam
2026-06-18 10:42:19 [http-nio-8083-exec-10] DEBUG c.a.security.JwtAuthenticationFilter - Authenticated user [ks6s0r4trg@ozsaip.com] for URI: /api/v1/auth/users/username/Syam
2026-06-18 10:42:19 [http-nio-8083-exec-10] INFO  c.a.config.RequestLoggingFilter - -> GET /api/v1/auth/users/username/Syam [IP: 127.0.0.1]
2026-06-18 10:42:19 [http-nio-8083-exec-10] INFO  c.a.config.RequestLoggingFilter - <- GET /api/v1/auth/users/username/Syam | status=200 | 4ms
2026-06-18 10:42:39 [AsyncResolver-bootstrap-executor-0] INFO  c.n.d.s.r.aws.ConfigClusterResolver - Resolving eureka endpoints via configuration
2026-06-18 10:42:47 [http-nio-8083-exec-3] DEBUG c.a.security.JwtAuthenticationFilter - Processing request: GET /api/v1/auth/users/username/Ashok
2026-06-18 10:42:47 [http-nio-8083-exec-3] DEBUG c.a.security.JwtAuthenticationFilter - Authenticated user [a42l7fcuof@bwmyga.com] for URI: /api/v1/auth/users/username/Ashok
2026-06-18 10:42:47 [http-nio-8083-exec-3] INFO  c.a.config.RequestLoggingFilter - -> GET /api/v1/auth/users/username/Ashok [IP: 127.0.0.1]
2026-06-18 10:42:47 [http-nio-8083-exec-3] INFO  c.a.config.RequestLoggingFilter - <- GET /api/v1/auth/users/username/Ashok | status=200 | 4ms
2026-06-18 10:42:49 [http-nio-8083-exec-4] DEBUG c.a.security.JwtAuthenticationFilter - Processing request: GET /api/v1/auth/users/username/Syam
2026-06-18 10:42:49 [http-nio-8083-exec-4] DEBUG c.a.security.JwtAuthenticationFilter - Authenticated user [ks6s0r4trg@ozsaip.com] for URI: /api/v1/auth/users/username/Syam
2026-06-18 10:42:49 [http-nio-8083-exec-4] INFO  c.a.config.RequestLoggingFilter - -> GET /api/v1/auth/users/username/Syam [IP: 127.0.0.1]
2026-06-18 10:42:49 [http-nio-8083-exec-4] INFO  c.a.config.RequestLoggingFilter - <- GET /api/v1/auth/users/username/Syam | status=200 | 4ms
2026-06-18 10:43:17 [http-nio-8083-exec-7] DEBUG c.a.security.JwtAuthenticationFilter - Processing request: GET /api/v1/auth/users/username/Ashok
2026-06-18 10:43:17 [http-nio-8083-exec-7] DEBUG c.a.security.JwtAuthenticationFilter - Authenticated user [a42l7fcuof@bwmyga.com] for URI: /api/v1/auth/users/username/Ashok
2026-06-18 10:43:17 [http-nio-8083-exec-7] INFO  c.a.config.RequestLoggingFilter - -> GET /api/v1/auth/users/username/Ashok [IP: 127.0.0.1]
2026-06-18 10:43:17 [http-nio-8083-exec-7] INFO  c.a.config.RequestLoggingFilter - <- GET /api/v1/auth/users/username/Ashok | status=200 | 3ms
2026-06-18 10:43:19 [http-nio-8083-exec-8] DEBUG c.a.security.JwtAuthenticationFilter - Processing request: GET /api/v1/auth/users/username/Syam
2026-06-18 10:43:19 [http-nio-8083-exec-8] DEBUG c.a.security.JwtAuthenticationFilter - Authenticated user [ks6s0r4trg@ozsaip.com] for URI: /api/v1/auth/users/username/Syam
2026-06-18 10:43:19 [http-nio-8083-exec-8] INFO  c.a.config.RequestLoggingFilter - -> GET /api/v1/auth/users/username/Syam [IP: 127.0.0.1]
2026-06-18 10:43:19 [http-nio-8083-exec-8] INFO  c.a.config.RequestLoggingFilter - <- GET /api/v1/auth/users/username/Syam | status=200 | 6ms
2026-06-18 10:43:47 [http-nio-8083-exec-1] DEBUG c.a.security.JwtAuthenticationFilter - Processing request: GET /api/v1/auth/users/username/Ashok
2026-06-18 10:43:47 [http-nio-8083-exec-1] DEBUG c.a.security.JwtAuthenticationFilter - Authenticated user [a42l7fcuof@bwmyga.com] for URI: /api/v1/auth/users/username/Ashok
2026-06-18 10:43:47 [http-nio-8083-exec-1] INFO  c.a.config.RequestLoggingFilter - -> GET /api/v1/auth/users/username/Ashok [IP: 127.0.0.1]
2026-06-18 10:43:47 [http-nio-8083-exec-1] INFO  c.a.config.RequestLoggingFilter - <- GET /api/v1/auth/users/username/Ashok | status=200 | 4ms
2026-06-18 10:43:49 [http-nio-8083-exec-2] DEBUG c.a.security.JwtAuthenticationFilter - Processing request: GET /api/v1/auth/users/username/Syam
2026-06-18 10:43:49 [http-nio-8083-exec-2] DEBUG c.a.security.JwtAuthenticationFilter - Authenticated user [ks6s0r4trg@ozsaip.com] for URI: /api/v1/auth/users/username/Syam
2026-06-18 10:43:49 [http-nio-8083-exec-2] INFO  c.a.config.RequestLoggingFilter - -> GET /api/v1/auth/users/username/Syam [IP: 127.0.0.1]
2026-06-18 10:43:49 [http-nio-8083-exec-2] INFO  c.a.config.RequestLoggingFilter - <- GET /api/v1/auth/users/username/Syam | status=200 | 9ms
2026-06-18 10:44:17 [http-nio-8083-exec-5] DEBUG c.a.security.JwtAuthenticationFilter - Processing request: GET /api/v1/auth/users/username/Ashok
2026-06-18 10:44:17 [http-nio-8083-exec-5] DEBUG c.a.security.JwtAuthenticationFilter - Authenticated user [a42l7fcuof@bwmyga.com] for URI: /api/v1/auth/users/username/Ashok
2026-06-18 10:44:17 [http-nio-8083-exec-5] INFO  c.a.config.RequestLoggingFilter - -> GET /api/v1/auth/users/username/Ashok [IP: 127.0.0.1]
2026-06-18 10:44:17 [http-nio-8083-exec-5] INFO  c.a.config.RequestLoggingFilter - <- GET /api/v1/auth/users/username/Ashok | status=200 | 12ms
2026-06-18 10:44:20 [http-nio-8083-exec-6] DEBUG c.a.security.JwtAuthenticationFilter - Processing request: GET /api/v1/auth/users/username/Syam
2026-06-18 10:44:20 [http-nio-8083-exec-6] DEBUG c.a.security.JwtAuthenticationFilter - Authenticated user [ks6s0r4trg@ozsaip.com] for URI: /api/v1/auth/users/username/Syam
2026-06-18 10:44:20 [http-nio-8083-exec-6] INFO  c.a.config.RequestLoggingFilter - -> GET /api/v1/auth/users/username/Syam [IP: 127.0.0.1]
2026-06-18 10:44:20 [http-nio-8083-exec-6] INFO  c.a.config.RequestLoggingFilter - <- GET /api/v1/auth/users/username/Syam | status=200 | 6ms
2026-06-18 10:44:46 [http-nio-8083-exec-9] DEBUG c.a.security.JwtAuthenticationFilter - Processing request: GET /api/v1/auth/users/username/Ashok
2026-06-18 10:44:46 [http-nio-8083-exec-9] DEBUG c.a.security.JwtAuthenticationFilter - Authenticated user [a42l7fcuof@bwmyga.com] for URI: /api/v1/auth/users/username/Ashok
2026-06-18 10:44:46 [http-nio-8083-exec-9] INFO  c.a.config.RequestLoggingFilter - -> GET /api/v1/auth/users/username/Ashok [IP: 127.0.0.1]
2026-06-18 10:44:46 [http-nio-8083-exec-9] INFO  c.a.config.RequestLoggingFilter - <- GET /api/v1/auth/users/username/Ashok | status=200 | 6ms
2026-06-18 10:44:49 [http-nio-8083-exec-10] DEBUG c.a.security.JwtAuthenticationFilter - Processing request: GET /api/v1/auth/users/username/Syam
2026-06-18 10:44:49 [http-nio-8083-exec-10] DEBUG c.a.security.JwtAuthenticationFilter - Authenticated user [ks6s0r4trg@ozsaip.com] for URI: /api/v1/auth/users/username/Syam
2026-06-18 10:44:49 [http-nio-8083-exec-10] INFO  c.a.config.RequestLoggingFilter - -> GET /api/v1/auth/users/username/Syam [IP: 127.0.0.1]
2026-06-18 10:44:49 [http-nio-8083-exec-10] INFO  c.a.config.RequestLoggingFilter - <- GET /api/v1/auth/users/username/Syam | status=200 | 25ms
2026-06-18 10:45:16 [http-nio-8083-exec-3] DEBUG c.a.security.JwtAuthenticationFilter - Processing request: GET /api/v1/auth/users/username/Ashok
2026-06-18 10:45:16 [http-nio-8083-exec-3] DEBUG c.a.security.JwtAuthenticationFilter - Authenticated user [a42l7fcuof@bwmyga.com] for URI: /api/v1/auth/users/username/Ashok
2026-06-18 10:45:16 [http-nio-8083-exec-3] INFO  c.a.config.RequestLoggingFilter - -> GET /api/v1/auth/users/username/Ashok [IP: 127.0.0.1]
2026-06-18 10:45:16 [http-nio-8083-exec-3] INFO  c.a.config.RequestLoggingFilter - <- GET /api/v1/auth/users/username/Ashok | status=200 | 6ms
2026-06-18 10:45:19 [http-nio-8083-exec-4] DEBUG c.a.security.JwtAuthenticationFilter - Processing request: GET /api/v1/auth/users/username/Syam
2026-06-18 10:45:19 [http-nio-8083-exec-4] DEBUG c.a.security.JwtAuthenticationFilter - Authenticated user [ks6s0r4trg@ozsaip.com] for URI: /api/v1/auth/users/username/Syam
2026-06-18 10:45:19 [http-nio-8083-exec-4] INFO  c.a.config.RequestLoggingFilter - -> GET /api/v1/auth/users/username/Syam [IP: 127.0.0.1]
2026-06-18 10:45:19 [http-nio-8083-exec-4] INFO  c.a.config.RequestLoggingFilter - <- GET /api/v1/auth/users/username/Syam | status=200 | 3ms
2026-06-18 10:45:47 [http-nio-8083-exec-7] DEBUG c.a.security.JwtAuthenticationFilter - Processing request: GET /api/v1/auth/users/username/Ashok
2026-06-18 10:45:47 [http-nio-8083-exec-7] DEBUG c.a.security.JwtAuthenticationFilter - Authenticated user [a42l7fcuof@bwmyga.com] for URI: /api/v1/auth/users/username/Ashok
2026-06-18 10:45:47 [http-nio-8083-exec-7] INFO  c.a.config.RequestLoggingFilter - -> GET /api/v1/auth/users/username/Ashok [IP: 127.0.0.1]
2026-06-18 10:45:47 [http-nio-8083-exec-7] INFO  c.a.config.RequestLoggingFilter - <- GET /api/v1/auth/users/username/Ashok | status=200 | 3ms
2026-06-18 10:45:50 [http-nio-8083-exec-8] DEBUG c.a.security.JwtAuthenticationFilter - Processing request: GET /api/v1/auth/users/username/Syam
2026-06-18 10:45:50 [http-nio-8083-exec-8] DEBUG c.a.security.JwtAuthenticationFilter - Authenticated user [ks6s0r4trg@ozsaip.com] for URI: /api/v1/auth/users/username/Syam
2026-06-18 10:45:50 [http-nio-8083-exec-8] INFO  c.a.config.RequestLoggingFilter - -> GET /api/v1/auth/users/username/Syam [IP: 127.0.0.1]
2026-06-18 10:45:50 [http-nio-8083-exec-8] INFO  c.a.config.RequestLoggingFilter - <- GET /api/v1/auth/users/username/Syam | status=200 | 0ms
2026-06-18 13:23:13 [main] INFO  c.authservice.AuthServiceApplication - Starting AuthServiceApplication using Java 17.0.18 with PID 8864 (C:\Users\ADMIN\Desktop\Radius\Radius\auth-service\target\classes started by ADMIN in C:\Users\ADMIN\Desktop\Radius\Radius\auth-service)
2026-06-18 13:23:13 [main] DEBUG c.authservice.AuthServiceApplication - Running with Spring Boot v3.2.3, Spring v6.1.4
2026-06-18 13:23:13 [main] INFO  c.authservice.AuthServiceApplication - No active profile set, falling back to 1 default profile: "default"
2026-06-18 13:23:14 [main] INFO  o.s.d.r.c.RepositoryConfigurationDelegate - Multiple Spring Data modules found, entering strict repository configuration mode
2026-06-18 13:23:14 [main] INFO  o.s.d.r.c.RepositoryConfigurationDelegate - Bootstrapping Spring Data JPA repositories in DEFAULT mode.
2026-06-18 13:23:14 [main] INFO  o.s.d.r.c.RepositoryConfigurationDelegate - Finished Spring Data repository scanning in 147 ms. Found 1 JPA repository interface.
2026-06-18 13:23:14 [main] INFO  o.s.d.r.c.RepositoryConfigurationDelegate - Multiple Spring Data modules found, entering strict repository configuration mode
2026-06-18 13:23:14 [main] INFO  o.s.d.r.c.RepositoryConfigurationDelegate - Bootstrapping Spring Data Redis repositories in DEFAULT mode.
2026-06-18 13:23:14 [main] INFO  o.s.d.r.c.RepositoryConfigurationExtensionSupport - Spring Data Redis - Could not safely identify store assignment for repository candidate interface com.authservice.repository.UserRepository; If you want this repository to be a Redis repository, consider annotating your entities with one of these annotations: org.springframework.data.redis.core.RedisHash (preferred), or consider extending one of the following types with your repository: org.springframework.data.keyvalue.repository.KeyValueRepository
2026-06-18 13:23:14 [main] INFO  o.s.d.r.c.RepositoryConfigurationDelegate - Finished Spring Data repository scanning in 9 ms. Found 0 Redis repository interfaces.
2026-06-18 13:23:14 [main] INFO  o.s.cloud.context.scope.GenericScope - BeanFactory id=6ffccfd3-490f-301b-a02e-f3858c541321
2026-06-18 13:23:14 [main] WARN  o.s.c.s.PostProcessorRegistrationDelegate$BeanPostProcessorChecker - Bean 'org.springframework.cloud.client.loadbalancer.LoadBalancerAutoConfiguration$DeferringLoadBalancerInterceptorConfig' of type [org.springframework.cloud.client.loadbalancer.LoadBalancerAutoConfiguration$DeferringLoadBalancerInterceptorConfig] is not eligible for getting processed by all BeanPostProcessors (for example: not eligible for auto-proxying). The currently created BeanPostProcessor [lbRestClientPostProcessor] is declared through a non-static factory method on that class; consider declaring it as static instead.
2026-06-18 13:23:14 [main] WARN  o.s.c.s.PostProcessorRegistrationDelegate$BeanPostProcessorChecker - Bean 'deferringLoadBalancerInterceptor' of type [org.springframework.cloud.client.loadbalancer.DeferringLoadBalancerInterceptor] is not eligible for getting processed by all BeanPostProcessors (for example: not eligible for auto-proxying). Is this bean getting eagerly injected into a currently created BeanPostProcessor [lbRestClientPostProcessor]? Check the corresponding BeanPostProcessor declaration and its dependencies.
2026-06-18 13:23:15 [main] INFO  o.s.b.w.e.tomcat.TomcatWebServer - Tomcat initialized with port 8083 (http)
2026-06-18 13:23:15 [main] INFO  o.a.catalina.core.StandardService - Starting service [Tomcat]
2026-06-18 13:23:15 [main] INFO  o.a.catalina.core.StandardEngine - Starting Servlet engine: [Apache Tomcat/10.1.19]
2026-06-18 13:23:15 [main] INFO  o.a.c.c.C.[Tomcat].[localhost].[/] - Initializing Spring embedded WebApplicationContext
2026-06-18 13:23:15 [main] INFO  o.s.b.w.s.c.ServletWebServerApplicationContext - Root WebApplicationContext: initialization completed in 2205 ms
2026-06-18 13:23:15 [main] DEBUG c.a.security.JwtAuthenticationFilter - Filter 'jwtAuthenticationFilter' configured for use
2026-06-18 13:23:15 [main] DEBUG c.a.c.SecurityConfig$GatewayWhitelistFilter - Filter 'securityConfig.GatewayWhitelistFilter' configured for use
2026-06-18 13:23:15 [main] INFO  o.h.jpa.internal.util.LogHelper - HHH000204: Processing PersistenceUnitInfo [name: default]
2026-06-18 13:23:15 [main] INFO  org.hibernate.Version - HHH000412: Hibernate ORM core version 6.4.4.Final
2026-06-18 13:23:15 [main] INFO  o.h.c.i.RegionFactoryInitiator - HHH000026: Second-level cache disabled
2026-06-18 13:23:16 [main] INFO  o.s.o.j.p.SpringPersistenceUnitInfo - No LoadTimeWeaver setup: ignoring JPA class transformer
2026-06-18 13:23:16 [main] INFO  com.zaxxer.hikari.HikariDataSource - HikariPool-1 - Starting...
2026-06-18 13:23:16 [main] INFO  com.zaxxer.hikari.pool.HikariPool - HikariPool-1 - Added connection org.postgresql.jdbc.PgConnection@37caecda
2026-06-18 13:23:16 [main] INFO  com.zaxxer.hikari.HikariDataSource - HikariPool-1 - Start completed.
2026-06-18 13:23:16 [main] WARN  org.hibernate.orm.deprecation - HHH90000025: PostgreSQLDialect does not need to be specified explicitly using 'hibernate.dialect' (remove the property setting and it will be selected by default)
2026-06-18 13:23:17 [main] INFO  o.h.e.t.j.p.i.JtaPlatformInitiator - HHH000489: No JTA platform available (set 'hibernate.transaction.jta.platform' to enable JTA platform integration)
2026-06-18 13:23:17 [main] INFO  o.s.o.j.LocalContainerEntityManagerFactoryBean - Initialized JPA EntityManagerFactory for persistence unit 'default'
2026-06-18 13:23:18 [main] WARN  o.s.b.a.o.j.JpaBaseConfiguration$JpaWebConfiguration - spring.jpa.open-in-view is enabled by default. Therefore, database queries may be performed during view rendering. Explicitly configure spring.jpa.open-in-view to disable this warning
2026-06-18 13:23:19 [main] INFO  o.s.c.n.e.c.DiscoveryClientOptionalArgsConfiguration - Eureka HTTP Client uses RestTemplate.
2026-06-18 13:23:19 [main] WARN  o.s.c.l.c.LoadBalancerCacheAutoConfiguration$LoadBalancerCaffeineWarnLogger - Spring Cloud LoadBalancer is currently working with the default cache. While this cache implementation is useful for development and tests, it's recommended to use Caffeine cache in production.You can switch to using Caffeine cache, by adding it and org.springframework.cache.caffeine.CaffeineCacheManager to the classpath.
2026-06-18 13:23:19 [main] INFO  o.s.c.n.eureka.InstanceInfoFactory - Setting initial instance status as: STARTING
2026-06-18 13:23:19 [main] INFO  c.netflix.discovery.DiscoveryClient - Initializing Eureka in region us-east-1
2026-06-18 13:23:19 [main] INFO  c.n.d.s.r.aws.ConfigClusterResolver - Resolving eureka endpoints via configuration
2026-06-18 13:23:19 [main] INFO  c.netflix.discovery.DiscoveryClient - Disable delta property : false
2026-06-18 13:23:19 [main] INFO  c.netflix.discovery.DiscoveryClient - Single vip registry refresh property : null
2026-06-18 13:23:19 [main] INFO  c.netflix.discovery.DiscoveryClient - Force full registry fetch : false
2026-06-18 13:23:19 [main] INFO  c.netflix.discovery.DiscoveryClient - Application is null : false
2026-06-18 13:23:19 [main] INFO  c.netflix.discovery.DiscoveryClient - Registered Applications size is zero : true
2026-06-18 13:23:19 [main] INFO  c.netflix.discovery.DiscoveryClient - Application version is -1: true
2026-06-18 13:23:19 [main] INFO  c.netflix.discovery.DiscoveryClient - Getting all instance registry info from the eureka server
2026-06-18 13:23:20 [main] INFO  c.netflix.discovery.DiscoveryClient - The response status is 200
2026-06-18 13:23:20 [main] INFO  c.netflix.discovery.DiscoveryClient - Starting heartbeat executor: renew interval is: 30
2026-06-18 13:23:20 [main] INFO  c.n.discovery.InstanceInfoReplicator - InstanceInfoReplicator onDemand update allowed rate per min is 4
2026-06-18 13:23:20 [main] INFO  c.netflix.discovery.DiscoveryClient - Discovery Client initialized at timestamp 1781769200028 with initial instances count: 1
2026-06-18 13:23:20 [main] INFO  o.s.c.n.e.s.EurekaServiceRegistry - Registering application AUTH-SERVICE with eureka with status UP
2026-06-18 13:23:20 [main] INFO  c.netflix.discovery.DiscoveryClient - Saw local status change event StatusChangeEvent [timestamp=1781769200034, current=UP, previous=STARTING]
2026-06-18 13:23:20 [DiscoveryClient-InstanceInfoReplicator-0] INFO  c.netflix.discovery.DiscoveryClient - DiscoveryClient_AUTH-SERVICE/CHETAN-NMS-KMIL-LAPTOP-1:auth-service:8083: registering service...
2026-06-18 13:23:20 [main] INFO  o.s.b.w.e.tomcat.TomcatWebServer - Tomcat started on port 8083 (http) with context path ''
2026-06-18 13:23:20 [main] INFO  o.s.c.n.e.s.EurekaAutoServiceRegistration - Updating port to 8083
2026-06-18 13:23:20 [DiscoveryClient-InstanceInfoReplicator-0] INFO  c.netflix.discovery.DiscoveryClient - DiscoveryClient_AUTH-SERVICE/CHETAN-NMS-KMIL-LAPTOP-1:auth-service:8083 - registration status: 204
2026-06-18 13:23:20 [main] INFO  o.s.m.s.b.SimpleBrokerMessageHandler - Starting...
2026-06-18 13:23:20 [main] INFO  o.s.m.s.b.SimpleBrokerMessageHandler - BrokerAvailabilityEvent[available=true, SimpleBrokerMessageHandler [org.springframework.messaging.simp.broker.DefaultSubscriptionRegistry@6382bc3f]]
2026-06-18 13:23:20 [main] INFO  o.s.m.s.b.SimpleBrokerMessageHandler - Started.
2026-06-18 13:23:20 [main] INFO  c.authservice.AuthServiceApplication - Started AuthServiceApplication in 7.73 seconds (process running for 8.269)
2026-06-18 13:24:19 [MessageBroker-1] INFO  o.s.w.s.c.WebSocketMessageBrokerStats - WebSocketSession[0 current WS(0)-HttpStream(0)-HttpPoll(0), 0 total, 0 closed abnormally (0 connect failure, 0 send limit, 0 transport error)], stompSubProtocol[processed CONNECT(0)-CONNECTED(0)-DISCONNECT(0)], stompBrokerRelay[null], inboundChannel[pool size = 0, active threads = 0, queued tasks = 0, completed tasks = 0], outboundChannel[pool size = 0, active threads = 0, queued tasks = 0, completed tasks = 0], sockJsScheduler[pool size = 1, active threads = 1, queued tasks = 0, completed tasks = 0]
2026-06-18 13:25:36 [http-nio-8083-exec-1] INFO  o.a.c.c.C.[Tomcat].[localhost].[/] - Initializing Spring DispatcherServlet 'dispatcherServlet'
2026-06-18 13:25:36 [http-nio-8083-exec-1] INFO  o.s.web.servlet.DispatcherServlet - Initializing Servlet 'dispatcherServlet'
2026-06-18 13:25:36 [http-nio-8083-exec-1] INFO  o.s.web.servlet.DispatcherServlet - Completed initialization in 0 ms
2026-06-18 13:25:36 [http-nio-8083-exec-1] DEBUG c.a.security.JwtAuthenticationFilter - Processing request: POST /api/v1/auth/register
2026-06-18 13:25:36 [http-nio-8083-exec-1] INFO  c.a.config.RequestLoggingFilter - -> POST /api/v1/auth/register [IP: 0:0:0:0:0:0:0:1]
2026-06-18 13:25:36 [http-nio-8083-exec-1] INFO  c.a.controller.AuthController - Received registration request for email: eaqe021ogm@bltiwd.com
2026-06-18 13:25:36 [http-nio-8083-exec-1] INFO  c.a.service.impl.AuthServiceImpl - Registration attempt for email: eaqe021ogm@bltiwd.com
2026-06-18 13:25:37 [http-nio-8083-exec-1] INFO  o.s.s.a.AnnotationAsyncExecutionInterceptor - More than one TaskExecutor bean found within the context, and none is named 'taskExecutor'. Mark one of them as primary or name it 'taskExecutor' (possibly as an alias) in order to use it for async processing: [clientInboundChannelExecutor, clientOutboundChannelExecutor, brokerChannelExecutor]
2026-06-18 13:25:37 [SimpleAsyncTaskExecutor-1] INFO  c.a.service.impl.EmailServiceImpl - Sending welcome email to: eaqe021ogm@bltiwd.com
2026-06-18 13:25:37 [http-nio-8083-exec-1] INFO  c.a.config.RequestLoggingFilter - <- POST /api/v1/auth/register | status=201 | 588ms
2026-06-18 13:25:41 [SimpleAsyncTaskExecutor-1] INFO  c.a.service.impl.EmailServiceImpl - Welcome email sent successfully to: eaqe021ogm@bltiwd.com
2026-06-18 13:25:43 [http-nio-8083-exec-2] DEBUG c.a.security.JwtAuthenticationFilter - Processing request: POST /api/v1/auth/login
2026-06-18 13:25:43 [http-nio-8083-exec-2] INFO  c.a.config.RequestLoggingFilter - -> POST /api/v1/auth/login [IP: 0:0:0:0:0:0:0:1]
2026-06-18 13:25:43 [http-nio-8083-exec-2] INFO  c.a.controller.AuthController - Received login request for email: eaqe021ogm@bltiwd.com
2026-06-18 13:25:43 [http-nio-8083-exec-2] DEBUG com.authservice.util.OtpUtil - Generated OTP (masked): 01****
2026-06-18 13:25:44 [http-nio-8083-exec-2] INFO  c.a.service.impl.OtpServiceImpl - OTP generated and stored in Redis for email: eaqe021ogm@bltiwd.com | TTL: 300s
2026-06-18 13:25:44 [SimpleAsyncTaskExecutor-2] INFO  c.a.service.impl.EmailServiceImpl - Sending OTP email to: eaqe021ogm@bltiwd.com
2026-06-18 13:25:44 [http-nio-8083-exec-2] INFO  c.a.config.RequestLoggingFilter - <- POST /api/v1/auth/login | status=200 | 755ms
2026-06-18 13:25:48 [SimpleAsyncTaskExecutor-2] INFO  c.a.service.impl.EmailServiceImpl - OTP email sent successfully to: eaqe021ogm@bltiwd.com
2026-06-18 13:25:56 [http-nio-8083-exec-3] DEBUG c.a.security.JwtAuthenticationFilter - Processing request: POST /api/v1/auth/verify-otp
2026-06-18 13:25:56 [http-nio-8083-exec-3] INFO  c.a.config.RequestLoggingFilter - -> POST /api/v1/auth/verify-otp [IP: 0:0:0:0:0:0:0:1]
2026-06-18 13:25:56 [http-nio-8083-exec-3] INFO  c.a.controller.AuthController - Received OTP verification request for email: eaqe021ogm@bltiwd.com
2026-06-18 13:25:56 [http-nio-8083-exec-3] INFO  c.a.service.impl.OtpServiceImpl - OTP verified and invalidated successfully for email: eaqe021ogm@bltiwd.com
2026-06-18 13:25:56 [http-nio-8083-exec-3] DEBUG com.authservice.util.JwtUtil - Generating JWT token for user: eaqe021ogm@bltiwd.com
2026-06-18 13:25:56 [http-nio-8083-exec-3] INFO  c.a.config.RequestLoggingFilter - <- POST /api/v1/auth/verify-otp | status=200 | 60ms
2026-06-18 13:25:57 [http-nio-8083-exec-4] DEBUG c.a.security.JwtAuthenticationFilter - Processing request: GET /api/v1/auth/users/username/Mashok
2026-06-18 13:25:57 [http-nio-8083-exec-4] DEBUG c.a.security.JwtAuthenticationFilter - Authenticated user [eaqe021ogm@bltiwd.com] for URI: /api/v1/auth/users/username/Mashok
2026-06-18 13:25:57 [http-nio-8083-exec-4] INFO  c.a.config.RequestLoggingFilter - -> GET /api/v1/auth/users/username/Mashok [IP: 127.0.0.1]
2026-06-18 13:25:57 [http-nio-8083-exec-4] INFO  c.a.config.RequestLoggingFilter - <- GET /api/v1/auth/users/username/Mashok | status=200 | 7ms
2026-06-18 13:25:57 [http-nio-8083-exec-5] DEBUG c.a.security.JwtAuthenticationFilter - Processing request: GET /api/v1/auth/users/username/Mashok
2026-06-18 13:25:57 [http-nio-8083-exec-5] DEBUG c.a.security.JwtAuthenticationFilter - Authenticated user [eaqe021ogm@bltiwd.com] for URI: /api/v1/auth/users/username/Mashok
2026-06-18 13:25:57 [http-nio-8083-exec-5] INFO  c.a.config.RequestLoggingFilter - -> GET /api/v1/auth/users/username/Mashok [IP: 127.0.0.1]
2026-06-18 13:25:57 [http-nio-8083-exec-5] INFO  c.a.config.RequestLoggingFilter - <- GET /api/v1/auth/users/username/Mashok | status=200 | 14ms
2026-06-18 13:26:26 [http-nio-8083-exec-6] DEBUG c.a.security.JwtAuthenticationFilter - Processing request: GET /api/v1/auth/users/username/Mashok
2026-06-18 13:26:26 [http-nio-8083-exec-6] DEBUG c.a.security.JwtAuthenticationFilter - Authenticated user [eaqe021ogm@bltiwd.com] for URI: /api/v1/auth/users/username/Mashok
2026-06-18 13:26:26 [http-nio-8083-exec-6] INFO  c.a.config.RequestLoggingFilter - -> GET /api/v1/auth/users/username/Mashok [IP: 127.0.0.1]
2026-06-18 13:26:26 [http-nio-8083-exec-6] INFO  c.a.config.RequestLoggingFilter - <- GET /api/v1/auth/users/username/Mashok | status=200 | 5ms
2026-06-18 13:26:41 [http-nio-8083-exec-7] DEBUG c.a.security.JwtAuthenticationFilter - Processing request: POST /api/v1/auth/register
2026-06-18 13:26:41 [http-nio-8083-exec-7] INFO  c.a.config.RequestLoggingFilter - -> POST /api/v1/auth/register [IP: 0:0:0:0:0:0:0:1]
2026-06-18 13:26:41 [http-nio-8083-exec-7] INFO  c.a.controller.AuthController - Received registration request for email: 3lox6p7p5w@wnbaldwy.com
2026-06-18 13:26:41 [http-nio-8083-exec-7] INFO  c.a.service.impl.AuthServiceImpl - Registration attempt for email: 3lox6p7p5w@wnbaldwy.com
2026-06-18 13:26:41 [http-nio-8083-exec-7] WARN  c.a.exception.GlobalExceptionHandler - User already exists: Phone number already exists.
2026-06-18 13:26:41 [http-nio-8083-exec-7] WARN  o.s.w.s.m.m.a.ExceptionHandlerExceptionResolver - Failure in @ExceptionHandler com.authservice.exception.GlobalExceptionHandler#handleUserAlreadyExists(UserAlreadyExistsException, HttpServletRequest)
org.springframework.web.HttpMediaTypeNotAcceptableException: No acceptable representation
	at org.springframework.web.servlet.mvc.method.annotation.AbstractMessageConverterMethodProcessor.writeWithMessageConverters(AbstractMessageConverterMethodProcessor.java:322)
	at org.springframework.web.servlet.mvc.method.annotation.HttpEntityMethodProcessor.handleReturnValue(HttpEntityMethodProcessor.java:245)
	at org.springframework.web.method.support.HandlerMethodReturnValueHandlerComposite.handleReturnValue(HandlerMethodReturnValueHandlerComposite.java:78)
	at org.springframework.web.servlet.mvc.method.annotation.ServletInvocableHandlerMethod.invokeAndHandle(ServletInvocableHandlerMethod.java:136)
	at org.springframework.web.servlet.mvc.method.annotation.ExceptionHandlerExceptionResolver.doResolveHandlerMethodException(ExceptionHandlerExceptionResolver.java:432)
	at org.springframework.web.servlet.handler.AbstractHandlerMethodExceptionResolver.doResolveException(AbstractHandlerMethodExceptionResolver.java:74)
	at org.springframework.web.servlet.handler.AbstractHandlerExceptionResolver.resolveException(AbstractHandlerExceptionResolver.java:175)
	at org.springframework.web.servlet.handler.HandlerExceptionResolverComposite.resolveException(HandlerExceptionResolverComposite.java:80)
	at org.springframework.web.servlet.DispatcherServlet.processHandlerException(DispatcherServlet.java:1357)
	at org.springframework.web.servlet.DispatcherServlet.processDispatchResult(DispatcherServlet.java:1160)
	at org.springframework.web.servlet.DispatcherServlet.doDispatch(DispatcherServlet.java:1106)
	at org.springframework.web.servlet.DispatcherServlet.doService(DispatcherServlet.java:979)
	at org.springframework.web.servlet.FrameworkServlet.processRequest(FrameworkServlet.java:1014)
	at org.springframework.web.servlet.FrameworkServlet.doPost(FrameworkServlet.java:914)
	at jakarta.servlet.http.HttpServlet.service(HttpServlet.java:590)
	at org.springframework.web.servlet.FrameworkServlet.service(FrameworkServlet.java:885)
	at jakarta.servlet.http.HttpServlet.service(HttpServlet.java:658)
	at org.apache.catalina.core.ApplicationFilterChain.internalDoFilter(ApplicationFilterChain.java:205)
	at org.apache.catalina.core.ApplicationFilterChain.doFilter(ApplicationFilterChain.java:149)
	at org.apache.tomcat.websocket.server.WsFilter.doFilter(WsFilter.java:51)
	at org.apache.catalina.core.ApplicationFilterChain.internalDoFilter(ApplicationFilterChain.java:174)
	at org.apache.catalina.core.ApplicationFilterChain.doFilter(ApplicationFilterChain.java:149)
	at org.springframework.web.filter.OncePerRequestFilter.doFilter(OncePerRequestFilter.java:110)
	at org.apache.catalina.core.ApplicationFilterChain.internalDoFilter(ApplicationFilterChain.java:174)
	at org.apache.catalina.core.ApplicationFilterChain.doFilter(ApplicationFilterChain.java:149)
	at org.springframework.web.filter.OncePerRequestFilter.doFilter(OncePerRequestFilter.java:110)
	at org.apache.catalina.core.ApplicationFilterChain.internalDoFilter(ApplicationFilterChain.java:174)
	at org.apache.catalina.core.ApplicationFilterChain.doFilter(ApplicationFilterChain.java:149)
	at com.authservice.config.RequestLoggingFilter.doFilter(RequestLoggingFilter.java:39)
	at org.apache.catalina.core.ApplicationFilterChain.internalDoFilter(ApplicationFilterChain.java:174)
	at org.apache.catalina.core.ApplicationFilterChain.doFilter(ApplicationFilterChain.java:149)
	at org.springframework.web.filter.CompositeFilter$VirtualFilterChain.doFilter(CompositeFilter.java:108)
	at org.springframework.security.web.FilterChainProxy.lambda$doFilterInternal$3(FilterChainProxy.java:231)
	at org.springframework.security.web.FilterChainProxy$VirtualFilterChain.doFilter(FilterChainProxy.java:365)
	at org.springframework.security.web.access.intercept.AuthorizationFilter.doFilter(AuthorizationFilter.java:100)
	at org.springframework.security.web.FilterChainProxy$VirtualFilterChain.doFilter(FilterChainProxy.java:374)
	at org.springframework.security.web.access.ExceptionTranslationFilter.doFilter(ExceptionTranslationFilter.java:126)
	at org.springframework.security.web.access.ExceptionTranslationFilter.doFilter(ExceptionTranslationFilter.java:120)
	at org.springframework.security.web.FilterChainProxy$VirtualFilterChain.doFilter(FilterChainProxy.java:374)
	at org.springframework.security.web.session.SessionManagementFilter.doFilter(SessionManagementFilter.java:131)
	at org.springframework.security.web.session.SessionManagementFilter.doFilter(SessionManagementFilter.java:85)
	at org.springframework.security.web.FilterChainProxy$VirtualFilterChain.doFilter(FilterChainProxy.java:374)
	at org.springframework.security.web.authentication.AnonymousAuthenticationFilter.doFilter(AnonymousAuthenticationFilter.java:100)
	at org.springframework.security.web.FilterChainProxy$VirtualFilterChain.doFilter(FilterChainProxy.java:374)
	at org.springframework.security.web.servletapi.SecurityContextHolderAwareRequestFilter.doFilter(SecurityContextHolderAwareRequestFilter.java:179)
	at org.springframework.security.web.FilterChainProxy$VirtualFilterChain.doFilter(FilterChainProxy.java:374)
	at org.springframework.security.web.savedrequest.RequestCacheAwareFilter.doFilter(RequestCacheAwareFilter.java:63)
	at org.springframework.security.web.FilterChainProxy$VirtualFilterChain.doFilter(FilterChainProxy.java:374)
	at com.authservice.security.JwtAuthenticationFilter.doFilterInternal(JwtAuthenticationFilter.java:94)
	at org.springframework.web.filter.OncePerRequestFilter.doFilter(OncePerRequestFilter.java:116)
	at org.springframework.security.web.FilterChainProxy$VirtualFilterChain.doFilter(FilterChainProxy.java:374)
	at com.authservice.config.SecurityConfig$GatewayWhitelistFilter.doFilterInternal(SecurityConfig.java:118)
	at org.springframework.web.filter.OncePerRequestFilter.doFilter(OncePerRequestFilter.java:116)
	at org.springframework.security.web.FilterChainProxy$VirtualFilterChain.doFilter(FilterChainProxy.java:374)
	at org.springframework.security.web.authentication.logout.LogoutFilter.doFilter(LogoutFilter.java:107)
	at org.springframework.security.web.authentication.logout.LogoutFilter.doFilter(LogoutFilter.java:93)
	at org.springframework.security.web.FilterChainProxy$VirtualFilterChain.doFilter(FilterChainProxy.java:374)
	at org.springframework.web.filter.CorsFilter.doFilterInternal(CorsFilter.java:91)
	at org.springframework.web.filter.OncePerRequestFilter.doFilter(OncePerRequestFilter.java:116)
	at org.springframework.security.web.FilterChainProxy$VirtualFilterChain.doFilter(FilterChainProxy.java:374)
	at org.springframework.security.web.header.HeaderWriterFilter.doHeadersAfter(HeaderWriterFilter.java:90)
	at org.springframework.security.web.header.HeaderWriterFilter.doFilterInternal(HeaderWriterFilter.java:75)
	at org.springframework.web.filter.OncePerRequestFilter.doFilter(OncePerRequestFilter.java:116)
	at org.springframework.security.web.FilterChainProxy$VirtualFilterChain.doFilter(FilterChainProxy.java:374)
	at org.springframework.security.web.context.SecurityContextHolderFilter.doFilter(SecurityContextHolderFilter.java:82)
	at org.springframework.security.web.context.SecurityContextHolderFilter.doFilter(SecurityContextHolderFilter.java:69)
	at org.springframework.security.web.FilterChainProxy$VirtualFilterChain.doFilter(FilterChainProxy.java:374)
	at org.springframework.security.web.context.request.async.WebAsyncManagerIntegrationFilter.doFilterInternal(WebAsyncManagerIntegrationFilter.java:62)
	at org.springframework.web.filter.OncePerRequestFilter.doFilter(OncePerRequestFilter.java:116)
	at org.springframework.security.web.FilterChainProxy$VirtualFilterChain.doFilter(FilterChainProxy.java:374)
	at org.springframework.security.web.session.DisableEncodeUrlFilter.doFilterInternal(DisableEncodeUrlFilter.java:42)
	at org.springframework.web.filter.OncePerRequestFilter.doFilter(OncePerRequestFilter.java:116)
	at org.springframework.security.web.FilterChainProxy$VirtualFilterChain.doFilter(FilterChainProxy.java:374)
	at org.springframework.security.web.FilterChainProxy.doFilterInternal(FilterChainProxy.java:233)
	at org.springframework.security.web.FilterChainProxy.doFilter(FilterChainProxy.java:191)
	at org.springframework.web.filter.CompositeFilter$VirtualFilterChain.doFilter(CompositeFilter.java:113)
	at org.springframework.web.servlet.handler.HandlerMappingIntrospector.lambda$createCacheFilter$3(HandlerMappingIntrospector.java:195)
	at org.springframework.web.filter.CompositeFilter$VirtualFilterChain.doFilter(CompositeFilter.java:113)
	at org.springframework.web.filter.CompositeFilter.doFilter(CompositeFilter.java:74)
	at org.springframework.security.config.annotation.web.configuration.WebMvcSecurityConfiguration$CompositeFilterChainProxy.doFilter(WebMvcSecurityConfiguration.java:230)
	at org.springframework.web.filter.DelegatingFilterProxy.invokeDelegate(DelegatingFilterProxy.java:352)
	at org.springframework.web.filter.DelegatingFilterProxy.doFilter(DelegatingFilterProxy.java:268)
	at org.apache.catalina.core.ApplicationFilterChain.internalDoFilter(ApplicationFilterChain.java:174)
	at org.apache.catalina.core.ApplicationFilterChain.doFilter(ApplicationFilterChain.java:149)
	at org.springframework.web.filter.RequestContextFilter.doFilterInternal(RequestContextFilter.java:100)
	at org.springframework.web.filter.OncePerRequestFilter.doFilter(OncePerRequestFilter.java:116)
	at org.apache.catalina.core.ApplicationFilterChain.internalDoFilter(ApplicationFilterChain.java:174)
	at org.apache.catalina.core.ApplicationFilterChain.doFilter(ApplicationFilterChain.java:149)
	at org.springframework.web.filter.FormContentFilter.doFilterInternal(FormContentFilter.java:93)
	at org.springframework.web.filter.OncePerRequestFilter.doFilter(OncePerRequestFilter.java:116)
	at org.apache.catalina.core.ApplicationFilterChain.internalDoFilter(ApplicationFilterChain.java:174)
	at org.apache.catalina.core.ApplicationFilterChain.doFilter(ApplicationFilterChain.java:149)
	at org.springframework.web.filter.CharacterEncodingFilter.doFilterInternal(CharacterEncodingFilter.java:201)
	at org.springframework.web.filter.OncePerRequestFilter.doFilter(OncePerRequestFilter.java:116)
	at org.apache.catalina.core.ApplicationFilterChain.internalDoFilter(ApplicationFilterChain.java:174)
	at org.apache.catalina.core.ApplicationFilterChain.doFilter(ApplicationFilterChain.java:149)
	at org.apache.catalina.core.StandardWrapperValve.invoke(StandardWrapperValve.java:167)
	at org.apache.catalina.core.StandardContextValve.invoke(StandardContextValve.java:90)
	at org.apache.catalina.authenticator.AuthenticatorBase.invoke(AuthenticatorBase.java:482)
	at org.apache.catalina.core.StandardHostValve.invoke(StandardHostValve.java:115)
	at org.apache.catalina.valves.ErrorReportValve.invoke(ErrorReportValve.java:93)
	at org.apache.catalina.core.StandardEngineValve.invoke(StandardEngineValve.java:74)
	at org.apache.catalina.connector.CoyoteAdapter.service(CoyoteAdapter.java:344)
	at org.apache.coyote.http11.Http11Processor.service(Http11Processor.java:391)
	at org.apache.coyote.AbstractProcessorLight.process(AbstractProcessorLight.java:63)
	at org.apache.coyote.AbstractProtocol$ConnectionHandler.process(AbstractProtocol.java:896)
	at org.apache.tomcat.util.net.NioEndpoint$SocketProcessor.doRun(NioEndpoint.java:1744)
	at org.apache.tomcat.util.net.SocketProcessorBase.run(SocketProcessorBase.java:52)
	at org.apache.tomcat.util.threads.ThreadPoolExecutor.runWorker(ThreadPoolExecutor.java:1191)
	at org.apache.tomcat.util.threads.ThreadPoolExecutor$Worker.run(ThreadPoolExecutor.java:659)
	at org.apache.tomcat.util.threads.TaskThread$WrappingRunnable.run(TaskThread.java:63)
	at java.base/java.lang.Thread.run(Thread.java:840)
2026-06-18 13:26:41 [http-nio-8083-exec-7] INFO  c.a.config.RequestLoggingFilter - <- POST /api/v1/auth/register | status=409 | 30ms
2026-06-18 13:26:56 [http-nio-8083-exec-8] DEBUG c.a.security.JwtAuthenticationFilter - Processing request: GET /api/v1/auth/users/username/Mashok
2026-06-18 13:26:56 [http-nio-8083-exec-8] DEBUG c.a.security.JwtAuthenticationFilter - Authenticated user [eaqe021ogm@bltiwd.com] for URI: /api/v1/auth/users/username/Mashok
2026-06-18 13:26:56 [http-nio-8083-exec-8] INFO  c.a.config.RequestLoggingFilter - -> GET /api/v1/auth/users/username/Mashok [IP: 127.0.0.1]
2026-06-18 13:26:56 [http-nio-8083-exec-8] INFO  c.a.config.RequestLoggingFilter - <- GET /api/v1/auth/users/username/Mashok | status=200 | 8ms
2026-06-18 13:26:58 [http-nio-8083-exec-9] DEBUG c.a.security.JwtAuthenticationFilter - Processing request: POST /api/v1/auth/register
2026-06-18 13:26:58 [http-nio-8083-exec-9] INFO  c.a.config.RequestLoggingFilter - -> POST /api/v1/auth/register [IP: 0:0:0:0:0:0:0:1]
2026-06-18 13:26:58 [http-nio-8083-exec-9] INFO  c.a.controller.AuthController - Received registration request for email: 3lox6p7p5w@wnbaldwy.com
2026-06-18 13:26:58 [http-nio-8083-exec-9] INFO  c.a.service.impl.AuthServiceImpl - Registration attempt for email: 3lox6p7p5w@wnbaldwy.com
2026-06-18 13:26:58 [http-nio-8083-exec-9] ERROR c.a.exception.GlobalExceptionHandler - Unhandled exception at /api/v1/auth/register: Invalid phone number.
com.authservice.exception.AuthExceptions$InvalidPhoneNumberException: Invalid phone number.
	at com.authservice.service.impl.AuthServiceImpl.register(AuthServiceImpl.java:99)
	at java.base/jdk.internal.reflect.NativeMethodAccessorImpl.invoke0(Native Method)
	at java.base/jdk.internal.reflect.NativeMethodAccessorImpl.invoke(NativeMethodAccessorImpl.java:77)
	at java.base/jdk.internal.reflect.DelegatingMethodAccessorImpl.invoke(DelegatingMethodAccessorImpl.java:43)
	at java.base/java.lang.reflect.Method.invoke(Method.java:569)
	at org.springframework.aop.support.AopUtils.invokeJoinpointUsingReflection(AopUtils.java:351)
	at org.springframework.aop.framework.ReflectiveMethodInvocation.invokeJoinpoint(ReflectiveMethodInvocation.java:196)
	at org.springframework.aop.framework.ReflectiveMethodInvocation.proceed(ReflectiveMethodInvocation.java:163)
	at org.springframework.aop.framework.CglibAopProxy$CglibMethodInvocation.proceed(CglibAopProxy.java:765)
	at org.springframework.transaction.interceptor.TransactionInterceptor$1.proceedWithInvocation(TransactionInterceptor.java:123)
	at org.springframework.transaction.interceptor.TransactionAspectSupport.invokeWithinTransaction(TransactionAspectSupport.java:385)
	at org.springframework.transaction.interceptor.TransactionInterceptor.invoke(TransactionInterceptor.java:119)
	at org.springframework.aop.framework.ReflectiveMethodInvocation.proceed(ReflectiveMethodInvocation.java:184)
	at org.springframework.aop.framework.CglibAopProxy$CglibMethodInvocation.proceed(CglibAopProxy.java:765)
	at org.springframework.aop.framework.CglibAopProxy$DynamicAdvisedInterceptor.intercept(CglibAopProxy.java:717)
	at com.authservice.service.impl.AuthServiceImpl$$SpringCGLIB$$0.register(<generated>)
	at com.authservice.controller.AuthController.register(AuthController.java:52)
	at java.base/jdk.internal.reflect.NativeMethodAccessorImpl.invoke0(Native Method)
	at java.base/jdk.internal.reflect.NativeMethodAccessorImpl.invoke(NativeMethodAccessorImpl.java:77)
	at java.base/jdk.internal.reflect.DelegatingMethodAccessorImpl.invoke(DelegatingMethodAccessorImpl.java:43)
	at java.base/java.lang.reflect.Method.invoke(Method.java:569)
	at org.springframework.web.method.support.InvocableHandlerMethod.doInvoke(InvocableHandlerMethod.java:259)
	at org.springframework.web.method.support.InvocableHandlerMethod.invokeForRequest(InvocableHandlerMethod.java:192)
	at org.springframework.web.servlet.mvc.method.annotation.ServletInvocableHandlerMethod.invokeAndHandle(ServletInvocableHandlerMethod.java:118)
	at org.springframework.web.servlet.mvc.method.annotation.RequestMappingHandlerAdapter.invokeHandlerMethod(RequestMappingHandlerAdapter.java:920)
	at org.springframework.web.servlet.mvc.method.annotation.RequestMappingHandlerAdapter.handleInternal(RequestMappingHandlerAdapter.java:830)
	at org.springframework.web.servlet.mvc.method.AbstractHandlerMethodAdapter.handle(AbstractHandlerMethodAdapter.java:87)
	at org.springframework.web.servlet.DispatcherServlet.doDispatch(DispatcherServlet.java:1089)
	at org.springframework.web.servlet.DispatcherServlet.doService(DispatcherServlet.java:979)
	at org.springframework.web.servlet.FrameworkServlet.processRequest(FrameworkServlet.java:1014)
	at org.springframework.web.servlet.FrameworkServlet.doPost(FrameworkServlet.java:914)
	at jakarta.servlet.http.HttpServlet.service(HttpServlet.java:590)
	at org.springframework.web.servlet.FrameworkServlet.service(FrameworkServlet.java:885)
	at jakarta.servlet.http.HttpServlet.service(HttpServlet.java:658)
	at org.apache.catalina.core.ApplicationFilterChain.internalDoFilter(ApplicationFilterChain.java:205)
	at org.apache.catalina.core.ApplicationFilterChain.doFilter(ApplicationFilterChain.java:149)
	at org.apache.tomcat.websocket.server.WsFilter.doFilter(WsFilter.java:51)
	at org.apache.catalina.core.ApplicationFilterChain.internalDoFilter(ApplicationFilterChain.java:174)
	at org.apache.catalina.core.ApplicationFilterChain.doFilter(ApplicationFilterChain.java:149)
	at org.springframework.web.filter.OncePerRequestFilter.doFilter(OncePerRequestFilter.java:110)
	at org.apache.catalina.core.ApplicationFilterChain.internalDoFilter(ApplicationFilterChain.java:174)
	at org.apache.catalina.core.ApplicationFilterChain.doFilter(ApplicationFilterChain.java:149)
	at org.springframework.web.filter.OncePerRequestFilter.doFilter(OncePerRequestFilter.java:110)
	at org.apache.catalina.core.ApplicationFilterChain.internalDoFilter(ApplicationFilterChain.java:174)
	at org.apache.catalina.core.ApplicationFilterChain.doFilter(ApplicationFilterChain.java:149)
	at com.authservice.config.RequestLoggingFilter.doFilter(RequestLoggingFilter.java:39)
	at org.apache.catalina.core.ApplicationFilterChain.internalDoFilter(ApplicationFilterChain.java:174)
	at org.apache.catalina.core.ApplicationFilterChain.doFilter(ApplicationFilterChain.java:149)
	at org.springframework.web.filter.CompositeFilter$VirtualFilterChain.doFilter(CompositeFilter.java:108)
	at org.springframework.security.web.FilterChainProxy.lambda$doFilterInternal$3(FilterChainProxy.java:231)
	at org.springframework.security.web.FilterChainProxy$VirtualFilterChain.doFilter(FilterChainProxy.java:365)
	at org.springframework.security.web.access.intercept.AuthorizationFilter.doFilter(AuthorizationFilter.java:100)
	at org.springframework.security.web.FilterChainProxy$VirtualFilterChain.doFilter(FilterChainProxy.java:374)
	at org.springframework.security.web.access.ExceptionTranslationFilter.doFilter(ExceptionTranslationFilter.java:126)
	at org.springframework.security.web.access.ExceptionTranslationFilter.doFilter(ExceptionTranslationFilter.java:120)
	at org.springframework.security.web.FilterChainProxy$VirtualFilterChain.doFilter(FilterChainProxy.java:374)
	at org.springframework.security.web.session.SessionManagementFilter.doFilter(SessionManagementFilter.java:131)
	at org.springframework.security.web.session.SessionManagementFilter.doFilter(SessionManagementFilter.java:85)
	at org.springframework.security.web.FilterChainProxy$VirtualFilterChain.doFilter(FilterChainProxy.java:374)
	at org.springframework.security.web.authentication.AnonymousAuthenticationFilter.doFilter(AnonymousAuthenticationFilter.java:100)
	at org.springframework.security.web.FilterChainProxy$VirtualFilterChain.doFilter(FilterChainProxy.java:374)
	at org.springframework.security.web.servletapi.SecurityContextHolderAwareRequestFilter.doFilter(SecurityContextHolderAwareRequestFilter.java:179)
	at org.springframework.security.web.FilterChainProxy$VirtualFilterChain.doFilter(FilterChainProxy.java:374)
	at org.springframework.security.web.savedrequest.RequestCacheAwareFilter.doFilter(RequestCacheAwareFilter.java:63)
	at org.springframework.security.web.FilterChainProxy$VirtualFilterChain.doFilter(FilterChainProxy.java:374)
	at com.authservice.security.JwtAuthenticationFilter.doFilterInternal(JwtAuthenticationFilter.java:94)
	at org.springframework.web.filter.OncePerRequestFilter.doFilter(OncePerRequestFilter.java:116)
	at org.springframework.security.web.FilterChainProxy$VirtualFilterChain.doFilter(FilterChainProxy.java:374)
	at com.authservice.config.SecurityConfig$GatewayWhitelistFilter.doFilterInternal(SecurityConfig.java:118)
	at org.springframework.web.filter.OncePerRequestFilter.doFilter(OncePerRequestFilter.java:116)
	at org.springframework.security.web.FilterChainProxy$VirtualFilterChain.doFilter(FilterChainProxy.java:374)
	at org.springframework.security.web.authentication.logout.LogoutFilter.doFilter(LogoutFilter.java:107)
	at org.springframework.security.web.authentication.logout.LogoutFilter.doFilter(LogoutFilter.java:93)
	at org.springframework.security.web.FilterChainProxy$VirtualFilterChain.doFilter(FilterChainProxy.java:374)
	at org.springframework.web.filter.CorsFilter.doFilterInternal(CorsFilter.java:91)
	at org.springframework.web.filter.OncePerRequestFilter.doFilter(OncePerRequestFilter.java:116)
	at org.springframework.security.web.FilterChainProxy$VirtualFilterChain.doFilter(FilterChainProxy.java:374)
	at org.springframework.security.web.header.HeaderWriterFilter.doHeadersAfter(HeaderWriterFilter.java:90)
	at org.springframework.security.web.header.HeaderWriterFilter.doFilterInternal(HeaderWriterFilter.java:75)
	at org.springframework.web.filter.OncePerRequestFilter.doFilter(OncePerRequestFilter.java:116)
	at org.springframework.security.web.FilterChainProxy$VirtualFilterChain.doFilter(FilterChainProxy.java:374)
	at org.springframework.security.web.context.SecurityContextHolderFilter.doFilter(SecurityContextHolderFilter.java:82)
	at org.springframework.security.web.context.SecurityContextHolderFilter.doFilter(SecurityContextHolderFilter.java:69)
	at org.springframework.security.web.FilterChainProxy$VirtualFilterChain.doFilter(FilterChainProxy.java:374)
	at org.springframework.security.web.context.request.async.WebAsyncManagerIntegrationFilter.doFilterInternal(WebAsyncManagerIntegrationFilter.java:62)
	at org.springframework.web.filter.OncePerRequestFilter.doFilter(OncePerRequestFilter.java:116)
	at org.springframework.security.web.FilterChainProxy$VirtualFilterChain.doFilter(FilterChainProxy.java:374)
	at org.springframework.security.web.session.DisableEncodeUrlFilter.doFilterInternal(DisableEncodeUrlFilter.java:42)
	at org.springframework.web.filter.OncePerRequestFilter.doFilter(OncePerRequestFilter.java:116)
	at org.springframework.security.web.FilterChainProxy$VirtualFilterChain.doFilter(FilterChainProxy.java:374)
	at org.springframework.security.web.FilterChainProxy.doFilterInternal(FilterChainProxy.java:233)
	at org.springframework.security.web.FilterChainProxy.doFilter(FilterChainProxy.java:191)
	at org.springframework.web.filter.CompositeFilter$VirtualFilterChain.doFilter(CompositeFilter.java:113)
	at org.springframework.web.servlet.handler.HandlerMappingIntrospector.lambda$createCacheFilter$3(HandlerMappingIntrospector.java:195)
	at org.springframework.web.filter.CompositeFilter$VirtualFilterChain.doFilter(CompositeFilter.java:113)
	at org.springframework.web.filter.CompositeFilter.doFilter(CompositeFilter.java:74)
	at org.springframework.security.config.annotation.web.configuration.WebMvcSecurityConfiguration$CompositeFilterChainProxy.doFilter(WebMvcSecurityConfiguration.java:230)
	at org.springframework.web.filter.DelegatingFilterProxy.invokeDelegate(DelegatingFilterProxy.java:352)
	at org.springframework.web.filter.DelegatingFilterProxy.doFilter(DelegatingFilterProxy.java:268)
	at org.apache.catalina.core.ApplicationFilterChain.internalDoFilter(ApplicationFilterChain.java:174)
	at org.apache.catalina.core.ApplicationFilterChain.doFilter(ApplicationFilterChain.java:149)
	at org.springframework.web.filter.RequestContextFilter.doFilterInternal(RequestContextFilter.java:100)
	at org.springframework.web.filter.OncePerRequestFilter.doFilter(OncePerRequestFilter.java:116)
	at org.apache.catalina.core.ApplicationFilterChain.internalDoFilter(ApplicationFilterChain.java:174)
	at org.apache.catalina.core.ApplicationFilterChain.doFilter(ApplicationFilterChain.java:149)
	at org.springframework.web.filter.FormContentFilter.doFilterInternal(FormContentFilter.java:93)
	at org.springframework.web.filter.OncePerRequestFilter.doFilter(OncePerRequestFilter.java:116)
	at org.apache.catalina.core.ApplicationFilterChain.internalDoFilter(ApplicationFilterChain.java:174)
	at org.apache.catalina.core.ApplicationFilterChain.doFilter(ApplicationFilterChain.java:149)
	at org.springframework.web.filter.CharacterEncodingFilter.doFilterInternal(CharacterEncodingFilter.java:201)
	at org.springframework.web.filter.OncePerRequestFilter.doFilter(OncePerRequestFilter.java:116)
	at org.apache.catalina.core.ApplicationFilterChain.internalDoFilter(ApplicationFilterChain.java:174)
	at org.apache.catalina.core.ApplicationFilterChain.doFilter(ApplicationFilterChain.java:149)
	at org.apache.catalina.core.StandardWrapperValve.invoke(StandardWrapperValve.java:167)
	at org.apache.catalina.core.StandardContextValve.invoke(StandardContextValve.java:90)
	at org.apache.catalina.authenticator.AuthenticatorBase.invoke(AuthenticatorBase.java:482)
	at org.apache.catalina.core.StandardHostValve.invoke(StandardHostValve.java:115)
	at org.apache.catalina.valves.ErrorReportValve.invoke(ErrorReportValve.java:93)
	at org.apache.catalina.core.StandardEngineValve.invoke(StandardEngineValve.java:74)
	at org.apache.catalina.connector.CoyoteAdapter.service(CoyoteAdapter.java:344)
	at org.apache.coyote.http11.Http11Processor.service(Http11Processor.java:391)
	at org.apache.coyote.AbstractProcessorLight.process(AbstractProcessorLight.java:63)
	at org.apache.coyote.AbstractProtocol$ConnectionHandler.process(AbstractProtocol.java:896)
	at org.apache.tomcat.util.net.NioEndpoint$SocketProcessor.doRun(NioEndpoint.java:1744)
	at org.apache.tomcat.util.net.SocketProcessorBase.run(SocketProcessorBase.java:52)
	at org.apache.tomcat.util.threads.ThreadPoolExecutor.runWorker(ThreadPoolExecutor.java:1191)
	at org.apache.tomcat.util.threads.ThreadPoolExecutor$Worker.run(ThreadPoolExecutor.java:659)
	at org.apache.tomcat.util.threads.TaskThread$WrappingRunnable.run(TaskThread.java:63)
	at java.base/java.lang.Thread.run(Thread.java:840)
2026-06-18 13:26:58 [http-nio-8083-exec-9] WARN  o.s.w.s.m.m.a.ExceptionHandlerExceptionResolver - Failure in @ExceptionHandler com.authservice.exception.GlobalExceptionHandler#handleGeneric(Exception, HttpServletRequest)
org.springframework.web.HttpMediaTypeNotAcceptableException: No acceptable representation
	at org.springframework.web.servlet.mvc.method.annotation.AbstractMessageConverterMethodProcessor.writeWithMessageConverters(AbstractMessageConverterMethodProcessor.java:322)
	at org.springframework.web.servlet.mvc.method.annotation.HttpEntityMethodProcessor.handleReturnValue(HttpEntityMethodProcessor.java:245)
	at org.springframework.web.method.support.HandlerMethodReturnValueHandlerComposite.handleReturnValue(HandlerMethodReturnValueHandlerComposite.java:78)
	at org.springframework.web.servlet.mvc.method.annotation.ServletInvocableHandlerMethod.invokeAndHandle(ServletInvocableHandlerMethod.java:136)
	at org.springframework.web.servlet.mvc.method.annotation.ExceptionHandlerExceptionResolver.doResolveHandlerMethodException(ExceptionHandlerExceptionResolver.java:432)
	at org.springframework.web.servlet.handler.AbstractHandlerMethodExceptionResolver.doResolveException(AbstractHandlerMethodExceptionResolver.java:74)
	at org.springframework.web.servlet.handler.AbstractHandlerExceptionResolver.resolveException(AbstractHandlerExceptionResolver.java:175)
	at org.springframework.web.servlet.handler.HandlerExceptionResolverComposite.resolveException(HandlerExceptionResolverComposite.java:80)
	at org.springframework.web.servlet.DispatcherServlet.processHandlerException(DispatcherServlet.java:1357)
	at org.springframework.web.servlet.DispatcherServlet.processDispatchResult(DispatcherServlet.java:1160)
	at org.springframework.web.servlet.DispatcherServlet.doDispatch(DispatcherServlet.java:1106)
	at org.springframework.web.servlet.DispatcherServlet.doService(DispatcherServlet.java:979)
	at org.springframework.web.servlet.FrameworkServlet.processRequest(FrameworkServlet.java:1014)
	at org.springframework.web.servlet.FrameworkServlet.doPost(FrameworkServlet.java:914)
	at jakarta.servlet.http.HttpServlet.service(HttpServlet.java:590)
	at org.springframework.web.servlet.FrameworkServlet.service(FrameworkServlet.java:885)
	at jakarta.servlet.http.HttpServlet.service(HttpServlet.java:658)
	at org.apache.catalina.core.ApplicationFilterChain.internalDoFilter(ApplicationFilterChain.java:205)
	at org.apache.catalina.core.ApplicationFilterChain.doFilter(ApplicationFilterChain.java:149)
	at org.apache.tomcat.websocket.server.WsFilter.doFilter(WsFilter.java:51)
	at org.apache.catalina.core.ApplicationFilterChain.internalDoFilter(ApplicationFilterChain.java:174)
	at org.apache.catalina.core.ApplicationFilterChain.doFilter(ApplicationFilterChain.java:149)
	at org.springframework.web.filter.OncePerRequestFilter.doFilter(OncePerRequestFilter.java:110)
	at org.apache.catalina.core.ApplicationFilterChain.internalDoFilter(ApplicationFilterChain.java:174)
	at org.apache.catalina.core.ApplicationFilterChain.doFilter(ApplicationFilterChain.java:149)
	at org.springframework.web.filter.OncePerRequestFilter.doFilter(OncePerRequestFilter.java:110)
	at org.apache.catalina.core.ApplicationFilterChain.internalDoFilter(ApplicationFilterChain.java:174)
	at org.apache.catalina.core.ApplicationFilterChain.doFilter(ApplicationFilterChain.java:149)
	at com.authservice.config.RequestLoggingFilter.doFilter(RequestLoggingFilter.java:39)
	at org.apache.catalina.core.ApplicationFilterChain.internalDoFilter(ApplicationFilterChain.java:174)
	at org.apache.catalina.core.ApplicationFilterChain.doFilter(ApplicationFilterChain.java:149)
	at org.springframework.web.filter.CompositeFilter$VirtualFilterChain.doFilter(CompositeFilter.java:108)
	at org.springframework.security.web.FilterChainProxy.lambda$doFilterInternal$3(FilterChainProxy.java:231)
	at org.springframework.security.web.FilterChainProxy$VirtualFilterChain.doFilter(FilterChainProxy.java:365)
	at org.springframework.security.web.access.intercept.AuthorizationFilter.doFilter(AuthorizationFilter.java:100)
	at org.springframework.security.web.FilterChainProxy$VirtualFilterChain.doFilter(FilterChainProxy.java:374)
	at org.springframework.security.web.access.ExceptionTranslationFilter.doFilter(ExceptionTranslationFilter.java:126)
	at org.springframework.security.web.access.ExceptionTranslationFilter.doFilter(ExceptionTranslationFilter.java:120)
	at org.springframework.security.web.FilterChainProxy$VirtualFilterChain.doFilter(FilterChainProxy.java:374)
	at org.springframework.security.web.session.SessionManagementFilter.doFilter(SessionManagementFilter.java:131)
	at org.springframework.security.web.session.SessionManagementFilter.doFilter(SessionManagementFilter.java:85)
	at org.springframework.security.web.FilterChainProxy$VirtualFilterChain.doFilter(FilterChainProxy.java:374)
	at org.springframework.security.web.authentication.AnonymousAuthenticationFilter.doFilter(AnonymousAuthenticationFilter.java:100)
	at org.springframework.security.web.FilterChainProxy$VirtualFilterChain.doFilter(FilterChainProxy.java:374)
	at org.springframework.security.web.servletapi.SecurityContextHolderAwareRequestFilter.doFilter(SecurityContextHolderAwareRequestFilter.java:179)
	at org.springframework.security.web.FilterChainProxy$VirtualFilterChain.doFilter(FilterChainProxy.java:374)
	at org.springframework.security.web.savedrequest.RequestCacheAwareFilter.doFilter(RequestCacheAwareFilter.java:63)
	at org.springframework.security.web.FilterChainProxy$VirtualFilterChain.doFilter(FilterChainProxy.java:374)
	at com.authservice.security.JwtAuthenticationFilter.doFilterInternal(JwtAuthenticationFilter.java:94)
	at org.springframework.web.filter.OncePerRequestFilter.doFilter(OncePerRequestFilter.java:116)
	at org.springframework.security.web.FilterChainProxy$VirtualFilterChain.doFilter(FilterChainProxy.java:374)
	at com.authservice.config.SecurityConfig$GatewayWhitelistFilter.doFilterInternal(SecurityConfig.java:118)
	at org.springframework.web.filter.OncePerRequestFilter.doFilter(OncePerRequestFilter.java:116)
	at org.springframework.security.web.FilterChainProxy$VirtualFilterChain.doFilter(FilterChainProxy.java:374)
	at org.springframework.security.web.authentication.logout.LogoutFilter.doFilter(LogoutFilter.java:107)
	at org.springframework.security.web.authentication.logout.LogoutFilter.doFilter(LogoutFilter.java:93)
	at org.springframework.security.web.FilterChainProxy$VirtualFilterChain.doFilter(FilterChainProxy.java:374)
	at org.springframework.web.filter.CorsFilter.doFilterInternal(CorsFilter.java:91)
	at org.springframework.web.filter.OncePerRequestFilter.doFilter(OncePerRequestFilter.java:116)
	at org.springframework.security.web.FilterChainProxy$VirtualFilterChain.doFilter(FilterChainProxy.java:374)
	at org.springframework.security.web.header.HeaderWriterFilter.doHeadersAfter(HeaderWriterFilter.java:90)
	at org.springframework.security.web.header.HeaderWriterFilter.doFilterInternal(HeaderWriterFilter.java:75)
	at org.springframework.web.filter.OncePerRequestFilter.doFilter(OncePerRequestFilter.java:116)
	at org.springframework.security.web.FilterChainProxy$VirtualFilterChain.doFilter(FilterChainProxy.java:374)
	at org.springframework.security.web.context.SecurityContextHolderFilter.doFilter(SecurityContextHolderFilter.java:82)
	at org.springframework.security.web.context.SecurityContextHolderFilter.doFilter(SecurityContextHolderFilter.java:69)
	at org.springframework.security.web.FilterChainProxy$VirtualFilterChain.doFilter(FilterChainProxy.java:374)
	at org.springframework.security.web.context.request.async.WebAsyncManagerIntegrationFilter.doFilterInternal(WebAsyncManagerIntegrationFilter.java:62)
	at org.springframework.web.filter.OncePerRequestFilter.doFilter(OncePerRequestFilter.java:116)
	at org.springframework.security.web.FilterChainProxy$VirtualFilterChain.doFilter(FilterChainProxy.java:374)
	at org.springframework.security.web.session.DisableEncodeUrlFilter.doFilterInternal(DisableEncodeUrlFilter.java:42)
	at org.springframework.web.filter.OncePerRequestFilter.doFilter(OncePerRequestFilter.java:116)
	at org.springframework.security.web.FilterChainProxy$VirtualFilterChain.doFilter(FilterChainProxy.java:374)
	at org.springframework.security.web.FilterChainProxy.doFilterInternal(FilterChainProxy.java:233)
	at org.springframework.security.web.FilterChainProxy.doFilter(FilterChainProxy.java:191)
	at org.springframework.web.filter.CompositeFilter$VirtualFilterChain.doFilter(CompositeFilter.java:113)
	at org.springframework.web.servlet.handler.HandlerMappingIntrospector.lambda$createCacheFilter$3(HandlerMappingIntrospector.java:195)
	at org.springframework.web.filter.CompositeFilter$VirtualFilterChain.doFilter(CompositeFilter.java:113)
	at org.springframework.web.filter.CompositeFilter.doFilter(CompositeFilter.java:74)
	at org.springframework.security.config.annotation.web.configuration.WebMvcSecurityConfiguration$CompositeFilterChainProxy.doFilter(WebMvcSecurityConfiguration.java:230)
	at org.springframework.web.filter.DelegatingFilterProxy.invokeDelegate(DelegatingFilterProxy.java:352)
	at org.springframework.web.filter.DelegatingFilterProxy.doFilter(DelegatingFilterProxy.java:268)
	at org.apache.catalina.core.ApplicationFilterChain.internalDoFilter(ApplicationFilterChain.java:174)
	at org.apache.catalina.core.ApplicationFilterChain.doFilter(ApplicationFilterChain.java:149)
	at org.springframework.web.filter.RequestContextFilter.doFilterInternal(RequestContextFilter.java:100)
	at org.springframework.web.filter.OncePerRequestFilter.doFilter(OncePerRequestFilter.java:116)
	at org.apache.catalina.core.ApplicationFilterChain.internalDoFilter(ApplicationFilterChain.java:174)
	at org.apache.catalina.core.ApplicationFilterChain.doFilter(ApplicationFilterChain.java:149)
	at org.springframework.web.filter.FormContentFilter.doFilterInternal(FormContentFilter.java:93)
	at org.springframework.web.filter.OncePerRequestFilter.doFilter(OncePerRequestFilter.java:116)
	at org.apache.catalina.core.ApplicationFilterChain.internalDoFilter(ApplicationFilterChain.java:174)
	at org.apache.catalina.core.ApplicationFilterChain.doFilter(ApplicationFilterChain.java:149)
	at org.springframework.web.filter.CharacterEncodingFilter.doFilterInternal(CharacterEncodingFilter.java:201)
	at org.springframework.web.filter.OncePerRequestFilter.doFilter(OncePerRequestFilter.java:116)
	at org.apache.catalina.core.ApplicationFilterChain.internalDoFilter(ApplicationFilterChain.java:174)
	at org.apache.catalina.core.ApplicationFilterChain.doFilter(ApplicationFilterChain.java:149)
	at org.apache.catalina.core.StandardWrapperValve.invoke(StandardWrapperValve.java:167)
	at org.apache.catalina.core.StandardContextValve.invoke(StandardContextValve.java:90)
	at org.apache.catalina.authenticator.AuthenticatorBase.invoke(AuthenticatorBase.java:482)
	at org.apache.catalina.core.StandardHostValve.invoke(StandardHostValve.java:115)
	at org.apache.catalina.valves.ErrorReportValve.invoke(ErrorReportValve.java:93)
	at org.apache.catalina.core.StandardEngineValve.invoke(StandardEngineValve.java:74)
	at org.apache.catalina.connector.CoyoteAdapter.service(CoyoteAdapter.java:344)
	at org.apache.coyote.http11.Http11Processor.service(Http11Processor.java:391)
	at org.apache.coyote.AbstractProcessorLight.process(AbstractProcessorLight.java:63)
	at org.apache.coyote.AbstractProtocol$ConnectionHandler.process(AbstractProtocol.java:896)
	at org.apache.tomcat.util.net.NioEndpoint$SocketProcessor.doRun(NioEndpoint.java:1744)
	at org.apache.tomcat.util.net.SocketProcessorBase.run(SocketProcessorBase.java:52)
	at org.apache.tomcat.util.threads.ThreadPoolExecutor.runWorker(ThreadPoolExecutor.java:1191)
	at org.apache.tomcat.util.threads.ThreadPoolExecutor$Worker.run(ThreadPoolExecutor.java:659)
	at org.apache.tomcat.util.threads.TaskThread$WrappingRunnable.run(TaskThread.java:63)
	at java.base/java.lang.Thread.run(Thread.java:840)
2026-06-18 13:26:58 [http-nio-8083-exec-9] INFO  c.a.config.RequestLoggingFilter - <- POST /api/v1/auth/register | status=400 | 20ms
2026-06-18 13:27:05 [http-nio-8083-exec-10] DEBUG c.a.security.JwtAuthenticationFilter - Processing request: POST /api/v1/auth/register
2026-06-18 13:27:05 [http-nio-8083-exec-10] INFO  c.a.config.RequestLoggingFilter - -> POST /api/v1/auth/register [IP: 0:0:0:0:0:0:0:1]
2026-06-18 13:27:05 [http-nio-8083-exec-10] INFO  c.a.controller.AuthController - Received registration request for email: 3lox6p7p5w@wnbaldwy.com
2026-06-18 13:27:05 [http-nio-8083-exec-10] INFO  c.a.service.impl.AuthServiceImpl - Registration attempt for email: 3lox6p7p5w@wnbaldwy.com
2026-06-18 13:27:05 [http-nio-8083-exec-10] ERROR c.a.exception.GlobalExceptionHandler - Unhandled exception at /api/v1/auth/register: Invalid phone number.
com.authservice.exception.AuthExceptions$InvalidPhoneNumberException: Invalid phone number.
	at com.authservice.service.impl.AuthServiceImpl.register(AuthServiceImpl.java:99)
	at java.base/jdk.internal.reflect.NativeMethodAccessorImpl.invoke0(Native Method)
	at java.base/jdk.internal.reflect.NativeMethodAccessorImpl.invoke(NativeMethodAccessorImpl.java:77)
	at java.base/jdk.internal.reflect.DelegatingMethodAccessorImpl.invoke(DelegatingMethodAccessorImpl.java:43)
	at java.base/java.lang.reflect.Method.invoke(Method.java:569)
	at org.springframework.aop.support.AopUtils.invokeJoinpointUsingReflection(AopUtils.java:351)
	at org.springframework.aop.framework.ReflectiveMethodInvocation.invokeJoinpoint(ReflectiveMethodInvocation.java:196)
	at org.springframework.aop.framework.ReflectiveMethodInvocation.proceed(ReflectiveMethodInvocation.java:163)
	at org.springframework.aop.framework.CglibAopProxy$CglibMethodInvocation.proceed(CglibAopProxy.java:765)
	at org.springframework.transaction.interceptor.TransactionInterceptor$1.proceedWithInvocation(TransactionInterceptor.java:123)
	at org.springframework.transaction.interceptor.TransactionAspectSupport.invokeWithinTransaction(TransactionAspectSupport.java:385)
	at org.springframework.transaction.interceptor.TransactionInterceptor.invoke(TransactionInterceptor.java:119)
	at org.springframework.aop.framework.ReflectiveMethodInvocation.proceed(ReflectiveMethodInvocation.java:184)
	at org.springframework.aop.framework.CglibAopProxy$CglibMethodInvocation.proceed(CglibAopProxy.java:765)
	at org.springframework.aop.framework.CglibAopProxy$DynamicAdvisedInterceptor.intercept(CglibAopProxy.java:717)
	at com.authservice.service.impl.AuthServiceImpl$$SpringCGLIB$$0.register(<generated>)
	at com.authservice.controller.AuthController.register(AuthController.java:52)
	at java.base/jdk.internal.reflect.NativeMethodAccessorImpl.invoke0(Native Method)
	at java.base/jdk.internal.reflect.NativeMethodAccessorImpl.invoke(NativeMethodAccessorImpl.java:77)
	at java.base/jdk.internal.reflect.DelegatingMethodAccessorImpl.invoke(DelegatingMethodAccessorImpl.java:43)
	at java.base/java.lang.reflect.Method.invoke(Method.java:569)
	at org.springframework.web.method.support.InvocableHandlerMethod.doInvoke(InvocableHandlerMethod.java:259)
	at org.springframework.web.method.support.InvocableHandlerMethod.invokeForRequest(InvocableHandlerMethod.java:192)
	at org.springframework.web.servlet.mvc.method.annotation.ServletInvocableHandlerMethod.invokeAndHandle(ServletInvocableHandlerMethod.java:118)
	at org.springframework.web.servlet.mvc.method.annotation.RequestMappingHandlerAdapter.invokeHandlerMethod(RequestMappingHandlerAdapter.java:920)
	at org.springframework.web.servlet.mvc.method.annotation.RequestMappingHandlerAdapter.handleInternal(RequestMappingHandlerAdapter.java:830)
	at org.springframework.web.servlet.mvc.method.AbstractHandlerMethodAdapter.handle(AbstractHandlerMethodAdapter.java:87)
	at org.springframework.web.servlet.DispatcherServlet.doDispatch(DispatcherServlet.java:1089)
	at org.springframework.web.servlet.DispatcherServlet.doService(DispatcherServlet.java:979)
	at org.springframework.web.servlet.FrameworkServlet.processRequest(FrameworkServlet.java:1014)
	at org.springframework.web.servlet.FrameworkServlet.doPost(FrameworkServlet.java:914)
	at jakarta.servlet.http.HttpServlet.service(HttpServlet.java:590)
	at org.springframework.web.servlet.FrameworkServlet.service(FrameworkServlet.java:885)
	at jakarta.servlet.http.HttpServlet.service(HttpServlet.java:658)
	at org.apache.catalina.core.ApplicationFilterChain.internalDoFilter(ApplicationFilterChain.java:205)
	at org.apache.catalina.core.ApplicationFilterChain.doFilter(ApplicationFilterChain.java:149)
	at org.apache.tomcat.websocket.server.WsFilter.doFilter(WsFilter.java:51)
	at org.apache.catalina.core.ApplicationFilterChain.internalDoFilter(ApplicationFilterChain.java:174)
	at org.apache.catalina.core.ApplicationFilterChain.doFilter(ApplicationFilterChain.java:149)
	at org.springframework.web.filter.OncePerRequestFilter.doFilter(OncePerRequestFilter.java:110)
	at org.apache.catalina.core.ApplicationFilterChain.internalDoFilter(ApplicationFilterChain.java:174)
	at org.apache.catalina.core.ApplicationFilterChain.doFilter(ApplicationFilterChain.java:149)
	at org.springframework.web.filter.OncePerRequestFilter.doFilter(OncePerRequestFilter.java:110)
	at org.apache.catalina.core.ApplicationFilterChain.internalDoFilter(ApplicationFilterChain.java:174)
	at org.apache.catalina.core.ApplicationFilterChain.doFilter(ApplicationFilterChain.java:149)
	at com.authservice.config.RequestLoggingFilter.doFilter(RequestLoggingFilter.java:39)
	at org.apache.catalina.core.ApplicationFilterChain.internalDoFilter(ApplicationFilterChain.java:174)
	at org.apache.catalina.core.ApplicationFilterChain.doFilter(ApplicationFilterChain.java:149)
	at org.springframework.web.filter.CompositeFilter$VirtualFilterChain.doFilter(CompositeFilter.java:108)
	at org.springframework.security.web.FilterChainProxy.lambda$doFilterInternal$3(FilterChainProxy.java:231)
	at org.springframework.security.web.FilterChainProxy$VirtualFilterChain.doFilter(FilterChainProxy.java:365)
	at org.springframework.security.web.access.intercept.AuthorizationFilter.doFilter(AuthorizationFilter.java:100)
	at org.springframework.security.web.FilterChainProxy$VirtualFilterChain.doFilter(FilterChainProxy.java:374)
	at org.springframework.security.web.access.ExceptionTranslationFilter.doFilter(ExceptionTranslationFilter.java:126)
	at org.springframework.security.web.access.ExceptionTranslationFilter.doFilter(ExceptionTranslationFilter.java:120)
	at org.springframework.security.web.FilterChainProxy$VirtualFilterChain.doFilter(FilterChainProxy.java:374)
	at org.springframework.security.web.session.SessionManagementFilter.doFilter(SessionManagementFilter.java:131)
	at org.springframework.security.web.session.SessionManagementFilter.doFilter(SessionManagementFilter.java:85)
	at org.springframework.security.web.FilterChainProxy$VirtualFilterChain.doFilter(FilterChainProxy.java:374)
	at org.springframework.security.web.authentication.AnonymousAuthenticationFilter.doFilter(AnonymousAuthenticationFilter.java:100)
	at org.springframework.security.web.FilterChainProxy$VirtualFilterChain.doFilter(FilterChainProxy.java:374)
	at org.springframework.security.web.servletapi.SecurityContextHolderAwareRequestFilter.doFilter(SecurityContextHolderAwareRequestFilter.java:179)
	at org.springframework.security.web.FilterChainProxy$VirtualFilterChain.doFilter(FilterChainProxy.java:374)
	at org.springframework.security.web.savedrequest.RequestCacheAwareFilter.doFilter(RequestCacheAwareFilter.java:63)
	at org.springframework.security.web.FilterChainProxy$VirtualFilterChain.doFilter(FilterChainProxy.java:374)
	at com.authservice.security.JwtAuthenticationFilter.doFilterInternal(JwtAuthenticationFilter.java:94)
	at org.springframework.web.filter.OncePerRequestFilter.doFilter(OncePerRequestFilter.java:116)
	at org.springframework.security.web.FilterChainProxy$VirtualFilterChain.doFilter(FilterChainProxy.java:374)
	at com.authservice.config.SecurityConfig$GatewayWhitelistFilter.doFilterInternal(SecurityConfig.java:118)
	at org.springframework.web.filter.OncePerRequestFilter.doFilter(OncePerRequestFilter.java:116)
	at org.springframework.security.web.FilterChainProxy$VirtualFilterChain.doFilter(FilterChainProxy.java:374)
	at org.springframework.security.web.authentication.logout.LogoutFilter.doFilter(LogoutFilter.java:107)
	at org.springframework.security.web.authentication.logout.LogoutFilter.doFilter(LogoutFilter.java:93)
	at org.springframework.security.web.FilterChainProxy$VirtualFilterChain.doFilter(FilterChainProxy.java:374)
	at org.springframework.web.filter.CorsFilter.doFilterInternal(CorsFilter.java:91)
	at org.springframework.web.filter.OncePerRequestFilter.doFilter(OncePerRequestFilter.java:116)
	at org.springframework.security.web.FilterChainProxy$VirtualFilterChain.doFilter(FilterChainProxy.java:374)
	at org.springframework.security.web.header.HeaderWriterFilter.doHeadersAfter(HeaderWriterFilter.java:90)
	at org.springframework.security.web.header.HeaderWriterFilter.doFilterInternal(HeaderWriterFilter.java:75)
	at org.springframework.web.filter.OncePerRequestFilter.doFilter(OncePerRequestFilter.java:116)
	at org.springframework.security.web.FilterChainProxy$VirtualFilterChain.doFilter(FilterChainProxy.java:374)
	at org.springframework.security.web.context.SecurityContextHolderFilter.doFilter(SecurityContextHolderFilter.java:82)
	at org.springframework.security.web.context.SecurityContextHolderFilter.doFilter(SecurityContextHolderFilter.java:69)
	at org.springframework.security.web.FilterChainProxy$VirtualFilterChain.doFilter(FilterChainProxy.java:374)
	at org.springframework.security.web.context.request.async.WebAsyncManagerIntegrationFilter.doFilterInternal(WebAsyncManagerIntegrationFilter.java:62)
	at org.springframework.web.filter.OncePerRequestFilter.doFilter(OncePerRequestFilter.java:116)
	at org.springframework.security.web.FilterChainProxy$VirtualFilterChain.doFilter(FilterChainProxy.java:374)
	at org.springframework.security.web.session.DisableEncodeUrlFilter.doFilterInternal(DisableEncodeUrlFilter.java:42)
	at org.springframework.web.filter.OncePerRequestFilter.doFilter(OncePerRequestFilter.java:116)
	at org.springframework.security.web.FilterChainProxy$VirtualFilterChain.doFilter(FilterChainProxy.java:374)
	at org.springframework.security.web.FilterChainProxy.doFilterInternal(FilterChainProxy.java:233)
	at org.springframework.security.web.FilterChainProxy.doFilter(FilterChainProxy.java:191)
	at org.springframework.web.filter.CompositeFilter$VirtualFilterChain.doFilter(CompositeFilter.java:113)
	at org.springframework.web.servlet.handler.HandlerMappingIntrospector.lambda$createCacheFilter$3(HandlerMappingIntrospector.java:195)
	at org.springframework.web.filter.CompositeFilter$VirtualFilterChain.doFilter(CompositeFilter.java:113)
	at org.springframework.web.filter.CompositeFilter.doFilter(CompositeFilter.java:74)
	at org.springframework.security.config.annotation.web.configuration.WebMvcSecurityConfiguration$CompositeFilterChainProxy.doFilter(WebMvcSecurityConfiguration.java:230)
	at org.springframework.web.filter.DelegatingFilterProxy.invokeDelegate(DelegatingFilterProxy.java:352)
	at org.springframework.web.filter.DelegatingFilterProxy.doFilter(DelegatingFilterProxy.java:268)
	at org.apache.catalina.core.ApplicationFilterChain.internalDoFilter(ApplicationFilterChain.java:174)
	at org.apache.catalina.core.ApplicationFilterChain.doFilter(ApplicationFilterChain.java:149)
	at org.springframework.web.filter.RequestContextFilter.doFilterInternal(RequestContextFilter.java:100)
	at org.springframework.web.filter.OncePerRequestFilter.doFilter(OncePerRequestFilter.java:116)
	at org.apache.catalina.core.ApplicationFilterChain.internalDoFilter(ApplicationFilterChain.java:174)
	at org.apache.catalina.core.ApplicationFilterChain.doFilter(ApplicationFilterChain.java:149)
	at org.springframework.web.filter.FormContentFilter.doFilterInternal(FormContentFilter.java:93)
	at org.springframework.web.filter.OncePerRequestFilter.doFilter(OncePerRequestFilter.java:116)
	at org.apache.catalina.core.ApplicationFilterChain.internalDoFilter(ApplicationFilterChain.java:174)
	at org.apache.catalina.core.ApplicationFilterChain.doFilter(ApplicationFilterChain.java:149)
	at org.springframework.web.filter.CharacterEncodingFilter.doFilterInternal(CharacterEncodingFilter.java:201)
	at org.springframework.web.filter.OncePerRequestFilter.doFilter(OncePerRequestFilter.java:116)
	at org.apache.catalina.core.ApplicationFilterChain.internalDoFilter(ApplicationFilterChain.java:174)
	at org.apache.catalina.core.ApplicationFilterChain.doFilter(ApplicationFilterChain.java:149)
	at org.apache.catalina.core.StandardWrapperValve.invoke(StandardWrapperValve.java:167)
	at org.apache.catalina.core.StandardContextValve.invoke(StandardContextValve.java:90)
	at org.apache.catalina.authenticator.AuthenticatorBase.invoke(AuthenticatorBase.java:482)
	at org.apache.catalina.core.StandardHostValve.invoke(StandardHostValve.java:115)
	at org.apache.catalina.valves.ErrorReportValve.invoke(ErrorReportValve.java:93)
	at org.apache.catalina.core.StandardEngineValve.invoke(StandardEngineValve.java:74)
	at org.apache.catalina.connector.CoyoteAdapter.service(CoyoteAdapter.java:344)
	at org.apache.coyote.http11.Http11Processor.service(Http11Processor.java:391)
	at org.apache.coyote.AbstractProcessorLight.process(AbstractProcessorLight.java:63)
	at org.apache.coyote.AbstractProtocol$ConnectionHandler.process(AbstractProtocol.java:896)
	at org.apache.tomcat.util.net.NioEndpoint$SocketProcessor.doRun(NioEndpoint.java:1744)
	at org.apache.tomcat.util.net.SocketProcessorBase.run(SocketProcessorBase.java:52)
	at org.apache.tomcat.util.threads.ThreadPoolExecutor.runWorker(ThreadPoolExecutor.java:1191)
	at org.apache.tomcat.util.threads.ThreadPoolExecutor$Worker.run(ThreadPoolExecutor.java:659)
	at org.apache.tomcat.util.threads.TaskThread$WrappingRunnable.run(TaskThread.java:63)
	at java.base/java.lang.Thread.run(Thread.java:840)
2026-06-18 13:27:05 [http-nio-8083-exec-10] WARN  o.s.w.s.m.m.a.ExceptionHandlerExceptionResolver - Failure in @ExceptionHandler com.authservice.exception.GlobalExceptionHandler#handleGeneric(Exception, HttpServletRequest)
org.springframework.web.HttpMediaTypeNotAcceptableException: No acceptable representation
	at org.springframework.web.servlet.mvc.method.annotation.AbstractMessageConverterMethodProcessor.writeWithMessageConverters(AbstractMessageConverterMethodProcessor.java:322)
	at org.springframework.web.servlet.mvc.method.annotation.HttpEntityMethodProcessor.handleReturnValue(HttpEntityMethodProcessor.java:245)
	at org.springframework.web.method.support.HandlerMethodReturnValueHandlerComposite.handleReturnValue(HandlerMethodReturnValueHandlerComposite.java:78)
	at org.springframework.web.servlet.mvc.method.annotation.ServletInvocableHandlerMethod.invokeAndHandle(ServletInvocableHandlerMethod.java:136)
	at org.springframework.web.servlet.mvc.method.annotation.ExceptionHandlerExceptionResolver.doResolveHandlerMethodException(ExceptionHandlerExceptionResolver.java:432)
	at org.springframework.web.servlet.handler.AbstractHandlerMethodExceptionResolver.doResolveException(AbstractHandlerMethodExceptionResolver.java:74)
	at org.springframework.web.servlet.handler.AbstractHandlerExceptionResolver.resolveException(AbstractHandlerExceptionResolver.java:175)
	at org.springframework.web.servlet.handler.HandlerExceptionResolverComposite.resolveException(HandlerExceptionResolverComposite.java:80)
	at org.springframework.web.servlet.DispatcherServlet.processHandlerException(DispatcherServlet.java:1357)
	at org.springframework.web.servlet.DispatcherServlet.processDispatchResult(DispatcherServlet.java:1160)
	at org.springframework.web.servlet.DispatcherServlet.doDispatch(DispatcherServlet.java:1106)
	at org.springframework.web.servlet.DispatcherServlet.doService(DispatcherServlet.java:979)
	at org.springframework.web.servlet.FrameworkServlet.processRequest(FrameworkServlet.java:1014)
	at org.springframework.web.servlet.FrameworkServlet.doPost(FrameworkServlet.java:914)
	at jakarta.servlet.http.HttpServlet.service(HttpServlet.java:590)
	at org.springframework.web.servlet.FrameworkServlet.service(FrameworkServlet.java:885)
	at jakarta.servlet.http.HttpServlet.service(HttpServlet.java:658)
	at org.apache.catalina.core.ApplicationFilterChain.internalDoFilter(ApplicationFilterChain.java:205)
	at org.apache.catalina.core.ApplicationFilterChain.doFilter(ApplicationFilterChain.java:149)
	at org.apache.tomcat.websocket.server.WsFilter.doFilter(WsFilter.java:51)
	at org.apache.catalina.core.ApplicationFilterChain.internalDoFilter(ApplicationFilterChain.java:174)
	at org.apache.catalina.core.ApplicationFilterChain.doFilter(ApplicationFilterChain.java:149)
	at org.springframework.web.filter.OncePerRequestFilter.doFilter(OncePerRequestFilter.java:110)
	at org.apache.catalina.core.ApplicationFilterChain.internalDoFilter(ApplicationFilterChain.java:174)
	at org.apache.catalina.core.ApplicationFilterChain.doFilter(ApplicationFilterChain.java:149)
	at org.springframework.web.filter.OncePerRequestFilter.doFilter(OncePerRequestFilter.java:110)
	at org.apache.catalina.core.ApplicationFilterChain.internalDoFilter(ApplicationFilterChain.java:174)
	at org.apache.catalina.core.ApplicationFilterChain.doFilter(ApplicationFilterChain.java:149)
	at com.authservice.config.RequestLoggingFilter.doFilter(RequestLoggingFilter.java:39)
	at org.apache.catalina.core.ApplicationFilterChain.internalDoFilter(ApplicationFilterChain.java:174)
	at org.apache.catalina.core.ApplicationFilterChain.doFilter(ApplicationFilterChain.java:149)
	at org.springframework.web.filter.CompositeFilter$VirtualFilterChain.doFilter(CompositeFilter.java:108)
	at org.springframework.security.web.FilterChainProxy.lambda$doFilterInternal$3(FilterChainProxy.java:231)
	at org.springframework.security.web.FilterChainProxy$VirtualFilterChain.doFilter(FilterChainProxy.java:365)
	at org.springframework.security.web.access.intercept.AuthorizationFilter.doFilter(AuthorizationFilter.java:100)
	at org.springframework.security.web.FilterChainProxy$VirtualFilterChain.doFilter(FilterChainProxy.java:374)
	at org.springframework.security.web.access.ExceptionTranslationFilter.doFilter(ExceptionTranslationFilter.java:126)
	at org.springframework.security.web.access.ExceptionTranslationFilter.doFilter(ExceptionTranslationFilter.java:120)
	at org.springframework.security.web.FilterChainProxy$VirtualFilterChain.doFilter(FilterChainProxy.java:374)
	at org.springframework.security.web.session.SessionManagementFilter.doFilter(SessionManagementFilter.java:131)
	at org.springframework.security.web.session.SessionManagementFilter.doFilter(SessionManagementFilter.java:85)
	at org.springframework.security.web.FilterChainProxy$VirtualFilterChain.doFilter(FilterChainProxy.java:374)
	at org.springframework.security.web.authentication.AnonymousAuthenticationFilter.doFilter(AnonymousAuthenticationFilter.java:100)
	at org.springframework.security.web.FilterChainProxy$VirtualFilterChain.doFilter(FilterChainProxy.java:374)
	at org.springframework.security.web.servletapi.SecurityContextHolderAwareRequestFilter.doFilter(SecurityContextHolderAwareRequestFilter.java:179)
	at org.springframework.security.web.FilterChainProxy$VirtualFilterChain.doFilter(FilterChainProxy.java:374)
	at org.springframework.security.web.savedrequest.RequestCacheAwareFilter.doFilter(RequestCacheAwareFilter.java:63)
	at org.springframework.security.web.FilterChainProxy$VirtualFilterChain.doFilter(FilterChainProxy.java:374)
	at com.authservice.security.JwtAuthenticationFilter.doFilterInternal(JwtAuthenticationFilter.java:94)
	at org.springframework.web.filter.OncePerRequestFilter.doFilter(OncePerRequestFilter.java:116)
	at org.springframework.security.web.FilterChainProxy$VirtualFilterChain.doFilter(FilterChainProxy.java:374)
	at com.authservice.config.SecurityConfig$GatewayWhitelistFilter.doFilterInternal(SecurityConfig.java:118)
	at org.springframework.web.filter.OncePerRequestFilter.doFilter(OncePerRequestFilter.java:116)
	at org.springframework.security.web.FilterChainProxy$VirtualFilterChain.doFilter(FilterChainProxy.java:374)
	at org.springframework.security.web.authentication.logout.LogoutFilter.doFilter(LogoutFilter.java:107)
	at org.springframework.security.web.authentication.logout.LogoutFilter.doFilter(LogoutFilter.java:93)
	at org.springframework.security.web.FilterChainProxy$VirtualFilterChain.doFilter(FilterChainProxy.java:374)
	at org.springframework.web.filter.CorsFilter.doFilterInternal(CorsFilter.java:91)
	at org.springframework.web.filter.OncePerRequestFilter.doFilter(OncePerRequestFilter.java:116)
	at org.springframework.security.web.FilterChainProxy$VirtualFilterChain.doFilter(FilterChainProxy.java:374)
	at org.springframework.security.web.header.HeaderWriterFilter.doHeadersAfter(HeaderWriterFilter.java:90)
	at org.springframework.security.web.header.HeaderWriterFilter.doFilterInternal(HeaderWriterFilter.java:75)
	at org.springframework.web.filter.OncePerRequestFilter.doFilter(OncePerRequestFilter.java:116)
	at org.springframework.security.web.FilterChainProxy$VirtualFilterChain.doFilter(FilterChainProxy.java:374)
	at org.springframework.security.web.context.SecurityContextHolderFilter.doFilter(SecurityContextHolderFilter.java:82)
	at org.springframework.security.web.context.SecurityContextHolderFilter.doFilter(SecurityContextHolderFilter.java:69)
	at org.springframework.security.web.FilterChainProxy$VirtualFilterChain.doFilter(FilterChainProxy.java:374)
	at org.springframework.security.web.context.request.async.WebAsyncManagerIntegrationFilter.doFilterInternal(WebAsyncManagerIntegrationFilter.java:62)
	at org.springframework.web.filter.OncePerRequestFilter.doFilter(OncePerRequestFilter.java:116)
	at org.springframework.security.web.FilterChainProxy$VirtualFilterChain.doFilter(FilterChainProxy.java:374)
	at org.springframework.security.web.session.DisableEncodeUrlFilter.doFilterInternal(DisableEncodeUrlFilter.java:42)
	at org.springframework.web.filter.OncePerRequestFilter.doFilter(OncePerRequestFilter.java:116)
	at org.springframework.security.web.FilterChainProxy$VirtualFilterChain.doFilter(FilterChainProxy.java:374)
	at org.springframework.security.web.FilterChainProxy.doFilterInternal(FilterChainProxy.java:233)
	at org.springframework.security.web.FilterChainProxy.doFilter(FilterChainProxy.java:191)
	at org.springframework.web.filter.CompositeFilter$VirtualFilterChain.doFilter(CompositeFilter.java:113)
	at org.springframework.web.servlet.handler.HandlerMappingIntrospector.lambda$createCacheFilter$3(HandlerMappingIntrospector.java:195)
	at org.springframework.web.filter.CompositeFilter$VirtualFilterChain.doFilter(CompositeFilter.java:113)
	at org.springframework.web.filter.CompositeFilter.doFilter(CompositeFilter.java:74)
	at org.springframework.security.config.annotation.web.configuration.WebMvcSecurityConfiguration$CompositeFilterChainProxy.doFilter(WebMvcSecurityConfiguration.java:230)
	at org.springframework.web.filter.DelegatingFilterProxy.invokeDelegate(DelegatingFilterProxy.java:352)
	at org.springframework.web.filter.DelegatingFilterProxy.doFilter(DelegatingFilterProxy.java:268)
	at org.apache.catalina.core.ApplicationFilterChain.internalDoFilter(ApplicationFilterChain.java:174)
	at org.apache.catalina.core.ApplicationFilterChain.doFilter(ApplicationFilterChain.java:149)
	at org.springframework.web.filter.RequestContextFilter.doFilterInternal(RequestContextFilter.java:100)
	at org.springframework.web.filter.OncePerRequestFilter.doFilter(OncePerRequestFilter.java:116)
	at org.apache.catalina.core.ApplicationFilterChain.internalDoFilter(ApplicationFilterChain.java:174)
	at org.apache.catalina.core.ApplicationFilterChain.doFilter(ApplicationFilterChain.java:149)
	at org.springframework.web.filter.FormContentFilter.doFilterInternal(FormContentFilter.java:93)
	at org.springframework.web.filter.OncePerRequestFilter.doFilter(OncePerRequestFilter.java:116)
	at org.apache.catalina.core.ApplicationFilterChain.internalDoFilter(ApplicationFilterChain.java:174)
	at org.apache.catalina.core.ApplicationFilterChain.doFilter(ApplicationFilterChain.java:149)
	at org.springframework.web.filter.CharacterEncodingFilter.doFilterInternal(CharacterEncodingFilter.java:201)
	at org.springframework.web.filter.OncePerRequestFilter.doFilter(OncePerRequestFilter.java:116)
	at org.apache.catalina.core.ApplicationFilterChain.internalDoFilter(ApplicationFilterChain.java:174)
	at org.apache.catalina.core.ApplicationFilterChain.doFilter(ApplicationFilterChain.java:149)
	at org.apache.catalina.core.StandardWrapperValve.invoke(StandardWrapperValve.java:167)
	at org.apache.catalina.core.StandardContextValve.invoke(StandardContextValve.java:90)
	at org.apache.catalina.authenticator.AuthenticatorBase.invoke(AuthenticatorBase.java:482)
	at org.apache.catalina.core.StandardHostValve.invoke(StandardHostValve.java:115)
	at org.apache.catalina.valves.ErrorReportValve.invoke(ErrorReportValve.java:93)
	at org.apache.catalina.core.StandardEngineValve.invoke(StandardEngineValve.java:74)
	at org.apache.catalina.connector.CoyoteAdapter.service(CoyoteAdapter.java:344)
	at org.apache.coyote.http11.Http11Processor.service(Http11Processor.java:391)
	at org.apache.coyote.AbstractProcessorLight.process(AbstractProcessorLight.java:63)
	at org.apache.coyote.AbstractProtocol$ConnectionHandler.process(AbstractProtocol.java:896)
	at org.apache.tomcat.util.net.NioEndpoint$SocketProcessor.doRun(NioEndpoint.java:1744)
	at org.apache.tomcat.util.net.SocketProcessorBase.run(SocketProcessorBase.java:52)
	at org.apache.tomcat.util.threads.ThreadPoolExecutor.runWorker(ThreadPoolExecutor.java:1191)
	at org.apache.tomcat.util.threads.ThreadPoolExecutor$Worker.run(ThreadPoolExecutor.java:659)
	at org.apache.tomcat.util.threads.TaskThread$WrappingRunnable.run(TaskThread.java:63)
	at java.base/java.lang.Thread.run(Thread.java:840)
2026-06-18 13:27:05 [http-nio-8083-exec-10] INFO  c.a.config.RequestLoggingFilter - <- POST /api/v1/auth/register | status=400 | 29ms
2026-06-18 13:27:26 [http-nio-8083-exec-1] DEBUG c.a.security.JwtAuthenticationFilter - Processing request: GET /api/v1/auth/users/username/Mashok
2026-06-18 13:27:26 [http-nio-8083-exec-1] DEBUG c.a.security.JwtAuthenticationFilter - Authenticated user [eaqe021ogm@bltiwd.com] for URI: /api/v1/auth/users/username/Mashok
2026-06-18 13:27:26 [http-nio-8083-exec-1] INFO  c.a.config.RequestLoggingFilter - -> GET /api/v1/auth/users/username/Mashok [IP: 127.0.0.1]
2026-06-18 13:27:26 [http-nio-8083-exec-1] INFO  c.a.config.RequestLoggingFilter - <- GET /api/v1/auth/users/username/Mashok | status=200 | 5ms
2026-06-18 13:27:44 [http-nio-8083-exec-2] DEBUG c.a.security.JwtAuthenticationFilter - Processing request: POST /api/v1/auth/register
2026-06-18 13:27:44 [http-nio-8083-exec-2] INFO  c.a.config.RequestLoggingFilter - -> POST /api/v1/auth/register [IP: 0:0:0:0:0:0:0:1]
2026-06-18 13:27:44 [http-nio-8083-exec-2] INFO  c.a.controller.AuthController - Received registration request for email: 3lox6p7p5w@wnbaldwy.com
2026-06-18 13:27:44 [http-nio-8083-exec-2] INFO  c.a.service.impl.AuthServiceImpl - Registration attempt for email: 3lox6p7p5w@wnbaldwy.com
2026-06-18 13:27:44 [http-nio-8083-exec-2] ERROR c.a.exception.GlobalExceptionHandler - Unhandled exception at /api/v1/auth/register: Invalid phone number.
com.authservice.exception.AuthExceptions$InvalidPhoneNumberException: Invalid phone number.
	at com.authservice.service.impl.AuthServiceImpl.register(AuthServiceImpl.java:99)
	at java.base/jdk.internal.reflect.NativeMethodAccessorImpl.invoke0(Native Method)
	at java.base/jdk.internal.reflect.NativeMethodAccessorImpl.invoke(NativeMethodAccessorImpl.java:77)
	at java.base/jdk.internal.reflect.DelegatingMethodAccessorImpl.invoke(DelegatingMethodAccessorImpl.java:43)
	at java.base/java.lang.reflect.Method.invoke(Method.java:569)
	at org.springframework.aop.support.AopUtils.invokeJoinpointUsingReflection(AopUtils.java:351)
	at org.springframework.aop.framework.ReflectiveMethodInvocation.invokeJoinpoint(ReflectiveMethodInvocation.java:196)
	at org.springframework.aop.framework.ReflectiveMethodInvocation.proceed(ReflectiveMethodInvocation.java:163)
	at org.springframework.aop.framework.CglibAopProxy$CglibMethodInvocation.proceed(CglibAopProxy.java:765)
	at org.springframework.transaction.interceptor.TransactionInterceptor$1.proceedWithInvocation(TransactionInterceptor.java:123)
	at org.springframework.transaction.interceptor.TransactionAspectSupport.invokeWithinTransaction(TransactionAspectSupport.java:385)
	at org.springframework.transaction.interceptor.TransactionInterceptor.invoke(TransactionInterceptor.java:119)
	at org.springframework.aop.framework.ReflectiveMethodInvocation.proceed(ReflectiveMethodInvocation.java:184)
	at org.springframework.aop.framework.CglibAopProxy$CglibMethodInvocation.proceed(CglibAopProxy.java:765)
	at org.springframework.aop.framework.CglibAopProxy$DynamicAdvisedInterceptor.intercept(CglibAopProxy.java:717)
	at com.authservice.service.impl.AuthServiceImpl$$SpringCGLIB$$0.register(<generated>)
	at com.authservice.controller.AuthController.register(AuthController.java:52)
	at java.base/jdk.internal.reflect.NativeMethodAccessorImpl.invoke0(Native Method)
	at java.base/jdk.internal.reflect.NativeMethodAccessorImpl.invoke(NativeMethodAccessorImpl.java:77)
	at java.base/jdk.internal.reflect.DelegatingMethodAccessorImpl.invoke(DelegatingMethodAccessorImpl.java:43)
	at java.base/java.lang.reflect.Method.invoke(Method.java:569)
	at org.springframework.web.method.support.InvocableHandlerMethod.doInvoke(InvocableHandlerMethod.java:259)
	at org.springframework.web.method.support.InvocableHandlerMethod.invokeForRequest(InvocableHandlerMethod.java:192)
	at org.springframework.web.servlet.mvc.method.annotation.ServletInvocableHandlerMethod.invokeAndHandle(ServletInvocableHandlerMethod.java:118)
	at org.springframework.web.servlet.mvc.method.annotation.RequestMappingHandlerAdapter.invokeHandlerMethod(RequestMappingHandlerAdapter.java:920)
	at org.springframework.web.servlet.mvc.method.annotation.RequestMappingHandlerAdapter.handleInternal(RequestMappingHandlerAdapter.java:830)
	at org.springframework.web.servlet.mvc.method.AbstractHandlerMethodAdapter.handle(AbstractHandlerMethodAdapter.java:87)
	at org.springframework.web.servlet.DispatcherServlet.doDispatch(DispatcherServlet.java:1089)
	at org.springframework.web.servlet.DispatcherServlet.doService(DispatcherServlet.java:979)
	at org.springframework.web.servlet.FrameworkServlet.processRequest(FrameworkServlet.java:1014)
	at org.springframework.web.servlet.FrameworkServlet.doPost(FrameworkServlet.java:914)
	at jakarta.servlet.http.HttpServlet.service(HttpServlet.java:590)
	at org.springframework.web.servlet.FrameworkServlet.service(FrameworkServlet.java:885)
	at jakarta.servlet.http.HttpServlet.service(HttpServlet.java:658)
	at org.apache.catalina.core.ApplicationFilterChain.internalDoFilter(ApplicationFilterChain.java:205)
	at org.apache.catalina.core.ApplicationFilterChain.doFilter(ApplicationFilterChain.java:149)
	at org.apache.tomcat.websocket.server.WsFilter.doFilter(WsFilter.java:51)
	at org.apache.catalina.core.ApplicationFilterChain.internalDoFilter(ApplicationFilterChain.java:174)
	at org.apache.catalina.core.ApplicationFilterChain.doFilter(ApplicationFilterChain.java:149)
	at org.springframework.web.filter.OncePerRequestFilter.doFilter(OncePerRequestFilter.java:110)
	at org.apache.catalina.core.ApplicationFilterChain.internalDoFilter(ApplicationFilterChain.java:174)
	at org.apache.catalina.core.ApplicationFilterChain.doFilter(ApplicationFilterChain.java:149)
	at org.springframework.web.filter.OncePerRequestFilter.doFilter(OncePerRequestFilter.java:110)
	at org.apache.catalina.core.ApplicationFilterChain.internalDoFilter(ApplicationFilterChain.java:174)
	at org.apache.catalina.core.ApplicationFilterChain.doFilter(ApplicationFilterChain.java:149)
	at com.authservice.config.RequestLoggingFilter.doFilter(RequestLoggingFilter.java:39)
	at org.apache.catalina.core.ApplicationFilterChain.internalDoFilter(ApplicationFilterChain.java:174)
	at org.apache.catalina.core.ApplicationFilterChain.doFilter(ApplicationFilterChain.java:149)
	at org.springframework.web.filter.CompositeFilter$VirtualFilterChain.doFilter(CompositeFilter.java:108)
	at org.springframework.security.web.FilterChainProxy.lambda$doFilterInternal$3(FilterChainProxy.java:231)
	at org.springframework.security.web.FilterChainProxy$VirtualFilterChain.doFilter(FilterChainProxy.java:365)
	at org.springframework.security.web.access.intercept.AuthorizationFilter.doFilter(AuthorizationFilter.java:100)
	at org.springframework.security.web.FilterChainProxy$VirtualFilterChain.doFilter(FilterChainProxy.java:374)
	at org.springframework.security.web.access.ExceptionTranslationFilter.doFilter(ExceptionTranslationFilter.java:126)
	at org.springframework.security.web.access.ExceptionTranslationFilter.doFilter(ExceptionTranslationFilter.java:120)
	at org.springframework.security.web.FilterChainProxy$VirtualFilterChain.doFilter(FilterChainProxy.java:374)
	at org.springframework.security.web.session.SessionManagementFilter.doFilter(SessionManagementFilter.java:131)
	at org.springframework.security.web.session.SessionManagementFilter.doFilter(SessionManagementFilter.java:85)
	at org.springframework.security.web.FilterChainProxy$VirtualFilterChain.doFilter(FilterChainProxy.java:374)
	at org.springframework.security.web.authentication.AnonymousAuthenticationFilter.doFilter(AnonymousAuthenticationFilter.java:100)
	at org.springframework.security.web.FilterChainProxy$VirtualFilterChain.doFilter(FilterChainProxy.java:374)
	at org.springframework.security.web.servletapi.SecurityContextHolderAwareRequestFilter.doFilter(SecurityContextHolderAwareRequestFilter.java:179)
	at org.springframework.security.web.FilterChainProxy$VirtualFilterChain.doFilter(FilterChainProxy.java:374)
	at org.springframework.security.web.savedrequest.RequestCacheAwareFilter.doFilter(RequestCacheAwareFilter.java:63)
	at org.springframework.security.web.FilterChainProxy$VirtualFilterChain.doFilter(FilterChainProxy.java:374)
	at com.authservice.security.JwtAuthenticationFilter.doFilterInternal(JwtAuthenticationFilter.java:94)
	at org.springframework.web.filter.OncePerRequestFilter.doFilter(OncePerRequestFilter.java:116)
	at org.springframework.security.web.FilterChainProxy$VirtualFilterChain.doFilter(FilterChainProxy.java:374)
	at com.authservice.config.SecurityConfig$GatewayWhitelistFilter.doFilterInternal(SecurityConfig.java:118)
	at org.springframework.web.filter.OncePerRequestFilter.doFilter(OncePerRequestFilter.java:116)
	at org.springframework.security.web.FilterChainProxy$VirtualFilterChain.doFilter(FilterChainProxy.java:374)
	at org.springframework.security.web.authentication.logout.LogoutFilter.doFilter(LogoutFilter.java:107)
	at org.springframework.security.web.authentication.logout.LogoutFilter.doFilter(LogoutFilter.java:93)
	at org.springframework.security.web.FilterChainProxy$VirtualFilterChain.doFilter(FilterChainProxy.java:374)
	at org.springframework.web.filter.CorsFilter.doFilterInternal(CorsFilter.java:91)
	at org.springframework.web.filter.OncePerRequestFilter.doFilter(OncePerRequestFilter.java:116)
	at org.springframework.security.web.FilterChainProxy$VirtualFilterChain.doFilter(FilterChainProxy.java:374)
	at org.springframework.security.web.header.HeaderWriterFilter.doHeadersAfter(HeaderWriterFilter.java:90)
	at org.springframework.security.web.header.HeaderWriterFilter.doFilterInternal(HeaderWriterFilter.java:75)
	at org.springframework.web.filter.OncePerRequestFilter.doFilter(OncePerRequestFilter.java:116)
	at org.springframework.security.web.FilterChainProxy$VirtualFilterChain.doFilter(FilterChainProxy.java:374)
	at org.springframework.security.web.context.SecurityContextHolderFilter.doFilter(SecurityContextHolderFilter.java:82)
	at org.springframework.security.web.context.SecurityContextHolderFilter.doFilter(SecurityContextHolderFilter.java:69)
	at org.springframework.security.web.FilterChainProxy$VirtualFilterChain.doFilter(FilterChainProxy.java:374)
	at org.springframework.security.web.context.request.async.WebAsyncManagerIntegrationFilter.doFilterInternal(WebAsyncManagerIntegrationFilter.java:62)
	at org.springframework.web.filter.OncePerRequestFilter.doFilter(OncePerRequestFilter.java:116)
	at org.springframework.security.web.FilterChainProxy$VirtualFilterChain.doFilter(FilterChainProxy.java:374)
	at org.springframework.security.web.session.DisableEncodeUrlFilter.doFilterInternal(DisableEncodeUrlFilter.java:42)
	at org.springframework.web.filter.OncePerRequestFilter.doFilter(OncePerRequestFilter.java:116)
	at org.springframework.security.web.FilterChainProxy$VirtualFilterChain.doFilter(FilterChainProxy.java:374)
	at org.springframework.security.web.FilterChainProxy.doFilterInternal(FilterChainProxy.java:233)
	at org.springframework.security.web.FilterChainProxy.doFilter(FilterChainProxy.java:191)
	at org.springframework.web.filter.CompositeFilter$VirtualFilterChain.doFilter(CompositeFilter.java:113)
	at org.springframework.web.servlet.handler.HandlerMappingIntrospector.lambda$createCacheFilter$3(HandlerMappingIntrospector.java:195)
	at org.springframework.web.filter.CompositeFilter$VirtualFilterChain.doFilter(CompositeFilter.java:113)
	at org.springframework.web.filter.CompositeFilter.doFilter(CompositeFilter.java:74)
	at org.springframework.security.config.annotation.web.configuration.WebMvcSecurityConfiguration$CompositeFilterChainProxy.doFilter(WebMvcSecurityConfiguration.java:230)
	at org.springframework.web.filter.DelegatingFilterProxy.invokeDelegate(DelegatingFilterProxy.java:352)
	at org.springframework.web.filter.DelegatingFilterProxy.doFilter(DelegatingFilterProxy.java:268)
	at org.apache.catalina.core.ApplicationFilterChain.internalDoFilter(ApplicationFilterChain.java:174)
	at org.apache.catalina.core.ApplicationFilterChain.doFilter(ApplicationFilterChain.java:149)
	at org.springframework.web.filter.RequestContextFilter.doFilterInternal(RequestContextFilter.java:100)
	at org.springframework.web.filter.OncePerRequestFilter.doFilter(OncePerRequestFilter.java:116)
	at org.apache.catalina.core.ApplicationFilterChain.internalDoFilter(ApplicationFilterChain.java:174)
	at org.apache.catalina.core.ApplicationFilterChain.doFilter(ApplicationFilterChain.java:149)
	at org.springframework.web.filter.FormContentFilter.doFilterInternal(FormContentFilter.java:93)
	at org.springframework.web.filter.OncePerRequestFilter.doFilter(OncePerRequestFilter.java:116)
	at org.apache.catalina.core.ApplicationFilterChain.internalDoFilter(ApplicationFilterChain.java:174)
	at org.apache.catalina.core.ApplicationFilterChain.doFilter(ApplicationFilterChain.java:149)
	at org.springframework.web.filter.CharacterEncodingFilter.doFilterInternal(CharacterEncodingFilter.java:201)
	at org.springframework.web.filter.OncePerRequestFilter.doFilter(OncePerRequestFilter.java:116)
	at org.apache.catalina.core.ApplicationFilterChain.internalDoFilter(ApplicationFilterChain.java:174)
	at org.apache.catalina.core.ApplicationFilterChain.doFilter(ApplicationFilterChain.java:149)
	at org.apache.catalina.core.StandardWrapperValve.invoke(StandardWrapperValve.java:167)
	at org.apache.catalina.core.StandardContextValve.invoke(StandardContextValve.java:90)
	at org.apache.catalina.authenticator.AuthenticatorBase.invoke(AuthenticatorBase.java:482)
	at org.apache.catalina.core.StandardHostValve.invoke(StandardHostValve.java:115)
	at org.apache.catalina.valves.ErrorReportValve.invoke(ErrorReportValve.java:93)
	at org.apache.catalina.core.StandardEngineValve.invoke(StandardEngineValve.java:74)
	at org.apache.catalina.connector.CoyoteAdapter.service(CoyoteAdapter.java:344)
	at org.apache.coyote.http11.Http11Processor.service(Http11Processor.java:391)
	at org.apache.coyote.AbstractProcessorLight.process(AbstractProcessorLight.java:63)
	at org.apache.coyote.AbstractProtocol$ConnectionHandler.process(AbstractProtocol.java:896)
	at org.apache.tomcat.util.net.NioEndpoint$SocketProcessor.doRun(NioEndpoint.java:1744)
	at org.apache.tomcat.util.net.SocketProcessorBase.run(SocketProcessorBase.java:52)
	at org.apache.tomcat.util.threads.ThreadPoolExecutor.runWorker(ThreadPoolExecutor.java:1191)
	at org.apache.tomcat.util.threads.ThreadPoolExecutor$Worker.run(ThreadPoolExecutor.java:659)
	at org.apache.tomcat.util.threads.TaskThread$WrappingRunnable.run(TaskThread.java:63)
	at java.base/java.lang.Thread.run(Thread.java:840)
2026-06-18 13:27:44 [http-nio-8083-exec-2] WARN  o.s.w.s.m.m.a.ExceptionHandlerExceptionResolver - Failure in @ExceptionHandler com.authservice.exception.GlobalExceptionHandler#handleGeneric(Exception, HttpServletRequest)
org.springframework.web.HttpMediaTypeNotAcceptableException: No acceptable representation
	at org.springframework.web.servlet.mvc.method.annotation.AbstractMessageConverterMethodProcessor.writeWithMessageConverters(AbstractMessageConverterMethodProcessor.java:322)
	at org.springframework.web.servlet.mvc.method.annotation.HttpEntityMethodProcessor.handleReturnValue(HttpEntityMethodProcessor.java:245)
	at org.springframework.web.method.support.HandlerMethodReturnValueHandlerComposite.handleReturnValue(HandlerMethodReturnValueHandlerComposite.java:78)
	at org.springframework.web.servlet.mvc.method.annotation.ServletInvocableHandlerMethod.invokeAndHandle(ServletInvocableHandlerMethod.java:136)
	at org.springframework.web.servlet.mvc.method.annotation.ExceptionHandlerExceptionResolver.doResolveHandlerMethodException(ExceptionHandlerExceptionResolver.java:432)
	at org.springframework.web.servlet.handler.AbstractHandlerMethodExceptionResolver.doResolveException(AbstractHandlerMethodExceptionResolver.java:74)
	at org.springframework.web.servlet.handler.AbstractHandlerExceptionResolver.resolveException(AbstractHandlerExceptionResolver.java:175)
	at org.springframework.web.servlet.handler.HandlerExceptionResolverComposite.resolveException(HandlerExceptionResolverComposite.java:80)
	at org.springframework.web.servlet.DispatcherServlet.processHandlerException(DispatcherServlet.java:1357)
	at org.springframework.web.servlet.DispatcherServlet.processDispatchResult(DispatcherServlet.java:1160)
	at org.springframework.web.servlet.DispatcherServlet.doDispatch(DispatcherServlet.java:1106)
	at org.springframework.web.servlet.DispatcherServlet.doService(DispatcherServlet.java:979)
	at org.springframework.web.servlet.FrameworkServlet.processRequest(FrameworkServlet.java:1014)
	at org.springframework.web.servlet.FrameworkServlet.doPost(FrameworkServlet.java:914)
	at jakarta.servlet.http.HttpServlet.service(HttpServlet.java:590)
	at org.springframework.web.servlet.FrameworkServlet.service(FrameworkServlet.java:885)
	at jakarta.servlet.http.HttpServlet.service(HttpServlet.java:658)
	at org.apache.catalina.core.ApplicationFilterChain.internalDoFilter(ApplicationFilterChain.java:205)
	at org.apache.catalina.core.ApplicationFilterChain.doFilter(ApplicationFilterChain.java:149)
	at org.apache.tomcat.websocket.server.WsFilter.doFilter(WsFilter.java:51)
	at org.apache.catalina.core.ApplicationFilterChain.internalDoFilter(ApplicationFilterChain.java:174)
	at org.apache.catalina.core.ApplicationFilterChain.doFilter(ApplicationFilterChain.java:149)
	at org.springframework.web.filter.OncePerRequestFilter.doFilter(OncePerRequestFilter.java:110)
	at org.apache.catalina.core.ApplicationFilterChain.internalDoFilter(ApplicationFilterChain.java:174)
	at org.apache.catalina.core.ApplicationFilterChain.doFilter(ApplicationFilterChain.java:149)
	at org.springframework.web.filter.OncePerRequestFilter.doFilter(OncePerRequestFilter.java:110)
	at org.apache.catalina.core.ApplicationFilterChain.internalDoFilter(ApplicationFilterChain.java:174)
	at org.apache.catalina.core.ApplicationFilterChain.doFilter(ApplicationFilterChain.java:149)
	at com.authservice.config.RequestLoggingFilter.doFilter(RequestLoggingFilter.java:39)
	at org.apache.catalina.core.ApplicationFilterChain.internalDoFilter(ApplicationFilterChain.java:174)
	at org.apache.catalina.core.ApplicationFilterChain.doFilter(ApplicationFilterChain.java:149)
	at org.springframework.web.filter.CompositeFilter$VirtualFilterChain.doFilter(CompositeFilter.java:108)
	at org.springframework.security.web.FilterChainProxy.lambda$doFilterInternal$3(FilterChainProxy.java:231)
	at org.springframework.security.web.FilterChainProxy$VirtualFilterChain.doFilter(FilterChainProxy.java:365)
	at org.springframework.security.web.access.intercept.AuthorizationFilter.doFilter(AuthorizationFilter.java:100)
	at org.springframework.security.web.FilterChainProxy$VirtualFilterChain.doFilter(FilterChainProxy.java:374)
	at org.springframework.security.web.access.ExceptionTranslationFilter.doFilter(ExceptionTranslationFilter.java:126)
	at org.springframework.security.web.access.ExceptionTranslationFilter.doFilter(ExceptionTranslationFilter.java:120)
	at org.springframework.security.web.FilterChainProxy$VirtualFilterChain.doFilter(FilterChainProxy.java:374)
	at org.springframework.security.web.session.SessionManagementFilter.doFilter(SessionManagementFilter.java:131)
	at org.springframework.security.web.session.SessionManagementFilter.doFilter(SessionManagementFilter.java:85)
	at org.springframework.security.web.FilterChainProxy$VirtualFilterChain.doFilter(FilterChainProxy.java:374)
	at org.springframework.security.web.authentication.AnonymousAuthenticationFilter.doFilter(AnonymousAuthenticationFilter.java:100)
	at org.springframework.security.web.FilterChainProxy$VirtualFilterChain.doFilter(FilterChainProxy.java:374)
	at org.springframework.security.web.servletapi.SecurityContextHolderAwareRequestFilter.doFilter(SecurityContextHolderAwareRequestFilter.java:179)
	at org.springframework.security.web.FilterChainProxy$VirtualFilterChain.doFilter(FilterChainProxy.java:374)
	at org.springframework.security.web.savedrequest.RequestCacheAwareFilter.doFilter(RequestCacheAwareFilter.java:63)
	at org.springframework.security.web.FilterChainProxy$VirtualFilterChain.doFilter(FilterChainProxy.java:374)
	at com.authservice.security.JwtAuthenticationFilter.doFilterInternal(JwtAuthenticationFilter.java:94)
	at org.springframework.web.filter.OncePerRequestFilter.doFilter(OncePerRequestFilter.java:116)
	at org.springframework.security.web.FilterChainProxy$VirtualFilterChain.doFilter(FilterChainProxy.java:374)
	at com.authservice.config.SecurityConfig$GatewayWhitelistFilter.doFilterInternal(SecurityConfig.java:118)
	at org.springframework.web.filter.OncePerRequestFilter.doFilter(OncePerRequestFilter.java:116)
	at org.springframework.security.web.FilterChainProxy$VirtualFilterChain.doFilter(FilterChainProxy.java:374)
	at org.springframework.security.web.authentication.logout.LogoutFilter.doFilter(LogoutFilter.java:107)
	at org.springframework.security.web.authentication.logout.LogoutFilter.doFilter(LogoutFilter.java:93)
	at org.springframework.security.web.FilterChainProxy$VirtualFilterChain.doFilter(FilterChainProxy.java:374)
	at org.springframework.web.filter.CorsFilter.doFilterInternal(CorsFilter.java:91)
	at org.springframework.web.filter.OncePerRequestFilter.doFilter(OncePerRequestFilter.java:116)
	at org.springframework.security.web.FilterChainProxy$VirtualFilterChain.doFilter(FilterChainProxy.java:374)
	at org.springframework.security.web.header.HeaderWriterFilter.doHeadersAfter(HeaderWriterFilter.java:90)
	at org.springframework.security.web.header.HeaderWriterFilter.doFilterInternal(HeaderWriterFilter.java:75)
	at org.springframework.web.filter.OncePerRequestFilter.doFilter(OncePerRequestFilter.java:116)
	at org.springframework.security.web.FilterChainProxy$VirtualFilterChain.doFilter(FilterChainProxy.java:374)
	at org.springframework.security.web.context.SecurityContextHolderFilter.doFilter(SecurityContextHolderFilter.java:82)
	at org.springframework.security.web.context.SecurityContextHolderFilter.doFilter(SecurityContextHolderFilter.java:69)
	at org.springframework.security.web.FilterChainProxy$VirtualFilterChain.doFilter(FilterChainProxy.java:374)
	at org.springframework.security.web.context.request.async.WebAsyncManagerIntegrationFilter.doFilterInternal(WebAsyncManagerIntegrationFilter.java:62)
	at org.springframework.web.filter.OncePerRequestFilter.doFilter(OncePerRequestFilter.java:116)
	at org.springframework.security.web.FilterChainProxy$VirtualFilterChain.doFilter(FilterChainProxy.java:374)
	at org.springframework.security.web.session.DisableEncodeUrlFilter.doFilterInternal(DisableEncodeUrlFilter.java:42)
	at org.springframework.web.filter.OncePerRequestFilter.doFilter(OncePerRequestFilter.java:116)
	at org.springframework.security.web.FilterChainProxy$VirtualFilterChain.doFilter(FilterChainProxy.java:374)
	at org.springframework.security.web.FilterChainProxy.doFilterInternal(FilterChainProxy.java:233)
	at org.springframework.security.web.FilterChainProxy.doFilter(FilterChainProxy.java:191)
	at org.springframework.web.filter.CompositeFilter$VirtualFilterChain.doFilter(CompositeFilter.java:113)
	at org.springframework.web.servlet.handler.HandlerMappingIntrospector.lambda$createCacheFilter$3(HandlerMappingIntrospector.java:195)
	at org.springframework.web.filter.CompositeFilter$VirtualFilterChain.doFilter(CompositeFilter.java:113)
	at org.springframework.web.filter.CompositeFilter.doFilter(CompositeFilter.java:74)
	at org.springframework.security.config.annotation.web.configuration.WebMvcSecurityConfiguration$CompositeFilterChainProxy.doFilter(WebMvcSecurityConfiguration.java:230)
	at org.springframework.web.filter.DelegatingFilterProxy.invokeDelegate(DelegatingFilterProxy.java:352)
	at org.springframework.web.filter.DelegatingFilterProxy.doFilter(DelegatingFilterProxy.java:268)
	at org.apache.catalina.core.ApplicationFilterChain.internalDoFilter(ApplicationFilterChain.java:174)
	at org.apache.catalina.core.ApplicationFilterChain.doFilter(ApplicationFilterChain.java:149)
	at org.springframework.web.filter.RequestContextFilter.doFilterInternal(RequestContextFilter.java:100)
	at org.springframework.web.filter.OncePerRequestFilter.doFilter(OncePerRequestFilter.java:116)
	at org.apache.catalina.core.ApplicationFilterChain.internalDoFilter(ApplicationFilterChain.java:174)
	at org.apache.catalina.core.ApplicationFilterChain.doFilter(ApplicationFilterChain.java:149)
	at org.springframework.web.filter.FormContentFilter.doFilterInternal(FormContentFilter.java:93)
	at org.springframework.web.filter.OncePerRequestFilter.doFilter(OncePerRequestFilter.java:116)
	at org.apache.catalina.core.ApplicationFilterChain.internalDoFilter(ApplicationFilterChain.java:174)
	at org.apache.catalina.core.ApplicationFilterChain.doFilter(ApplicationFilterChain.java:149)
	at org.springframework.web.filter.CharacterEncodingFilter.doFilterInternal(CharacterEncodingFilter.java:201)
	at org.springframework.web.filter.OncePerRequestFilter.doFilter(OncePerRequestFilter.java:116)
	at org.apache.catalina.core.ApplicationFilterChain.internalDoFilter(ApplicationFilterChain.java:174)
	at org.apache.catalina.core.ApplicationFilterChain.doFilter(ApplicationFilterChain.java:149)
	at org.apache.catalina.core.StandardWrapperValve.invoke(StandardWrapperValve.java:167)
	at org.apache.catalina.core.StandardContextValve.invoke(StandardContextValve.java:90)
	at org.apache.catalina.authenticator.AuthenticatorBase.invoke(AuthenticatorBase.java:482)
	at org.apache.catalina.core.StandardHostValve.invoke(StandardHostValve.java:115)
	at org.apache.catalina.valves.ErrorReportValve.invoke(ErrorReportValve.java:93)
	at org.apache.catalina.core.StandardEngineValve.invoke(StandardEngineValve.java:74)
	at org.apache.catalina.connector.CoyoteAdapter.service(CoyoteAdapter.java:344)
	at org.apache.coyote.http11.Http11Processor.service(Http11Processor.java:391)
	at org.apache.coyote.AbstractProcessorLight.process(AbstractProcessorLight.java:63)
	at org.apache.coyote.AbstractProtocol$ConnectionHandler.process(AbstractProtocol.java:896)
	at org.apache.tomcat.util.net.NioEndpoint$SocketProcessor.doRun(NioEndpoint.java:1744)
	at org.apache.tomcat.util.net.SocketProcessorBase.run(SocketProcessorBase.java:52)
	at org.apache.tomcat.util.threads.ThreadPoolExecutor.runWorker(ThreadPoolExecutor.java:1191)
	at org.apache.tomcat.util.threads.ThreadPoolExecutor$Worker.run(ThreadPoolExecutor.java:659)
	at org.apache.tomcat.util.threads.TaskThread$WrappingRunnable.run(TaskThread.java:63)
	at java.base/java.lang.Thread.run(Thread.java:840)
2026-06-18 13:27:44 [http-nio-8083-exec-2] INFO  c.a.config.RequestLoggingFilter - <- POST /api/v1/auth/register | status=400 | 16ms
2026-06-18 13:27:56 [http-nio-8083-exec-3] DEBUG c.a.security.JwtAuthenticationFilter - Processing request: GET /api/v1/auth/users/username/Mashok
2026-06-18 13:27:56 [http-nio-8083-exec-3] DEBUG c.a.security.JwtAuthenticationFilter - Authenticated user [eaqe021ogm@bltiwd.com] for URI: /api/v1/auth/users/username/Mashok
2026-06-18 13:27:56 [http-nio-8083-exec-3] INFO  c.a.config.RequestLoggingFilter - -> GET /api/v1/auth/users/username/Mashok [IP: 127.0.0.1]
2026-06-18 13:27:56 [http-nio-8083-exec-3] INFO  c.a.config.RequestLoggingFilter - <- GET /api/v1/auth/users/username/Mashok | status=200 | 18ms
2026-06-18 13:28:19 [AsyncResolver-bootstrap-executor-0] INFO  c.n.d.s.r.aws.ConfigClusterResolver - Resolving eureka endpoints via configuration
2026-06-18 13:28:26 [http-nio-8083-exec-4] DEBUG c.a.security.JwtAuthenticationFilter - Processing request: GET /api/v1/auth/users/username/Mashok
2026-06-18 13:28:26 [http-nio-8083-exec-4] DEBUG c.a.security.JwtAuthenticationFilter - Authenticated user [eaqe021ogm@bltiwd.com] for URI: /api/v1/auth/users/username/Mashok
2026-06-18 13:28:26 [http-nio-8083-exec-4] INFO  c.a.config.RequestLoggingFilter - -> GET /api/v1/auth/users/username/Mashok [IP: 127.0.0.1]
2026-06-18 13:28:26 [http-nio-8083-exec-4] INFO  c.a.config.RequestLoggingFilter - <- GET /api/v1/auth/users/username/Mashok | status=200 | 0ms
2026-06-18 13:28:56 [http-nio-8083-exec-5] DEBUG c.a.security.JwtAuthenticationFilter - Processing request: GET /api/v1/auth/users/username/Mashok
2026-06-18 13:28:56 [http-nio-8083-exec-5] DEBUG c.a.security.JwtAuthenticationFilter - Authenticated user [eaqe021ogm@bltiwd.com] for URI: /api/v1/auth/users/username/Mashok
2026-06-18 13:28:56 [http-nio-8083-exec-5] INFO  c.a.config.RequestLoggingFilter - -> GET /api/v1/auth/users/username/Mashok [IP: 127.0.0.1]
2026-06-18 13:28:56 [http-nio-8083-exec-5] INFO  c.a.config.RequestLoggingFilter - <- GET /api/v1/auth/users/username/Mashok | status=200 | 3ms
2026-06-18 13:29:37 [http-nio-8083-exec-6] DEBUG c.a.security.JwtAuthenticationFilter - Processing request: GET /api/v1/auth/users/username/Mashok
2026-06-18 13:29:37 [http-nio-8083-exec-6] DEBUG c.a.security.JwtAuthenticationFilter - Authenticated user [eaqe021ogm@bltiwd.com] for URI: /api/v1/auth/users/username/Mashok
2026-06-18 13:29:37 [http-nio-8083-exec-6] INFO  c.a.config.RequestLoggingFilter - -> GET /api/v1/auth/users/username/Mashok [IP: 127.0.0.1]
2026-06-18 13:29:37 [http-nio-8083-exec-6] INFO  c.a.config.RequestLoggingFilter - <- GET /api/v1/auth/users/username/Mashok | status=200 | 5ms
2026-06-18 13:29:37 [http-nio-8083-exec-7] DEBUG c.a.security.JwtAuthenticationFilter - Processing request: POST /api/v1/auth/register
2026-06-18 13:29:37 [http-nio-8083-exec-7] INFO  c.a.config.RequestLoggingFilter - -> POST /api/v1/auth/register [IP: 0:0:0:0:0:0:0:1]
2026-06-18 13:29:37 [http-nio-8083-exec-7] INFO  c.a.controller.AuthController - Received registration request for email: 3lox6p7p5w@wnbaldwy.com
2026-06-18 13:29:37 [http-nio-8083-exec-7] INFO  c.a.service.impl.AuthServiceImpl - Registration attempt for email: 3lox6p7p5w@wnbaldwy.com
2026-06-18 13:29:38 [SimpleAsyncTaskExecutor-3] INFO  c.a.service.impl.EmailServiceImpl - Sending welcome email to: 3lox6p7p5w@wnbaldwy.com
2026-06-18 13:29:38 [http-nio-8083-exec-7] INFO  c.a.config.RequestLoggingFilter - <- POST /api/v1/auth/register | status=201 | 383ms
2026-06-18 13:29:42 [SimpleAsyncTaskExecutor-3] INFO  c.a.service.impl.EmailServiceImpl - Welcome email sent successfully to: 3lox6p7p5w@wnbaldwy.com
2026-06-18 13:29:53 [http-nio-8083-exec-8] DEBUG c.a.security.JwtAuthenticationFilter - Processing request: POST /api/v1/auth/login
2026-06-18 13:29:53 [http-nio-8083-exec-8] INFO  c.a.config.RequestLoggingFilter - -> POST /api/v1/auth/login [IP: 0:0:0:0:0:0:0:1]
2026-06-18 13:29:53 [http-nio-8083-exec-8] INFO  c.a.controller.AuthController - Received login request for email: 3lox6p7p5w@wnbaldwy.com
2026-06-18 13:29:53 [http-nio-8083-exec-8] DEBUG com.authservice.util.OtpUtil - Generated OTP (masked): 01****
2026-06-18 13:29:53 [http-nio-8083-exec-8] INFO  c.a.service.impl.OtpServiceImpl - OTP generated and stored in Redis for email: 3lox6p7p5w@wnbaldwy.com | TTL: 300s
2026-06-18 13:29:53 [SimpleAsyncTaskExecutor-4] INFO  c.a.service.impl.EmailServiceImpl - Sending OTP email to: 3lox6p7p5w@wnbaldwy.com
2026-06-18 13:29:53 [http-nio-8083-exec-8] INFO  c.a.config.RequestLoggingFilter - <- POST /api/v1/auth/login | status=200 | 332ms
2026-06-18 13:29:57 [SimpleAsyncTaskExecutor-4] INFO  c.a.service.impl.EmailServiceImpl - OTP email sent successfully to: 3lox6p7p5w@wnbaldwy.com
2026-06-18 13:30:05 [http-nio-8083-exec-9] DEBUG c.a.security.JwtAuthenticationFilter - Processing request: POST /api/v1/auth/verify-otp
2026-06-18 13:30:05 [http-nio-8083-exec-9] INFO  c.a.config.RequestLoggingFilter - -> POST /api/v1/auth/verify-otp [IP: 0:0:0:0:0:0:0:1]
2026-06-18 13:30:05 [http-nio-8083-exec-9] INFO  c.a.controller.AuthController - Received OTP verification request for email: 3lox6p7p5w@wnbaldwy.com
2026-06-18 13:30:05 [http-nio-8083-exec-9] INFO  c.a.service.impl.OtpServiceImpl - OTP verified and invalidated successfully for email: 3lox6p7p5w@wnbaldwy.com
2026-06-18 13:30:05 [http-nio-8083-exec-9] DEBUG com.authservice.util.JwtUtil - Generating JWT token for user: 3lox6p7p5w@wnbaldwy.com
2026-06-18 13:30:05 [http-nio-8083-exec-9] INFO  c.a.config.RequestLoggingFilter - <- POST /api/v1/auth/verify-otp | status=200 | 26ms
2026-06-18 13:30:05 [http-nio-8083-exec-10] DEBUG c.a.security.JwtAuthenticationFilter - Processing request: GET /api/v1/auth/users/username/Bhanu
2026-06-18 13:30:05 [http-nio-8083-exec-10] DEBUG c.a.security.JwtAuthenticationFilter - Authenticated user [3lox6p7p5w@wnbaldwy.com] for URI: /api/v1/auth/users/username/Bhanu
2026-06-18 13:30:05 [http-nio-8083-exec-10] INFO  c.a.config.RequestLoggingFilter - -> GET /api/v1/auth/users/username/Bhanu [IP: 127.0.0.1]
2026-06-18 13:30:05 [http-nio-8083-exec-10] INFO  c.a.config.RequestLoggingFilter - <- GET /api/v1/auth/users/username/Bhanu | status=200 | 12ms
2026-06-18 13:30:05 [http-nio-8083-exec-1] DEBUG c.a.security.JwtAuthenticationFilter - Processing request: GET /api/v1/auth/users/username/Bhanu
2026-06-18 13:30:05 [http-nio-8083-exec-1] DEBUG c.a.security.JwtAuthenticationFilter - Authenticated user [3lox6p7p5w@wnbaldwy.com] for URI: /api/v1/auth/users/username/Bhanu
2026-06-18 13:30:05 [http-nio-8083-exec-1] INFO  c.a.config.RequestLoggingFilter - -> GET /api/v1/auth/users/username/Bhanu [IP: 127.0.0.1]
2026-06-18 13:30:05 [http-nio-8083-exec-1] INFO  c.a.config.RequestLoggingFilter - <- GET /api/v1/auth/users/username/Bhanu | status=200 | 9ms
2026-06-18 13:30:08 [http-nio-8083-exec-2] DEBUG c.a.security.JwtAuthenticationFilter - Processing request: GET /api/v1/auth/users/username/Mashok
2026-06-18 13:30:08 [http-nio-8083-exec-2] DEBUG c.a.security.JwtAuthenticationFilter - Authenticated user [eaqe021ogm@bltiwd.com] for URI: /api/v1/auth/users/username/Mashok
2026-06-18 13:30:08 [http-nio-8083-exec-2] INFO  c.a.config.RequestLoggingFilter - -> GET /api/v1/auth/users/username/Mashok [IP: 127.0.0.1]
2026-06-18 13:30:08 [http-nio-8083-exec-2] INFO  c.a.config.RequestLoggingFilter - <- GET /api/v1/auth/users/username/Mashok | status=200 | 7ms
2026-06-18 13:30:23 [http-nio-8083-exec-3] DEBUG c.a.security.JwtAuthenticationFilter - Processing request: GET /api/v1/auth/users/phone/+919989665896
2026-06-18 13:30:23 [http-nio-8083-exec-3] DEBUG c.a.security.JwtAuthenticationFilter - Authenticated user [eaqe021ogm@bltiwd.com] for URI: /api/v1/auth/users/phone/+919989665896
2026-06-18 13:30:23 [http-nio-8083-exec-3] INFO  c.a.config.RequestLoggingFilter - -> GET /api/v1/auth/users/phone/+919989665896 [IP: 127.0.0.1]
2026-06-18 13:30:23 [http-nio-8083-exec-3] INFO  c.a.config.RequestLoggingFilter - <- GET /api/v1/auth/users/phone/+919989665896 | status=200 | 3ms
2026-06-18 13:30:23 [http-nio-8083-exec-4] DEBUG c.a.security.JwtAuthenticationFilter - Processing request: GET /api/v1/auth/users/phone/+919989665896
2026-06-18 13:30:23 [http-nio-8083-exec-4] DEBUG c.a.security.JwtAuthenticationFilter - Authenticated user [eaqe021ogm@bltiwd.com] for URI: /api/v1/auth/users/phone/+919989665896
2026-06-18 13:30:23 [http-nio-8083-exec-4] INFO  c.a.config.RequestLoggingFilter - -> GET /api/v1/auth/users/phone/+919989665896 [IP: 127.0.0.1]
2026-06-18 13:30:23 [http-nio-8083-exec-4] INFO  c.a.config.RequestLoggingFilter - <- GET /api/v1/auth/users/phone/+919989665896 | status=200 | 6ms
2026-06-18 13:30:23 [http-nio-8083-exec-5] DEBUG c.a.security.JwtAuthenticationFilter - Processing request: GET /api/v1/auth/users/02ddd911-8e50-4b26-853d-cec87396a3b8
2026-06-18 13:30:24 [http-nio-8083-exec-5] DEBUG c.a.security.JwtAuthenticationFilter - Authenticated user [eaqe021ogm@bltiwd.com] for URI: /api/v1/auth/users/02ddd911-8e50-4b26-853d-cec87396a3b8
2026-06-18 13:30:24 [http-nio-8083-exec-5] INFO  c.a.config.RequestLoggingFilter - -> GET /api/v1/auth/users/02ddd911-8e50-4b26-853d-cec87396a3b8 [IP: 127.0.0.1]
2026-06-18 13:30:24 [http-nio-8083-exec-5] INFO  c.a.config.RequestLoggingFilter - <- GET /api/v1/auth/users/02ddd911-8e50-4b26-853d-cec87396a3b8 | status=200 | 22ms
2026-06-18 13:30:24 [http-nio-8083-exec-6] DEBUG c.a.security.JwtAuthenticationFilter - Processing request: GET /api/v1/auth/users/a284e91c-c13a-4271-9daa-d7576118aec9
2026-06-18 13:30:24 [http-nio-8083-exec-6] DEBUG c.a.security.JwtAuthenticationFilter - Authenticated user [eaqe021ogm@bltiwd.com] for URI: /api/v1/auth/users/a284e91c-c13a-4271-9daa-d7576118aec9
2026-06-18 13:30:24 [http-nio-8083-exec-6] INFO  c.a.config.RequestLoggingFilter - -> GET /api/v1/auth/users/a284e91c-c13a-4271-9daa-d7576118aec9 [IP: 127.0.0.1]
2026-06-18 13:30:24 [http-nio-8083-exec-6] INFO  c.a.config.RequestLoggingFilter - <- GET /api/v1/auth/users/a284e91c-c13a-4271-9daa-d7576118aec9 | status=200 | 12ms
2026-06-18 13:30:24 [http-nio-8083-exec-7] DEBUG c.a.security.JwtAuthenticationFilter - Processing request: GET /api/v1/auth/users/username/Mashok
2026-06-18 13:30:24 [http-nio-8083-exec-7] DEBUG c.a.security.JwtAuthenticationFilter - Authenticated user [eaqe021ogm@bltiwd.com] for URI: /api/v1/auth/users/username/Mashok
2026-06-18 13:30:24 [http-nio-8083-exec-7] INFO  c.a.config.RequestLoggingFilter - -> GET /api/v1/auth/users/username/Mashok [IP: 127.0.0.1]
2026-06-18 13:30:24 [http-nio-8083-exec-7] INFO  c.a.config.RequestLoggingFilter - <- GET /api/v1/auth/users/username/Mashok | status=200 | 3ms
2026-06-18 13:30:26 [http-nio-8083-exec-8] DEBUG c.a.security.JwtAuthenticationFilter - Processing request: GET /api/v1/auth/users/username/Mashok
2026-06-18 13:30:26 [http-nio-8083-exec-8] DEBUG c.a.security.JwtAuthenticationFilter - Authenticated user [eaqe021ogm@bltiwd.com] for URI: /api/v1/auth/users/username/Mashok
2026-06-18 13:30:26 [http-nio-8083-exec-8] INFO  c.a.config.RequestLoggingFilter - -> GET /api/v1/auth/users/username/Mashok [IP: 127.0.0.1]
2026-06-18 13:30:26 [http-nio-8083-exec-8] INFO  c.a.config.RequestLoggingFilter - <- GET /api/v1/auth/users/username/Mashok | status=200 | 0ms
2026-06-18 13:30:28 [http-nio-8083-exec-9] DEBUG c.a.security.JwtAuthenticationFilter - Processing request: GET /api/v1/auth/users/username/Bhanu
2026-06-18 13:30:28 [http-nio-8083-exec-9] DEBUG c.a.security.JwtAuthenticationFilter - Authenticated user [eaqe021ogm@bltiwd.com] for URI: /api/v1/auth/users/username/Bhanu
2026-06-18 13:30:28 [http-nio-8083-exec-9] INFO  c.a.config.RequestLoggingFilter - -> GET /api/v1/auth/users/username/Bhanu [IP: 127.0.0.1]
2026-06-18 13:30:28 [http-nio-8083-exec-9] INFO  c.a.config.RequestLoggingFilter - <- GET /api/v1/auth/users/username/Bhanu | status=200 | 0ms
2026-06-18 13:30:32 [http-nio-8083-exec-10] DEBUG c.a.security.JwtAuthenticationFilter - Processing request: GET /api/v1/auth/users/username/Bhanu
2026-06-18 13:30:32 [http-nio-8083-exec-1] DEBUG c.a.security.JwtAuthenticationFilter - Processing request: GET /api/v1/auth/users/02ddd911-8e50-4b26-853d-cec87396a3b8
2026-06-18 13:30:32 [http-nio-8083-exec-10] DEBUG c.a.security.JwtAuthenticationFilter - Authenticated user [3lox6p7p5w@wnbaldwy.com] for URI: /api/v1/auth/users/username/Bhanu
2026-06-18 13:30:32 [http-nio-8083-exec-10] INFO  c.a.config.RequestLoggingFilter - -> GET /api/v1/auth/users/username/Bhanu [IP: 127.0.0.1]
2026-06-18 13:30:32 [http-nio-8083-exec-1] DEBUG c.a.security.JwtAuthenticationFilter - Authenticated user [3lox6p7p5w@wnbaldwy.com] for URI: /api/v1/auth/users/02ddd911-8e50-4b26-853d-cec87396a3b8
2026-06-18 13:30:32 [http-nio-8083-exec-1] INFO  c.a.config.RequestLoggingFilter - -> GET /api/v1/auth/users/02ddd911-8e50-4b26-853d-cec87396a3b8 [IP: 127.0.0.1]
2026-06-18 13:30:32 [http-nio-8083-exec-10] INFO  c.a.config.RequestLoggingFilter - <- GET /api/v1/auth/users/username/Bhanu | status=200 | 9ms
2026-06-18 13:30:32 [http-nio-8083-exec-1] INFO  c.a.config.RequestLoggingFilter - <- GET /api/v1/auth/users/02ddd911-8e50-4b26-853d-cec87396a3b8 | status=200 | 5ms
2026-06-18 13:30:32 [http-nio-8083-exec-2] DEBUG c.a.security.JwtAuthenticationFilter - Processing request: GET /api/v1/auth/users/02ddd911-8e50-4b26-853d-cec87396a3b8
2026-06-18 13:30:32 [http-nio-8083-exec-2] DEBUG c.a.security.JwtAuthenticationFilter - Authenticated user [3lox6p7p5w@wnbaldwy.com] for URI: /api/v1/auth/users/02ddd911-8e50-4b26-853d-cec87396a3b8
2026-06-18 13:30:32 [http-nio-8083-exec-2] INFO  c.a.config.RequestLoggingFilter - -> GET /api/v1/auth/users/02ddd911-8e50-4b26-853d-cec87396a3b8 [IP: 127.0.0.1]
2026-06-18 13:30:32 [http-nio-8083-exec-2] INFO  c.a.config.RequestLoggingFilter - <- GET /api/v1/auth/users/02ddd911-8e50-4b26-853d-cec87396a3b8 | status=200 | 0ms
2026-06-18 13:30:33 [http-nio-8083-exec-3] DEBUG c.a.security.JwtAuthenticationFilter - Processing request: GET /api/v1/auth/users/username/Bhanu
2026-06-18 13:30:33 [http-nio-8083-exec-3] DEBUG c.a.security.JwtAuthenticationFilter - Authenticated user [3lox6p7p5w@wnbaldwy.com] for URI: /api/v1/auth/users/username/Bhanu
2026-06-18 13:30:33 [http-nio-8083-exec-3] INFO  c.a.config.RequestLoggingFilter - -> GET /api/v1/auth/users/username/Bhanu [IP: 127.0.0.1]
2026-06-18 13:30:33 [http-nio-8083-exec-3] INFO  c.a.config.RequestLoggingFilter - <- GET /api/v1/auth/users/username/Bhanu | status=200 | 5ms
2026-06-18 13:30:36 [http-nio-8083-exec-4] DEBUG c.a.security.JwtAuthenticationFilter - Processing request: GET /api/v1/auth/users/username/Mashok
2026-06-18 13:30:36 [http-nio-8083-exec-4] DEBUG c.a.security.JwtAuthenticationFilter - Authenticated user [3lox6p7p5w@wnbaldwy.com] for URI: /api/v1/auth/users/username/Mashok
2026-06-18 13:30:36 [http-nio-8083-exec-4] INFO  c.a.config.RequestLoggingFilter - -> GET /api/v1/auth/users/username/Mashok [IP: 127.0.0.1]
2026-06-18 13:30:36 [http-nio-8083-exec-4] INFO  c.a.config.RequestLoggingFilter - <- GET /api/v1/auth/users/username/Mashok | status=200 | 6ms
2026-06-18 13:30:41 [http-nio-8083-exec-5] DEBUG c.a.security.JwtAuthenticationFilter - Processing request: GET /api/v1/auth/users/a284e91c-c13a-4271-9daa-d7576118aec9
2026-06-18 13:30:41 [http-nio-8083-exec-5] DEBUG c.a.security.JwtAuthenticationFilter - Authenticated user [eaqe021ogm@bltiwd.com] for URI: /api/v1/auth/users/a284e91c-c13a-4271-9daa-d7576118aec9
2026-06-18 13:30:41 [http-nio-8083-exec-5] INFO  c.a.config.RequestLoggingFilter - -> GET /api/v1/auth/users/a284e91c-c13a-4271-9daa-d7576118aec9 [IP: 127.0.0.1]
2026-06-18 13:30:41 [http-nio-8083-exec-5] INFO  c.a.config.RequestLoggingFilter - <- GET /api/v1/auth/users/a284e91c-c13a-4271-9daa-d7576118aec9 | status=200 | 10ms
2026-06-18 13:30:41 [http-nio-8083-exec-6] DEBUG c.a.security.JwtAuthenticationFilter - Processing request: GET /api/v1/auth/users/username/Mashok
2026-06-18 13:30:41 [http-nio-8083-exec-6] DEBUG c.a.security.JwtAuthenticationFilter - Authenticated user [eaqe021ogm@bltiwd.com] for URI: /api/v1/auth/users/username/Mashok
2026-06-18 13:30:41 [http-nio-8083-exec-6] INFO  c.a.config.RequestLoggingFilter - -> GET /api/v1/auth/users/username/Mashok [IP: 127.0.0.1]
2026-06-18 13:30:41 [http-nio-8083-exec-6] INFO  c.a.config.RequestLoggingFilter - <- GET /api/v1/auth/users/username/Mashok | status=200 | 9ms
2026-06-18 13:30:41 [http-nio-8083-exec-7] DEBUG c.a.security.JwtAuthenticationFilter - Processing request: GET /api/v1/auth/users/a284e91c-c13a-4271-9daa-d7576118aec9
2026-06-18 13:30:41 [http-nio-8083-exec-7] DEBUG c.a.security.JwtAuthenticationFilter - Authenticated user [eaqe021ogm@bltiwd.com] for URI: /api/v1/auth/users/a284e91c-c13a-4271-9daa-d7576118aec9
2026-06-18 13:30:41 [http-nio-8083-exec-7] INFO  c.a.config.RequestLoggingFilter - -> GET /api/v1/auth/users/a284e91c-c13a-4271-9daa-d7576118aec9 [IP: 127.0.0.1]
2026-06-18 13:30:41 [http-nio-8083-exec-7] INFO  c.a.config.RequestLoggingFilter - <- GET /api/v1/auth/users/a284e91c-c13a-4271-9daa-d7576118aec9 | status=200 | 25ms
2026-06-18 13:30:41 [http-nio-8083-exec-8] DEBUG c.a.security.JwtAuthenticationFilter - Processing request: GET /api/v1/auth/users/username/Mashok
2026-06-18 13:30:41 [http-nio-8083-exec-8] DEBUG c.a.security.JwtAuthenticationFilter - Authenticated user [eaqe021ogm@bltiwd.com] for URI: /api/v1/auth/users/username/Mashok
2026-06-18 13:30:41 [http-nio-8083-exec-8] INFO  c.a.config.RequestLoggingFilter - -> GET /api/v1/auth/users/username/Mashok [IP: 127.0.0.1]
2026-06-18 13:30:41 [http-nio-8083-exec-8] INFO  c.a.config.RequestLoggingFilter - <- GET /api/v1/auth/users/username/Mashok | status=200 | 10ms
2026-06-18 13:30:44 [http-nio-8083-exec-9] DEBUG c.a.security.JwtAuthenticationFilter - Processing request: GET /api/v1/auth/users/username/Bhanu
2026-06-18 13:30:44 [http-nio-8083-exec-9] DEBUG c.a.security.JwtAuthenticationFilter - Authenticated user [eaqe021ogm@bltiwd.com] for URI: /api/v1/auth/users/username/Bhanu
2026-06-18 13:30:44 [http-nio-8083-exec-9] INFO  c.a.config.RequestLoggingFilter - -> GET /api/v1/auth/users/username/Bhanu [IP: 127.0.0.1]
2026-06-18 13:30:44 [http-nio-8083-exec-9] INFO  c.a.config.RequestLoggingFilter - <- GET /api/v1/auth/users/username/Bhanu | status=200 | 3ms
2026-06-18 13:30:47 [http-nio-8083-exec-10] DEBUG c.a.security.JwtAuthenticationFilter - Processing request: GET /api/v1/auth/users/username/Mashok
2026-06-18 13:30:47 [http-nio-8083-exec-10] DEBUG c.a.security.JwtAuthenticationFilter - Authenticated user [3lox6p7p5w@wnbaldwy.com] for URI: /api/v1/auth/users/username/Mashok
2026-06-18 13:30:47 [http-nio-8083-exec-10] INFO  c.a.config.RequestLoggingFilter - -> GET /api/v1/auth/users/username/Mashok [IP: 127.0.0.1]
2026-06-18 13:30:47 [http-nio-8083-exec-10] INFO  c.a.config.RequestLoggingFilter - <- GET /api/v1/auth/users/username/Mashok | status=200 | 4ms
2026-06-18 13:31:02 [http-nio-8083-exec-1] DEBUG c.a.security.JwtAuthenticationFilter - Processing request: GET /api/v1/auth/users/username/Bhanu
2026-06-18 13:31:02 [http-nio-8083-exec-1] DEBUG c.a.security.JwtAuthenticationFilter - Authenticated user [3lox6p7p5w@wnbaldwy.com] for URI: /api/v1/auth/users/username/Bhanu
2026-06-18 13:31:02 [http-nio-8083-exec-1] INFO  c.a.config.RequestLoggingFilter - -> GET /api/v1/auth/users/username/Bhanu [IP: 127.0.0.1]
2026-06-18 13:31:02 [http-nio-8083-exec-1] INFO  c.a.config.RequestLoggingFilter - <- GET /api/v1/auth/users/username/Bhanu | status=200 | 10ms
2026-06-18 13:31:11 [http-nio-8083-exec-2] DEBUG c.a.security.JwtAuthenticationFilter - Processing request: GET /api/v1/auth/users/username/Mashok
2026-06-18 13:31:11 [http-nio-8083-exec-2] DEBUG c.a.security.JwtAuthenticationFilter - Authenticated user [eaqe021ogm@bltiwd.com] for URI: /api/v1/auth/users/username/Mashok
2026-06-18 13:31:11 [http-nio-8083-exec-2] INFO  c.a.config.RequestLoggingFilter - -> GET /api/v1/auth/users/username/Mashok [IP: 127.0.0.1]
2026-06-18 13:31:11 [http-nio-8083-exec-2] INFO  c.a.config.RequestLoggingFilter - <- GET /api/v1/auth/users/username/Mashok | status=200 | 7ms
2026-06-18 13:31:32 [http-nio-8083-exec-3] DEBUG c.a.security.JwtAuthenticationFilter - Processing request: GET /api/v1/auth/users/username/Bhanu
2026-06-18 13:31:32 [http-nio-8083-exec-3] DEBUG c.a.security.JwtAuthenticationFilter - Authenticated user [3lox6p7p5w@wnbaldwy.com] for URI: /api/v1/auth/users/username/Bhanu
2026-06-18 13:31:32 [http-nio-8083-exec-3] INFO  c.a.config.RequestLoggingFilter - -> GET /api/v1/auth/users/username/Bhanu [IP: 127.0.0.1]
2026-06-18 13:31:32 [http-nio-8083-exec-3] INFO  c.a.config.RequestLoggingFilter - <- GET /api/v1/auth/users/username/Bhanu | status=200 | 9ms
2026-06-18 13:31:40 [http-nio-8083-exec-4] DEBUG c.a.security.JwtAuthenticationFilter - Processing request: GET /api/v1/auth/users/username/Mashok
2026-06-18 13:31:41 [http-nio-8083-exec-4] DEBUG c.a.security.JwtAuthenticationFilter - Authenticated user [eaqe021ogm@bltiwd.com] for URI: /api/v1/auth/users/username/Mashok
2026-06-18 13:31:41 [http-nio-8083-exec-4] INFO  c.a.config.RequestLoggingFilter - -> GET /api/v1/auth/users/username/Mashok [IP: 127.0.0.1]
2026-06-18 13:31:41 [http-nio-8083-exec-4] INFO  c.a.config.RequestLoggingFilter - <- GET /api/v1/auth/users/username/Mashok | status=200 | 8ms
2026-06-18 13:32:02 [http-nio-8083-exec-5] DEBUG c.a.security.JwtAuthenticationFilter - Processing request: GET /api/v1/auth/users/username/Bhanu
2026-06-18 13:32:02 [http-nio-8083-exec-5] DEBUG c.a.security.JwtAuthenticationFilter - Authenticated user [3lox6p7p5w@wnbaldwy.com] for URI: /api/v1/auth/users/username/Bhanu
2026-06-18 13:32:02 [http-nio-8083-exec-5] INFO  c.a.config.RequestLoggingFilter - -> GET /api/v1/auth/users/username/Bhanu [IP: 127.0.0.1]
2026-06-18 13:32:02 [http-nio-8083-exec-5] INFO  c.a.config.RequestLoggingFilter - <- GET /api/v1/auth/users/username/Bhanu | status=200 | 5ms
2026-06-18 13:32:11 [http-nio-8083-exec-6] DEBUG c.a.security.JwtAuthenticationFilter - Processing request: GET /api/v1/auth/users/username/Mashok
2026-06-18 13:32:11 [http-nio-8083-exec-6] DEBUG c.a.security.JwtAuthenticationFilter - Authenticated user [eaqe021ogm@bltiwd.com] for URI: /api/v1/auth/users/username/Mashok
2026-06-18 13:32:11 [http-nio-8083-exec-6] INFO  c.a.config.RequestLoggingFilter - -> GET /api/v1/auth/users/username/Mashok [IP: 127.0.0.1]
2026-06-18 13:32:11 [http-nio-8083-exec-6] INFO  c.a.config.RequestLoggingFilter - <- GET /api/v1/auth/users/username/Mashok | status=200 | 0ms
2026-06-18 13:32:32 [http-nio-8083-exec-7] DEBUG c.a.security.JwtAuthenticationFilter - Processing request: GET /api/v1/auth/users/username/Bhanu
2026-06-18 13:32:32 [http-nio-8083-exec-7] DEBUG c.a.security.JwtAuthenticationFilter - Authenticated user [3lox6p7p5w@wnbaldwy.com] for URI: /api/v1/auth/users/username/Bhanu
2026-06-18 13:32:32 [http-nio-8083-exec-7] INFO  c.a.config.RequestLoggingFilter - -> GET /api/v1/auth/users/username/Bhanu [IP: 127.0.0.1]
2026-06-18 13:32:32 [http-nio-8083-exec-7] INFO  c.a.config.RequestLoggingFilter - <- GET /api/v1/auth/users/username/Bhanu | status=200 | 0ms
2026-06-18 13:32:41 [http-nio-8083-exec-8] DEBUG c.a.security.JwtAuthenticationFilter - Processing request: GET /api/v1/auth/users/username/Mashok
2026-06-18 13:32:41 [http-nio-8083-exec-8] DEBUG c.a.security.JwtAuthenticationFilter - Authenticated user [eaqe021ogm@bltiwd.com] for URI: /api/v1/auth/users/username/Mashok
2026-06-18 13:32:41 [http-nio-8083-exec-8] INFO  c.a.config.RequestLoggingFilter - -> GET /api/v1/auth/users/username/Mashok [IP: 127.0.0.1]
2026-06-18 13:32:41 [http-nio-8083-exec-8] INFO  c.a.config.RequestLoggingFilter - <- GET /api/v1/auth/users/username/Mashok | status=200 | 6ms
2026-06-18 13:33:02 [http-nio-8083-exec-9] DEBUG c.a.security.JwtAuthenticationFilter - Processing request: GET /api/v1/auth/users/username/Bhanu
2026-06-18 13:33:02 [http-nio-8083-exec-9] DEBUG c.a.security.JwtAuthenticationFilter - Authenticated user [3lox6p7p5w@wnbaldwy.com] for URI: /api/v1/auth/users/username/Bhanu
2026-06-18 13:33:02 [http-nio-8083-exec-9] INFO  c.a.config.RequestLoggingFilter - -> GET /api/v1/auth/users/username/Bhanu [IP: 127.0.0.1]
2026-06-18 13:33:02 [http-nio-8083-exec-9] INFO  c.a.config.RequestLoggingFilter - <- GET /api/v1/auth/users/username/Bhanu | status=200 | 5ms
2026-06-18 13:33:11 [http-nio-8083-exec-10] DEBUG c.a.security.JwtAuthenticationFilter - Processing request: GET /api/v1/auth/users/username/Mashok
2026-06-18 13:33:11 [http-nio-8083-exec-10] DEBUG c.a.security.JwtAuthenticationFilter - Authenticated user [eaqe021ogm@bltiwd.com] for URI: /api/v1/auth/users/username/Mashok
2026-06-18 13:33:11 [http-nio-8083-exec-10] INFO  c.a.config.RequestLoggingFilter - -> GET /api/v1/auth/users/username/Mashok [IP: 127.0.0.1]
2026-06-18 13:33:11 [http-nio-8083-exec-10] INFO  c.a.config.RequestLoggingFilter - <- GET /api/v1/auth/users/username/Mashok | status=200 | 5ms
2026-06-18 13:33:19 [AsyncResolver-bootstrap-executor-0] INFO  c.n.d.s.r.aws.ConfigClusterResolver - Resolving eureka endpoints via configuration
2026-06-18 13:33:32 [http-nio-8083-exec-1] DEBUG c.a.security.JwtAuthenticationFilter - Processing request: GET /api/v1/auth/users/username/Bhanu
2026-06-18 13:33:32 [http-nio-8083-exec-1] DEBUG c.a.security.JwtAuthenticationFilter - Authenticated user [3lox6p7p5w@wnbaldwy.com] for URI: /api/v1/auth/users/username/Bhanu
2026-06-18 13:33:32 [http-nio-8083-exec-1] INFO  c.a.config.RequestLoggingFilter - -> GET /api/v1/auth/users/username/Bhanu [IP: 127.0.0.1]
2026-06-18 13:33:32 [http-nio-8083-exec-1] INFO  c.a.config.RequestLoggingFilter - <- GET /api/v1/auth/users/username/Bhanu | status=200 | 2ms
2026-06-18 13:33:41 [http-nio-8083-exec-2] DEBUG c.a.security.JwtAuthenticationFilter - Processing request: GET /api/v1/auth/users/username/Mashok
2026-06-18 13:33:41 [http-nio-8083-exec-2] DEBUG c.a.security.JwtAuthenticationFilter - Authenticated user [eaqe021ogm@bltiwd.com] for URI: /api/v1/auth/users/username/Mashok
2026-06-18 13:33:41 [http-nio-8083-exec-2] INFO  c.a.config.RequestLoggingFilter - -> GET /api/v1/auth/users/username/Mashok [IP: 127.0.0.1]
2026-06-18 13:33:41 [http-nio-8083-exec-2] INFO  c.a.config.RequestLoggingFilter - <- GET /api/v1/auth/users/username/Mashok | status=200 | 7ms
2026-06-18 13:34:02 [http-nio-8083-exec-3] DEBUG c.a.security.JwtAuthenticationFilter - Processing request: GET /api/v1/auth/users/username/Bhanu
2026-06-18 13:34:02 [http-nio-8083-exec-3] DEBUG c.a.security.JwtAuthenticationFilter - Authenticated user [3lox6p7p5w@wnbaldwy.com] for URI: /api/v1/auth/users/username/Bhanu
2026-06-18 13:34:02 [http-nio-8083-exec-3] INFO  c.a.config.RequestLoggingFilter - -> GET /api/v1/auth/users/username/Bhanu [IP: 127.0.0.1]
2026-06-18 13:34:02 [http-nio-8083-exec-3] INFO  c.a.config.RequestLoggingFilter - <- GET /api/v1/auth/users/username/Bhanu | status=200 | 9ms
2026-06-18 16:12:09 [main] INFO  c.authservice.AuthServiceApplication - Starting AuthServiceApplication using Java 17.0.18 with PID 27032 (C:\Users\ADMIN\Desktop\Radius\Radius\auth-service\target\classes started by ADMIN in C:\Users\ADMIN\Desktop\Radius\Radius\auth-service)
2026-06-18 16:12:09 [main] DEBUG c.authservice.AuthServiceApplication - Running with Spring Boot v3.2.3, Spring v6.1.4
2026-06-18 16:12:09 [main] INFO  c.authservice.AuthServiceApplication - No active profile set, falling back to 1 default profile: "default"
2026-06-18 16:12:10 [main] INFO  o.s.d.r.c.RepositoryConfigurationDelegate - Multiple Spring Data modules found, entering strict repository configuration mode
2026-06-18 16:12:10 [main] INFO  o.s.d.r.c.RepositoryConfigurationDelegate - Bootstrapping Spring Data JPA repositories in DEFAULT mode.
2026-06-18 16:12:10 [main] INFO  o.s.d.r.c.RepositoryConfigurationDelegate - Finished Spring Data repository scanning in 153 ms. Found 1 JPA repository interface.
2026-06-18 16:12:10 [main] INFO  o.s.d.r.c.RepositoryConfigurationDelegate - Multiple Spring Data modules found, entering strict repository configuration mode
2026-06-18 16:12:10 [main] INFO  o.s.d.r.c.RepositoryConfigurationDelegate - Bootstrapping Spring Data Redis repositories in DEFAULT mode.
2026-06-18 16:12:10 [main] INFO  o.s.d.r.c.RepositoryConfigurationExtensionSupport - Spring Data Redis - Could not safely identify store assignment for repository candidate interface com.authservice.repository.UserRepository; If you want this repository to be a Redis repository, consider annotating your entities with one of these annotations: org.springframework.data.redis.core.RedisHash (preferred), or consider extending one of the following types with your repository: org.springframework.data.keyvalue.repository.KeyValueRepository
2026-06-18 16:12:10 [main] INFO  o.s.d.r.c.RepositoryConfigurationDelegate - Finished Spring Data repository scanning in 8 ms. Found 0 Redis repository interfaces.
2026-06-18 16:12:11 [main] INFO  o.s.cloud.context.scope.GenericScope - BeanFactory id=6ffccfd3-490f-301b-a02e-f3858c541321
2026-06-18 16:12:11 [main] WARN  o.s.c.s.PostProcessorRegistrationDelegate$BeanPostProcessorChecker - Bean 'org.springframework.cloud.client.loadbalancer.LoadBalancerAutoConfiguration$DeferringLoadBalancerInterceptorConfig' of type [org.springframework.cloud.client.loadbalancer.LoadBalancerAutoConfiguration$DeferringLoadBalancerInterceptorConfig] is not eligible for getting processed by all BeanPostProcessors (for example: not eligible for auto-proxying). The currently created BeanPostProcessor [lbRestClientPostProcessor] is declared through a non-static factory method on that class; consider declaring it as static instead.
2026-06-18 16:12:11 [main] WARN  o.s.c.s.PostProcessorRegistrationDelegate$BeanPostProcessorChecker - Bean 'deferringLoadBalancerInterceptor' of type [org.springframework.cloud.client.loadbalancer.DeferringLoadBalancerInterceptor] is not eligible for getting processed by all BeanPostProcessors (for example: not eligible for auto-proxying). Is this bean getting eagerly injected into a currently created BeanPostProcessor [lbRestClientPostProcessor]? Check the corresponding BeanPostProcessor declaration and its dependencies.
2026-06-18 16:12:11 [main] INFO  o.s.b.w.e.tomcat.TomcatWebServer - Tomcat initialized with port 8083 (http)
2026-06-18 16:12:11 [main] INFO  o.a.catalina.core.StandardService - Starting service [Tomcat]
2026-06-18 16:12:11 [main] INFO  o.a.catalina.core.StandardEngine - Starting Servlet engine: [Apache Tomcat/10.1.19]
2026-06-18 16:12:11 [main] INFO  o.a.c.c.C.[Tomcat].[localhost].[/] - Initializing Spring embedded WebApplicationContext
2026-06-18 16:12:11 [main] INFO  o.s.b.w.s.c.ServletWebServerApplicationContext - Root WebApplicationContext: initialization completed in 1864 ms
2026-06-18 16:12:11 [main] DEBUG c.a.security.JwtAuthenticationFilter - Filter 'jwtAuthenticationFilter' configured for use
2026-06-18 16:12:11 [main] DEBUG c.a.c.SecurityConfig$GatewayWhitelistFilter - Filter 'securityConfig.GatewayWhitelistFilter' configured for use
2026-06-18 16:12:11 [main] INFO  o.h.jpa.internal.util.LogHelper - HHH000204: Processing PersistenceUnitInfo [name: default]
2026-06-18 16:12:12 [main] INFO  org.hibernate.Version - HHH000412: Hibernate ORM core version 6.4.4.Final
2026-06-18 16:12:12 [main] INFO  o.h.c.i.RegionFactoryInitiator - HHH000026: Second-level cache disabled
2026-06-18 16:12:12 [main] INFO  o.s.o.j.p.SpringPersistenceUnitInfo - No LoadTimeWeaver setup: ignoring JPA class transformer
2026-06-18 16:12:12 [main] INFO  com.zaxxer.hikari.HikariDataSource - HikariPool-1 - Starting...
2026-06-18 16:12:12 [main] INFO  com.zaxxer.hikari.pool.HikariPool - HikariPool-1 - Added connection org.postgresql.jdbc.PgConnection@2fdf7da2
2026-06-18 16:12:12 [main] INFO  com.zaxxer.hikari.HikariDataSource - HikariPool-1 - Start completed.
2026-06-18 16:12:12 [main] WARN  org.hibernate.orm.deprecation - HHH90000025: PostgreSQLDialect does not need to be specified explicitly using 'hibernate.dialect' (remove the property setting and it will be selected by default)
2026-06-18 16:12:13 [main] INFO  o.h.e.t.j.p.i.JtaPlatformInitiator - HHH000489: No JTA platform available (set 'hibernate.transaction.jta.platform' to enable JTA platform integration)
2026-06-18 16:12:13 [main] INFO  o.s.o.j.LocalContainerEntityManagerFactoryBean - Initialized JPA EntityManagerFactory for persistence unit 'default'
2026-06-18 16:12:14 [main] WARN  o.s.b.a.o.j.JpaBaseConfiguration$JpaWebConfiguration - spring.jpa.open-in-view is enabled by default. Therefore, database queries may be performed during view rendering. Explicitly configure spring.jpa.open-in-view to disable this warning
2026-06-18 16:12:15 [main] INFO  o.s.c.n.e.c.DiscoveryClientOptionalArgsConfiguration - Eureka HTTP Client uses RestTemplate.
2026-06-18 16:12:15 [main] WARN  o.s.c.l.c.LoadBalancerCacheAutoConfiguration$LoadBalancerCaffeineWarnLogger - Spring Cloud LoadBalancer is currently working with the default cache. While this cache implementation is useful for development and tests, it's recommended to use Caffeine cache in production.You can switch to using Caffeine cache, by adding it and org.springframework.cache.caffeine.CaffeineCacheManager to the classpath.
2026-06-18 16:12:15 [main] INFO  o.s.c.n.eureka.InstanceInfoFactory - Setting initial instance status as: STARTING
2026-06-18 16:12:15 [main] INFO  c.netflix.discovery.DiscoveryClient - Initializing Eureka in region us-east-1
2026-06-18 16:12:15 [main] INFO  c.n.d.s.r.aws.ConfigClusterResolver - Resolving eureka endpoints via configuration
2026-06-18 16:12:15 [main] INFO  c.netflix.discovery.DiscoveryClient - Disable delta property : false
2026-06-18 16:12:15 [main] INFO  c.netflix.discovery.DiscoveryClient - Single vip registry refresh property : null
2026-06-18 16:12:15 [main] INFO  c.netflix.discovery.DiscoveryClient - Force full registry fetch : false
2026-06-18 16:12:15 [main] INFO  c.netflix.discovery.DiscoveryClient - Application is null : false
2026-06-18 16:12:15 [main] INFO  c.netflix.discovery.DiscoveryClient - Registered Applications size is zero : true
2026-06-18 16:12:15 [main] INFO  c.netflix.discovery.DiscoveryClient - Application version is -1: true
2026-06-18 16:12:15 [main] INFO  c.netflix.discovery.DiscoveryClient - Getting all instance registry info from the eureka server
2026-06-18 16:12:15 [main] INFO  c.netflix.discovery.DiscoveryClient - The response status is 200
2026-06-18 16:12:15 [main] INFO  c.netflix.discovery.DiscoveryClient - Starting heartbeat executor: renew interval is: 30
2026-06-18 16:12:15 [main] INFO  c.n.discovery.InstanceInfoReplicator - InstanceInfoReplicator onDemand update allowed rate per min is 4
2026-06-18 16:12:15 [main] INFO  c.netflix.discovery.DiscoveryClient - Discovery Client initialized at timestamp 1781779335800 with initial instances count: 1
2026-06-18 16:12:15 [main] INFO  o.s.c.n.e.s.EurekaServiceRegistry - Registering application AUTH-SERVICE with eureka with status UP
2026-06-18 16:12:15 [main] INFO  c.netflix.discovery.DiscoveryClient - Saw local status change event StatusChangeEvent [timestamp=1781779335805, current=UP, previous=STARTING]
2026-06-18 16:12:15 [DiscoveryClient-InstanceInfoReplicator-0] INFO  c.netflix.discovery.DiscoveryClient - DiscoveryClient_AUTH-SERVICE/CHETAN-NMS-KMIL-LAPTOP-1:auth-service:8083: registering service...
2026-06-18 16:12:15 [main] INFO  o.s.b.w.e.tomcat.TomcatWebServer - Tomcat started on port 8083 (http) with context path ''
2026-06-18 16:12:15 [main] INFO  o.s.c.n.e.s.EurekaAutoServiceRegistration - Updating port to 8083
2026-06-18 16:12:15 [DiscoveryClient-InstanceInfoReplicator-0] INFO  c.netflix.discovery.DiscoveryClient - DiscoveryClient_AUTH-SERVICE/CHETAN-NMS-KMIL-LAPTOP-1:auth-service:8083 - registration status: 204
2026-06-18 16:12:15 [main] INFO  o.s.m.s.b.SimpleBrokerMessageHandler - Starting...
2026-06-18 16:12:15 [main] INFO  o.s.m.s.b.SimpleBrokerMessageHandler - BrokerAvailabilityEvent[available=true, SimpleBrokerMessageHandler [org.springframework.messaging.simp.broker.DefaultSubscriptionRegistry@39889671]]
2026-06-18 16:12:15 [main] INFO  o.s.m.s.b.SimpleBrokerMessageHandler - Started.
2026-06-18 16:12:15 [main] INFO  c.authservice.AuthServiceApplication - Started AuthServiceApplication in 6.743 seconds (process running for 7.168)
2026-06-18 16:13:15 [MessageBroker-1] INFO  o.s.w.s.c.WebSocketMessageBrokerStats - WebSocketSession[0 current WS(0)-HttpStream(0)-HttpPoll(0), 0 total, 0 closed abnormally (0 connect failure, 0 send limit, 0 transport error)], stompSubProtocol[processed CONNECT(0)-CONNECTED(0)-DISCONNECT(0)], stompBrokerRelay[null], inboundChannel[pool size = 0, active threads = 0, queued tasks = 0, completed tasks = 0], outboundChannel[pool size = 0, active threads = 0, queued tasks = 0, completed tasks = 0], sockJsScheduler[pool size = 1, active threads = 1, queued tasks = 0, completed tasks = 0]
2026-06-18 16:16:23 [http-nio-8083-exec-1] INFO  o.a.c.c.C.[Tomcat].[localhost].[/] - Initializing Spring DispatcherServlet 'dispatcherServlet'
2026-06-18 16:16:23 [http-nio-8083-exec-1] INFO  o.s.web.servlet.DispatcherServlet - Initializing Servlet 'dispatcherServlet'
2026-06-18 16:16:23 [http-nio-8083-exec-1] INFO  o.s.web.servlet.DispatcherServlet - Completed initialization in 5 ms
2026-06-18 16:16:23 [http-nio-8083-exec-1] DEBUG c.a.security.JwtAuthenticationFilter - Processing request: POST /api/v1/auth/register
2026-06-18 16:16:23 [http-nio-8083-exec-1] INFO  c.a.config.RequestLoggingFilter - -> POST /api/v1/auth/register [IP: 0:0:0:0:0:0:0:1]
2026-06-18 16:16:23 [http-nio-8083-exec-1] INFO  c.a.controller.AuthController - Received registration request for email: vpffmo4u9e@lnovic.com
2026-06-18 16:16:23 [http-nio-8083-exec-1] INFO  c.a.service.impl.AuthServiceImpl - Registration attempt for email: vpffmo4u9e@lnovic.com
2026-06-18 16:16:24 [http-nio-8083-exec-1] INFO  o.s.s.a.AnnotationAsyncExecutionInterceptor - More than one TaskExecutor bean found within the context, and none is named 'taskExecutor'. Mark one of them as primary or name it 'taskExecutor' (possibly as an alias) in order to use it for async processing: [clientInboundChannelExecutor, clientOutboundChannelExecutor, brokerChannelExecutor]
2026-06-18 16:16:24 [SimpleAsyncTaskExecutor-1] INFO  c.a.service.impl.EmailServiceImpl - Sending welcome email to: vpffmo4u9e@lnovic.com
2026-06-18 16:16:24 [http-nio-8083-exec-1] INFO  c.a.config.RequestLoggingFilter - <- POST /api/v1/auth/register | status=201 | 613ms
2026-06-18 16:16:28 [SimpleAsyncTaskExecutor-1] INFO  c.a.service.impl.EmailServiceImpl - Welcome email sent successfully to: vpffmo4u9e@lnovic.com
2026-06-18 16:16:29 [http-nio-8083-exec-2] DEBUG c.a.security.JwtAuthenticationFilter - Processing request: POST /api/v1/auth/login
2026-06-18 16:16:29 [http-nio-8083-exec-2] INFO  c.a.config.RequestLoggingFilter - -> POST /api/v1/auth/login [IP: 0:0:0:0:0:0:0:1]
2026-06-18 16:16:29 [http-nio-8083-exec-2] INFO  c.a.controller.AuthController - Received login request for email: vpffmo4u9e@lnovic.com
2026-06-18 16:16:29 [http-nio-8083-exec-2] DEBUG com.authservice.util.OtpUtil - Generated OTP (masked): 69****
2026-06-18 16:16:30 [http-nio-8083-exec-2] INFO  c.a.service.impl.OtpServiceImpl - OTP generated and stored in Redis for email: vpffmo4u9e@lnovic.com | TTL: 300s
2026-06-18 16:16:30 [SimpleAsyncTaskExecutor-2] INFO  c.a.service.impl.EmailServiceImpl - Sending OTP email to: vpffmo4u9e@lnovic.com
2026-06-18 16:16:30 [http-nio-8083-exec-2] INFO  c.a.config.RequestLoggingFilter - <- POST /api/v1/auth/login | status=200 | 866ms
2026-06-18 16:16:33 [SimpleAsyncTaskExecutor-2] INFO  c.a.service.impl.EmailServiceImpl - OTP email sent successfully to: vpffmo4u9e@lnovic.com
2026-06-18 16:16:42 [http-nio-8083-exec-3] DEBUG c.a.security.JwtAuthenticationFilter - Processing request: POST /api/v1/auth/verify-otp
2026-06-18 16:16:42 [http-nio-8083-exec-3] INFO  c.a.config.RequestLoggingFilter - -> POST /api/v1/auth/verify-otp [IP: 0:0:0:0:0:0:0:1]
2026-06-18 16:16:42 [http-nio-8083-exec-3] INFO  c.a.controller.AuthController - Received OTP verification request for email: vpffmo4u9e@lnovic.com
2026-06-18 16:16:42 [http-nio-8083-exec-3] INFO  c.a.service.impl.OtpServiceImpl - OTP verified and invalidated successfully for email: vpffmo4u9e@lnovic.com
2026-06-18 16:16:42 [http-nio-8083-exec-3] DEBUG com.authservice.util.JwtUtil - Generating JWT token for user: vpffmo4u9e@lnovic.com
2026-06-18 16:16:42 [http-nio-8083-exec-3] INFO  c.a.config.RequestLoggingFilter - <- POST /api/v1/auth/verify-otp | status=200 | 46ms
2026-06-18 16:16:43 [http-nio-8083-exec-4] DEBUG c.a.security.JwtAuthenticationFilter - Processing request: GET /api/v1/auth/users/username/Ashok
2026-06-18 16:16:43 [http-nio-8083-exec-4] DEBUG c.a.security.JwtAuthenticationFilter - Authenticated user [vpffmo4u9e@lnovic.com] for URI: /api/v1/auth/users/username/Ashok
2026-06-18 16:16:43 [http-nio-8083-exec-4] INFO  c.a.config.RequestLoggingFilter - -> GET /api/v1/auth/users/username/Ashok [IP: 127.0.0.1]
2026-06-18 16:16:43 [http-nio-8083-exec-4] INFO  c.a.config.RequestLoggingFilter - <- GET /api/v1/auth/users/username/Ashok | status=200 | 10ms
2026-06-18 16:16:43 [http-nio-8083-exec-5] DEBUG c.a.security.JwtAuthenticationFilter - Processing request: GET /api/v1/auth/users/username/Ashok
2026-06-18 16:16:43 [http-nio-8083-exec-5] DEBUG c.a.security.JwtAuthenticationFilter - Authenticated user [vpffmo4u9e@lnovic.com] for URI: /api/v1/auth/users/username/Ashok
2026-06-18 16:16:43 [http-nio-8083-exec-5] INFO  c.a.config.RequestLoggingFilter - -> GET /api/v1/auth/users/username/Ashok [IP: 127.0.0.1]
2026-06-18 16:16:43 [http-nio-8083-exec-5] INFO  c.a.config.RequestLoggingFilter - <- GET /api/v1/auth/users/username/Ashok | status=200 | 5ms
2026-06-18 16:17:12 [http-nio-8083-exec-6] DEBUG c.a.security.JwtAuthenticationFilter - Processing request: GET /api/v1/auth/users/username/Ashok
2026-06-18 16:17:12 [http-nio-8083-exec-6] DEBUG c.a.security.JwtAuthenticationFilter - Authenticated user [vpffmo4u9e@lnovic.com] for URI: /api/v1/auth/users/username/Ashok
2026-06-18 16:17:12 [http-nio-8083-exec-6] INFO  c.a.config.RequestLoggingFilter - -> GET /api/v1/auth/users/username/Ashok [IP: 127.0.0.1]
2026-06-18 16:17:12 [http-nio-8083-exec-6] INFO  c.a.config.RequestLoggingFilter - <- GET /api/v1/auth/users/username/Ashok | status=200 | 0ms
2026-06-18 16:17:15 [AsyncResolver-bootstrap-executor-0] INFO  c.n.d.s.r.aws.ConfigClusterResolver - Resolving eureka endpoints via configuration
2026-06-18 16:17:42 [http-nio-8083-exec-7] DEBUG c.a.security.JwtAuthenticationFilter - Processing request: GET /api/v1/auth/users/username/Ashok
2026-06-18 16:17:42 [http-nio-8083-exec-7] DEBUG c.a.security.JwtAuthenticationFilter - Authenticated user [vpffmo4u9e@lnovic.com] for URI: /api/v1/auth/users/username/Ashok
2026-06-18 16:17:42 [http-nio-8083-exec-7] INFO  c.a.config.RequestLoggingFilter - -> GET /api/v1/auth/users/username/Ashok [IP: 127.0.0.1]
2026-06-18 16:17:42 [http-nio-8083-exec-7] INFO  c.a.config.RequestLoggingFilter - <- GET /api/v1/auth/users/username/Ashok | status=200 | 6ms
2026-06-18 16:17:45 [http-nio-8083-exec-8] DEBUG c.a.security.JwtAuthenticationFilter - Processing request: POST /api/v1/auth/register
2026-06-18 16:17:45 [http-nio-8083-exec-8] INFO  c.a.config.RequestLoggingFilter - -> POST /api/v1/auth/register [IP: 0:0:0:0:0:0:0:1]
2026-06-18 16:17:45 [http-nio-8083-exec-8] INFO  c.a.controller.AuthController - Received registration request for email: oxp8gjtnua@yzcalo.com
2026-06-18 16:17:45 [http-nio-8083-exec-8] INFO  c.a.service.impl.AuthServiceImpl - Registration attempt for email: oxp8gjtnua@yzcalo.com
2026-06-18 16:17:45 [SimpleAsyncTaskExecutor-3] INFO  c.a.service.impl.EmailServiceImpl - Sending welcome email to: oxp8gjtnua@yzcalo.com
2026-06-18 16:17:45 [http-nio-8083-exec-8] INFO  c.a.config.RequestLoggingFilter - <- POST /api/v1/auth/register | status=201 | 320ms
2026-06-18 16:17:49 [SimpleAsyncTaskExecutor-3] INFO  c.a.service.impl.EmailServiceImpl - Welcome email sent successfully to: oxp8gjtnua@yzcalo.com
2026-06-18 16:17:51 [http-nio-8083-exec-9] DEBUG c.a.security.JwtAuthenticationFilter - Processing request: POST /api/v1/auth/login
2026-06-18 16:17:51 [http-nio-8083-exec-9] INFO  c.a.config.RequestLoggingFilter - -> POST /api/v1/auth/login [IP: 0:0:0:0:0:0:0:1]
2026-06-18 16:17:51 [http-nio-8083-exec-9] INFO  c.a.controller.AuthController - Received login request for email: oxp8gjtnua@yzcalo.com
2026-06-18 16:17:51 [http-nio-8083-exec-9] DEBUG com.authservice.util.OtpUtil - Generated OTP (masked): 55****
2026-06-18 16:17:51 [http-nio-8083-exec-9] INFO  c.a.service.impl.OtpServiceImpl - OTP generated and stored in Redis for email: oxp8gjtnua@yzcalo.com | TTL: 300s
2026-06-18 16:17:51 [SimpleAsyncTaskExecutor-4] INFO  c.a.service.impl.EmailServiceImpl - Sending OTP email to: oxp8gjtnua@yzcalo.com
2026-06-18 16:17:51 [http-nio-8083-exec-9] INFO  c.a.config.RequestLoggingFilter - <- POST /api/v1/auth/login | status=200 | 324ms
2026-06-18 16:17:55 [SimpleAsyncTaskExecutor-4] INFO  c.a.service.impl.EmailServiceImpl - OTP email sent successfully to: oxp8gjtnua@yzcalo.com
2026-06-18 16:18:03 [http-nio-8083-exec-10] DEBUG c.a.security.JwtAuthenticationFilter - Processing request: POST /api/v1/auth/verify-otp
2026-06-18 16:18:03 [http-nio-8083-exec-10] INFO  c.a.config.RequestLoggingFilter - -> POST /api/v1/auth/verify-otp [IP: 0:0:0:0:0:0:0:1]
2026-06-18 16:18:03 [http-nio-8083-exec-10] INFO  c.a.controller.AuthController - Received OTP verification request for email: oxp8gjtnua@yzcalo.com
2026-06-18 16:18:03 [http-nio-8083-exec-10] INFO  c.a.service.impl.OtpServiceImpl - OTP verified and invalidated successfully for email: oxp8gjtnua@yzcalo.com
2026-06-18 16:18:03 [http-nio-8083-exec-10] DEBUG com.authservice.util.JwtUtil - Generating JWT token for user: oxp8gjtnua@yzcalo.com
2026-06-18 16:18:03 [http-nio-8083-exec-10] INFO  c.a.config.RequestLoggingFilter - <- POST /api/v1/auth/verify-otp | status=200 | 13ms
2026-06-18 16:18:03 [http-nio-8083-exec-1] DEBUG c.a.security.JwtAuthenticationFilter - Processing request: GET /api/v1/auth/users/username/Syam
2026-06-18 16:18:03 [http-nio-8083-exec-1] DEBUG c.a.security.JwtAuthenticationFilter - Authenticated user [oxp8gjtnua@yzcalo.com] for URI: /api/v1/auth/users/username/Syam
2026-06-18 16:18:03 [http-nio-8083-exec-1] INFO  c.a.config.RequestLoggingFilter - -> GET /api/v1/auth/users/username/Syam [IP: 127.0.0.1]
2026-06-18 16:18:03 [http-nio-8083-exec-1] INFO  c.a.config.RequestLoggingFilter - <- GET /api/v1/auth/users/username/Syam | status=200 | 13ms
2026-06-18 16:18:03 [http-nio-8083-exec-2] DEBUG c.a.security.JwtAuthenticationFilter - Processing request: GET /api/v1/auth/users/username/Syam
2026-06-18 16:18:03 [http-nio-8083-exec-2] DEBUG c.a.security.JwtAuthenticationFilter - Authenticated user [oxp8gjtnua@yzcalo.com] for URI: /api/v1/auth/users/username/Syam
2026-06-18 16:18:03 [http-nio-8083-exec-2] INFO  c.a.config.RequestLoggingFilter - -> GET /api/v1/auth/users/username/Syam [IP: 127.0.0.1]
2026-06-18 16:18:03 [http-nio-8083-exec-2] INFO  c.a.config.RequestLoggingFilter - <- GET /api/v1/auth/users/username/Syam | status=200 | 6ms
2026-06-18 16:18:12 [http-nio-8083-exec-3] DEBUG c.a.security.JwtAuthenticationFilter - Processing request: GET /api/v1/auth/users/username/Ashok
2026-06-18 16:18:12 [http-nio-8083-exec-3] DEBUG c.a.security.JwtAuthenticationFilter - Authenticated user [vpffmo4u9e@lnovic.com] for URI: /api/v1/auth/users/username/Ashok
2026-06-18 16:18:12 [http-nio-8083-exec-3] INFO  c.a.config.RequestLoggingFilter - -> GET /api/v1/auth/users/username/Ashok [IP: 127.0.0.1]
2026-06-18 16:18:12 [http-nio-8083-exec-3] INFO  c.a.config.RequestLoggingFilter - <- GET /api/v1/auth/users/username/Ashok | status=200 | 9ms
2026-06-18 16:18:18 [http-nio-8083-exec-4] DEBUG c.a.security.JwtAuthenticationFilter - Processing request: GET /api/v1/auth/users/phone/+919989658695
2026-06-18 16:18:18 [http-nio-8083-exec-4] DEBUG c.a.security.JwtAuthenticationFilter - Authenticated user [oxp8gjtnua@yzcalo.com] for URI: /api/v1/auth/users/phone/+919989658695
2026-06-18 16:18:18 [http-nio-8083-exec-4] INFO  c.a.config.RequestLoggingFilter - -> GET /api/v1/auth/users/phone/+919989658695 [IP: 127.0.0.1]
2026-06-18 16:18:18 [http-nio-8083-exec-4] INFO  c.a.config.RequestLoggingFilter - <- GET /api/v1/auth/users/phone/+919989658695 | status=200 | 6ms
2026-06-18 16:18:20 [http-nio-8083-exec-5] DEBUG c.a.security.JwtAuthenticationFilter - Processing request: GET /api/v1/auth/users/phone/+919989658695
2026-06-18 16:18:20 [http-nio-8083-exec-5] DEBUG c.a.security.JwtAuthenticationFilter - Authenticated user [oxp8gjtnua@yzcalo.com] for URI: /api/v1/auth/users/phone/+919989658695
2026-06-18 16:18:20 [http-nio-8083-exec-5] INFO  c.a.config.RequestLoggingFilter - -> GET /api/v1/auth/users/phone/+919989658695 [IP: 127.0.0.1]
2026-06-18 16:18:20 [http-nio-8083-exec-5] INFO  c.a.config.RequestLoggingFilter - <- GET /api/v1/auth/users/phone/+919989658695 | status=200 | 4ms
2026-06-18 16:18:20 [http-nio-8083-exec-6] DEBUG c.a.security.JwtAuthenticationFilter - Processing request: GET /api/v1/auth/users/d3d6a11d-f416-44d1-a548-444846a4575d
2026-06-18 16:18:20 [http-nio-8083-exec-6] DEBUG c.a.security.JwtAuthenticationFilter - Authenticated user [oxp8gjtnua@yzcalo.com] for URI: /api/v1/auth/users/d3d6a11d-f416-44d1-a548-444846a4575d
2026-06-18 16:18:20 [http-nio-8083-exec-6] INFO  c.a.config.RequestLoggingFilter - -> GET /api/v1/auth/users/d3d6a11d-f416-44d1-a548-444846a4575d [IP: 127.0.0.1]
2026-06-18 16:18:20 [http-nio-8083-exec-6] INFO  c.a.config.RequestLoggingFilter - <- GET /api/v1/auth/users/d3d6a11d-f416-44d1-a548-444846a4575d | status=200 | 26ms
2026-06-18 16:18:20 [http-nio-8083-exec-7] DEBUG c.a.security.JwtAuthenticationFilter - Processing request: GET /api/v1/auth/users/a065ff05-fbf7-40e2-9881-92759c5f2629
2026-06-18 16:18:20 [http-nio-8083-exec-7] DEBUG c.a.security.JwtAuthenticationFilter - Authenticated user [oxp8gjtnua@yzcalo.com] for URI: /api/v1/auth/users/a065ff05-fbf7-40e2-9881-92759c5f2629
2026-06-18 16:18:20 [http-nio-8083-exec-7] INFO  c.a.config.RequestLoggingFilter - -> GET /api/v1/auth/users/a065ff05-fbf7-40e2-9881-92759c5f2629 [IP: 127.0.0.1]
2026-06-18 16:18:20 [http-nio-8083-exec-7] INFO  c.a.config.RequestLoggingFilter - <- GET /api/v1/auth/users/a065ff05-fbf7-40e2-9881-92759c5f2629 | status=200 | 4ms
2026-06-18 16:18:20 [http-nio-8083-exec-8] DEBUG c.a.security.JwtAuthenticationFilter - Processing request: GET /api/v1/auth/users/username/Syam
2026-06-18 16:18:20 [http-nio-8083-exec-8] DEBUG c.a.security.JwtAuthenticationFilter - Authenticated user [oxp8gjtnua@yzcalo.com] for URI: /api/v1/auth/users/username/Syam
2026-06-18 16:18:20 [http-nio-8083-exec-8] INFO  c.a.config.RequestLoggingFilter - -> GET /api/v1/auth/users/username/Syam [IP: 127.0.0.1]
2026-06-18 16:18:20 [http-nio-8083-exec-8] INFO  c.a.config.RequestLoggingFilter - <- GET /api/v1/auth/users/username/Syam | status=200 | 5ms
2026-06-18 16:18:24 [http-nio-8083-exec-9] DEBUG c.a.security.JwtAuthenticationFilter - Processing request: GET /api/v1/auth/users/username/Ashok
2026-06-18 16:18:24 [http-nio-8083-exec-9] DEBUG c.a.security.JwtAuthenticationFilter - Authenticated user [oxp8gjtnua@yzcalo.com] for URI: /api/v1/auth/users/username/Ashok
2026-06-18 16:18:24 [http-nio-8083-exec-9] INFO  c.a.config.RequestLoggingFilter - -> GET /api/v1/auth/users/username/Ashok [IP: 127.0.0.1]
2026-06-18 16:18:24 [http-nio-8083-exec-9] INFO  c.a.config.RequestLoggingFilter - <- GET /api/v1/auth/users/username/Ashok | status=200 | 8ms
2026-06-18 16:18:27 [http-nio-8083-exec-10] DEBUG c.a.security.JwtAuthenticationFilter - Processing request: GET /api/v1/auth/users/d3d6a11d-f416-44d1-a548-444846a4575d
2026-06-18 16:18:27 [http-nio-8083-exec-1] DEBUG c.a.security.JwtAuthenticationFilter - Processing request: GET /api/v1/auth/users/username/Ashok
2026-06-18 16:18:27 [http-nio-8083-exec-10] DEBUG c.a.security.JwtAuthenticationFilter - Authenticated user [vpffmo4u9e@lnovic.com] for URI: /api/v1/auth/users/d3d6a11d-f416-44d1-a548-444846a4575d
2026-06-18 16:18:27 [http-nio-8083-exec-10] INFO  c.a.config.RequestLoggingFilter - -> GET /api/v1/auth/users/d3d6a11d-f416-44d1-a548-444846a4575d [IP: 127.0.0.1]
2026-06-18 16:18:27 [http-nio-8083-exec-1] DEBUG c.a.security.JwtAuthenticationFilter - Authenticated user [vpffmo4u9e@lnovic.com] for URI: /api/v1/auth/users/username/Ashok
2026-06-18 16:18:27 [http-nio-8083-exec-1] INFO  c.a.config.RequestLoggingFilter - -> GET /api/v1/auth/users/username/Ashok [IP: 127.0.0.1]
2026-06-18 16:18:27 [http-nio-8083-exec-10] INFO  c.a.config.RequestLoggingFilter - <- GET /api/v1/auth/users/d3d6a11d-f416-44d1-a548-444846a4575d | status=200 | 8ms
2026-06-18 16:18:27 [http-nio-8083-exec-1] INFO  c.a.config.RequestLoggingFilter - <- GET /api/v1/auth/users/username/Ashok | status=200 | 6ms
2026-06-18 16:18:27 [http-nio-8083-exec-2] DEBUG c.a.security.JwtAuthenticationFilter - Processing request: GET /api/v1/auth/users/d3d6a11d-f416-44d1-a548-444846a4575d
2026-06-18 16:18:27 [http-nio-8083-exec-2] DEBUG c.a.security.JwtAuthenticationFilter - Authenticated user [vpffmo4u9e@lnovic.com] for URI: /api/v1/auth/users/d3d6a11d-f416-44d1-a548-444846a4575d
2026-06-18 16:18:27 [http-nio-8083-exec-2] INFO  c.a.config.RequestLoggingFilter - -> GET /api/v1/auth/users/d3d6a11d-f416-44d1-a548-444846a4575d [IP: 127.0.0.1]
2026-06-18 16:18:27 [http-nio-8083-exec-2] INFO  c.a.config.RequestLoggingFilter - <- GET /api/v1/auth/users/d3d6a11d-f416-44d1-a548-444846a4575d | status=200 | 4ms
2026-06-18 16:18:27 [http-nio-8083-exec-3] DEBUG c.a.security.JwtAuthenticationFilter - Processing request: GET /api/v1/auth/users/username/Ashok
2026-06-18 16:18:27 [http-nio-8083-exec-3] DEBUG c.a.security.JwtAuthenticationFilter - Authenticated user [vpffmo4u9e@lnovic.com] for URI: /api/v1/auth/users/username/Ashok
2026-06-18 16:18:27 [http-nio-8083-exec-3] INFO  c.a.config.RequestLoggingFilter - -> GET /api/v1/auth/users/username/Ashok [IP: 127.0.0.1]
2026-06-18 16:18:27 [http-nio-8083-exec-3] INFO  c.a.config.RequestLoggingFilter - <- GET /api/v1/auth/users/username/Ashok | status=200 | 4ms
2026-06-18 16:18:31 [http-nio-8083-exec-4] DEBUG c.a.security.JwtAuthenticationFilter - Processing request: GET /api/v1/auth/users/username/Syam
2026-06-18 16:18:31 [http-nio-8083-exec-4] DEBUG c.a.security.JwtAuthenticationFilter - Authenticated user [oxp8gjtnua@yzcalo.com] for URI: /api/v1/auth/users/username/Syam
2026-06-18 16:18:31 [http-nio-8083-exec-5] DEBUG c.a.security.JwtAuthenticationFilter - Processing request: GET /api/v1/auth/users/a065ff05-fbf7-40e2-9881-92759c5f2629
2026-06-18 16:18:31 [http-nio-8083-exec-4] INFO  c.a.config.RequestLoggingFilter - -> GET /api/v1/auth/users/username/Syam [IP: 127.0.0.1]
2026-06-18 16:18:31 [http-nio-8083-exec-4] INFO  c.a.config.RequestLoggingFilter - <- GET /api/v1/auth/users/username/Syam | status=200 | 12ms
2026-06-18 16:18:31 [http-nio-8083-exec-5] DEBUG c.a.security.JwtAuthenticationFilter - Authenticated user [oxp8gjtnua@yzcalo.com] for URI: /api/v1/auth/users/a065ff05-fbf7-40e2-9881-92759c5f2629
2026-06-18 16:18:31 [http-nio-8083-exec-5] INFO  c.a.config.RequestLoggingFilter - -> GET /api/v1/auth/users/a065ff05-fbf7-40e2-9881-92759c5f2629 [IP: 127.0.0.1]
2026-06-18 16:18:31 [http-nio-8083-exec-5] INFO  c.a.config.RequestLoggingFilter - <- GET /api/v1/auth/users/a065ff05-fbf7-40e2-9881-92759c5f2629 | status=200 | 8ms
2026-06-18 16:18:31 [http-nio-8083-exec-6] DEBUG c.a.security.JwtAuthenticationFilter - Processing request: GET /api/v1/auth/users/a065ff05-fbf7-40e2-9881-92759c5f2629
2026-06-18 16:18:31 [http-nio-8083-exec-6] DEBUG c.a.security.JwtAuthenticationFilter - Authenticated user [oxp8gjtnua@yzcalo.com] for URI: /api/v1/auth/users/a065ff05-fbf7-40e2-9881-92759c5f2629
2026-06-18 16:18:31 [http-nio-8083-exec-6] INFO  c.a.config.RequestLoggingFilter - -> GET /api/v1/auth/users/a065ff05-fbf7-40e2-9881-92759c5f2629 [IP: 127.0.0.1]
2026-06-18 16:18:31 [http-nio-8083-exec-7] DEBUG c.a.security.JwtAuthenticationFilter - Processing request: GET /api/v1/auth/users/username/Syam
2026-06-18 16:18:31 [http-nio-8083-exec-6] INFO  c.a.config.RequestLoggingFilter - <- GET /api/v1/auth/users/a065ff05-fbf7-40e2-9881-92759c5f2629 | status=200 | 14ms
2026-06-18 16:18:31 [http-nio-8083-exec-7] DEBUG c.a.security.JwtAuthenticationFilter - Authenticated user [oxp8gjtnua@yzcalo.com] for URI: /api/v1/auth/users/username/Syam
2026-06-18 16:18:31 [http-nio-8083-exec-7] INFO  c.a.config.RequestLoggingFilter - -> GET /api/v1/auth/users/username/Syam [IP: 127.0.0.1]
2026-06-18 16:18:31 [http-nio-8083-exec-7] INFO  c.a.config.RequestLoggingFilter - <- GET /api/v1/auth/users/username/Syam | status=200 | 2ms
2026-06-18 16:18:39 [http-nio-8083-exec-8] DEBUG c.a.security.JwtAuthenticationFilter - Processing request: GET /api/v1/auth/users/username/Syam
2026-06-18 16:18:39 [http-nio-8083-exec-8] DEBUG c.a.security.JwtAuthenticationFilter - Authenticated user [vpffmo4u9e@lnovic.com] for URI: /api/v1/auth/users/username/Syam
2026-06-18 16:18:39 [http-nio-8083-exec-8] INFO  c.a.config.RequestLoggingFilter - -> GET /api/v1/auth/users/username/Syam [IP: 127.0.0.1]
2026-06-18 16:18:39 [http-nio-8083-exec-8] INFO  c.a.config.RequestLoggingFilter - <- GET /api/v1/auth/users/username/Syam | status=200 | 4ms
2026-06-18 16:18:41 [http-nio-8083-exec-9] DEBUG c.a.security.JwtAuthenticationFilter - Processing request: GET /api/v1/auth/users/username/Ashok
2026-06-18 16:18:41 [http-nio-8083-exec-9] DEBUG c.a.security.JwtAuthenticationFilter - Authenticated user [oxp8gjtnua@yzcalo.com] for URI: /api/v1/auth/users/username/Ashok
2026-06-18 16:18:41 [http-nio-8083-exec-9] INFO  c.a.config.RequestLoggingFilter - -> GET /api/v1/auth/users/username/Ashok [IP: 127.0.0.1]
2026-06-18 16:18:41 [http-nio-8083-exec-9] INFO  c.a.config.RequestLoggingFilter - <- GET /api/v1/auth/users/username/Ashok | status=200 | 6ms
2026-06-18 16:18:44 [http-nio-8083-exec-10] DEBUG c.a.security.JwtAuthenticationFilter - Processing request: GET /api/v1/auth/users/username/Syam
2026-06-18 16:18:44 [http-nio-8083-exec-10] DEBUG c.a.security.JwtAuthenticationFilter - Authenticated user [oxp8gjtnua@yzcalo.com] for URI: /api/v1/auth/users/username/Syam
2026-06-18 16:18:44 [http-nio-8083-exec-1] DEBUG c.a.security.JwtAuthenticationFilter - Processing request: GET /api/v1/auth/users/a065ff05-fbf7-40e2-9881-92759c5f2629
2026-06-18 16:18:44 [http-nio-8083-exec-10] INFO  c.a.config.RequestLoggingFilter - -> GET /api/v1/auth/users/username/Syam [IP: 127.0.0.1]
2026-06-18 16:18:44 [http-nio-8083-exec-1] DEBUG c.a.security.JwtAuthenticationFilter - Authenticated user [oxp8gjtnua@yzcalo.com] for URI: /api/v1/auth/users/a065ff05-fbf7-40e2-9881-92759c5f2629
2026-06-18 16:18:44 [http-nio-8083-exec-1] INFO  c.a.config.RequestLoggingFilter - -> GET /api/v1/auth/users/a065ff05-fbf7-40e2-9881-92759c5f2629 [IP: 127.0.0.1]
2026-06-18 16:18:44 [http-nio-8083-exec-10] INFO  c.a.config.RequestLoggingFilter - <- GET /api/v1/auth/users/username/Syam | status=200 | 16ms
2026-06-18 16:18:44 [http-nio-8083-exec-1] INFO  c.a.config.RequestLoggingFilter - <- GET /api/v1/auth/users/a065ff05-fbf7-40e2-9881-92759c5f2629 | status=200 | 7ms
2026-06-18 16:18:44 [http-nio-8083-exec-2] DEBUG c.a.security.JwtAuthenticationFilter - Processing request: GET /api/v1/auth/users/a065ff05-fbf7-40e2-9881-92759c5f2629
2026-06-18 16:18:44 [http-nio-8083-exec-3] DEBUG c.a.security.JwtAuthenticationFilter - Processing request: GET /api/v1/auth/users/username/Syam
2026-06-18 16:18:44 [http-nio-8083-exec-2] DEBUG c.a.security.JwtAuthenticationFilter - Authenticated user [oxp8gjtnua@yzcalo.com] for URI: /api/v1/auth/users/a065ff05-fbf7-40e2-9881-92759c5f2629
2026-06-18 16:18:44 [http-nio-8083-exec-2] INFO  c.a.config.RequestLoggingFilter - -> GET /api/v1/auth/users/a065ff05-fbf7-40e2-9881-92759c5f2629 [IP: 127.0.0.1]
2026-06-18 16:18:44 [http-nio-8083-exec-3] DEBUG c.a.security.JwtAuthenticationFilter - Authenticated user [oxp8gjtnua@yzcalo.com] for URI: /api/v1/auth/users/username/Syam
2026-06-18 16:18:44 [http-nio-8083-exec-3] INFO  c.a.config.RequestLoggingFilter - -> GET /api/v1/auth/users/username/Syam [IP: 127.0.0.1]
2026-06-18 16:18:44 [http-nio-8083-exec-2] INFO  c.a.config.RequestLoggingFilter - <- GET /api/v1/auth/users/a065ff05-fbf7-40e2-9881-92759c5f2629 | status=200 | 5ms
2026-06-18 16:18:44 [http-nio-8083-exec-3] INFO  c.a.config.RequestLoggingFilter - <- GET /api/v1/auth/users/username/Syam | status=200 | 4ms
2026-06-18 16:18:46 [http-nio-8083-exec-4] DEBUG c.a.security.JwtAuthenticationFilter - Processing request: GET /api/v1/auth/users/username/Ashok
2026-06-18 16:18:46 [http-nio-8083-exec-4] DEBUG c.a.security.JwtAuthenticationFilter - Authenticated user [oxp8gjtnua@yzcalo.com] for URI: /api/v1/auth/users/username/Ashok
2026-06-18 16:18:46 [http-nio-8083-exec-4] INFO  c.a.config.RequestLoggingFilter - -> GET /api/v1/auth/users/username/Ashok [IP: 127.0.0.1]
2026-06-18 16:18:46 [http-nio-8083-exec-4] INFO  c.a.config.RequestLoggingFilter - <- GET /api/v1/auth/users/username/Ashok | status=200 | 6ms
2026-06-18 16:18:48 [http-nio-8083-exec-5] DEBUG c.a.security.JwtAuthenticationFilter - Processing request: GET /api/v1/auth/users/username/Syam
2026-06-18 16:18:48 [http-nio-8083-exec-5] DEBUG c.a.security.JwtAuthenticationFilter - Authenticated user [vpffmo4u9e@lnovic.com] for URI: /api/v1/auth/users/username/Syam
2026-06-18 16:18:48 [http-nio-8083-exec-5] INFO  c.a.config.RequestLoggingFilter - -> GET /api/v1/auth/users/username/Syam [IP: 127.0.0.1]
2026-06-18 16:18:48 [http-nio-8083-exec-5] INFO  c.a.config.RequestLoggingFilter - <- GET /api/v1/auth/users/username/Syam | status=200 | 5ms
2026-06-18 16:18:57 [http-nio-8083-exec-6] DEBUG c.a.security.JwtAuthenticationFilter - Processing request: GET /api/v1/auth/users/username/Ashok
2026-06-18 16:18:57 [http-nio-8083-exec-6] DEBUG c.a.security.JwtAuthenticationFilter - Authenticated user [vpffmo4u9e@lnovic.com] for URI: /api/v1/auth/users/username/Ashok
2026-06-18 16:18:57 [http-nio-8083-exec-6] INFO  c.a.config.RequestLoggingFilter - -> GET /api/v1/auth/users/username/Ashok [IP: 127.0.0.1]
2026-06-18 16:18:57 [http-nio-8083-exec-6] INFO  c.a.config.RequestLoggingFilter - <- GET /api/v1/auth/users/username/Ashok | status=200 | 4ms
2026-06-18 16:19:14 [http-nio-8083-exec-7] DEBUG c.a.security.JwtAuthenticationFilter - Processing request: GET /api/v1/auth/users/username/Syam
2026-06-18 16:19:14 [http-nio-8083-exec-7] DEBUG c.a.security.JwtAuthenticationFilter - Authenticated user [oxp8gjtnua@yzcalo.com] for URI: /api/v1/auth/users/username/Syam
2026-06-18 16:19:14 [http-nio-8083-exec-7] INFO  c.a.config.RequestLoggingFilter - -> GET /api/v1/auth/users/username/Syam [IP: 127.0.0.1]
2026-06-18 16:19:14 [http-nio-8083-exec-7] INFO  c.a.config.RequestLoggingFilter - <- GET /api/v1/auth/users/username/Syam | status=200 | 4ms
2026-06-18 16:19:27 [http-nio-8083-exec-8] DEBUG c.a.security.JwtAuthenticationFilter - Processing request: GET /api/v1/auth/users/username/Ashok
2026-06-18 16:19:27 [http-nio-8083-exec-8] DEBUG c.a.security.JwtAuthenticationFilter - Authenticated user [vpffmo4u9e@lnovic.com] for URI: /api/v1/auth/users/username/Ashok
2026-06-18 16:19:27 [http-nio-8083-exec-8] INFO  c.a.config.RequestLoggingFilter - -> GET /api/v1/auth/users/username/Ashok [IP: 127.0.0.1]
2026-06-18 16:19:27 [http-nio-8083-exec-8] INFO  c.a.config.RequestLoggingFilter - <- GET /api/v1/auth/users/username/Ashok | status=200 | 3ms
2026-06-18 16:19:44 [http-nio-8083-exec-9] DEBUG c.a.security.JwtAuthenticationFilter - Processing request: GET /api/v1/auth/users/username/Syam
2026-06-18 16:19:44 [http-nio-8083-exec-9] DEBUG c.a.security.JwtAuthenticationFilter - Authenticated user [oxp8gjtnua@yzcalo.com] for URI: /api/v1/auth/users/username/Syam
2026-06-18 16:19:44 [http-nio-8083-exec-9] INFO  c.a.config.RequestLoggingFilter - -> GET /api/v1/auth/users/username/Syam [IP: 127.0.0.1]
2026-06-18 16:19:44 [http-nio-8083-exec-9] INFO  c.a.config.RequestLoggingFilter - <- GET /api/v1/auth/users/username/Syam | status=200 | 2ms
2026-06-18 16:19:58 [http-nio-8083-exec-10] DEBUG c.a.security.JwtAuthenticationFilter - Processing request: GET /api/v1/auth/users/username/Ashok
2026-06-18 16:19:58 [http-nio-8083-exec-10] DEBUG c.a.security.JwtAuthenticationFilter - Authenticated user [vpffmo4u9e@lnovic.com] for URI: /api/v1/auth/users/username/Ashok
2026-06-18 16:19:58 [http-nio-8083-exec-10] INFO  c.a.config.RequestLoggingFilter - -> GET /api/v1/auth/users/username/Ashok [IP: 127.0.0.1]
2026-06-18 16:19:58 [http-nio-8083-exec-10] INFO  c.a.config.RequestLoggingFilter - <- GET /api/v1/auth/users/username/Ashok | status=200 | 6ms
2026-06-18 16:20:14 [http-nio-8083-exec-1] DEBUG c.a.security.JwtAuthenticationFilter - Processing request: GET /api/v1/auth/users/username/Syam
2026-06-18 16:20:14 [http-nio-8083-exec-1] DEBUG c.a.security.JwtAuthenticationFilter - Authenticated user [oxp8gjtnua@yzcalo.com] for URI: /api/v1/auth/users/username/Syam
2026-06-18 16:20:14 [http-nio-8083-exec-1] INFO  c.a.config.RequestLoggingFilter - -> GET /api/v1/auth/users/username/Syam [IP: 127.0.0.1]
2026-06-18 16:20:14 [http-nio-8083-exec-1] INFO  c.a.config.RequestLoggingFilter - <- GET /api/v1/auth/users/username/Syam | status=200 | 0ms
2026-06-18 16:20:28 [http-nio-8083-exec-2] DEBUG c.a.security.JwtAuthenticationFilter - Processing request: GET /api/v1/auth/users/username/Ashok
2026-06-18 16:20:28 [http-nio-8083-exec-2] DEBUG c.a.security.JwtAuthenticationFilter - Authenticated user [vpffmo4u9e@lnovic.com] for URI: /api/v1/auth/users/username/Ashok
2026-06-18 16:20:28 [http-nio-8083-exec-2] INFO  c.a.config.RequestLoggingFilter - -> GET /api/v1/auth/users/username/Ashok [IP: 127.0.0.1]
2026-06-18 16:20:28 [http-nio-8083-exec-2] INFO  c.a.config.RequestLoggingFilter - <- GET /api/v1/auth/users/username/Ashok | status=200 | 0ms
2026-06-18 16:20:44 [http-nio-8083-exec-3] DEBUG c.a.security.JwtAuthenticationFilter - Processing request: GET /api/v1/auth/users/username/Syam
2026-06-18 16:20:44 [http-nio-8083-exec-3] DEBUG c.a.security.JwtAuthenticationFilter - Authenticated user [oxp8gjtnua@yzcalo.com] for URI: /api/v1/auth/users/username/Syam
2026-06-18 16:20:44 [http-nio-8083-exec-3] INFO  c.a.config.RequestLoggingFilter - -> GET /api/v1/auth/users/username/Syam [IP: 127.0.0.1]
2026-06-18 16:20:44 [http-nio-8083-exec-3] INFO  c.a.config.RequestLoggingFilter - <- GET /api/v1/auth/users/username/Syam | status=200 | 6ms
2026-06-18 16:20:58 [http-nio-8083-exec-4] DEBUG c.a.security.JwtAuthenticationFilter - Processing request: GET /api/v1/auth/users/username/Ashok
2026-06-18 16:20:58 [http-nio-8083-exec-4] DEBUG c.a.security.JwtAuthenticationFilter - Authenticated user [vpffmo4u9e@lnovic.com] for URI: /api/v1/auth/users/username/Ashok
2026-06-18 16:20:58 [http-nio-8083-exec-4] INFO  c.a.config.RequestLoggingFilter - -> GET /api/v1/auth/users/username/Ashok [IP: 127.0.0.1]
2026-06-18 16:20:58 [http-nio-8083-exec-4] INFO  c.a.config.RequestLoggingFilter - <- GET /api/v1/auth/users/username/Ashok | status=200 | 5ms
2026-06-18 16:21:14 [http-nio-8083-exec-5] DEBUG c.a.security.JwtAuthenticationFilter - Processing request: GET /api/v1/auth/users/username/Syam
2026-06-18 16:21:14 [http-nio-8083-exec-5] DEBUG c.a.security.JwtAuthenticationFilter - Authenticated user [oxp8gjtnua@yzcalo.com] for URI: /api/v1/auth/users/username/Syam
2026-06-18 16:21:14 [http-nio-8083-exec-5] INFO  c.a.config.RequestLoggingFilter - -> GET /api/v1/auth/users/username/Syam [IP: 127.0.0.1]
2026-06-18 16:21:14 [http-nio-8083-exec-5] INFO  c.a.config.RequestLoggingFilter - <- GET /api/v1/auth/users/username/Syam | status=200 | 2ms
2026-06-18 16:21:28 [http-nio-8083-exec-6] DEBUG c.a.security.JwtAuthenticationFilter - Processing request: GET /api/v1/auth/users/username/Ashok
2026-06-18 16:21:28 [http-nio-8083-exec-6] DEBUG c.a.security.JwtAuthenticationFilter - Authenticated user [vpffmo4u9e@lnovic.com] for URI: /api/v1/auth/users/username/Ashok
2026-06-18 16:21:28 [http-nio-8083-exec-6] INFO  c.a.config.RequestLoggingFilter - -> GET /api/v1/auth/users/username/Ashok [IP: 127.0.0.1]
2026-06-18 16:21:28 [http-nio-8083-exec-6] INFO  c.a.config.RequestLoggingFilter - <- GET /api/v1/auth/users/username/Ashok | status=200 | 4ms
2026-06-18 16:21:44 [http-nio-8083-exec-7] DEBUG c.a.security.JwtAuthenticationFilter - Processing request: GET /api/v1/auth/users/username/Syam
2026-06-18 16:21:44 [http-nio-8083-exec-7] DEBUG c.a.security.JwtAuthenticationFilter - Authenticated user [oxp8gjtnua@yzcalo.com] for URI: /api/v1/auth/users/username/Syam
2026-06-18 16:21:44 [http-nio-8083-exec-7] INFO  c.a.config.RequestLoggingFilter - -> GET /api/v1/auth/users/username/Syam [IP: 127.0.0.1]
2026-06-18 16:21:44 [http-nio-8083-exec-7] INFO  c.a.config.RequestLoggingFilter - <- GET /api/v1/auth/users/username/Syam | status=200 | 6ms
2026-06-18 16:21:58 [http-nio-8083-exec-8] DEBUG c.a.security.JwtAuthenticationFilter - Processing request: GET /api/v1/auth/users/username/Ashok
2026-06-18 16:21:58 [http-nio-8083-exec-8] DEBUG c.a.security.JwtAuthenticationFilter - Authenticated user [vpffmo4u9e@lnovic.com] for URI: /api/v1/auth/users/username/Ashok
2026-06-18 16:21:58 [http-nio-8083-exec-8] INFO  c.a.config.RequestLoggingFilter - -> GET /api/v1/auth/users/username/Ashok [IP: 127.0.0.1]
2026-06-18 16:21:58 [http-nio-8083-exec-8] INFO  c.a.config.RequestLoggingFilter - <- GET /api/v1/auth/users/username/Ashok | status=200 | 0ms
2026-06-18 16:22:14 [http-nio-8083-exec-9] DEBUG c.a.security.JwtAuthenticationFilter - Processing request: GET /api/v1/auth/users/username/Syam
2026-06-18 16:22:14 [http-nio-8083-exec-9] DEBUG c.a.security.JwtAuthenticationFilter - Authenticated user [oxp8gjtnua@yzcalo.com] for URI: /api/v1/auth/users/username/Syam
2026-06-18 16:22:14 [http-nio-8083-exec-9] INFO  c.a.config.RequestLoggingFilter - -> GET /api/v1/auth/users/username/Syam [IP: 127.0.0.1]
2026-06-18 16:22:14 [http-nio-8083-exec-9] INFO  c.a.config.RequestLoggingFilter - <- GET /api/v1/auth/users/username/Syam | status=200 | 4ms
2026-06-18 16:22:15 [AsyncResolver-bootstrap-executor-0] INFO  c.n.d.s.r.aws.ConfigClusterResolver - Resolving eureka endpoints via configuration
2026-06-18 16:22:37 [http-nio-8083-exec-10] DEBUG c.a.security.JwtAuthenticationFilter - Processing request: GET /api/v1/auth/users/username/Ashok
2026-06-18 16:22:37 [http-nio-8083-exec-10] DEBUG c.a.security.JwtAuthenticationFilter - Authenticated user [vpffmo4u9e@lnovic.com] for URI: /api/v1/auth/users/username/Ashok
2026-06-18 16:22:37 [http-nio-8083-exec-10] INFO  c.a.config.RequestLoggingFilter - -> GET /api/v1/auth/users/username/Ashok [IP: 127.0.0.1]
2026-06-18 16:22:37 [http-nio-8083-exec-10] INFO  c.a.config.RequestLoggingFilter - <- GET /api/v1/auth/users/username/Ashok | status=200 | 0ms
2026-06-18 16:22:44 [http-nio-8083-exec-1] DEBUG c.a.security.JwtAuthenticationFilter - Processing request: GET /api/v1/auth/users/username/Syam
2026-06-18 16:22:44 [http-nio-8083-exec-1] DEBUG c.a.security.JwtAuthenticationFilter - Authenticated user [oxp8gjtnua@yzcalo.com] for URI: /api/v1/auth/users/username/Syam
2026-06-18 16:22:44 [http-nio-8083-exec-1] INFO  c.a.config.RequestLoggingFilter - -> GET /api/v1/auth/users/username/Syam [IP: 127.0.0.1]
2026-06-18 16:22:44 [http-nio-8083-exec-1] INFO  c.a.config.RequestLoggingFilter - <- GET /api/v1/auth/users/username/Syam | status=200 | 0ms
2026-06-18 16:23:14 [http-nio-8083-exec-2] DEBUG c.a.security.JwtAuthenticationFilter - Processing request: GET /api/v1/auth/users/username/Syam
2026-06-18 16:23:14 [http-nio-8083-exec-2] DEBUG c.a.security.JwtAuthenticationFilter - Authenticated user [oxp8gjtnua@yzcalo.com] for URI: /api/v1/auth/users/username/Syam
2026-06-18 16:23:14 [http-nio-8083-exec-2] INFO  c.a.config.RequestLoggingFilter - -> GET /api/v1/auth/users/username/Syam [IP: 127.0.0.1]
2026-06-18 16:23:14 [http-nio-8083-exec-2] INFO  c.a.config.RequestLoggingFilter - <- GET /api/v1/auth/users/username/Syam | status=200 | 1ms
2026-06-18 16:23:37 [http-nio-8083-exec-3] DEBUG c.a.security.JwtAuthenticationFilter - Processing request: GET /api/v1/auth/users/username/Ashok
2026-06-18 16:23:37 [http-nio-8083-exec-3] DEBUG c.a.security.JwtAuthenticationFilter - Authenticated user [vpffmo4u9e@lnovic.com] for URI: /api/v1/auth/users/username/Ashok
2026-06-18 16:23:37 [http-nio-8083-exec-3] INFO  c.a.config.RequestLoggingFilter - -> GET /api/v1/auth/users/username/Ashok [IP: 127.0.0.1]
2026-06-18 16:23:37 [http-nio-8083-exec-3] INFO  c.a.config.RequestLoggingFilter - <- GET /api/v1/auth/users/username/Ashok | status=200 | 10ms
2026-06-18 16:23:44 [http-nio-8083-exec-4] DEBUG c.a.security.JwtAuthenticationFilter - Processing request: GET /api/v1/auth/users/username/Syam
2026-06-18 16:23:44 [http-nio-8083-exec-4] DEBUG c.a.security.JwtAuthenticationFilter - Authenticated user [oxp8gjtnua@yzcalo.com] for URI: /api/v1/auth/users/username/Syam
2026-06-18 16:23:44 [http-nio-8083-exec-4] INFO  c.a.config.RequestLoggingFilter - -> GET /api/v1/auth/users/username/Syam [IP: 127.0.0.1]
2026-06-18 16:23:44 [http-nio-8083-exec-4] INFO  c.a.config.RequestLoggingFilter - <- GET /api/v1/auth/users/username/Syam | status=200 | 4ms
2026-06-18 16:24:14 [http-nio-8083-exec-5] DEBUG c.a.security.JwtAuthenticationFilter - Processing request: GET /api/v1/auth/users/username/Syam
2026-06-18 16:24:14 [http-nio-8083-exec-5] DEBUG c.a.security.JwtAuthenticationFilter - Authenticated user [oxp8gjtnua@yzcalo.com] for URI: /api/v1/auth/users/username/Syam
2026-06-18 16:24:14 [http-nio-8083-exec-5] INFO  c.a.config.RequestLoggingFilter - -> GET /api/v1/auth/users/username/Syam [IP: 127.0.0.1]
2026-06-18 16:24:14 [http-nio-8083-exec-5] INFO  c.a.config.RequestLoggingFilter - <- GET /api/v1/auth/users/username/Syam | status=200 | 5ms
2026-06-18 16:24:37 [http-nio-8083-exec-6] DEBUG c.a.security.JwtAuthenticationFilter - Processing request: GET /api/v1/auth/users/username/Ashok
2026-06-18 16:24:37 [http-nio-8083-exec-6] DEBUG c.a.security.JwtAuthenticationFilter - Authenticated user [vpffmo4u9e@lnovic.com] for URI: /api/v1/auth/users/username/Ashok
2026-06-18 16:24:37 [http-nio-8083-exec-6] INFO  c.a.config.RequestLoggingFilter - -> GET /api/v1/auth/users/username/Ashok [IP: 127.0.0.1]
2026-06-18 16:24:37 [http-nio-8083-exec-6] INFO  c.a.config.RequestLoggingFilter - <- GET /api/v1/auth/users/username/Ashok | status=200 | 5ms
2026-06-18 16:24:44 [http-nio-8083-exec-7] DEBUG c.a.security.JwtAuthenticationFilter - Processing request: GET /api/v1/auth/users/username/Syam
2026-06-18 16:24:44 [http-nio-8083-exec-7] DEBUG c.a.security.JwtAuthenticationFilter - Authenticated user [oxp8gjtnua@yzcalo.com] for URI: /api/v1/auth/users/username/Syam
2026-06-18 16:24:44 [http-nio-8083-exec-7] INFO  c.a.config.RequestLoggingFilter - -> GET /api/v1/auth/users/username/Syam [IP: 127.0.0.1]
2026-06-18 16:24:44 [http-nio-8083-exec-7] INFO  c.a.config.RequestLoggingFilter - <- GET /api/v1/auth/users/username/Syam | status=200 | 5ms
2026-06-18 16:25:14 [http-nio-8083-exec-8] DEBUG c.a.security.JwtAuthenticationFilter - Processing request: GET /api/v1/auth/users/username/Syam
2026-06-18 16:25:14 [http-nio-8083-exec-8] DEBUG c.a.security.JwtAuthenticationFilter - Authenticated user [oxp8gjtnua@yzcalo.com] for URI: /api/v1/auth/users/username/Syam
2026-06-18 16:25:14 [http-nio-8083-exec-8] INFO  c.a.config.RequestLoggingFilter - -> GET /api/v1/auth/users/username/Syam [IP: 127.0.0.1]
2026-06-18 16:25:14 [http-nio-8083-exec-8] INFO  c.a.config.RequestLoggingFilter - <- GET /api/v1/auth/users/username/Syam | status=200 | 4ms
2026-06-18 16:25:37 [http-nio-8083-exec-9] DEBUG c.a.security.JwtAuthenticationFilter - Processing request: GET /api/v1/auth/users/username/Ashok
2026-06-18 16:25:37 [http-nio-8083-exec-9] DEBUG c.a.security.JwtAuthenticationFilter - Authenticated user [vpffmo4u9e@lnovic.com] for URI: /api/v1/auth/users/username/Ashok
2026-06-18 16:25:37 [http-nio-8083-exec-9] INFO  c.a.config.RequestLoggingFilter - -> GET /api/v1/auth/users/username/Ashok [IP: 127.0.0.1]
2026-06-18 16:25:37 [http-nio-8083-exec-9] INFO  c.a.config.RequestLoggingFilter - <- GET /api/v1/auth/users/username/Ashok | status=200 | 4ms
2026-06-18 16:25:44 [http-nio-8083-exec-10] DEBUG c.a.security.JwtAuthenticationFilter - Processing request: GET /api/v1/auth/users/username/Syam
2026-06-18 16:25:44 [http-nio-8083-exec-10] DEBUG c.a.security.JwtAuthenticationFilter - Authenticated user [oxp8gjtnua@yzcalo.com] for URI: /api/v1/auth/users/username/Syam
2026-06-18 16:25:44 [http-nio-8083-exec-10] INFO  c.a.config.RequestLoggingFilter - -> GET /api/v1/auth/users/username/Syam [IP: 127.0.0.1]
2026-06-18 16:25:44 [http-nio-8083-exec-10] INFO  c.a.config.RequestLoggingFilter - <- GET /api/v1/auth/users/username/Syam | status=200 | 0ms
2026-06-18 16:26:14 [http-nio-8083-exec-1] DEBUG c.a.security.JwtAuthenticationFilter - Processing request: GET /api/v1/auth/users/username/Syam
2026-06-18 16:26:14 [http-nio-8083-exec-1] DEBUG c.a.security.JwtAuthenticationFilter - Authenticated user [oxp8gjtnua@yzcalo.com] for URI: /api/v1/auth/users/username/Syam
2026-06-18 16:26:14 [http-nio-8083-exec-1] INFO  c.a.config.RequestLoggingFilter - -> GET /api/v1/auth/users/username/Syam [IP: 127.0.0.1]
2026-06-18 16:26:14 [http-nio-8083-exec-1] INFO  c.a.config.RequestLoggingFilter - <- GET /api/v1/auth/users/username/Syam | status=200 | 2ms
2026-06-18 16:26:37 [http-nio-8083-exec-2] DEBUG c.a.security.JwtAuthenticationFilter - Processing request: GET /api/v1/auth/users/username/Ashok
2026-06-18 16:26:37 [http-nio-8083-exec-2] DEBUG c.a.security.JwtAuthenticationFilter - Authenticated user [vpffmo4u9e@lnovic.com] for URI: /api/v1/auth/users/username/Ashok
2026-06-18 16:26:37 [http-nio-8083-exec-2] INFO  c.a.config.RequestLoggingFilter - -> GET /api/v1/auth/users/username/Ashok [IP: 127.0.0.1]
2026-06-18 16:26:37 [http-nio-8083-exec-2] INFO  c.a.config.RequestLoggingFilter - <- GET /api/v1/auth/users/username/Ashok | status=200 | 4ms
2026-06-18 16:27:15 [AsyncResolver-bootstrap-executor-0] INFO  c.n.d.s.r.aws.ConfigClusterResolver - Resolving eureka endpoints via configuration
2026-06-18 16:32:15 [AsyncResolver-bootstrap-executor-0] INFO  c.n.d.s.r.aws.ConfigClusterResolver - Resolving eureka endpoints via configuration
2026-06-18 16:35:40 [http-nio-8083-exec-5] DEBUG c.a.security.JwtAuthenticationFilter - Processing request: GET /api/v1/auth/users/username/Ashok
2026-06-18 16:35:40 [http-nio-8083-exec-6] DEBUG c.a.security.JwtAuthenticationFilter - Processing request: GET /api/v1/auth/users/d3d6a11d-f416-44d1-a548-444846a4575d
2026-06-18 16:35:40 [http-nio-8083-exec-5] DEBUG c.a.security.JwtAuthenticationFilter - Authenticated user [vpffmo4u9e@lnovic.com] for URI: /api/v1/auth/users/username/Ashok
2026-06-18 16:35:40 [http-nio-8083-exec-5] INFO  c.a.config.RequestLoggingFilter - -> GET /api/v1/auth/users/username/Ashok [IP: 127.0.0.1]
2026-06-18 16:35:40 [http-nio-8083-exec-6] DEBUG c.a.security.JwtAuthenticationFilter - Authenticated user [vpffmo4u9e@lnovic.com] for URI: /api/v1/auth/users/d3d6a11d-f416-44d1-a548-444846a4575d
2026-06-18 16:35:40 [http-nio-8083-exec-6] INFO  c.a.config.RequestLoggingFilter - -> GET /api/v1/auth/users/d3d6a11d-f416-44d1-a548-444846a4575d [IP: 127.0.0.1]
2026-06-18 16:35:40 [http-nio-8083-exec-5] INFO  c.a.config.RequestLoggingFilter - <- GET /api/v1/auth/users/username/Ashok | status=200 | 20ms
2026-06-18 16:35:40 [http-nio-8083-exec-6] INFO  c.a.config.RequestLoggingFilter - <- GET /api/v1/auth/users/d3d6a11d-f416-44d1-a548-444846a4575d | status=200 | 11ms
2026-06-18 16:35:40 [http-nio-8083-exec-7] DEBUG c.a.security.JwtAuthenticationFilter - Processing request: GET /api/v1/auth/users/d3d6a11d-f416-44d1-a548-444846a4575d
2026-06-18 16:35:40 [http-nio-8083-exec-8] DEBUG c.a.security.JwtAuthenticationFilter - Processing request: GET /api/v1/auth/users/username/Ashok
2026-06-18 16:35:40 [http-nio-8083-exec-7] DEBUG c.a.security.JwtAuthenticationFilter - Authenticated user [vpffmo4u9e@lnovic.com] for URI: /api/v1/auth/users/d3d6a11d-f416-44d1-a548-444846a4575d
2026-06-18 16:35:40 [http-nio-8083-exec-7] INFO  c.a.config.RequestLoggingFilter - -> GET /api/v1/auth/users/d3d6a11d-f416-44d1-a548-444846a4575d [IP: 127.0.0.1]
2026-06-18 16:35:40 [http-nio-8083-exec-8] DEBUG c.a.security.JwtAuthenticationFilter - Authenticated user [vpffmo4u9e@lnovic.com] for URI: /api/v1/auth/users/username/Ashok
2026-06-18 16:35:40 [http-nio-8083-exec-8] INFO  c.a.config.RequestLoggingFilter - -> GET /api/v1/auth/users/username/Ashok [IP: 127.0.0.1]
2026-06-18 16:35:40 [http-nio-8083-exec-7] INFO  c.a.config.RequestLoggingFilter - <- GET /api/v1/auth/users/d3d6a11d-f416-44d1-a548-444846a4575d | status=200 | 9ms
2026-06-18 16:35:40 [http-nio-8083-exec-8] INFO  c.a.config.RequestLoggingFilter - <- GET /api/v1/auth/users/username/Ashok | status=200 | 5ms
2026-06-18 16:35:43 [http-nio-8083-exec-9] DEBUG c.a.security.JwtAuthenticationFilter - Processing request: GET /api/v1/auth/users/username/Syam
2026-06-18 16:35:43 [http-nio-8083-exec-10] DEBUG c.a.security.JwtAuthenticationFilter - Processing request: GET /api/v1/auth/users/a065ff05-fbf7-40e2-9881-92759c5f2629
2026-06-18 16:35:43 [http-nio-8083-exec-9] DEBUG c.a.security.JwtAuthenticationFilter - Authenticated user [oxp8gjtnua@yzcalo.com] for URI: /api/v1/auth/users/username/Syam
2026-06-18 16:35:43 [http-nio-8083-exec-10] DEBUG c.a.security.JwtAuthenticationFilter - Authenticated user [oxp8gjtnua@yzcalo.com] for URI: /api/v1/auth/users/a065ff05-fbf7-40e2-9881-92759c5f2629
2026-06-18 16:35:43 [http-nio-8083-exec-9] INFO  c.a.config.RequestLoggingFilter - -> GET /api/v1/auth/users/username/Syam [IP: 127.0.0.1]
2026-06-18 16:35:43 [http-nio-8083-exec-10] INFO  c.a.config.RequestLoggingFilter - -> GET /api/v1/auth/users/a065ff05-fbf7-40e2-9881-92759c5f2629 [IP: 127.0.0.1]
2026-06-18 16:35:43 [http-nio-8083-exec-10] INFO  c.a.config.RequestLoggingFilter - <- GET /api/v1/auth/users/a065ff05-fbf7-40e2-9881-92759c5f2629 | status=200 | 7ms
2026-06-18 16:35:43 [http-nio-8083-exec-9] INFO  c.a.config.RequestLoggingFilter - <- GET /api/v1/auth/users/username/Syam | status=200 | 11ms
2026-06-18 16:35:43 [http-nio-8083-exec-1] DEBUG c.a.security.JwtAuthenticationFilter - Processing request: GET /api/v1/auth/users/a065ff05-fbf7-40e2-9881-92759c5f2629
2026-06-18 16:35:43 [http-nio-8083-exec-2] DEBUG c.a.security.JwtAuthenticationFilter - Processing request: GET /api/v1/auth/users/username/Syam
2026-06-18 16:35:43 [http-nio-8083-exec-1] DEBUG c.a.security.JwtAuthenticationFilter - Authenticated user [oxp8gjtnua@yzcalo.com] for URI: /api/v1/auth/users/a065ff05-fbf7-40e2-9881-92759c5f2629
2026-06-18 16:35:43 [http-nio-8083-exec-1] INFO  c.a.config.RequestLoggingFilter - -> GET /api/v1/auth/users/a065ff05-fbf7-40e2-9881-92759c5f2629 [IP: 127.0.0.1]
2026-06-18 16:35:43 [http-nio-8083-exec-2] DEBUG c.a.security.JwtAuthenticationFilter - Authenticated user [oxp8gjtnua@yzcalo.com] for URI: /api/v1/auth/users/username/Syam
2026-06-18 16:35:43 [http-nio-8083-exec-1] INFO  c.a.config.RequestLoggingFilter - <- GET /api/v1/auth/users/a065ff05-fbf7-40e2-9881-92759c5f2629 | status=200 | 3ms
2026-06-18 16:35:43 [http-nio-8083-exec-2] INFO  c.a.config.RequestLoggingFilter - -> GET /api/v1/auth/users/username/Syam [IP: 127.0.0.1]
2026-06-18 16:35:43 [http-nio-8083-exec-2] INFO  c.a.config.RequestLoggingFilter - <- GET /api/v1/auth/users/username/Syam | status=200 | 7ms
2026-06-18 16:35:48 [http-nio-8083-exec-3] DEBUG c.a.security.JwtAuthenticationFilter - Processing request: GET /api/v1/auth/users/username/Ashok
2026-06-18 16:35:48 [http-nio-8083-exec-3] DEBUG c.a.security.JwtAuthenticationFilter - Authenticated user [oxp8gjtnua@yzcalo.com] for URI: /api/v1/auth/users/username/Ashok
2026-06-18 16:35:48 [http-nio-8083-exec-3] INFO  c.a.config.RequestLoggingFilter - -> GET /api/v1/auth/users/username/Ashok [IP: 127.0.0.1]
2026-06-18 16:35:48 [http-nio-8083-exec-3] INFO  c.a.config.RequestLoggingFilter - <- GET /api/v1/auth/users/username/Ashok | status=200 | 4ms
2026-06-18 16:35:52 [http-nio-8083-exec-4] DEBUG c.a.security.JwtAuthenticationFilter - Processing request: GET /api/v1/auth/users/username/Syam
2026-06-18 16:35:52 [http-nio-8083-exec-4] DEBUG c.a.security.JwtAuthenticationFilter - Authenticated user [vpffmo4u9e@lnovic.com] for URI: /api/v1/auth/users/username/Syam
2026-06-18 16:35:52 [http-nio-8083-exec-4] INFO  c.a.config.RequestLoggingFilter - -> GET /api/v1/auth/users/username/Syam [IP: 127.0.0.1]
2026-06-18 16:35:52 [http-nio-8083-exec-4] INFO  c.a.config.RequestLoggingFilter - <- GET /api/v1/auth/users/username/Syam | status=200 | 3ms
2026-06-18 16:35:57 [http-nio-8083-exec-5] DEBUG c.a.security.JwtAuthenticationFilter - Processing request: GET /api/v1/auth/users/username/Syam
2026-06-18 16:35:57 [http-nio-8083-exec-5] DEBUG c.a.security.JwtAuthenticationFilter - Authenticated user [vpffmo4u9e@lnovic.com] for URI: /api/v1/auth/users/username/Syam
2026-06-18 16:35:57 [http-nio-8083-exec-5] INFO  c.a.config.RequestLoggingFilter - -> GET /api/v1/auth/users/username/Syam [IP: 127.0.0.1]
2026-06-18 16:35:57 [http-nio-8083-exec-5] INFO  c.a.config.RequestLoggingFilter - <- GET /api/v1/auth/users/username/Syam | status=200 | 4ms
2026-06-18 16:36:04 [http-nio-8083-exec-6] DEBUG c.a.security.JwtAuthenticationFilter - Processing request: GET /api/v1/auth/users/username/Syam
2026-06-18 16:36:04 [http-nio-8083-exec-6] DEBUG c.a.security.JwtAuthenticationFilter - Authenticated user [vpffmo4u9e@lnovic.com] for URI: /api/v1/auth/users/username/Syam
2026-06-18 16:36:04 [http-nio-8083-exec-6] INFO  c.a.config.RequestLoggingFilter - -> GET /api/v1/auth/users/username/Syam [IP: 127.0.0.1]
2026-06-18 16:36:04 [http-nio-8083-exec-6] INFO  c.a.config.RequestLoggingFilter - <- GET /api/v1/auth/users/username/Syam | status=200 | 3ms
2026-06-18 16:36:10 [http-nio-8083-exec-7] DEBUG c.a.security.JwtAuthenticationFilter - Processing request: GET /api/v1/auth/users/username/Ashok
2026-06-18 16:36:10 [http-nio-8083-exec-7] DEBUG c.a.security.JwtAuthenticationFilter - Authenticated user [vpffmo4u9e@lnovic.com] for URI: /api/v1/auth/users/username/Ashok
2026-06-18 16:36:10 [http-nio-8083-exec-7] INFO  c.a.config.RequestLoggingFilter - -> GET /api/v1/auth/users/username/Ashok [IP: 127.0.0.1]
2026-06-18 16:36:10 [http-nio-8083-exec-7] INFO  c.a.config.RequestLoggingFilter - <- GET /api/v1/auth/users/username/Ashok | status=200 | 0ms
2026-06-18 16:36:13 [http-nio-8083-exec-8] DEBUG c.a.security.JwtAuthenticationFilter - Processing request: GET /api/v1/auth/users/username/Syam
2026-06-18 16:36:13 [http-nio-8083-exec-8] DEBUG c.a.security.JwtAuthenticationFilter - Authenticated user [oxp8gjtnua@yzcalo.com] for URI: /api/v1/auth/users/username/Syam
2026-06-18 16:36:13 [http-nio-8083-exec-8] INFO  c.a.config.RequestLoggingFilter - -> GET /api/v1/auth/users/username/Syam [IP: 127.0.0.1]
2026-06-18 16:36:13 [http-nio-8083-exec-8] INFO  c.a.config.RequestLoggingFilter - <- GET /api/v1/auth/users/username/Syam | status=200 | 0ms
2026-06-18 16:36:41 [http-nio-8083-exec-10] DEBUG c.a.security.JwtAuthenticationFilter - Processing request: GET /api/v1/auth/users/username/Ashok
2026-06-18 16:36:41 [http-nio-8083-exec-10] DEBUG c.a.security.JwtAuthenticationFilter - Authenticated user [vpffmo4u9e@lnovic.com] for URI: /api/v1/auth/users/username/Ashok
2026-06-18 16:36:41 [http-nio-8083-exec-10] INFO  c.a.config.RequestLoggingFilter - -> GET /api/v1/auth/users/username/Ashok [IP: 127.0.0.1]
2026-06-18 16:36:41 [http-nio-8083-exec-10] INFO  c.a.config.RequestLoggingFilter - <- GET /api/v1/auth/users/username/Ashok | status=200 | 8ms
2026-06-18 16:36:43 [http-nio-8083-exec-9] DEBUG c.a.security.JwtAuthenticationFilter - Processing request: GET /api/v1/auth/users/username/Syam
2026-06-18 16:36:43 [http-nio-8083-exec-9] DEBUG c.a.security.JwtAuthenticationFilter - Authenticated user [oxp8gjtnua@yzcalo.com] for URI: /api/v1/auth/users/username/Syam
2026-06-18 16:36:43 [http-nio-8083-exec-9] INFO  c.a.config.RequestLoggingFilter - -> GET /api/v1/auth/users/username/Syam [IP: 127.0.0.1]
2026-06-18 16:36:43 [http-nio-8083-exec-9] INFO  c.a.config.RequestLoggingFilter - <- GET /api/v1/auth/users/username/Syam | status=200 | 0ms
2026-06-18 16:37:11 [http-nio-8083-exec-1] DEBUG c.a.security.JwtAuthenticationFilter - Processing request: GET /api/v1/auth/users/username/Ashok
2026-06-18 16:37:11 [http-nio-8083-exec-1] DEBUG c.a.security.JwtAuthenticationFilter - Authenticated user [vpffmo4u9e@lnovic.com] for URI: /api/v1/auth/users/username/Ashok
2026-06-18 16:37:11 [http-nio-8083-exec-1] INFO  c.a.config.RequestLoggingFilter - -> GET /api/v1/auth/users/username/Ashok [IP: 127.0.0.1]
2026-06-18 16:37:11 [http-nio-8083-exec-1] INFO  c.a.config.RequestLoggingFilter - <- GET /api/v1/auth/users/username/Ashok | status=200 | 4ms
2026-06-18 16:37:13 [http-nio-8083-exec-2] DEBUG c.a.security.JwtAuthenticationFilter - Processing request: GET /api/v1/auth/users/username/Syam
2026-06-18 16:37:13 [http-nio-8083-exec-2] DEBUG c.a.security.JwtAuthenticationFilter - Authenticated user [oxp8gjtnua@yzcalo.com] for URI: /api/v1/auth/users/username/Syam
2026-06-18 16:37:13 [http-nio-8083-exec-2] INFO  c.a.config.RequestLoggingFilter - -> GET /api/v1/auth/users/username/Syam [IP: 127.0.0.1]
2026-06-18 16:37:13 [http-nio-8083-exec-2] INFO  c.a.config.RequestLoggingFilter - <- GET /api/v1/auth/users/username/Syam | status=200 | 4ms
2026-06-18 16:37:15 [AsyncResolver-bootstrap-executor-0] INFO  c.n.d.s.r.aws.ConfigClusterResolver - Resolving eureka endpoints via configuration
2026-06-18 16:37:41 [http-nio-8083-exec-3] DEBUG c.a.security.JwtAuthenticationFilter - Processing request: GET /api/v1/auth/users/username/Ashok
2026-06-18 16:37:41 [http-nio-8083-exec-3] DEBUG c.a.security.JwtAuthenticationFilter - Authenticated user [vpffmo4u9e@lnovic.com] for URI: /api/v1/auth/users/username/Ashok
2026-06-18 16:37:41 [http-nio-8083-exec-3] INFO  c.a.config.RequestLoggingFilter - -> GET /api/v1/auth/users/username/Ashok [IP: 127.0.0.1]
2026-06-18 16:37:41 [http-nio-8083-exec-3] INFO  c.a.config.RequestLoggingFilter - <- GET /api/v1/auth/users/username/Ashok | status=200 | 4ms
2026-06-18 16:37:43 [http-nio-8083-exec-4] DEBUG c.a.security.JwtAuthenticationFilter - Processing request: GET /api/v1/auth/users/username/Syam
2026-06-18 16:37:43 [http-nio-8083-exec-4] DEBUG c.a.security.JwtAuthenticationFilter - Authenticated user [oxp8gjtnua@yzcalo.com] for URI: /api/v1/auth/users/username/Syam
2026-06-18 16:37:43 [http-nio-8083-exec-4] INFO  c.a.config.RequestLoggingFilter - -> GET /api/v1/auth/users/username/Syam [IP: 127.0.0.1]
2026-06-18 16:37:43 [http-nio-8083-exec-4] INFO  c.a.config.RequestLoggingFilter - <- GET /api/v1/auth/users/username/Syam | status=200 | 3ms
2026-06-18 16:38:11 [http-nio-8083-exec-5] DEBUG c.a.security.JwtAuthenticationFilter - Processing request: GET /api/v1/auth/users/username/Ashok
2026-06-18 16:38:11 [http-nio-8083-exec-5] DEBUG c.a.security.JwtAuthenticationFilter - Authenticated user [vpffmo4u9e@lnovic.com] for URI: /api/v1/auth/users/username/Ashok
2026-06-18 16:38:11 [http-nio-8083-exec-5] INFO  c.a.config.RequestLoggingFilter - -> GET /api/v1/auth/users/username/Ashok [IP: 127.0.0.1]
2026-06-18 16:38:11 [http-nio-8083-exec-5] INFO  c.a.config.RequestLoggingFilter - <- GET /api/v1/auth/users/username/Ashok | status=200 | 4ms
2026-06-18 16:38:13 [http-nio-8083-exec-6] DEBUG c.a.security.JwtAuthenticationFilter - Processing request: GET /api/v1/auth/users/username/Syam
2026-06-18 16:38:13 [http-nio-8083-exec-6] DEBUG c.a.security.JwtAuthenticationFilter - Authenticated user [oxp8gjtnua@yzcalo.com] for URI: /api/v1/auth/users/username/Syam
2026-06-18 16:38:13 [http-nio-8083-exec-6] INFO  c.a.config.RequestLoggingFilter - -> GET /api/v1/auth/users/username/Syam [IP: 127.0.0.1]
2026-06-18 16:38:13 [http-nio-8083-exec-6] INFO  c.a.config.RequestLoggingFilter - <- GET /api/v1/auth/users/username/Syam | status=200 | 4ms
2026-06-18 16:38:41 [http-nio-8083-exec-7] DEBUG c.a.security.JwtAuthenticationFilter - Processing request: GET /api/v1/auth/users/username/Ashok
2026-06-18 16:38:41 [http-nio-8083-exec-7] DEBUG c.a.security.JwtAuthenticationFilter - Authenticated user [vpffmo4u9e@lnovic.com] for URI: /api/v1/auth/users/username/Ashok
2026-06-18 16:38:41 [http-nio-8083-exec-7] INFO  c.a.config.RequestLoggingFilter - -> GET /api/v1/auth/users/username/Ashok [IP: 127.0.0.1]
2026-06-18 16:38:41 [http-nio-8083-exec-7] INFO  c.a.config.RequestLoggingFilter - <- GET /api/v1/auth/users/username/Ashok | status=200 | 3ms
2026-06-18 16:38:43 [http-nio-8083-exec-8] DEBUG c.a.security.JwtAuthenticationFilter - Processing request: GET /api/v1/auth/users/username/Syam
2026-06-18 16:38:43 [http-nio-8083-exec-8] DEBUG c.a.security.JwtAuthenticationFilter - Authenticated user [oxp8gjtnua@yzcalo.com] for URI: /api/v1/auth/users/username/Syam
2026-06-18 16:38:43 [http-nio-8083-exec-8] INFO  c.a.config.RequestLoggingFilter - -> GET /api/v1/auth/users/username/Syam [IP: 127.0.0.1]
2026-06-18 16:38:43 [http-nio-8083-exec-8] INFO  c.a.config.RequestLoggingFilter - <- GET /api/v1/auth/users/username/Syam | status=200 | 0ms
2026-06-18 16:39:11 [http-nio-8083-exec-10] DEBUG c.a.security.JwtAuthenticationFilter - Processing request: GET /api/v1/auth/users/username/Ashok
2026-06-18 16:39:11 [http-nio-8083-exec-10] DEBUG c.a.security.JwtAuthenticationFilter - Authenticated user [vpffmo4u9e@lnovic.com] for URI: /api/v1/auth/users/username/Ashok
2026-06-18 16:39:11 [http-nio-8083-exec-10] INFO  c.a.config.RequestLoggingFilter - -> GET /api/v1/auth/users/username/Ashok [IP: 127.0.0.1]
2026-06-18 16:39:11 [http-nio-8083-exec-10] INFO  c.a.config.RequestLoggingFilter - <- GET /api/v1/auth/users/username/Ashok | status=200 | 4ms
2026-06-18 16:39:19 [http-nio-8083-exec-9] DEBUG c.a.security.JwtAuthenticationFilter - Processing request: GET /api/v1/auth/users/username/Syam
2026-06-18 16:39:19 [http-nio-8083-exec-9] DEBUG c.a.security.JwtAuthenticationFilter - Authenticated user [oxp8gjtnua@yzcalo.com] for URI: /api/v1/auth/users/username/Syam
2026-06-18 16:39:19 [http-nio-8083-exec-9] INFO  c.a.config.RequestLoggingFilter - -> GET /api/v1/auth/users/username/Syam [IP: 127.0.0.1]
2026-06-18 16:39:19 [http-nio-8083-exec-9] INFO  c.a.config.RequestLoggingFilter - <- GET /api/v1/auth/users/username/Syam | status=200 | 3ms
2026-06-18 16:39:41 [http-nio-8083-exec-1] DEBUG c.a.security.JwtAuthenticationFilter - Processing request: GET /api/v1/auth/users/username/Ashok
2026-06-18 16:39:41 [http-nio-8083-exec-1] DEBUG c.a.security.JwtAuthenticationFilter - Authenticated user [vpffmo4u9e@lnovic.com] for URI: /api/v1/auth/users/username/Ashok
2026-06-18 16:39:41 [http-nio-8083-exec-1] INFO  c.a.config.RequestLoggingFilter - -> GET /api/v1/auth/users/username/Ashok [IP: 127.0.0.1]
2026-06-18 16:39:41 [http-nio-8083-exec-1] INFO  c.a.config.RequestLoggingFilter - <- GET /api/v1/auth/users/username/Ashok | status=200 | 2ms
2026-06-18 16:39:43 [http-nio-8083-exec-2] DEBUG c.a.security.JwtAuthenticationFilter - Processing request: GET /api/v1/auth/users/username/Syam
2026-06-18 16:39:43 [http-nio-8083-exec-2] DEBUG c.a.security.JwtAuthenticationFilter - Authenticated user [oxp8gjtnua@yzcalo.com] for URI: /api/v1/auth/users/username/Syam
2026-06-18 16:39:43 [http-nio-8083-exec-2] INFO  c.a.config.RequestLoggingFilter - -> GET /api/v1/auth/users/username/Syam [IP: 127.0.0.1]
2026-06-18 16:39:43 [http-nio-8083-exec-2] INFO  c.a.config.RequestLoggingFilter - <- GET /api/v1/auth/users/username/Syam | status=200 | 4ms
2026-06-18 16:40:11 [http-nio-8083-exec-3] DEBUG c.a.security.JwtAuthenticationFilter - Processing request: GET /api/v1/auth/users/username/Ashok
2026-06-18 16:40:11 [http-nio-8083-exec-3] DEBUG c.a.security.JwtAuthenticationFilter - Authenticated user [vpffmo4u9e@lnovic.com] for URI: /api/v1/auth/users/username/Ashok
2026-06-18 16:40:11 [http-nio-8083-exec-3] INFO  c.a.config.RequestLoggingFilter - -> GET /api/v1/auth/users/username/Ashok [IP: 127.0.0.1]
2026-06-18 16:40:11 [http-nio-8083-exec-3] INFO  c.a.config.RequestLoggingFilter - <- GET /api/v1/auth/users/username/Ashok | status=200 | 2ms
2026-06-18 16:40:13 [http-nio-8083-exec-4] DEBUG c.a.security.JwtAuthenticationFilter - Processing request: GET /api/v1/auth/users/username/Syam
2026-06-18 16:40:13 [http-nio-8083-exec-4] DEBUG c.a.security.JwtAuthenticationFilter - Authenticated user [oxp8gjtnua@yzcalo.com] for URI: /api/v1/auth/users/username/Syam
2026-06-18 16:40:13 [http-nio-8083-exec-4] INFO  c.a.config.RequestLoggingFilter - -> GET /api/v1/auth/users/username/Syam [IP: 127.0.0.1]
2026-06-18 16:40:13 [http-nio-8083-exec-4] INFO  c.a.config.RequestLoggingFilter - <- GET /api/v1/auth/users/username/Syam | status=200 | 2ms
2026-06-18 16:41:12 [http-nio-8083-exec-6] DEBUG c.a.security.JwtAuthenticationFilter - Processing request: GET /api/v1/auth/users/username/Ashok
2026-06-18 16:41:12 [http-nio-8083-exec-6] DEBUG c.a.security.JwtAuthenticationFilter - Authenticated user [vpffmo4u9e@lnovic.com] for URI: /api/v1/auth/users/username/Ashok
2026-06-18 16:41:12 [http-nio-8083-exec-6] INFO  c.a.config.RequestLoggingFilter - -> GET /api/v1/auth/users/username/Ashok [IP: 127.0.0.1]
2026-06-18 16:41:12 [http-nio-8083-exec-6] INFO  c.a.config.RequestLoggingFilter - <- GET /api/v1/auth/users/username/Ashok | status=200 | 5ms
2026-06-18 16:41:14 [http-nio-8083-exec-7] DEBUG c.a.security.JwtAuthenticationFilter - Processing request: GET /api/v1/auth/users/username/Syam
2026-06-18 16:41:14 [http-nio-8083-exec-7] DEBUG c.a.security.JwtAuthenticationFilter - Authenticated user [oxp8gjtnua@yzcalo.com] for URI: /api/v1/auth/users/username/Syam
2026-06-18 16:41:14 [http-nio-8083-exec-7] INFO  c.a.config.RequestLoggingFilter - -> GET /api/v1/auth/users/username/Syam [IP: 127.0.0.1]
2026-06-18 16:41:14 [http-nio-8083-exec-7] INFO  c.a.config.RequestLoggingFilter - <- GET /api/v1/auth/users/username/Syam | status=200 | 0ms
2026-06-18 16:42:13 [http-nio-8083-exec-8] DEBUG c.a.security.JwtAuthenticationFilter - Processing request: GET /api/v1/auth/users/username/Ashok
2026-06-18 16:42:13 [http-nio-8083-exec-8] DEBUG c.a.security.JwtAuthenticationFilter - Authenticated user [vpffmo4u9e@lnovic.com] for URI: /api/v1/auth/users/username/Ashok
2026-06-18 16:42:13 [http-nio-8083-exec-8] INFO  c.a.config.RequestLoggingFilter - -> GET /api/v1/auth/users/username/Ashok [IP: 127.0.0.1]
2026-06-18 16:42:13 [http-nio-8083-exec-8] INFO  c.a.config.RequestLoggingFilter - <- GET /api/v1/auth/users/username/Ashok | status=200 | 7ms
2026-06-18 16:42:15 [http-nio-8083-exec-10] DEBUG c.a.security.JwtAuthenticationFilter - Processing request: GET /api/v1/auth/users/username/Syam
2026-06-18 16:42:15 [http-nio-8083-exec-10] DEBUG c.a.security.JwtAuthenticationFilter - Authenticated user [oxp8gjtnua@yzcalo.com] for URI: /api/v1/auth/users/username/Syam
2026-06-18 16:42:15 [http-nio-8083-exec-10] INFO  c.a.config.RequestLoggingFilter - -> GET /api/v1/auth/users/username/Syam [IP: 127.0.0.1]
2026-06-18 16:42:15 [http-nio-8083-exec-10] INFO  c.a.config.RequestLoggingFilter - <- GET /api/v1/auth/users/username/Syam | status=200 | 0ms
2026-06-18 16:42:15 [AsyncResolver-bootstrap-executor-0] INFO  c.n.d.s.r.aws.ConfigClusterResolver - Resolving eureka endpoints via configuration
2026-06-18 16:43:14 [http-nio-8083-exec-9] DEBUG c.a.security.JwtAuthenticationFilter - Processing request: GET /api/v1/auth/users/username/Ashok
2026-06-18 16:43:14 [http-nio-8083-exec-9] DEBUG c.a.security.JwtAuthenticationFilter - Authenticated user [vpffmo4u9e@lnovic.com] for URI: /api/v1/auth/users/username/Ashok
2026-06-18 16:43:14 [http-nio-8083-exec-9] INFO  c.a.config.RequestLoggingFilter - -> GET /api/v1/auth/users/username/Ashok [IP: 127.0.0.1]
2026-06-18 16:43:14 [http-nio-8083-exec-9] INFO  c.a.config.RequestLoggingFilter - <- GET /api/v1/auth/users/username/Ashok | status=200 | 3ms
2026-06-18 16:43:15 [MessageBroker-1] INFO  o.s.w.s.c.WebSocketMessageBrokerStats - WebSocketSession[0 current WS(0)-HttpStream(0)-HttpPoll(0), 0 total, 0 closed abnormally (0 connect failure, 0 send limit, 0 transport error)], stompSubProtocol[processed CONNECT(0)-CONNECTED(0)-DISCONNECT(0)], stompBrokerRelay[null], inboundChannel[pool size = 0, active threads = 0, queued tasks = 0, completed tasks = 0], outboundChannel[pool size = 0, active threads = 0, queued tasks = 0, completed tasks = 0], sockJsScheduler[pool size = 2, active threads = 1, queued tasks = 0, completed tasks = 1]
2026-06-18 16:43:16 [http-nio-8083-exec-1] DEBUG c.a.security.JwtAuthenticationFilter - Processing request: GET /api/v1/auth/users/username/Syam
2026-06-18 16:43:16 [http-nio-8083-exec-1] DEBUG c.a.security.JwtAuthenticationFilter - Authenticated user [oxp8gjtnua@yzcalo.com] for URI: /api/v1/auth/users/username/Syam
2026-06-18 16:43:16 [http-nio-8083-exec-1] INFO  c.a.config.RequestLoggingFilter - -> GET /api/v1/auth/users/username/Syam [IP: 127.0.0.1]
2026-06-18 16:43:16 [http-nio-8083-exec-1] INFO  c.a.config.RequestLoggingFilter - <- GET /api/v1/auth/users/username/Syam | status=200 | 3ms
2026-06-18 16:44:15 [http-nio-8083-exec-2] DEBUG c.a.security.JwtAuthenticationFilter - Processing request: GET /api/v1/auth/users/username/Ashok
2026-06-18 16:44:15 [http-nio-8083-exec-2] DEBUG c.a.security.JwtAuthenticationFilter - Authenticated user [vpffmo4u9e@lnovic.com] for URI: /api/v1/auth/users/username/Ashok
2026-06-18 16:44:15 [http-nio-8083-exec-2] INFO  c.a.config.RequestLoggingFilter - -> GET /api/v1/auth/users/username/Ashok [IP: 127.0.0.1]
2026-06-18 16:44:15 [http-nio-8083-exec-2] INFO  c.a.config.RequestLoggingFilter - <- GET /api/v1/auth/users/username/Ashok | status=200 | 0ms
2026-06-18 16:44:17 [http-nio-8083-exec-3] DEBUG c.a.security.JwtAuthenticationFilter - Processing request: GET /api/v1/auth/users/username/Syam
2026-06-18 16:44:17 [http-nio-8083-exec-3] DEBUG c.a.security.JwtAuthenticationFilter - Authenticated user [oxp8gjtnua@yzcalo.com] for URI: /api/v1/auth/users/username/Syam
2026-06-18 16:44:17 [http-nio-8083-exec-3] INFO  c.a.config.RequestLoggingFilter - -> GET /api/v1/auth/users/username/Syam [IP: 127.0.0.1]
2026-06-18 16:44:17 [http-nio-8083-exec-3] INFO  c.a.config.RequestLoggingFilter - <- GET /api/v1/auth/users/username/Syam | status=200 | 0ms
2026-06-18 16:45:16 [http-nio-8083-exec-4] DEBUG c.a.security.JwtAuthenticationFilter - Processing request: GET /api/v1/auth/users/username/Ashok
2026-06-18 16:45:16 [http-nio-8083-exec-4] DEBUG c.a.security.JwtAuthenticationFilter - Authenticated user [vpffmo4u9e@lnovic.com] for URI: /api/v1/auth/users/username/Ashok
2026-06-18 16:45:16 [http-nio-8083-exec-4] INFO  c.a.config.RequestLoggingFilter - -> GET /api/v1/auth/users/username/Ashok [IP: 127.0.0.1]
2026-06-18 16:45:16 [http-nio-8083-exec-4] INFO  c.a.config.RequestLoggingFilter - <- GET /api/v1/auth/users/username/Ashok | status=200 | 4ms
2026-06-18 16:45:18 [http-nio-8083-exec-5] DEBUG c.a.security.JwtAuthenticationFilter - Processing request: GET /api/v1/auth/users/username/Syam
2026-06-18 16:45:18 [http-nio-8083-exec-5] DEBUG c.a.security.JwtAuthenticationFilter - Authenticated user [oxp8gjtnua@yzcalo.com] for URI: /api/v1/auth/users/username/Syam
2026-06-18 16:45:18 [http-nio-8083-exec-5] INFO  c.a.config.RequestLoggingFilter - -> GET /api/v1/auth/users/username/Syam [IP: 127.0.0.1]
2026-06-18 16:45:18 [http-nio-8083-exec-5] INFO  c.a.config.RequestLoggingFilter - <- GET /api/v1/auth/users/username/Syam | status=200 | 3ms
2026-06-18 16:46:17 [http-nio-8083-exec-6] DEBUG c.a.security.JwtAuthenticationFilter - Processing request: GET /api/v1/auth/users/username/Ashok
2026-06-18 16:46:17 [http-nio-8083-exec-6] DEBUG c.a.security.JwtAuthenticationFilter - Authenticated user [vpffmo4u9e@lnovic.com] for URI: /api/v1/auth/users/username/Ashok
2026-06-18 16:46:17 [http-nio-8083-exec-6] INFO  c.a.config.RequestLoggingFilter - -> GET /api/v1/auth/users/username/Ashok [IP: 127.0.0.1]
2026-06-18 16:46:17 [http-nio-8083-exec-6] INFO  c.a.config.RequestLoggingFilter - <- GET /api/v1/auth/users/username/Ashok | status=200 | 5ms
2026-06-18 16:46:19 [http-nio-8083-exec-7] DEBUG c.a.security.JwtAuthenticationFilter - Processing request: GET /api/v1/auth/users/username/Syam
2026-06-18 16:46:19 [http-nio-8083-exec-7] DEBUG c.a.security.JwtAuthenticationFilter - Authenticated user [oxp8gjtnua@yzcalo.com] for URI: /api/v1/auth/users/username/Syam
2026-06-18 16:46:19 [http-nio-8083-exec-7] INFO  c.a.config.RequestLoggingFilter - -> GET /api/v1/auth/users/username/Syam [IP: 127.0.0.1]
2026-06-18 16:46:19 [http-nio-8083-exec-7] INFO  c.a.config.RequestLoggingFilter - <- GET /api/v1/auth/users/username/Syam | status=200 | 0ms
2026-06-18 16:47:15 [AsyncResolver-bootstrap-executor-0] INFO  c.n.d.s.r.aws.ConfigClusterResolver - Resolving eureka endpoints via configuration
2026-06-18 16:47:18 [http-nio-8083-exec-8] DEBUG c.a.security.JwtAuthenticationFilter - Processing request: GET /api/v1/auth/users/username/Ashok
2026-06-18 16:47:18 [http-nio-8083-exec-8] DEBUG c.a.security.JwtAuthenticationFilter - Authenticated user [vpffmo4u9e@lnovic.com] for URI: /api/v1/auth/users/username/Ashok
2026-06-18 16:47:18 [http-nio-8083-exec-8] INFO  c.a.config.RequestLoggingFilter - -> GET /api/v1/auth/users/username/Ashok [IP: 127.0.0.1]
2026-06-18 16:47:18 [http-nio-8083-exec-8] INFO  c.a.config.RequestLoggingFilter - <- GET /api/v1/auth/users/username/Ashok | status=200 | 0ms
2026-06-18 16:47:20 [http-nio-8083-exec-10] DEBUG c.a.security.JwtAuthenticationFilter - Processing request: GET /api/v1/auth/users/username/Syam
2026-06-18 16:47:20 [http-nio-8083-exec-10] DEBUG c.a.security.JwtAuthenticationFilter - Authenticated user [oxp8gjtnua@yzcalo.com] for URI: /api/v1/auth/users/username/Syam
2026-06-18 16:47:20 [http-nio-8083-exec-10] INFO  c.a.config.RequestLoggingFilter - -> GET /api/v1/auth/users/username/Syam [IP: 127.0.0.1]
2026-06-18 16:47:20 [http-nio-8083-exec-10] INFO  c.a.config.RequestLoggingFilter - <- GET /api/v1/auth/users/username/Syam | status=200 | 0ms
2026-06-18 16:48:19 [http-nio-8083-exec-9] DEBUG c.a.security.JwtAuthenticationFilter - Processing request: GET /api/v1/auth/users/username/Ashok
2026-06-18 16:48:19 [http-nio-8083-exec-9] DEBUG c.a.security.JwtAuthenticationFilter - Authenticated user [vpffmo4u9e@lnovic.com] for URI: /api/v1/auth/users/username/Ashok
2026-06-18 16:48:19 [http-nio-8083-exec-9] INFO  c.a.config.RequestLoggingFilter - -> GET /api/v1/auth/users/username/Ashok [IP: 127.0.0.1]
2026-06-18 16:48:19 [http-nio-8083-exec-9] INFO  c.a.config.RequestLoggingFilter - <- GET /api/v1/auth/users/username/Ashok | status=200 | 3ms
2026-06-18 16:48:21 [http-nio-8083-exec-1] DEBUG c.a.security.JwtAuthenticationFilter - Processing request: GET /api/v1/auth/users/username/Syam
2026-06-18 16:48:21 [http-nio-8083-exec-1] DEBUG c.a.security.JwtAuthenticationFilter - Authenticated user [oxp8gjtnua@yzcalo.com] for URI: /api/v1/auth/users/username/Syam
2026-06-18 16:48:21 [http-nio-8083-exec-1] INFO  c.a.config.RequestLoggingFilter - -> GET /api/v1/auth/users/username/Syam [IP: 127.0.0.1]
2026-06-18 16:48:21 [http-nio-8083-exec-1] INFO  c.a.config.RequestLoggingFilter - <- GET /api/v1/auth/users/username/Syam | status=200 | 0ms
2026-06-18 16:49:20 [http-nio-8083-exec-2] DEBUG c.a.security.JwtAuthenticationFilter - Processing request: GET /api/v1/auth/users/username/Ashok
2026-06-18 16:49:20 [http-nio-8083-exec-2] DEBUG c.a.security.JwtAuthenticationFilter - Authenticated user [vpffmo4u9e@lnovic.com] for URI: /api/v1/auth/users/username/Ashok
2026-06-18 16:49:20 [http-nio-8083-exec-2] INFO  c.a.config.RequestLoggingFilter - -> GET /api/v1/auth/users/username/Ashok [IP: 127.0.0.1]
2026-06-18 16:49:20 [http-nio-8083-exec-2] INFO  c.a.config.RequestLoggingFilter - <- GET /api/v1/auth/users/username/Ashok | status=200 | 4ms
2026-06-18 16:49:22 [http-nio-8083-exec-3] DEBUG c.a.security.JwtAuthenticationFilter - Processing request: GET /api/v1/auth/users/username/Syam
2026-06-18 16:49:22 [http-nio-8083-exec-3] DEBUG c.a.security.JwtAuthenticationFilter - Authenticated user [oxp8gjtnua@yzcalo.com] for URI: /api/v1/auth/users/username/Syam
2026-06-18 16:49:22 [http-nio-8083-exec-3] INFO  c.a.config.RequestLoggingFilter - -> GET /api/v1/auth/users/username/Syam [IP: 127.0.0.1]
2026-06-18 16:49:22 [http-nio-8083-exec-3] INFO  c.a.config.RequestLoggingFilter - <- GET /api/v1/auth/users/username/Syam | status=200 | 2ms
2026-06-18 16:50:21 [http-nio-8083-exec-4] DEBUG c.a.security.JwtAuthenticationFilter - Processing request: GET /api/v1/auth/users/username/Ashok
2026-06-18 16:50:21 [http-nio-8083-exec-4] DEBUG c.a.security.JwtAuthenticationFilter - Authenticated user [vpffmo4u9e@lnovic.com] for URI: /api/v1/auth/users/username/Ashok
2026-06-18 16:50:21 [http-nio-8083-exec-4] INFO  c.a.config.RequestLoggingFilter - -> GET /api/v1/auth/users/username/Ashok [IP: 127.0.0.1]
2026-06-18 16:50:21 [http-nio-8083-exec-4] INFO  c.a.config.RequestLoggingFilter - <- GET /api/v1/auth/users/username/Ashok | status=200 | 1ms
2026-06-18 16:50:23 [http-nio-8083-exec-5] DEBUG c.a.security.JwtAuthenticationFilter - Processing request: GET /api/v1/auth/users/username/Syam
2026-06-18 16:50:23 [http-nio-8083-exec-5] DEBUG c.a.security.JwtAuthenticationFilter - Authenticated user [oxp8gjtnua@yzcalo.com] for URI: /api/v1/auth/users/username/Syam
2026-06-18 16:50:23 [http-nio-8083-exec-5] INFO  c.a.config.RequestLoggingFilter - -> GET /api/v1/auth/users/username/Syam [IP: 127.0.0.1]
2026-06-18 16:50:23 [http-nio-8083-exec-5] INFO  c.a.config.RequestLoggingFilter - <- GET /api/v1/auth/users/username/Syam | status=200 | 3ms
2026-06-18 16:51:22 [http-nio-8083-exec-6] DEBUG c.a.security.JwtAuthenticationFilter - Processing request: GET /api/v1/auth/users/username/Ashok
2026-06-18 16:51:22 [http-nio-8083-exec-6] DEBUG c.a.security.JwtAuthenticationFilter - Authenticated user [vpffmo4u9e@lnovic.com] for URI: /api/v1/auth/users/username/Ashok
2026-06-18 16:51:22 [http-nio-8083-exec-6] INFO  c.a.config.RequestLoggingFilter - -> GET /api/v1/auth/users/username/Ashok [IP: 127.0.0.1]
2026-06-18 16:51:22 [http-nio-8083-exec-6] INFO  c.a.config.RequestLoggingFilter - <- GET /api/v1/auth/users/username/Ashok | status=200 | 1ms
2026-06-18 16:51:24 [http-nio-8083-exec-7] DEBUG c.a.security.JwtAuthenticationFilter - Processing request: GET /api/v1/auth/users/username/Syam
2026-06-18 16:51:24 [http-nio-8083-exec-7] DEBUG c.a.security.JwtAuthenticationFilter - Authenticated user [oxp8gjtnua@yzcalo.com] for URI: /api/v1/auth/users/username/Syam
2026-06-18 16:51:24 [http-nio-8083-exec-7] INFO  c.a.config.RequestLoggingFilter - -> GET /api/v1/auth/users/username/Syam [IP: 127.0.0.1]
2026-06-18 16:51:24 [http-nio-8083-exec-7] INFO  c.a.config.RequestLoggingFilter - <- GET /api/v1/auth/users/username/Syam | status=200 | 2ms
2026-06-18 16:52:15 [AsyncResolver-bootstrap-executor-0] INFO  c.n.d.s.r.aws.ConfigClusterResolver - Resolving eureka endpoints via configuration
2026-06-18 16:52:23 [http-nio-8083-exec-8] DEBUG c.a.security.JwtAuthenticationFilter - Processing request: GET /api/v1/auth/users/username/Ashok
2026-06-18 16:52:23 [http-nio-8083-exec-8] DEBUG c.a.security.JwtAuthenticationFilter - Authenticated user [vpffmo4u9e@lnovic.com] for URI: /api/v1/auth/users/username/Ashok
2026-06-18 16:52:23 [http-nio-8083-exec-8] INFO  c.a.config.RequestLoggingFilter - -> GET /api/v1/auth/users/username/Ashok [IP: 127.0.0.1]
2026-06-18 16:52:23 [http-nio-8083-exec-8] INFO  c.a.config.RequestLoggingFilter - <- GET /api/v1/auth/users/username/Ashok | status=200 | 5ms
2026-06-18 16:52:25 [http-nio-8083-exec-10] DEBUG c.a.security.JwtAuthenticationFilter - Processing request: GET /api/v1/auth/users/username/Syam
2026-06-18 16:52:25 [http-nio-8083-exec-10] DEBUG c.a.security.JwtAuthenticationFilter - Authenticated user [oxp8gjtnua@yzcalo.com] for URI: /api/v1/auth/users/username/Syam
2026-06-18 16:52:25 [http-nio-8083-exec-10] INFO  c.a.config.RequestLoggingFilter - -> GET /api/v1/auth/users/username/Syam [IP: 127.0.0.1]
2026-06-18 16:52:25 [http-nio-8083-exec-10] INFO  c.a.config.RequestLoggingFilter - <- GET /api/v1/auth/users/username/Syam | status=200 | 10ms
2026-06-18 16:53:24 [http-nio-8083-exec-9] DEBUG c.a.security.JwtAuthenticationFilter - Processing request: GET /api/v1/auth/users/username/Ashok
2026-06-18 16:53:24 [http-nio-8083-exec-9] DEBUG c.a.security.JwtAuthenticationFilter - Authenticated user [vpffmo4u9e@lnovic.com] for URI: /api/v1/auth/users/username/Ashok
2026-06-18 16:53:24 [http-nio-8083-exec-9] INFO  c.a.config.RequestLoggingFilter - -> GET /api/v1/auth/users/username/Ashok [IP: 127.0.0.1]
2026-06-18 16:53:24 [http-nio-8083-exec-9] INFO  c.a.config.RequestLoggingFilter - <- GET /api/v1/auth/users/username/Ashok | status=200 | 2ms
2026-06-18 16:53:26 [http-nio-8083-exec-1] DEBUG c.a.security.JwtAuthenticationFilter - Processing request: GET /api/v1/auth/users/username/Syam
2026-06-18 16:53:26 [http-nio-8083-exec-1] DEBUG c.a.security.JwtAuthenticationFilter - Authenticated user [oxp8gjtnua@yzcalo.com] for URI: /api/v1/auth/users/username/Syam
2026-06-18 16:53:26 [http-nio-8083-exec-1] INFO  c.a.config.RequestLoggingFilter - -> GET /api/v1/auth/users/username/Syam [IP: 127.0.0.1]
2026-06-18 16:53:26 [http-nio-8083-exec-1] INFO  c.a.config.RequestLoggingFilter - <- GET /api/v1/auth/users/username/Syam | status=200 | 1ms
2026-06-18 16:54:25 [http-nio-8083-exec-2] DEBUG c.a.security.JwtAuthenticationFilter - Processing request: GET /api/v1/auth/users/username/Ashok
2026-06-18 16:54:25 [http-nio-8083-exec-2] DEBUG c.a.security.JwtAuthenticationFilter - Authenticated user [vpffmo4u9e@lnovic.com] for URI: /api/v1/auth/users/username/Ashok
2026-06-18 16:54:25 [http-nio-8083-exec-2] INFO  c.a.config.RequestLoggingFilter - -> GET /api/v1/auth/users/username/Ashok [IP: 127.0.0.1]
2026-06-18 16:54:25 [http-nio-8083-exec-2] INFO  c.a.config.RequestLoggingFilter - <- GET /api/v1/auth/users/username/Ashok | status=200 | 6ms
2026-06-18 16:54:27 [http-nio-8083-exec-3] DEBUG c.a.security.JwtAuthenticationFilter - Processing request: GET /api/v1/auth/users/username/Syam
2026-06-18 16:54:27 [http-nio-8083-exec-3] DEBUG c.a.security.JwtAuthenticationFilter - Authenticated user [oxp8gjtnua@yzcalo.com] for URI: /api/v1/auth/users/username/Syam
2026-06-18 16:54:27 [http-nio-8083-exec-3] INFO  c.a.config.RequestLoggingFilter - -> GET /api/v1/auth/users/username/Syam [IP: 127.0.0.1]
2026-06-18 16:54:27 [http-nio-8083-exec-3] INFO  c.a.config.RequestLoggingFilter - <- GET /api/v1/auth/users/username/Syam | status=200 | 0ms
2026-06-18 16:55:26 [http-nio-8083-exec-4] DEBUG c.a.security.JwtAuthenticationFilter - Processing request: GET /api/v1/auth/users/username/Ashok
2026-06-18 16:55:26 [http-nio-8083-exec-4] DEBUG c.a.security.JwtAuthenticationFilter - Authenticated user [vpffmo4u9e@lnovic.com] for URI: /api/v1/auth/users/username/Ashok
2026-06-18 16:55:26 [http-nio-8083-exec-4] INFO  c.a.config.RequestLoggingFilter - -> GET /api/v1/auth/users/username/Ashok [IP: 127.0.0.1]
2026-06-18 16:55:26 [http-nio-8083-exec-4] INFO  c.a.config.RequestLoggingFilter - <- GET /api/v1/auth/users/username/Ashok | status=200 | 0ms
2026-06-18 16:55:28 [http-nio-8083-exec-5] DEBUG c.a.security.JwtAuthenticationFilter - Processing request: GET /api/v1/auth/users/username/Syam
2026-06-18 16:55:28 [http-nio-8083-exec-5] DEBUG c.a.security.JwtAuthenticationFilter - Authenticated user [oxp8gjtnua@yzcalo.com] for URI: /api/v1/auth/users/username/Syam
2026-06-18 16:55:28 [http-nio-8083-exec-5] INFO  c.a.config.RequestLoggingFilter - -> GET /api/v1/auth/users/username/Syam [IP: 127.0.0.1]
2026-06-18 16:55:28 [http-nio-8083-exec-5] INFO  c.a.config.RequestLoggingFilter - <- GET /api/v1/auth/users/username/Syam | status=200 | 5ms
2026-06-18 16:56:27 [http-nio-8083-exec-6] DEBUG c.a.security.JwtAuthenticationFilter - Processing request: GET /api/v1/auth/users/username/Ashok
2026-06-18 16:56:27 [http-nio-8083-exec-6] DEBUG c.a.security.JwtAuthenticationFilter - Authenticated user [vpffmo4u9e@lnovic.com] for URI: /api/v1/auth/users/username/Ashok
2026-06-18 16:56:27 [http-nio-8083-exec-6] INFO  c.a.config.RequestLoggingFilter - -> GET /api/v1/auth/users/username/Ashok [IP: 127.0.0.1]
2026-06-18 16:56:27 [http-nio-8083-exec-6] INFO  c.a.config.RequestLoggingFilter - <- GET /api/v1/auth/users/username/Ashok | status=200 | 4ms
2026-06-18 16:56:29 [http-nio-8083-exec-7] DEBUG c.a.security.JwtAuthenticationFilter - Processing request: GET /api/v1/auth/users/username/Syam
2026-06-18 16:56:29 [http-nio-8083-exec-7] DEBUG c.a.security.JwtAuthenticationFilter - Authenticated user [oxp8gjtnua@yzcalo.com] for URI: /api/v1/auth/users/username/Syam
2026-06-18 16:56:29 [http-nio-8083-exec-7] INFO  c.a.config.RequestLoggingFilter - -> GET /api/v1/auth/users/username/Syam [IP: 127.0.0.1]
2026-06-18 16:56:29 [http-nio-8083-exec-7] INFO  c.a.config.RequestLoggingFilter - <- GET /api/v1/auth/users/username/Syam | status=200 | 2ms
2026-06-18 16:57:15 [AsyncResolver-bootstrap-executor-0] INFO  c.n.d.s.r.aws.ConfigClusterResolver - Resolving eureka endpoints via configuration
2026-06-18 16:57:19 [http-nio-8083-exec-8] DEBUG c.a.security.JwtAuthenticationFilter - Processing request: GET /api/v1/auth/users/username/Syam
2026-06-18 16:57:19 [http-nio-8083-exec-8] DEBUG c.a.security.JwtAuthenticationFilter - Authenticated user [oxp8gjtnua@yzcalo.com] for URI: /api/v1/auth/users/username/Syam
2026-06-18 16:57:19 [http-nio-8083-exec-8] INFO  c.a.config.RequestLoggingFilter - -> GET /api/v1/auth/users/username/Syam [IP: 127.0.0.1]
2026-06-18 16:57:19 [http-nio-8083-exec-8] INFO  c.a.config.RequestLoggingFilter - <- GET /api/v1/auth/users/username/Syam | status=200 | 5ms
2026-06-18 16:57:26 [http-nio-8083-exec-10] DEBUG c.a.security.JwtAuthenticationFilter - Processing request: GET /api/v1/auth/users/username/Ashok
2026-06-18 16:57:26 [http-nio-8083-exec-10] DEBUG c.a.security.JwtAuthenticationFilter - Authenticated user [vpffmo4u9e@lnovic.com] for URI: /api/v1/auth/users/username/Ashok
2026-06-18 16:57:26 [http-nio-8083-exec-10] INFO  c.a.config.RequestLoggingFilter - -> GET /api/v1/auth/users/username/Ashok [IP: 127.0.0.1]
2026-06-18 16:57:26 [http-nio-8083-exec-10] INFO  c.a.config.RequestLoggingFilter - <- GET /api/v1/auth/users/username/Ashok | status=200 | 5ms
2026-06-18 16:57:37 [lettuce-eventExecutorLoop-1-7] INFO  i.l.core.protocol.ConnectionWatchdog - Reconnecting, last destination was localhost/127.0.0.1:6379
2026-06-18 16:57:37 [lettuce-nioEventLoop-4-2] WARN  i.l.core.protocol.ConnectionWatchdog - Cannot reconnect to [localhost/<unresolved>:6379]: Connection closed prematurely
io.lettuce.core.RedisConnectionException: Connection closed prematurely
	at io.lettuce.core.protocol.RedisHandshakeHandler.channelInactive(RedisHandshakeHandler.java:91)
	at io.netty.channel.AbstractChannelHandlerContext.invokeChannelInactive(AbstractChannelHandlerContext.java:303)
	at io.netty.channel.AbstractChannelHandlerContext.invokeChannelInactive(AbstractChannelHandlerContext.java:281)
	at io.netty.channel.AbstractChannelHandlerContext.fireChannelInactive(AbstractChannelHandlerContext.java:274)
	at io.netty.channel.ChannelInboundHandlerAdapter.channelInactive(ChannelInboundHandlerAdapter.java:81)
	at io.lettuce.core.ChannelGroupListener.channelInactive(ChannelGroupListener.java:69)
	at io.netty.channel.AbstractChannelHandlerContext.invokeChannelInactive(AbstractChannelHandlerContext.java:303)
	at io.netty.channel.AbstractChannelHandlerContext.invokeChannelInactive(AbstractChannelHandlerContext.java:281)
	at io.netty.channel.AbstractChannelHandlerContext.fireChannelInactive(AbstractChannelHandlerContext.java:274)
	at io.netty.channel.DefaultChannelPipeline$HeadContext.channelInactive(DefaultChannelPipeline.java:1405)
	at io.netty.channel.AbstractChannelHandlerContext.invokeChannelInactive(AbstractChannelHandlerContext.java:301)
	at io.netty.channel.AbstractChannelHandlerContext.invokeChannelInactive(AbstractChannelHandlerContext.java:281)
	at io.netty.channel.DefaultChannelPipeline.fireChannelInactive(DefaultChannelPipeline.java:901)
	at io.netty.channel.AbstractChannel$AbstractUnsafe$7.run(AbstractChannel.java:813)
	at io.netty.util.concurrent.AbstractEventExecutor.runTask(AbstractEventExecutor.java:173)
	at io.netty.util.concurrent.AbstractEventExecutor.safeExecute(AbstractEventExecutor.java:166)
	at io.netty.util.concurrent.SingleThreadEventExecutor.runAllTasks(SingleThreadEventExecutor.java:470)
	at io.netty.channel.nio.NioEventLoop.run(NioEventLoop.java:566)
	at io.netty.util.concurrent.SingleThreadEventExecutor$4.run(SingleThreadEventExecutor.java:997)
	at io.netty.util.internal.ThreadExecutorMap$2.run(ThreadExecutorMap.java:74)
	at io.netty.util.concurrent.FastThreadLocalRunnable.run(FastThreadLocalRunnable.java:30)
	at java.base/java.lang.Thread.run(Thread.java:840)
2026-06-18 16:57:46 [lettuce-eventExecutorLoop-1-7] INFO  i.l.core.protocol.ConnectionWatchdog - Reconnecting, last destination was localhost/<unresolved>:6379
2026-06-18 16:57:46 [lettuce-nioEventLoop-4-6] WARN  i.l.core.protocol.ConnectionWatchdog - Cannot reconnect to [localhost/<unresolved>:6379]: Connection refused: getsockopt: localhost/127.0.0.1:6379
