2026-06-18 09:05:31 [main] INFO  c.chatservice.ChatServiceApplication - Starting ChatServiceApplication using Java 17.0.17 with PID 2336 (C:\Users\Administrator\Desktop\Radius-git\Radius\chat-service\target\classes started by Administrator in C:\Users\Administrator\Desktop\Radius-git\Radius\chat-service)
2026-06-18 09:05:31 [main] DEBUG c.chatservice.ChatServiceApplication - Running with Spring Boot v3.2.3, Spring v6.1.4
2026-06-18 09:05:31 [main] INFO  c.chatservice.ChatServiceApplication - No active profile set, falling back to 1 default profile: "default"
2026-06-18 09:05:32 [main] INFO  o.s.d.r.c.RepositoryConfigurationDelegate - Multiple Spring Data modules found, entering strict repository configuration mode
2026-06-18 09:05:32 [main] INFO  o.s.d.r.c.RepositoryConfigurationDelegate - Bootstrapping Spring Data JPA repositories in DEFAULT mode.
2026-06-18 09:05:32 [main] INFO  o.s.d.r.c.RepositoryConfigurationDelegate - Finished Spring Data repository scanning in 161 ms. Found 18 JPA repository interfaces.
2026-06-18 09:05:32 [main] INFO  o.s.d.r.c.RepositoryConfigurationDelegate - Multiple Spring Data modules found, entering strict repository configuration mode
2026-06-18 09:05:32 [main] INFO  o.s.d.r.c.RepositoryConfigurationDelegate - Bootstrapping Spring Data Redis repositories in DEFAULT mode.
2026-06-18 09:05:32 [main] INFO  o.s.d.r.c.RepositoryConfigurationExtensionSupport - Spring Data Redis - Could not safely identify store assignment for repository candidate interface com.chatservice.repository.ArchivedChatRepository; If you want this repository to be a Redis repository, consider annotating your entities with one of these annotations: org.springframework.data.redis.core.RedisHash (preferred), or consider extending one of the following types with your repository: org.springframework.data.keyvalue.repository.KeyValueRepository
2026-06-18 09:05:32 [main] INFO  o.s.d.r.c.RepositoryConfigurationExtensionSupport - Spring Data Redis - Could not safely identify store assignment for repository candidate interface com.chatservice.repository.CallSessionRepository; If you want this repository to be a Redis repository, consider annotating your entities with one of these annotations: org.springframework.data.redis.core.RedisHash (preferred), or consider extending one of the following types with your repository: org.springframework.data.keyvalue.repository.KeyValueRepository
2026-06-18 09:05:32 [main] INFO  o.s.d.r.c.RepositoryConfigurationExtensionSupport - Spring Data Redis - Could not safely identify store assignment for repository candidate interface com.chatservice.repository.ChatParticipantRepository; If you want this repository to be a Redis repository, consider annotating your entities with one of these annotations: org.springframework.data.redis.core.RedisHash (preferred), or consider extending one of the following types with your repository: org.springframework.data.keyvalue.repository.KeyValueRepository
2026-06-18 09:05:32 [main] INFO  o.s.d.r.c.RepositoryConfigurationExtensionSupport - Spring Data Redis - Could not safely identify store assignment for repository candidate interface com.chatservice.repository.ChatRepository; If you want this repository to be a Redis repository, consider annotating your entities with one of these annotations: org.springframework.data.redis.core.RedisHash (preferred), or consider extending one of the following types with your repository: org.springframework.data.keyvalue.repository.KeyValueRepository
2026-06-18 09:05:32 [main] INFO  o.s.d.r.c.RepositoryConfigurationExtensionSupport - Spring Data Redis - Could not safely identify store assignment for repository candidate interface com.chatservice.repository.ChatSearchIndexRepository; If you want this repository to be a Redis repository, consider annotating your entities with one of these annotations: org.springframework.data.redis.core.RedisHash (preferred), or consider extending one of the following types with your repository: org.springframework.data.keyvalue.repository.KeyValueRepository
2026-06-18 09:05:32 [main] INFO  o.s.d.r.c.RepositoryConfigurationExtensionSupport - Spring Data Redis - Could not safely identify store assignment for repository candidate interface com.chatservice.repository.ChatSettingsRepository; If you want this repository to be a Redis repository, consider annotating your entities with one of these annotations: org.springframework.data.redis.core.RedisHash (preferred), or consider extending one of the following types with your repository: org.springframework.data.keyvalue.repository.KeyValueRepository
2026-06-18 09:05:32 [main] INFO  o.s.d.r.c.RepositoryConfigurationExtensionSupport - Spring Data Redis - Could not safely identify store assignment for repository candidate interface com.chatservice.repository.CommunityGroupLinkRepository; If you want this repository to be a Redis repository, consider annotating your entities with one of these annotations: org.springframework.data.redis.core.RedisHash (preferred), or consider extending one of the following types with your repository: org.springframework.data.keyvalue.repository.KeyValueRepository
2026-06-18 09:05:32 [main] INFO  o.s.d.r.c.RepositoryConfigurationExtensionSupport - Spring Data Redis - Could not safely identify store assignment for repository candidate interface com.chatservice.repository.CommunityInviteRepository; If you want this repository to be a Redis repository, consider annotating your entities with one of these annotations: org.springframework.data.redis.core.RedisHash (preferred), or consider extending one of the following types with your repository: org.springframework.data.keyvalue.repository.KeyValueRepository
2026-06-18 09:05:32 [main] INFO  o.s.d.r.c.RepositoryConfigurationExtensionSupport - Spring Data Redis - Could not safely identify store assignment for repository candidate interface com.chatservice.repository.CommunityJoinRequestRepository; If you want this repository to be a Redis repository, consider annotating your entities with one of these annotations: org.springframework.data.redis.core.RedisHash (preferred), or consider extending one of the following types with your repository: org.springframework.data.keyvalue.repository.KeyValueRepository
2026-06-18 09:05:32 [main] INFO  o.s.d.r.c.RepositoryConfigurationExtensionSupport - Spring Data Redis - Could not safely identify store assignment for repository candidate interface com.chatservice.repository.CommunityMemberRepository; If you want this repository to be a Redis repository, consider annotating your entities with one of these annotations: org.springframework.data.redis.core.RedisHash (preferred), or consider extending one of the following types with your repository: org.springframework.data.keyvalue.repository.KeyValueRepository
2026-06-18 09:05:32 [main] INFO  o.s.d.r.c.RepositoryConfigurationExtensionSupport - Spring Data Redis - Could not safely identify store assignment for repository candidate interface com.chatservice.repository.CommunityRepository; If you want this repository to be a Redis repository, consider annotating your entities with one of these annotations: org.springframework.data.redis.core.RedisHash (preferred), or consider extending one of the following types with your repository: org.springframework.data.keyvalue.repository.KeyValueRepository
2026-06-18 09:05:32 [main] INFO  o.s.d.r.c.RepositoryConfigurationExtensionSupport - Spring Data Redis - Could not safely identify store assignment for repository candidate interface com.chatservice.repository.GroupEventRepository; If you want this repository to be a Redis repository, consider annotating your entities with one of these annotations: org.springframework.data.redis.core.RedisHash (preferred), or consider extending one of the following types with your repository: org.springframework.data.keyvalue.repository.KeyValueRepository
2026-06-18 09:05:32 [main] INFO  o.s.d.r.c.RepositoryConfigurationExtensionSupport - Spring Data Redis - Could not safely identify store assignment for repository candidate interface com.chatservice.repository.GroupMemberRepository; If you want this repository to be a Redis repository, consider annotating your entities with one of these annotations: org.springframework.data.redis.core.RedisHash (preferred), or consider extending one of the following types with your repository: org.springframework.data.keyvalue.repository.KeyValueRepository
2026-06-18 09:05:32 [main] INFO  o.s.d.r.c.RepositoryConfigurationExtensionSupport - Spring Data Redis - Could not safely identify store assignment for repository candidate interface com.chatservice.repository.GroupRepository; If you want this repository to be a Redis repository, consider annotating your entities with one of these annotations: org.springframework.data.redis.core.RedisHash (preferred), or consider extending one of the following types with your repository: org.springframework.data.keyvalue.repository.KeyValueRepository
2026-06-18 09:05:32 [main] INFO  o.s.d.r.c.RepositoryConfigurationExtensionSupport - Spring Data Redis - Could not safely identify store assignment for repository candidate interface com.chatservice.repository.MediaAttachmentRepository; If you want this repository to be a Redis repository, consider annotating your entities with one of these annotations: org.springframework.data.redis.core.RedisHash (preferred), or consider extending one of the following types with your repository: org.springframework.data.keyvalue.repository.KeyValueRepository
2026-06-18 09:05:32 [main] INFO  o.s.d.r.c.RepositoryConfigurationExtensionSupport - Spring Data Redis - Could not safely identify store assignment for repository candidate interface com.chatservice.repository.MessageEditRepository; If you want this repository to be a Redis repository, consider annotating your entities with one of these annotations: org.springframework.data.redis.core.RedisHash (preferred), or consider extending one of the following types with your repository: org.springframework.data.keyvalue.repository.KeyValueRepository
2026-06-18 09:05:32 [main] INFO  o.s.d.r.c.RepositoryConfigurationExtensionSupport - Spring Data Redis - Could not safely identify store assignment for repository candidate interface com.chatservice.repository.MessageRepository; If you want this repository to be a Redis repository, consider annotating your entities with one of these annotations: org.springframework.data.redis.core.RedisHash (preferred), or consider extending one of the following types with your repository: org.springframework.data.keyvalue.repository.KeyValueRepository
2026-06-18 09:05:32 [main] INFO  o.s.d.r.c.RepositoryConfigurationExtensionSupport - Spring Data Redis - Could not safely identify store assignment for repository candidate interface com.chatservice.repository.MessageVisibilityRepository; If you want this repository to be a Redis repository, consider annotating your entities with one of these annotations: org.springframework.data.redis.core.RedisHash (preferred), or consider extending one of the following types with your repository: org.springframework.data.keyvalue.repository.KeyValueRepository
2026-06-18 09:05:32 [main] INFO  o.s.d.r.c.RepositoryConfigurationDelegate - Finished Spring Data repository scanning in 24 ms. Found 0 Redis repository interfaces.
2026-06-18 09:05:33 [main] INFO  o.s.cloud.context.scope.GenericScope - BeanFactory id=42e1c6ed-9cd4-35ab-9862-37780169c59f
2026-06-18 09:05:33 [main] WARN  o.s.c.s.PostProcessorRegistrationDelegate$BeanPostProcessorChecker - Bean 'org.springframework.cloud.client.loadbalancer.LoadBalancerAutoConfiguration$DeferringLoadBalancerInterceptorConfig' of type [org.springframework.cloud.client.loadbalancer.LoadBalancerAutoConfiguration$DeferringLoadBalancerInterceptorConfig] is not eligible for getting processed by all BeanPostProcessors (for example: not eligible for auto-proxying). The currently created BeanPostProcessor [lbRestClientPostProcessor] is declared through a non-static factory method on that class; consider declaring it as static instead.
2026-06-18 09:05:33 [main] WARN  o.s.c.s.PostProcessorRegistrationDelegate$BeanPostProcessorChecker - Bean 'deferringLoadBalancerInterceptor' of type [org.springframework.cloud.client.loadbalancer.DeferringLoadBalancerInterceptor] is not eligible for getting processed by all BeanPostProcessors (for example: not eligible for auto-proxying). Is this bean getting eagerly injected into a currently created BeanPostProcessor [lbRestClientPostProcessor]? Check the corresponding BeanPostProcessor declaration and its dependencies.
2026-06-18 09:05:33 [main] WARN  o.s.c.s.PostProcessorRegistrationDelegate$BeanPostProcessorChecker - Bean 'org.springframework.cloud.client.loadbalancer.reactive.LoadBalancerBeanPostProcessorAutoConfiguration' of type [org.springframework.cloud.client.loadbalancer.reactive.LoadBalancerBeanPostProcessorAutoConfiguration] is not eligible for getting processed by all BeanPostProcessors (for example: not eligible for auto-proxying). The currently created BeanPostProcessor [loadBalancerWebClientBuilderBeanPostProcessor] is declared through a non-static factory method on that class; consider declaring it as static instead.
2026-06-18 09:05:33 [main] WARN  o.s.c.s.PostProcessorRegistrationDelegate$BeanPostProcessorChecker - Bean 'org.springframework.cloud.client.loadbalancer.reactive.LoadBalancerBeanPostProcessorAutoConfiguration$ReactorDeferringLoadBalancerFilterConfig' of type [org.springframework.cloud.client.loadbalancer.reactive.LoadBalancerBeanPostProcessorAutoConfiguration$ReactorDeferringLoadBalancerFilterConfig] is not eligible for getting processed by all BeanPostProcessors (for example: not eligible for auto-proxying). Is this bean getting eagerly injected into a currently created BeanPostProcessor [loadBalancerWebClientBuilderBeanPostProcessor]? Check the corresponding BeanPostProcessor declaration and its dependencies.
2026-06-18 09:05:33 [main] WARN  o.s.c.s.PostProcessorRegistrationDelegate$BeanPostProcessorChecker - Bean 'reactorDeferringLoadBalancerExchangeFilterFunction' of type [org.springframework.cloud.client.loadbalancer.reactive.DeferringLoadBalancerExchangeFilterFunction] is not eligible for getting processed by all BeanPostProcessors (for example: not eligible for auto-proxying). Is this bean getting eagerly injected into a currently created BeanPostProcessor [loadBalancerWebClientBuilderBeanPostProcessor]? Check the corresponding BeanPostProcessor declaration and its dependencies.
2026-06-18 09:05:33 [main] INFO  o.s.b.w.e.tomcat.TomcatWebServer - Tomcat initialized with port 8084 (http)
2026-06-18 09:05:33 [main] INFO  o.a.catalina.core.StandardService - Starting service [Tomcat]
2026-06-18 09:05:33 [main] INFO  o.a.catalina.core.StandardEngine - Starting Servlet engine: [Apache Tomcat/10.1.19]
2026-06-18 09:05:33 [main] INFO  o.a.c.c.C.[Tomcat].[localhost].[/] - Initializing Spring embedded WebApplicationContext
2026-06-18 09:05:33 [main] INFO  o.s.b.w.s.c.ServletWebServerApplicationContext - Root WebApplicationContext: initialization completed in 1814 ms
2026-06-18 09:05:33 [main] DEBUG c.c.security.JwtAuthenticationFilter - Filter 'jwtAuthenticationFilter' configured for use
2026-06-18 09:05:33 [main] DEBUG c.c.c.SecurityConfig$GatewayWhitelistFilter - Filter 'securityConfig.GatewayWhitelistFilter' configured for use
2026-06-18 09:05:33 [main] INFO  o.h.jpa.internal.util.LogHelper - HHH000204: Processing PersistenceUnitInfo [name: default]
2026-06-18 09:05:33 [main] INFO  org.hibernate.Version - HHH000412: Hibernate ORM core version 6.4.4.Final
2026-06-18 09:05:33 [main] INFO  o.h.c.i.RegionFactoryInitiator - HHH000026: Second-level cache disabled
2026-06-18 09:05:34 [main] INFO  o.s.o.j.p.SpringPersistenceUnitInfo - No LoadTimeWeaver setup: ignoring JPA class transformer
2026-06-18 09:05:34 [main] INFO  com.zaxxer.hikari.HikariDataSource - HikariPool-1 - Starting...
2026-06-18 09:05:34 [main] INFO  com.zaxxer.hikari.pool.HikariPool - HikariPool-1 - Added connection org.postgresql.jdbc.PgConnection@2ec92631
2026-06-18 09:05:34 [main] INFO  com.zaxxer.hikari.HikariDataSource - HikariPool-1 - Start completed.
2026-06-18 09:05:34 [main] WARN  org.hibernate.orm.deprecation - HHH90000025: PostgreSQLDialect does not need to be specified explicitly using 'hibernate.dialect' (remove the property setting and it will be selected by default)
2026-06-18 09:05:35 [main] INFO  o.h.e.t.j.p.i.JtaPlatformInitiator - HHH000489: No JTA platform available (set 'hibernate.transaction.jta.platform' to enable JTA platform integration)
2026-06-18 09:05:35 [main] INFO  o.s.o.j.LocalContainerEntityManagerFactoryBean - Initialized JPA EntityManagerFactory for persistence unit 'default'
2026-06-18 09:05:36 [main] INFO  o.s.d.j.r.query.QueryEnhancerFactory - Hibernate is in classpath; If applicable, HQL parser will be used.
2026-06-18 09:05:38 [main] WARN  o.s.b.a.o.j.JpaBaseConfiguration$JpaWebConfiguration - spring.jpa.open-in-view is enabled by default. Therefore, database queries may be performed during view rendering. Explicitly configure spring.jpa.open-in-view to disable this warning
2026-06-18 09:05:38 [main] WARN  o.s.b.a.s.s.UserDetailsServiceAutoConfiguration - 

Using generated security password: 849ef2fc-e47f-4292-83d2-5a0ea9749551

This generated password is for development use only. Your security configuration must be updated before running your application in production.

2026-06-18 09:05:38 [main] INFO  c.chatservice.config.WebSocketConfig - WebSocket STOMP endpoint registered at /ws
2026-06-18 09:05:39 [main] INFO  o.s.c.n.e.c.DiscoveryClientOptionalArgsConfiguration - Eureka HTTP Client uses RestTemplate.
2026-06-18 09:05:39 [main] WARN  o.s.c.l.c.LoadBalancerCacheAutoConfiguration$LoadBalancerCaffeineWarnLogger - Spring Cloud LoadBalancer is currently working with the default cache. While this cache implementation is useful for development and tests, it's recommended to use Caffeine cache in production.You can switch to using Caffeine cache, by adding it and org.springframework.cache.caffeine.CaffeineCacheManager to the classpath.
2026-06-18 09:05:39 [main] INFO  o.a.k.c.admin.AdminClientConfig - AdminClientConfig values: 
	auto.include.jmx.reporter = true
	bootstrap.servers = [localhost:9092]
	client.dns.lookup = use_all_dns_ips
	client.id = 
	connections.max.idle.ms = 300000
	default.api.timeout.ms = 60000
	metadata.max.age.ms = 300000
	metric.reporters = []
	metrics.num.samples = 2
	metrics.recording.level = INFO
	metrics.sample.window.ms = 30000
	receive.buffer.bytes = 65536
	reconnect.backoff.max.ms = 1000
	reconnect.backoff.ms = 50
	request.timeout.ms = 30000
	retries = 2147483647
	retry.backoff.ms = 100
	sasl.client.callback.handler.class = null
	sasl.jaas.config = null
	sasl.kerberos.kinit.cmd = /usr/bin/kinit
	sasl.kerberos.min.time.before.relogin = 60000
	sasl.kerberos.service.name = null
	sasl.kerberos.ticket.renew.jitter = 0.05
	sasl.kerberos.ticket.renew.window.factor = 0.8
	sasl.login.callback.handler.class = null
	sasl.login.class = null
	sasl.login.connect.timeout.ms = null
	sasl.login.read.timeout.ms = null
	sasl.login.refresh.buffer.seconds = 300
	sasl.login.refresh.min.period.seconds = 60
	sasl.login.refresh.window.factor = 0.8
	sasl.login.refresh.window.jitter = 0.05
	sasl.login.retry.backoff.max.ms = 10000
	sasl.login.retry.backoff.ms = 100
	sasl.mechanism = GSSAPI
	sasl.oauthbearer.clock.skew.seconds = 30
	sasl.oauthbearer.expected.audience = null
	sasl.oauthbearer.expected.issuer = null
	sasl.oauthbearer.jwks.endpoint.refresh.ms = 3600000
	sasl.oauthbearer.jwks.endpoint.retry.backoff.max.ms = 10000
	sasl.oauthbearer.jwks.endpoint.retry.backoff.ms = 100
	sasl.oauthbearer.jwks.endpoint.url = null
	sasl.oauthbearer.scope.claim.name = scope
	sasl.oauthbearer.sub.claim.name = sub
	sasl.oauthbearer.token.endpoint.url = null
	security.protocol = PLAINTEXT
	security.providers = null
	send.buffer.bytes = 131072
	socket.connection.setup.timeout.max.ms = 30000
	socket.connection.setup.timeout.ms = 10000
	ssl.cipher.suites = null
	ssl.enabled.protocols = [TLSv1.2, TLSv1.3]
	ssl.endpoint.identification.algorithm = https
	ssl.engine.factory.class = null
	ssl.key.password = null
	ssl.keymanager.algorithm = SunX509
	ssl.keystore.certificate.chain = null
	ssl.keystore.key = null
	ssl.keystore.location = null
	ssl.keystore.password = null
	ssl.keystore.type = JKS
	ssl.protocol = TLSv1.3
	ssl.provider = null
	ssl.secure.random.implementation = null
	ssl.trustmanager.algorithm = PKIX
	ssl.truststore.certificates = null
	ssl.truststore.location = null
	ssl.truststore.password = null
	ssl.truststore.type = JKS

2026-06-18 09:05:39 [main] INFO  o.a.kafka.common.utils.AppInfoParser - Kafka version: 3.6.1
2026-06-18 09:05:39 [main] INFO  o.a.kafka.common.utils.AppInfoParser - Kafka commitId: 5e3c2b738d253ff5
2026-06-18 09:05:39 [main] INFO  o.a.kafka.common.utils.AppInfoParser - Kafka startTimeMs: 1781753739652
2026-06-18 09:05:39 [kafka-admin-client-thread | adminclient-1] INFO  o.apache.kafka.clients.NetworkClient - [AdminClient clientId=adminclient-1] Node -1 disconnected.
2026-06-18 09:05:39 [kafka-admin-client-thread | adminclient-1] WARN  o.apache.kafka.clients.NetworkClient - [AdminClient clientId=adminclient-1] Connection to node -1 (localhost/127.0.0.1:9092) could not be established. Broker may not be available.
2026-06-18 09:05:39 [kafka-admin-client-thread | adminclient-1] INFO  o.apache.kafka.clients.NetworkClient - [AdminClient clientId=adminclient-1] Node -1 disconnected.
2026-06-18 09:05:39 [kafka-admin-client-thread | adminclient-1] WARN  o.apache.kafka.clients.NetworkClient - [AdminClient clientId=adminclient-1] Connection to node -1 (localhost/127.0.0.1:9092) could not be established. Broker may not be available.
2026-06-18 09:05:39 [kafka-admin-client-thread | adminclient-1] INFO  o.apache.kafka.clients.NetworkClient - [AdminClient clientId=adminclient-1] Node -1 disconnected.
2026-06-18 09:05:39 [kafka-admin-client-thread | adminclient-1] WARN  o.apache.kafka.clients.NetworkClient - [AdminClient clientId=adminclient-1] Connection to node -1 (localhost/127.0.0.1:9092) could not be established. Broker may not be available.
2026-06-18 09:05:40 [kafka-admin-client-thread | adminclient-1] INFO  o.apache.kafka.clients.NetworkClient - [AdminClient clientId=adminclient-1] Node -1 disconnected.
2026-06-18 09:05:40 [kafka-admin-client-thread | adminclient-1] WARN  o.apache.kafka.clients.NetworkClient - [AdminClient clientId=adminclient-1] Connection to node -1 (localhost/127.0.0.1:9092) could not be established. Broker may not be available.
2026-06-18 09:05:40 [kafka-admin-client-thread | adminclient-1] INFO  o.apache.kafka.clients.NetworkClient - [AdminClient clientId=adminclient-1] Node -1 disconnected.
2026-06-18 09:05:40 [kafka-admin-client-thread | adminclient-1] WARN  o.apache.kafka.clients.NetworkClient - [AdminClient clientId=adminclient-1] Connection to node -1 (localhost/127.0.0.1:9092) could not be established. Broker may not be available.
2026-06-18 09:05:41 [kafka-admin-client-thread | adminclient-1] INFO  o.apache.kafka.clients.NetworkClient - [AdminClient clientId=adminclient-1] Node -1 disconnected.
2026-06-18 09:05:41 [kafka-admin-client-thread | adminclient-1] WARN  o.apache.kafka.clients.NetworkClient - [AdminClient clientId=adminclient-1] Connection to node -1 (localhost/127.0.0.1:9092) could not be established. Broker may not be available.
2026-06-18 09:05:42 [kafka-admin-client-thread | adminclient-1] INFO  o.apache.kafka.clients.NetworkClient - [AdminClient clientId=adminclient-1] Node -1 disconnected.
2026-06-18 09:05:42 [kafka-admin-client-thread | adminclient-1] WARN  o.apache.kafka.clients.NetworkClient - [AdminClient clientId=adminclient-1] Connection to node -1 (localhost/127.0.0.1:9092) could not be established. Broker may not be available.
2026-06-18 09:05:43 [kafka-admin-client-thread | adminclient-1] INFO  o.apache.kafka.clients.NetworkClient - [AdminClient clientId=adminclient-1] Node -1 disconnected.
2026-06-18 09:05:43 [kafka-admin-client-thread | adminclient-1] WARN  o.apache.kafka.clients.NetworkClient - [AdminClient clientId=adminclient-1] Connection to node -1 (localhost/127.0.0.1:9092) could not be established. Broker may not be available.
2026-06-18 09:05:45 [kafka-admin-client-thread | adminclient-1] INFO  o.apache.kafka.clients.NetworkClient - [AdminClient clientId=adminclient-1] Node -1 disconnected.
2026-06-18 09:05:45 [kafka-admin-client-thread | adminclient-1] WARN  o.apache.kafka.clients.NetworkClient - [AdminClient clientId=adminclient-1] Connection to node -1 (localhost/127.0.0.1:9092) could not be established. Broker may not be available.
2026-06-18 09:05:46 [kafka-admin-client-thread | adminclient-1] INFO  o.apache.kafka.clients.NetworkClient - [AdminClient clientId=adminclient-1] Node -1 disconnected.
2026-06-18 09:05:46 [kafka-admin-client-thread | adminclient-1] WARN  o.apache.kafka.clients.NetworkClient - [AdminClient clientId=adminclient-1] Connection to node -1 (localhost/127.0.0.1:9092) could not be established. Broker may not be available.
2026-06-18 09:05:47 [kafka-admin-client-thread | adminclient-1] INFO  o.apache.kafka.clients.NetworkClient - [AdminClient clientId=adminclient-1] Node -1 disconnected.
2026-06-18 09:05:47 [kafka-admin-client-thread | adminclient-1] WARN  o.apache.kafka.clients.NetworkClient - [AdminClient clientId=adminclient-1] Connection to node -1 (localhost/127.0.0.1:9092) could not be established. Broker may not be available.
2026-06-18 09:05:48 [kafka-admin-client-thread | adminclient-1] INFO  o.apache.kafka.clients.NetworkClient - [AdminClient clientId=adminclient-1] Node -1 disconnected.
2026-06-18 09:05:48 [kafka-admin-client-thread | adminclient-1] WARN  o.apache.kafka.clients.NetworkClient - [AdminClient clientId=adminclient-1] Connection to node -1 (localhost/127.0.0.1:9092) could not be established. Broker may not be available.
2026-06-18 09:05:49 [kafka-admin-client-thread | adminclient-1] INFO  o.apache.kafka.clients.NetworkClient - [AdminClient clientId=adminclient-1] Node -1 disconnected.
2026-06-18 09:05:49 [kafka-admin-client-thread | adminclient-1] WARN  o.apache.kafka.clients.NetworkClient - [AdminClient clientId=adminclient-1] Connection to node -1 (localhost/127.0.0.1:9092) could not be established. Broker may not be available.
2026-06-18 09:05:50 [kafka-admin-client-thread | adminclient-1] INFO  o.apache.kafka.clients.NetworkClient - [AdminClient clientId=adminclient-1] Node -1 disconnected.
2026-06-18 09:05:50 [kafka-admin-client-thread | adminclient-1] WARN  o.apache.kafka.clients.NetworkClient - [AdminClient clientId=adminclient-1] Connection to node -1 (localhost/127.0.0.1:9092) could not be established. Broker may not be available.
2026-06-18 09:05:51 [kafka-admin-client-thread | adminclient-1] INFO  o.apache.kafka.clients.NetworkClient - [AdminClient clientId=adminclient-1] Node -1 disconnected.
2026-06-18 09:05:51 [kafka-admin-client-thread | adminclient-1] WARN  o.apache.kafka.clients.NetworkClient - [AdminClient clientId=adminclient-1] Connection to node -1 (localhost/127.0.0.1:9092) could not be established. Broker may not be available.
2026-06-18 09:05:52 [kafka-admin-client-thread | adminclient-1] INFO  o.apache.kafka.clients.NetworkClient - [AdminClient clientId=adminclient-1] Node -1 disconnected.
2026-06-18 09:05:52 [kafka-admin-client-thread | adminclient-1] WARN  o.apache.kafka.clients.NetworkClient - [AdminClient clientId=adminclient-1] Connection to node -1 (localhost/127.0.0.1:9092) could not be established. Broker may not be available.
2026-06-18 09:05:53 [kafka-admin-client-thread | adminclient-1] INFO  o.apache.kafka.clients.NetworkClient - [AdminClient clientId=adminclient-1] Node -1 disconnected.
2026-06-18 09:05:53 [kafka-admin-client-thread | adminclient-1] WARN  o.apache.kafka.clients.NetworkClient - [AdminClient clientId=adminclient-1] Connection to node -1 (localhost/127.0.0.1:9092) could not be established. Broker may not be available.
2026-06-18 09:05:54 [kafka-admin-client-thread | adminclient-1] INFO  o.apache.kafka.clients.NetworkClient - [AdminClient clientId=adminclient-1] Node -1 disconnected.
2026-06-18 09:05:54 [kafka-admin-client-thread | adminclient-1] WARN  o.apache.kafka.clients.NetworkClient - [AdminClient clientId=adminclient-1] Connection to node -1 (localhost/127.0.0.1:9092) could not be established. Broker may not be available.
2026-06-18 09:05:55 [kafka-admin-client-thread | adminclient-1] INFO  o.apache.kafka.clients.NetworkClient - [AdminClient clientId=adminclient-1] Node -1 disconnected.
2026-06-18 09:05:55 [kafka-admin-client-thread | adminclient-1] WARN  o.apache.kafka.clients.NetworkClient - [AdminClient clientId=adminclient-1] Connection to node -1 (localhost/127.0.0.1:9092) could not be established. Broker may not be available.
2026-06-18 09:05:56 [kafka-admin-client-thread | adminclient-1] INFO  o.apache.kafka.clients.NetworkClient - [AdminClient clientId=adminclient-1] Node -1 disconnected.
2026-06-18 09:05:56 [kafka-admin-client-thread | adminclient-1] WARN  o.apache.kafka.clients.NetworkClient - [AdminClient clientId=adminclient-1] Connection to node -1 (localhost/127.0.0.1:9092) could not be established. Broker may not be available.
2026-06-18 09:05:57 [kafka-admin-client-thread | adminclient-1] INFO  o.apache.kafka.clients.NetworkClient - [AdminClient clientId=adminclient-1] Node -1 disconnected.
2026-06-18 09:05:57 [kafka-admin-client-thread | adminclient-1] WARN  o.apache.kafka.clients.NetworkClient - [AdminClient clientId=adminclient-1] Connection to node -1 (localhost/127.0.0.1:9092) could not be established. Broker may not be available.
2026-06-18 09:05:58 [kafka-admin-client-thread | adminclient-1] INFO  o.apache.kafka.clients.NetworkClient - [AdminClient clientId=adminclient-1] Node -1 disconnected.
2026-06-18 09:05:58 [kafka-admin-client-thread | adminclient-1] WARN  o.apache.kafka.clients.NetworkClient - [AdminClient clientId=adminclient-1] Connection to node -1 (localhost/127.0.0.1:9092) could not be established. Broker may not be available.
2026-06-18 09:05:59 [kafka-admin-client-thread | adminclient-1] INFO  o.apache.kafka.clients.NetworkClient - [AdminClient clientId=adminclient-1] Node -1 disconnected.
2026-06-18 09:05:59 [kafka-admin-client-thread | adminclient-1] WARN  o.apache.kafka.clients.NetworkClient - [AdminClient clientId=adminclient-1] Connection to node -1 (localhost/127.0.0.1:9092) could not be established. Broker may not be available.
2026-06-18 09:06:01 [kafka-admin-client-thread | adminclient-1] INFO  o.apache.kafka.clients.NetworkClient - [AdminClient clientId=adminclient-1] Node -1 disconnected.
2026-06-18 09:06:01 [kafka-admin-client-thread | adminclient-1] WARN  o.apache.kafka.clients.NetworkClient - [AdminClient clientId=adminclient-1] Connection to node -1 (localhost/127.0.0.1:9092) could not be established. Broker may not be available.
2026-06-18 09:06:02 [kafka-admin-client-thread | adminclient-1] INFO  o.apache.kafka.clients.NetworkClient - [AdminClient clientId=adminclient-1] Node -1 disconnected.
2026-06-18 09:06:02 [kafka-admin-client-thread | adminclient-1] WARN  o.apache.kafka.clients.NetworkClient - [AdminClient clientId=adminclient-1] Connection to node -1 (localhost/127.0.0.1:9092) could not be established. Broker may not be available.
2026-06-18 09:06:03 [kafka-admin-client-thread | adminclient-1] INFO  o.apache.kafka.clients.NetworkClient - [AdminClient clientId=adminclient-1] Node -1 disconnected.
2026-06-18 09:06:03 [kafka-admin-client-thread | adminclient-1] WARN  o.apache.kafka.clients.NetworkClient - [AdminClient clientId=adminclient-1] Connection to node -1 (localhost/127.0.0.1:9092) could not be established. Broker may not be available.
2026-06-18 09:06:03 [kafka-admin-client-thread | adminclient-1] INFO  o.apache.kafka.clients.NetworkClient - [AdminClient clientId=adminclient-1] Node -1 disconnected.
2026-06-18 09:06:03 [kafka-admin-client-thread | adminclient-1] WARN  o.apache.kafka.clients.NetworkClient - [AdminClient clientId=adminclient-1] Connection to node -1 (localhost/127.0.0.1:9092) could not be established. Broker may not be available.
2026-06-18 09:06:04 [kafka-admin-client-thread | adminclient-1] INFO  o.apache.kafka.clients.NetworkClient - [AdminClient clientId=adminclient-1] Node -1 disconnected.
2026-06-18 09:06:04 [kafka-admin-client-thread | adminclient-1] WARN  o.apache.kafka.clients.NetworkClient - [AdminClient clientId=adminclient-1] Connection to node -1 (localhost/127.0.0.1:9092) could not be established. Broker may not be available.
2026-06-18 09:06:05 [kafka-admin-client-thread | adminclient-1] INFO  o.apache.kafka.clients.NetworkClient - [AdminClient clientId=adminclient-1] Node -1 disconnected.
2026-06-18 09:06:05 [kafka-admin-client-thread | adminclient-1] WARN  o.apache.kafka.clients.NetworkClient - [AdminClient clientId=adminclient-1] Connection to node -1 (localhost/127.0.0.1:9092) could not be established. Broker may not be available.
2026-06-18 09:06:07 [kafka-admin-client-thread | adminclient-1] INFO  o.apache.kafka.clients.NetworkClient - [AdminClient clientId=adminclient-1] Node -1 disconnected.
2026-06-18 09:06:07 [kafka-admin-client-thread | adminclient-1] WARN  o.apache.kafka.clients.NetworkClient - [AdminClient clientId=adminclient-1] Connection to node -1 (localhost/127.0.0.1:9092) could not be established. Broker may not be available.
2026-06-18 09:06:08 [kafka-admin-client-thread | adminclient-1] INFO  o.apache.kafka.clients.NetworkClient - [AdminClient clientId=adminclient-1] Node -1 disconnected.
2026-06-18 09:06:08 [kafka-admin-client-thread | adminclient-1] WARN  o.apache.kafka.clients.NetworkClient - [AdminClient clientId=adminclient-1] Connection to node -1 (localhost/127.0.0.1:9092) could not be established. Broker may not be available.
2026-06-18 09:06:09 [kafka-admin-client-thread | adminclient-1] INFO  o.apache.kafka.clients.NetworkClient - [AdminClient clientId=adminclient-1] Node -1 disconnected.
2026-06-18 09:06:09 [kafka-admin-client-thread | adminclient-1] WARN  o.apache.kafka.clients.NetworkClient - [AdminClient clientId=adminclient-1] Connection to node -1 (localhost/127.0.0.1:9092) could not be established. Broker may not be available.
2026-06-18 09:06:09 [kafka-admin-client-thread | adminclient-1] INFO  o.a.k.c.a.i.AdminMetadataManager - [AdminClient clientId=adminclient-1] Metadata update failed
org.apache.kafka.common.errors.TimeoutException: Timed out waiting for a node assignment. Call: fetchMetadata
2026-06-18 09:06:09 [main] ERROR o.s.kafka.core.KafkaAdmin - Could not configure topics
org.springframework.kafka.KafkaException: Timed out waiting to get existing topics
	at org.springframework.kafka.core.KafkaAdmin.lambda$checkPartitions$11(KafkaAdmin.java:520)
	at java.base/java.util.HashMap.forEach(HashMap.java:1421)
	at org.springframework.kafka.core.KafkaAdmin.checkPartitions(KafkaAdmin.java:499)
	at org.springframework.kafka.core.KafkaAdmin.addOrModifyTopicsIfNeeded(KafkaAdmin.java:392)
	at org.springframework.kafka.core.KafkaAdmin.initialize(KafkaAdmin.java:258)
	at org.springframework.kafka.core.KafkaAdmin.afterSingletonsInstantiated(KafkaAdmin.java:222)
	at org.springframework.beans.factory.support.DefaultListableBeanFactory.preInstantiateSingletons(DefaultListableBeanFactory.java:986)
	at org.springframework.context.support.AbstractApplicationContext.finishBeanFactoryInitialization(AbstractApplicationContext.java:959)
	at org.springframework.context.support.AbstractApplicationContext.refresh(AbstractApplicationContext.java:624)
	at org.springframework.boot.web.servlet.context.ServletWebServerApplicationContext.refresh(ServletWebServerApplicationContext.java:146)
	at org.springframework.boot.SpringApplication.refresh(SpringApplication.java:754)
	at org.springframework.boot.SpringApplication.refreshContext(SpringApplication.java:456)
	at org.springframework.boot.SpringApplication.run(SpringApplication.java:334)
	at org.springframework.boot.SpringApplication.run(SpringApplication.java:1354)
	at org.springframework.boot.SpringApplication.run(SpringApplication.java:1343)
	at com.chatservice.ChatServiceApplication.main(ChatServiceApplication.java:9)
Caused by: java.util.concurrent.TimeoutException: null
	at java.base/java.util.concurrent.CompletableFuture.timedGet(CompletableFuture.java:1960)
	at java.base/java.util.concurrent.CompletableFuture.get(CompletableFuture.java:2095)
	at org.apache.kafka.common.internals.KafkaFutureImpl.get(KafkaFutureImpl.java:180)
	at org.springframework.kafka.core.KafkaAdmin.lambda$checkPartitions$11(KafkaAdmin.java:502)
	... 15 common frames omitted
2026-06-18 09:06:10 [kafka-admin-client-thread | adminclient-1] INFO  o.apache.kafka.clients.NetworkClient - [AdminClient clientId=adminclient-1] Node -1 disconnected.
2026-06-18 09:06:10 [kafka-admin-client-thread | adminclient-1] WARN  o.apache.kafka.clients.NetworkClient - [AdminClient clientId=adminclient-1] Connection to node -1 (localhost/127.0.0.1:9092) could not be established. Broker may not be available.
2026-06-18 09:06:11 [kafka-admin-client-thread | adminclient-1] INFO  o.apache.kafka.clients.NetworkClient - [AdminClient clientId=adminclient-1] Node -1 disconnected.
2026-06-18 09:06:11 [kafka-admin-client-thread | adminclient-1] WARN  o.apache.kafka.clients.NetworkClient - [AdminClient clientId=adminclient-1] Connection to node -1 (localhost/127.0.0.1:9092) could not be established. Broker may not be available.
2026-06-18 09:06:12 [kafka-admin-client-thread | adminclient-1] INFO  o.apache.kafka.clients.NetworkClient - [AdminClient clientId=adminclient-1] Node -1 disconnected.
2026-06-18 09:06:12 [kafka-admin-client-thread | adminclient-1] WARN  o.apache.kafka.clients.NetworkClient - [AdminClient clientId=adminclient-1] Connection to node -1 (localhost/127.0.0.1:9092) could not be established. Broker may not be available.
2026-06-18 09:06:13 [kafka-admin-client-thread | adminclient-1] INFO  o.apache.kafka.clients.NetworkClient - [AdminClient clientId=adminclient-1] Node -1 disconnected.
2026-06-18 09:06:13 [kafka-admin-client-thread | adminclient-1] WARN  o.apache.kafka.clients.NetworkClient - [AdminClient clientId=adminclient-1] Connection to node -1 (localhost/127.0.0.1:9092) could not be established. Broker may not be available.
2026-06-18 09:06:14 [kafka-admin-client-thread | adminclient-1] INFO  o.apache.kafka.clients.NetworkClient - [AdminClient clientId=adminclient-1] Node -1 disconnected.
2026-06-18 09:06:14 [kafka-admin-client-thread | adminclient-1] WARN  o.apache.kafka.clients.NetworkClient - [AdminClient clientId=adminclient-1] Connection to node -1 (localhost/127.0.0.1:9092) could not be established. Broker may not be available.
2026-06-18 09:06:15 [kafka-admin-client-thread | adminclient-1] INFO  o.apache.kafka.clients.NetworkClient - [AdminClient clientId=adminclient-1] Node -1 disconnected.
2026-06-18 09:06:15 [kafka-admin-client-thread | adminclient-1] WARN  o.apache.kafka.clients.NetworkClient - [AdminClient clientId=adminclient-1] Connection to node -1 (localhost/127.0.0.1:9092) could not be established. Broker may not be available.
2026-06-18 09:06:16 [kafka-admin-client-thread | adminclient-1] INFO  o.apache.kafka.clients.NetworkClient - [AdminClient clientId=adminclient-1] Node -1 disconnected.
2026-06-18 09:06:16 [kafka-admin-client-thread | adminclient-1] WARN  o.apache.kafka.clients.NetworkClient - [AdminClient clientId=adminclient-1] Connection to node -1 (localhost/127.0.0.1:9092) could not be established. Broker may not be available.
2026-06-18 09:06:17 [kafka-admin-client-thread | adminclient-1] INFO  o.apache.kafka.clients.NetworkClient - [AdminClient clientId=adminclient-1] Node -1 disconnected.
2026-06-18 09:06:17 [kafka-admin-client-thread | adminclient-1] WARN  o.apache.kafka.clients.NetworkClient - [AdminClient clientId=adminclient-1] Connection to node -1 (localhost/127.0.0.1:9092) could not be established. Broker may not be available.
2026-06-18 09:06:18 [kafka-admin-client-thread | adminclient-1] INFO  o.apache.kafka.clients.NetworkClient - [AdminClient clientId=adminclient-1] Node -1 disconnected.
2026-06-18 09:06:18 [kafka-admin-client-thread | adminclient-1] WARN  o.apache.kafka.clients.NetworkClient - [AdminClient clientId=adminclient-1] Connection to node -1 (localhost/127.0.0.1:9092) could not be established. Broker may not be available.
2026-06-18 09:06:19 [kafka-admin-client-thread | adminclient-1] INFO  o.apache.kafka.clients.NetworkClient - [AdminClient clientId=adminclient-1] Node -1 disconnected.
2026-06-18 09:06:19 [kafka-admin-client-thread | adminclient-1] WARN  o.apache.kafka.clients.NetworkClient - [AdminClient clientId=adminclient-1] Connection to node -1 (localhost/127.0.0.1:9092) could not be established. Broker may not be available.
2026-06-18 09:06:19 [kafka-admin-client-thread | adminclient-1] INFO  o.a.k.clients.admin.KafkaAdminClient - [AdminClient clientId=adminclient-1] Forcing a hard I/O thread shutdown. Requests in progress will be aborted.
2026-06-18 09:06:19 [kafka-admin-client-thread | adminclient-1] INFO  o.a.kafka.common.utils.AppInfoParser - App info kafka.admin.client for adminclient-1 unregistered
2026-06-18 09:06:19 [kafka-admin-client-thread | adminclient-1] INFO  o.a.k.c.a.i.AdminMetadataManager - [AdminClient clientId=adminclient-1] Metadata update failed
org.apache.kafka.common.errors.TimeoutException: The AdminClient thread has exited. Call: fetchMetadata
2026-06-18 09:06:19 [kafka-admin-client-thread | adminclient-1] INFO  o.a.k.clients.admin.KafkaAdminClient - [AdminClient clientId=adminclient-1] Timed out 2 remaining operation(s) during close.
2026-06-18 09:06:19 [kafka-admin-client-thread | adminclient-1] INFO  o.a.kafka.common.metrics.Metrics - Metrics scheduler closed
2026-06-18 09:06:19 [kafka-admin-client-thread | adminclient-1] INFO  o.a.kafka.common.metrics.Metrics - Closing reporter org.apache.kafka.common.metrics.JmxReporter
2026-06-18 09:06:19 [kafka-admin-client-thread | adminclient-1] INFO  o.a.kafka.common.metrics.Metrics - Metrics reporters closed
2026-06-18 09:06:19 [main] INFO  o.s.c.n.eureka.InstanceInfoFactory - Setting initial instance status as: STARTING
2026-06-18 09:06:19 [main] INFO  c.netflix.discovery.DiscoveryClient - Initializing Eureka in region us-east-1
2026-06-18 09:06:19 [main] INFO  c.n.d.s.r.aws.ConfigClusterResolver - Resolving eureka endpoints via configuration
2026-06-18 09:06:19 [main] INFO  c.netflix.discovery.DiscoveryClient - Disable delta property : false
2026-06-18 09:06:19 [main] INFO  c.netflix.discovery.DiscoveryClient - Single vip registry refresh property : null
2026-06-18 09:06:19 [main] INFO  c.netflix.discovery.DiscoveryClient - Force full registry fetch : false
2026-06-18 09:06:19 [main] INFO  c.netflix.discovery.DiscoveryClient - Application is null : false
2026-06-18 09:06:19 [main] INFO  c.netflix.discovery.DiscoveryClient - Registered Applications size is zero : true
2026-06-18 09:06:19 [main] INFO  c.netflix.discovery.DiscoveryClient - Application version is -1: true
2026-06-18 09:06:19 [main] INFO  c.netflix.discovery.DiscoveryClient - Getting all instance registry info from the eureka server
2026-06-18 09:06:20 [main] INFO  c.netflix.discovery.DiscoveryClient - The response status is 200
2026-06-18 09:06:20 [main] INFO  c.netflix.discovery.DiscoveryClient - Starting heartbeat executor: renew interval is: 30
2026-06-18 09:06:20 [main] INFO  c.n.discovery.InstanceInfoReplicator - InstanceInfoReplicator onDemand update allowed rate per min is 4
2026-06-18 09:06:20 [main] INFO  c.netflix.discovery.DiscoveryClient - Discovery Client initialized at timestamp 1781753780457 with initial instances count: 3
2026-06-18 09:06:20 [main] INFO  o.s.c.n.e.s.EurekaServiceRegistry - Registering application CHAT-SERVICE with eureka with status UP
2026-06-18 09:06:20 [main] INFO  c.netflix.discovery.DiscoveryClient - Saw local status change event StatusChangeEvent [timestamp=1781753780467, current=UP, previous=STARTING]
2026-06-18 09:06:20 [DiscoveryClient-InstanceInfoReplicator-0] INFO  c.netflix.discovery.DiscoveryClient - DiscoveryClient_CHAT-SERVICE/chat-service:8084: registering service...
2026-06-18 09:06:20 [main] INFO  o.s.b.w.e.tomcat.TomcatWebServer - Tomcat started on port 8084 (http) with context path ''
2026-06-18 09:06:20 [main] INFO  o.s.c.n.e.s.EurekaAutoServiceRegistration - Updating port to 8084
2026-06-18 09:06:20 [DiscoveryClient-InstanceInfoReplicator-0] INFO  c.netflix.discovery.DiscoveryClient - DiscoveryClient_CHAT-SERVICE/chat-service:8084 - registration status: 204
2026-06-18 09:06:20 [main] INFO  o.a.k.c.consumer.ConsumerConfig - ConsumerConfig values: 
	allow.auto.create.topics = true
	auto.commit.interval.ms = 5000
	auto.include.jmx.reporter = true
	auto.offset.reset = earliest
	bootstrap.servers = [localhost:9092]
	check.crcs = true
	client.dns.lookup = use_all_dns_ips
	client.id = consumer-chat-service-group-1
	client.rack = 
	connections.max.idle.ms = 540000
	default.api.timeout.ms = 60000
	enable.auto.commit = false
	exclude.internal.topics = true
	fetch.max.bytes = 52428800
	fetch.max.wait.ms = 500
	fetch.min.bytes = 1
	group.id = chat-service-group
	group.instance.id = null
	heartbeat.interval.ms = 3000
	interceptor.classes = []
	internal.leave.group.on.close = true
	internal.throw.on.fetch.stable.offset.unsupported = false
	isolation.level = read_uncommitted
	key.deserializer = class org.apache.kafka.common.serialization.StringDeserializer
	max.partition.fetch.bytes = 1048576
	max.poll.interval.ms = 300000
	max.poll.records = 500
	metadata.max.age.ms = 300000
	metric.reporters = []
	metrics.num.samples = 2
	metrics.recording.level = INFO
	metrics.sample.window.ms = 30000
	partition.assignment.strategy = [class org.apache.kafka.clients.consumer.RangeAssignor, class org.apache.kafka.clients.consumer.CooperativeStickyAssignor]
	receive.buffer.bytes = 65536
	reconnect.backoff.max.ms = 1000
	reconnect.backoff.ms = 50
	request.timeout.ms = 30000
	retry.backoff.ms = 100
	sasl.client.callback.handler.class = null
	sasl.jaas.config = null
	sasl.kerberos.kinit.cmd = /usr/bin/kinit
	sasl.kerberos.min.time.before.relogin = 60000
	sasl.kerberos.service.name = null
	sasl.kerberos.ticket.renew.jitter = 0.05
	sasl.kerberos.ticket.renew.window.factor = 0.8
	sasl.login.callback.handler.class = null
	sasl.login.class = null
	sasl.login.connect.timeout.ms = null
	sasl.login.read.timeout.ms = null
	sasl.login.refresh.buffer.seconds = 300
	sasl.login.refresh.min.period.seconds = 60
	sasl.login.refresh.window.factor = 0.8
	sasl.login.refresh.window.jitter = 0.05
	sasl.login.retry.backoff.max.ms = 10000
	sasl.login.retry.backoff.ms = 100
	sasl.mechanism = GSSAPI
	sasl.oauthbearer.clock.skew.seconds = 30
	sasl.oauthbearer.expected.audience = null
	sasl.oauthbearer.expected.issuer = null
	sasl.oauthbearer.jwks.endpoint.refresh.ms = 3600000
	sasl.oauthbearer.jwks.endpoint.retry.backoff.max.ms = 10000
	sasl.oauthbearer.jwks.endpoint.retry.backoff.ms = 100
	sasl.oauthbearer.jwks.endpoint.url = null
	sasl.oauthbearer.scope.claim.name = scope
	sasl.oauthbearer.sub.claim.name = sub
	sasl.oauthbearer.token.endpoint.url = null
	security.protocol = PLAINTEXT
	security.providers = null
	send.buffer.bytes = 131072
	session.timeout.ms = 45000
	socket.connection.setup.timeout.max.ms = 30000
	socket.connection.setup.timeout.ms = 10000
	ssl.cipher.suites = null
	ssl.enabled.protocols = [TLSv1.2, TLSv1.3]
	ssl.endpoint.identification.algorithm = https
	ssl.engine.factory.class = null
	ssl.key.password = null
	ssl.keymanager.algorithm = SunX509
	ssl.keystore.certificate.chain = null
	ssl.keystore.key = null
	ssl.keystore.location = null
	ssl.keystore.password = null
	ssl.keystore.type = JKS
	ssl.protocol = TLSv1.3
	ssl.provider = null
	ssl.secure.random.implementation = null
	ssl.trustmanager.algorithm = PKIX
	ssl.truststore.certificates = null
	ssl.truststore.location = null
	ssl.truststore.password = null
	ssl.truststore.type = JKS
	value.deserializer = class org.apache.kafka.common.serialization.StringDeserializer

2026-06-18 09:06:21 [main] INFO  o.a.kafka.common.utils.AppInfoParser - Kafka version: 3.6.1
2026-06-18 09:06:21 [main] INFO  o.a.kafka.common.utils.AppInfoParser - Kafka commitId: 5e3c2b738d253ff5
2026-06-18 09:06:21 [main] INFO  o.a.kafka.common.utils.AppInfoParser - Kafka startTimeMs: 1781753781097
2026-06-18 09:06:21 [main] INFO  o.a.k.c.consumer.ConsumerConfig - ConsumerConfig values: 
	allow.auto.create.topics = true
	auto.commit.interval.ms = 5000
	auto.include.jmx.reporter = true
	auto.offset.reset = earliest
	bootstrap.servers = [localhost:9092]
	check.crcs = true
	client.dns.lookup = use_all_dns_ips
	client.id = consumer-chat-service-group-2
	client.rack = 
	connections.max.idle.ms = 540000
	default.api.timeout.ms = 60000
	enable.auto.commit = false
	exclude.internal.topics = true
	fetch.max.bytes = 52428800
	fetch.max.wait.ms = 500
	fetch.min.bytes = 1
	group.id = chat-service-group
	group.instance.id = null
	heartbeat.interval.ms = 3000
	interceptor.classes = []
	internal.leave.group.on.close = true
	internal.throw.on.fetch.stable.offset.unsupported = false
	isolation.level = read_uncommitted
	key.deserializer = class org.apache.kafka.common.serialization.StringDeserializer
	max.partition.fetch.bytes = 1048576
	max.poll.interval.ms = 300000
	max.poll.records = 500
	metadata.max.age.ms = 300000
	metric.reporters = []
	metrics.num.samples = 2
	metrics.recording.level = INFO
	metrics.sample.window.ms = 30000
	partition.assignment.strategy = [class org.apache.kafka.clients.consumer.RangeAssignor, class org.apache.kafka.clients.consumer.CooperativeStickyAssignor]
	receive.buffer.bytes = 65536
	reconnect.backoff.max.ms = 1000
	reconnect.backoff.ms = 50
	request.timeout.ms = 30000
	retry.backoff.ms = 100
	sasl.client.callback.handler.class = null
	sasl.jaas.config = null
	sasl.kerberos.kinit.cmd = /usr/bin/kinit
	sasl.kerberos.min.time.before.relogin = 60000
	sasl.kerberos.service.name = null
	sasl.kerberos.ticket.renew.jitter = 0.05
	sasl.kerberos.ticket.renew.window.factor = 0.8
	sasl.login.callback.handler.class = null
	sasl.login.class = null
	sasl.login.connect.timeout.ms = null
	sasl.login.read.timeout.ms = null
	sasl.login.refresh.buffer.seconds = 300
	sasl.login.refresh.min.period.seconds = 60
	sasl.login.refresh.window.factor = 0.8
	sasl.login.refresh.window.jitter = 0.05
	sasl.login.retry.backoff.max.ms = 10000
	sasl.login.retry.backoff.ms = 100
	sasl.mechanism = GSSAPI
	sasl.oauthbearer.clock.skew.seconds = 30
	sasl.oauthbearer.expected.audience = null
	sasl.oauthbearer.expected.issuer = null
	sasl.oauthbearer.jwks.endpoint.refresh.ms = 3600000
	sasl.oauthbearer.jwks.endpoint.retry.backoff.max.ms = 10000
	sasl.oauthbearer.jwks.endpoint.retry.backoff.ms = 100
	sasl.oauthbearer.jwks.endpoint.url = null
	sasl.oauthbearer.scope.claim.name = scope
	sasl.oauthbearer.sub.claim.name = sub
	sasl.oauthbearer.token.endpoint.url = null
	security.protocol = PLAINTEXT
	security.providers = null
	send.buffer.bytes = 131072
	session.timeout.ms = 45000
	socket.connection.setup.timeout.max.ms = 30000
	socket.connection.setup.timeout.ms = 10000
	ssl.cipher.suites = null
	ssl.enabled.protocols = [TLSv1.2, TLSv1.3]
	ssl.endpoint.identification.algorithm = https
	ssl.engine.factory.class = null
	ssl.key.password = null
	ssl.keymanager.algorithm = SunX509
	ssl.keystore.certificate.chain = null
	ssl.keystore.key = null
	ssl.keystore.location = null
	ssl.keystore.password = null
	ssl.keystore.type = JKS
	ssl.protocol = TLSv1.3
	ssl.provider = null
	ssl.secure.random.implementation = null
	ssl.trustmanager.algorithm = PKIX
	ssl.truststore.certificates = null
	ssl.truststore.location = null
	ssl.truststore.password = null
	ssl.truststore.type = JKS
	value.deserializer = class org.apache.kafka.common.serialization.StringDeserializer

2026-06-18 09:06:21 [main] INFO  o.a.kafka.common.utils.AppInfoParser - Kafka version: 3.6.1
2026-06-18 09:06:21 [main] INFO  o.a.kafka.common.utils.AppInfoParser - Kafka commitId: 5e3c2b738d253ff5
2026-06-18 09:06:21 [main] INFO  o.a.kafka.common.utils.AppInfoParser - Kafka startTimeMs: 1781753781153
2026-06-18 09:06:21 [main] INFO  o.a.k.c.consumer.ConsumerConfig - ConsumerConfig values: 
	allow.auto.create.topics = true
	auto.commit.interval.ms = 5000
	auto.include.jmx.reporter = true
	auto.offset.reset = earliest
	bootstrap.servers = [localhost:9092]
	check.crcs = true
	client.dns.lookup = use_all_dns_ips
	client.id = consumer-chat-service-group-3
	client.rack = 
	connections.max.idle.ms = 540000
	default.api.timeout.ms = 60000
	enable.auto.commit = false
	exclude.internal.topics = true
	fetch.max.bytes = 52428800
	fetch.max.wait.ms = 500
	fetch.min.bytes = 1
	group.id = chat-service-group
	group.instance.id = null
	heartbeat.interval.ms = 3000
	interceptor.classes = []
	internal.leave.group.on.close = true
	internal.throw.on.fetch.stable.offset.unsupported = false
	isolation.level = read_uncommitted
	key.deserializer = class org.apache.kafka.common.serialization.StringDeserializer
	max.partition.fetch.bytes = 1048576
	max.poll.interval.ms = 300000
	max.poll.records = 500
	metadata.max.age.ms = 300000
	metric.reporters = []
	metrics.num.samples = 2
	metrics.recording.level = INFO
	metrics.sample.window.ms = 30000
	partition.assignment.strategy = [class org.apache.kafka.clients.consumer.RangeAssignor, class org.apache.kafka.clients.consumer.CooperativeStickyAssignor]
	receive.buffer.bytes = 65536
	reconnect.backoff.max.ms = 1000
	reconnect.backoff.ms = 50
	request.timeout.ms = 30000
	retry.backoff.ms = 100
	sasl.client.callback.handler.class = null
	sasl.jaas.config = null
	sasl.kerberos.kinit.cmd = /usr/bin/kinit
	sasl.kerberos.min.time.before.relogin = 60000
	sasl.kerberos.service.name = null
	sasl.kerberos.ticket.renew.jitter = 0.05
	sasl.kerberos.ticket.renew.window.factor = 0.8
	sasl.login.callback.handler.class = null
	sasl.login.class = null
	sasl.login.connect.timeout.ms = null
	sasl.login.read.timeout.ms = null
	sasl.login.refresh.buffer.seconds = 300
	sasl.login.refresh.min.period.seconds = 60
	sasl.login.refresh.window.factor = 0.8
	sasl.login.refresh.window.jitter = 0.05
	sasl.login.retry.backoff.max.ms = 10000
	sasl.login.retry.backoff.ms = 100
	sasl.mechanism = GSSAPI
	sasl.oauthbearer.clock.skew.seconds = 30
	sasl.oauthbearer.expected.audience = null
	sasl.oauthbearer.expected.issuer = null
	sasl.oauthbearer.jwks.endpoint.refresh.ms = 3600000
	sasl.oauthbearer.jwks.endpoint.retry.backoff.max.ms = 10000
	sasl.oauthbearer.jwks.endpoint.retry.backoff.ms = 100
	sasl.oauthbearer.jwks.endpoint.url = null
	sasl.oauthbearer.scope.claim.name = scope
	sasl.oauthbearer.sub.claim.name = sub
	sasl.oauthbearer.token.endpoint.url = null
	security.protocol = PLAINTEXT
	security.providers = null
	send.buffer.bytes = 131072
	session.timeout.ms = 45000
	socket.connection.setup.timeout.max.ms = 30000
	socket.connection.setup.timeout.ms = 10000
	ssl.cipher.suites = null
	ssl.enabled.protocols = [TLSv1.2, TLSv1.3]
	ssl.endpoint.identification.algorithm = https
	ssl.engine.factory.class = null
	ssl.key.password = null
	ssl.keymanager.algorithm = SunX509
	ssl.keystore.certificate.chain = null
	ssl.keystore.key = null
	ssl.keystore.location = null
	ssl.keystore.password = null
	ssl.keystore.type = JKS
	ssl.protocol = TLSv1.3
	ssl.provider = null
	ssl.secure.random.implementation = null
	ssl.trustmanager.algorithm = PKIX
	ssl.truststore.certificates = null
	ssl.truststore.location = null
	ssl.truststore.password = null
	ssl.truststore.type = JKS
	value.deserializer = class org.apache.kafka.common.serialization.StringDeserializer

2026-06-18 09:06:21 [main] INFO  o.a.kafka.common.utils.AppInfoParser - Kafka version: 3.6.1
2026-06-18 09:06:21 [main] INFO  o.a.kafka.common.utils.AppInfoParser - Kafka commitId: 5e3c2b738d253ff5
2026-06-18 09:06:21 [main] INFO  o.a.kafka.common.utils.AppInfoParser - Kafka startTimeMs: 1781753781180
2026-06-18 09:06:21 [main] INFO  o.s.m.s.b.SimpleBrokerMessageHandler - Starting...
2026-06-18 09:06:21 [main] INFO  o.s.m.s.b.SimpleBrokerMessageHandler - BrokerAvailabilityEvent[available=true, SimpleBrokerMessageHandler [org.springframework.messaging.simp.broker.DefaultSubscriptionRegistry@47560281]]
2026-06-18 09:06:21 [main] INFO  o.s.m.s.b.SimpleBrokerMessageHandler - Started.
2026-06-18 09:06:21 [main] INFO  c.chatservice.ChatServiceApplication - Started ChatServiceApplication in 50.215 seconds (process running for 50.669)
2026-06-18 09:06:21 [org.springframework.kafka.KafkaListenerEndpointContainer#0-0-C-1] INFO  o.apache.kafka.clients.NetworkClient - [Consumer clientId=consumer-chat-service-group-2, groupId=chat-service-group] Node -1 disconnected.
2026-06-18 09:06:21 [org.springframework.kafka.KafkaListenerEndpointContainer#2-0-C-1] INFO  o.apache.kafka.clients.NetworkClient - [Consumer clientId=consumer-chat-service-group-1, groupId=chat-service-group] Node -1 disconnected.
2026-06-18 09:06:21 [org.springframework.kafka.KafkaListenerEndpointContainer#1-0-C-1] INFO  o.apache.kafka.clients.NetworkClient - [Consumer clientId=consumer-chat-service-group-3, groupId=chat-service-group] Node -1 disconnected.
2026-06-18 09:06:21 [org.springframework.kafka.KafkaListenerEndpointContainer#0-0-C-1] WARN  o.apache.kafka.clients.NetworkClient - [Consumer clientId=consumer-chat-service-group-2, groupId=chat-service-group] Connection to node -1 (localhost/127.0.0.1:9092) could not be established. Broker may not be available.
2026-06-18 09:06:21 [org.springframework.kafka.KafkaListenerEndpointContainer#2-0-C-1] WARN  o.apache.kafka.clients.NetworkClient - [Consumer clientId=consumer-chat-service-group-1, groupId=chat-service-group] Connection to node -1 (localhost/127.0.0.1:9092) could not be established. Broker may not be available.
2026-06-18 09:06:21 [org.springframework.kafka.KafkaListenerEndpointContainer#1-0-C-1] WARN  o.apache.kafka.clients.NetworkClient - [Consumer clientId=consumer-chat-service-group-3, groupId=chat-service-group] Connection to node -1 (localhost/127.0.0.1:9092) could not be established. Broker may not be available.
2026-06-18 09:06:21 [org.springframework.kafka.KafkaListenerEndpointContainer#0-0-C-1] WARN  o.apache.kafka.clients.NetworkClient - [Consumer clientId=consumer-chat-service-group-2, groupId=chat-service-group] Bootstrap broker localhost:9092 (id: -1 rack: null) disconnected
2026-06-18 09:06:21 [org.springframework.kafka.KafkaListenerEndpointContainer#2-0-C-1] WARN  o.apache.kafka.clients.NetworkClient - [Consumer clientId=consumer-chat-service-group-1, groupId=chat-service-group] Bootstrap broker localhost:9092 (id: -1 rack: null) disconnected
2026-06-18 09:06:21 [org.springframework.kafka.KafkaListenerEndpointContainer#1-0-C-1] WARN  o.apache.kafka.clients.NetworkClient - [Consumer clientId=consumer-chat-service-group-3, groupId=chat-service-group] Bootstrap broker localhost:9092 (id: -1 rack: null) disconnected
2026-06-18 09:06:21 [org.springframework.kafka.KafkaListenerEndpointContainer#0-0-C-1] INFO  o.apache.kafka.clients.NetworkClient - [Consumer clientId=consumer-chat-service-group-2, groupId=chat-service-group] Node -1 disconnected.
2026-06-18 09:06:21 [org.springframework.kafka.KafkaListenerEndpointContainer#1-0-C-1] INFO  o.apache.kafka.clients.NetworkClient - [Consumer clientId=consumer-chat-service-group-3, groupId=chat-service-group] Node -1 disconnected.
2026-06-18 09:06:21 [org.springframework.kafka.KafkaListenerEndpointContainer#2-0-C-1] INFO  o.apache.kafka.clients.NetworkClient - [Consumer clientId=consumer-chat-service-group-1, groupId=chat-service-group] Node -1 disconnected.
2026-06-18 09:06:21 [org.springframework.kafka.KafkaListenerEndpointContainer#0-0-C-1] WARN  o.apache.kafka.clients.NetworkClient - [Consumer clientId=consumer-chat-service-group-2, groupId=chat-service-group] Connection to node -1 (localhost/127.0.0.1:9092) could not be established. Broker may not be available.
2026-06-18 09:06:21 [org.springframework.kafka.KafkaListenerEndpointContainer#1-0-C-1] WARN  o.apache.kafka.clients.NetworkClient - [Consumer clientId=consumer-chat-service-group-3, groupId=chat-service-group] Connection to node -1 (localhost/127.0.0.1:9092) could not be established. Broker may not be available.
2026-06-18 09:06:21 [org.springframework.kafka.KafkaListenerEndpointContainer#2-0-C-1] WARN  o.apache.kafka.clients.NetworkClient - [Consumer clientId=consumer-chat-service-group-1, groupId=chat-service-group] Connection to node -1 (localhost/127.0.0.1:9092) could not be established. Broker may not be available.
2026-06-18 09:06:21 [org.springframework.kafka.KafkaListenerEndpointContainer#0-0-C-1] WARN  o.apache.kafka.clients.NetworkClient - [Consumer clientId=consumer-chat-service-group-2, groupId=chat-service-group] Bootstrap broker localhost:9092 (id: -1 rack: null) disconnected
2026-06-18 09:06:21 [org.springframework.kafka.KafkaListenerEndpointContainer#1-0-C-1] WARN  o.apache.kafka.clients.NetworkClient - [Consumer clientId=consumer-chat-service-group-3, groupId=chat-service-group] Bootstrap broker localhost:9092 (id: -1 rack: null) disconnected
2026-06-18 09:06:21 [org.springframework.kafka.KafkaListenerEndpointContainer#2-0-C-1] WARN  o.apache.kafka.clients.NetworkClient - [Consumer clientId=consumer-chat-service-group-1, groupId=chat-service-group] Bootstrap broker localhost:9092 (id: -1 rack: null) disconnected
2026-06-18 09:06:21 [org.springframework.kafka.KafkaListenerEndpointContainer#1-0-C-1] INFO  o.apache.kafka.clients.NetworkClient - [Consumer clientId=consumer-chat-service-group-3, groupId=chat-service-group] Node -1 disconnected.
2026-06-18 09:06:21 [org.springframework.kafka.KafkaListenerEndpointContainer#1-0-C-1] WARN  o.apache.kafka.clients.NetworkClient - [Consumer clientId=consumer-chat-service-group-3, groupId=chat-service-group] Connection to node -1 (localhost/127.0.0.1:9092) could not be established. Broker may not be available.
2026-06-18 09:06:21 [org.springframework.kafka.KafkaListenerEndpointContainer#1-0-C-1] WARN  o.apache.kafka.clients.NetworkClient - [Consumer clientId=consumer-chat-service-group-3, groupId=chat-service-group] Bootstrap broker localhost:9092 (id: -1 rack: null) disconnected
2026-06-18 09:06:22 [org.springframework.kafka.KafkaListenerEndpointContainer#2-0-C-1] INFO  o.apache.kafka.clients.NetworkClient - [Consumer clientId=consumer-chat-service-group-1, groupId=chat-service-group] Node -1 disconnected.
2026-06-18 09:06:22 [org.springframework.kafka.KafkaListenerEndpointContainer#0-0-C-1] INFO  o.apache.kafka.clients.NetworkClient - [Consumer clientId=consumer-chat-service-group-2, groupId=chat-service-group] Node -1 disconnected.
2026-06-18 09:06:22 [org.springframework.kafka.KafkaListenerEndpointContainer#2-0-C-1] WARN  o.apache.kafka.clients.NetworkClient - [Consumer clientId=consumer-chat-service-group-1, groupId=chat-service-group] Connection to node -1 (localhost/127.0.0.1:9092) could not be established. Broker may not be available.
2026-06-18 09:06:22 [org.springframework.kafka.KafkaListenerEndpointContainer#0-0-C-1] WARN  o.apache.kafka.clients.NetworkClient - [Consumer clientId=consumer-chat-service-group-2, groupId=chat-service-group] Connection to node -1 (localhost/127.0.0.1:9092) could not be established. Broker may not be available.
2026-06-18 09:06:22 [org.springframework.kafka.KafkaListenerEndpointContainer#2-0-C-1] WARN  o.apache.kafka.clients.NetworkClient - [Consumer clientId=consumer-chat-service-group-1, groupId=chat-service-group] Bootstrap broker localhost:9092 (id: -1 rack: null) disconnected
2026-06-18 09:06:22 [org.springframework.kafka.KafkaListenerEndpointContainer#0-0-C-1] WARN  o.apache.kafka.clients.NetworkClient - [Consumer clientId=consumer-chat-service-group-2, groupId=chat-service-group] Bootstrap broker localhost:9092 (id: -1 rack: null) disconnected
2026-06-18 09:06:22 [org.springframework.kafka.KafkaListenerEndpointContainer#1-0-C-1] INFO  o.apache.kafka.clients.NetworkClient - [Consumer clientId=consumer-chat-service-group-3, groupId=chat-service-group] Node -1 disconnected.
2026-06-18 09:06:22 [org.springframework.kafka.KafkaListenerEndpointContainer#1-0-C-1] WARN  o.apache.kafka.clients.NetworkClient - [Consumer clientId=consumer-chat-service-group-3, groupId=chat-service-group] Connection to node -1 (localhost/127.0.0.1:9092) could not be established. Broker may not be available.
2026-06-18 09:06:22 [org.springframework.kafka.KafkaListenerEndpointContainer#1-0-C-1] WARN  o.apache.kafka.clients.NetworkClient - [Consumer clientId=consumer-chat-service-group-3, groupId=chat-service-group] Bootstrap broker localhost:9092 (id: -1 rack: null) disconnected
2026-06-18 09:06:22 [org.springframework.kafka.KafkaListenerEndpointContainer#0-0-C-1] INFO  o.apache.kafka.clients.NetworkClient - [Consumer clientId=consumer-chat-service-group-2, groupId=chat-service-group] Node -1 disconnected.
2026-06-18 09:06:22 [org.springframework.kafka.KafkaListenerEndpointContainer#0-0-C-1] WARN  o.apache.kafka.clients.NetworkClient - [Consumer clientId=consumer-chat-service-group-2, groupId=chat-service-group] Connection to node -1 (localhost/127.0.0.1:9092) could not be established. Broker may not be available.
2026-06-18 09:06:22 [org.springframework.kafka.KafkaListenerEndpointContainer#0-0-C-1] WARN  o.apache.kafka.clients.NetworkClient - [Consumer clientId=consumer-chat-service-group-2, groupId=chat-service-group] Bootstrap broker localhost:9092 (id: -1 rack: null) disconnected
2026-06-18 09:06:22 [org.springframework.kafka.KafkaListenerEndpointContainer#2-0-C-1] INFO  o.apache.kafka.clients.NetworkClient - [Consumer clientId=consumer-chat-service-group-1, groupId=chat-service-group] Node -1 disconnected.
2026-06-18 09:06:22 [org.springframework.kafka.KafkaListenerEndpointContainer#2-0-C-1] WARN  o.apache.kafka.clients.NetworkClient - [Consumer clientId=consumer-chat-service-group-1, groupId=chat-service-group] Connection to node -1 (localhost/127.0.0.1:9092) could not be established. Broker may not be available.
2026-06-18 09:06:22 [org.springframework.kafka.KafkaListenerEndpointContainer#2-0-C-1] WARN  o.apache.kafka.clients.NetworkClient - [Consumer clientId=consumer-chat-service-group-1, groupId=chat-service-group] Bootstrap broker localhost:9092 (id: -1 rack: null) disconnected
2026-06-18 09:06:22 [org.springframework.kafka.KafkaListenerEndpointContainer#1-0-C-1] INFO  o.apache.kafka.clients.NetworkClient - [Consumer clientId=consumer-chat-service-group-3, groupId=chat-service-group] Node -1 disconnected.
2026-06-18 09:06:22 [org.springframework.kafka.KafkaListenerEndpointContainer#1-0-C-1] WARN  o.apache.kafka.clients.NetworkClient - [Consumer clientId=consumer-chat-service-group-3, groupId=chat-service-group] Connection to node -1 (localhost/127.0.0.1:9092) could not be established. Broker may not be available.
2026-06-18 09:06:22 [org.springframework.kafka.KafkaListenerEndpointContainer#1-0-C-1] WARN  o.apache.kafka.clients.NetworkClient - [Consumer clientId=consumer-chat-service-group-3, groupId=chat-service-group] Bootstrap broker localhost:9092 (id: -1 rack: null) disconnected
2026-06-18 09:06:22 [org.springframework.kafka.KafkaListenerEndpointContainer#0-0-C-1] INFO  o.apache.kafka.clients.NetworkClient - [Consumer clientId=consumer-chat-service-group-2, groupId=chat-service-group] Node -1 disconnected.
2026-06-18 09:06:22 [org.springframework.kafka.KafkaListenerEndpointContainer#0-0-C-1] WARN  o.apache.kafka.clients.NetworkClient - [Consumer clientId=consumer-chat-service-group-2, groupId=chat-service-group] Connection to node -1 (localhost/127.0.0.1:9092) could not be established. Broker may not be available.
2026-06-18 09:06:22 [org.springframework.kafka.KafkaListenerEndpointContainer#0-0-C-1] WARN  o.apache.kafka.clients.NetworkClient - [Consumer clientId=consumer-chat-service-group-2, groupId=chat-service-group] Bootstrap broker localhost:9092 (id: -1 rack: null) disconnected
2026-06-18 09:06:22 [org.springframework.kafka.KafkaListenerEndpointContainer#2-0-C-1] INFO  o.apache.kafka.clients.NetworkClient - [Consumer clientId=consumer-chat-service-group-1, groupId=chat-service-group] Node -1 disconnected.
2026-06-18 09:06:22 [org.springframework.kafka.KafkaListenerEndpointContainer#2-0-C-1] WARN  o.apache.kafka.clients.NetworkClient - [Consumer clientId=consumer-chat-service-group-1, groupId=chat-service-group] Connection to node -1 (localhost/127.0.0.1:9092) could not be established. Broker may not be available.
2026-06-18 09:06:22 [org.springframework.kafka.KafkaListenerEndpointContainer#2-0-C-1] WARN  o.apache.kafka.clients.NetworkClient - [Consumer clientId=consumer-chat-service-group-1, groupId=chat-service-group] Bootstrap broker localhost:9092 (id: -1 rack: null) disconnected
2026-06-18 09:06:23 [org.springframework.kafka.KafkaListenerEndpointContainer#1-0-C-1] INFO  o.apache.kafka.clients.NetworkClient - [Consumer clientId=consumer-chat-service-group-3, groupId=chat-service-group] Node -1 disconnected.
2026-06-18 09:06:23 [org.springframework.kafka.KafkaListenerEndpointContainer#1-0-C-1] WARN  o.apache.kafka.clients.NetworkClient - [Consumer clientId=consumer-chat-service-group-3, groupId=chat-service-group] Connection to node -1 (localhost/127.0.0.1:9092) could not be established. Broker may not be available.
2026-06-18 09:06:23 [org.springframework.kafka.KafkaListenerEndpointContainer#1-0-C-1] WARN  o.apache.kafka.clients.NetworkClient - [Consumer clientId=consumer-chat-service-group-3, groupId=chat-service-group] Bootstrap broker localhost:9092 (id: -1 rack: null) disconnected
2026-06-18 09:06:23 [org.springframework.kafka.KafkaListenerEndpointContainer#0-0-C-1] INFO  o.apache.kafka.clients.NetworkClient - [Consumer clientId=consumer-chat-service-group-2, groupId=chat-service-group] Node -1 disconnected.
2026-06-18 09:06:23 [org.springframework.kafka.KafkaListenerEndpointContainer#0-0-C-1] WARN  o.apache.kafka.clients.NetworkClient - [Consumer clientId=consumer-chat-service-group-2, groupId=chat-service-group] Connection to node -1 (localhost/127.0.0.1:9092) could not be established. Broker may not be available.
2026-06-18 09:06:23 [org.springframework.kafka.KafkaListenerEndpointContainer#0-0-C-1] WARN  o.apache.kafka.clients.NetworkClient - [Consumer clientId=consumer-chat-service-group-2, groupId=chat-service-group] Bootstrap broker localhost:9092 (id: -1 rack: null) disconnected
2026-06-18 09:06:23 [org.springframework.kafka.KafkaListenerEndpointContainer#2-0-C-1] INFO  o.apache.kafka.clients.NetworkClient - [Consumer clientId=consumer-chat-service-group-1, groupId=chat-service-group] Node -1 disconnected.
2026-06-18 09:06:23 [org.springframework.kafka.KafkaListenerEndpointContainer#2-0-C-1] WARN  o.apache.kafka.clients.NetworkClient - [Consumer clientId=consumer-chat-service-group-1, groupId=chat-service-group] Connection to node -1 (localhost/127.0.0.1:9092) could not be established. Broker may not be available.
2026-06-18 09:06:23 [org.springframework.kafka.KafkaListenerEndpointContainer#2-0-C-1] WARN  o.apache.kafka.clients.NetworkClient - [Consumer clientId=consumer-chat-service-group-1, groupId=chat-service-group] Bootstrap broker localhost:9092 (id: -1 rack: null) disconnected
2026-06-18 09:06:24 [org.springframework.kafka.KafkaListenerEndpointContainer#1-0-C-1] INFO  o.apache.kafka.clients.NetworkClient - [Consumer clientId=consumer-chat-service-group-3, groupId=chat-service-group] Node -1 disconnected.
2026-06-18 09:06:24 [org.springframework.kafka.KafkaListenerEndpointContainer#1-0-C-1] WARN  o.apache.kafka.clients.NetworkClient - [Consumer clientId=consumer-chat-service-group-3, groupId=chat-service-group] Connection to node -1 (localhost/127.0.0.1:9092) could not be established. Broker may not be available.
2026-06-18 09:06:24 [org.springframework.kafka.KafkaListenerEndpointContainer#1-0-C-1] WARN  o.apache.kafka.clients.NetworkClient - [Consumer clientId=consumer-chat-service-group-3, groupId=chat-service-group] Bootstrap broker localhost:9092 (id: -1 rack: null) disconnected
2026-06-18 09:06:24 [org.springframework.kafka.KafkaListenerEndpointContainer#2-0-C-1] INFO  o.apache.kafka.clients.NetworkClient - [Consumer clientId=consumer-chat-service-group-1, groupId=chat-service-group] Node -1 disconnected.
2026-06-18 09:06:24 [org.springframework.kafka.KafkaListenerEndpointContainer#2-0-C-1] WARN  o.apache.kafka.clients.NetworkClient - [Consumer clientId=consumer-chat-service-group-1, groupId=chat-service-group] Connection to node -1 (localhost/127.0.0.1:9092) could not be established. Broker may not be available.
2026-06-18 09:06:24 [org.springframework.kafka.KafkaListenerEndpointContainer#2-0-C-1] WARN  o.apache.kafka.clients.NetworkClient - [Consumer clientId=consumer-chat-service-group-1, groupId=chat-service-group] Bootstrap broker localhost:9092 (id: -1 rack: null) disconnected
2026-06-18 09:06:24 [org.springframework.kafka.KafkaListenerEndpointContainer#0-0-C-1] INFO  o.apache.kafka.clients.NetworkClient - [Consumer clientId=consumer-chat-service-group-2, groupId=chat-service-group] Node -1 disconnected.
2026-06-18 09:06:24 [org.springframework.kafka.KafkaListenerEndpointContainer#0-0-C-1] WARN  o.apache.kafka.clients.NetworkClient - [Consumer clientId=consumer-chat-service-group-2, groupId=chat-service-group] Connection to node -1 (localhost/127.0.0.1:9092) could not be established. Broker may not be available.
2026-06-18 09:06:24 [org.springframework.kafka.KafkaListenerEndpointContainer#0-0-C-1] WARN  o.apache.kafka.clients.NetworkClient - [Consumer clientId=consumer-chat-service-group-2, groupId=chat-service-group] Bootstrap broker localhost:9092 (id: -1 rack: null) disconnected
2026-06-18 09:06:25 [org.springframework.kafka.KafkaListenerEndpointContainer#2-0-C-1] INFO  o.apache.kafka.clients.NetworkClient - [Consumer clientId=consumer-chat-service-group-1, groupId=chat-service-group] Node -1 disconnected.
2026-06-18 09:06:25 [org.springframework.kafka.KafkaListenerEndpointContainer#2-0-C-1] WARN  o.apache.kafka.clients.NetworkClient - [Consumer clientId=consumer-chat-service-group-1, groupId=chat-service-group] Connection to node -1 (localhost/127.0.0.1:9092) could not be established. Broker may not be available.
2026-06-18 09:06:25 [org.springframework.kafka.KafkaListenerEndpointContainer#2-0-C-1] WARN  o.apache.kafka.clients.NetworkClient - [Consumer clientId=consumer-chat-service-group-1, groupId=chat-service-group] Bootstrap broker localhost:9092 (id: -1 rack: null) disconnected
2026-06-18 09:06:25 [org.springframework.kafka.KafkaListenerEndpointContainer#0-0-C-1] INFO  o.apache.kafka.clients.NetworkClient - [Consumer clientId=consumer-chat-service-group-2, groupId=chat-service-group] Node -1 disconnected.
2026-06-18 09:06:25 [org.springframework.kafka.KafkaListenerEndpointContainer#0-0-C-1] WARN  o.apache.kafka.clients.NetworkClient - [Consumer clientId=consumer-chat-service-group-2, groupId=chat-service-group] Connection to node -1 (localhost/127.0.0.1:9092) could not be established. Broker may not be available.
2026-06-18 09:06:25 [org.springframework.kafka.KafkaListenerEndpointContainer#0-0-C-1] WARN  o.apache.kafka.clients.NetworkClient - [Consumer clientId=consumer-chat-service-group-2, groupId=chat-service-group] Bootstrap broker localhost:9092 (id: -1 rack: null) disconnected
2026-06-18 09:06:25 [org.springframework.kafka.KafkaListenerEndpointContainer#1-0-C-1] INFO  o.apache.kafka.clients.NetworkClient - [Consumer clientId=consumer-chat-service-group-3, groupId=chat-service-group] Node -1 disconnected.
2026-06-18 09:06:25 [org.springframework.kafka.KafkaListenerEndpointContainer#1-0-C-1] WARN  o.apache.kafka.clients.NetworkClient - [Consumer clientId=consumer-chat-service-group-3, groupId=chat-service-group] Connection to node -1 (localhost/127.0.0.1:9092) could not be established. Broker may not be available.
2026-06-18 09:06:25 [org.springframework.kafka.KafkaListenerEndpointContainer#1-0-C-1] WARN  o.apache.kafka.clients.NetworkClient - [Consumer clientId=consumer-chat-service-group-3, groupId=chat-service-group] Bootstrap broker localhost:9092 (id: -1 rack: null) disconnected
2026-06-18 09:06:26 [org.springframework.kafka.KafkaListenerEndpointContainer#1-0-C-1] INFO  o.apache.kafka.clients.NetworkClient - [Consumer clientId=consumer-chat-service-group-3, groupId=chat-service-group] Node -1 disconnected.
2026-06-18 09:06:26 [org.springframework.kafka.KafkaListenerEndpointContainer#1-0-C-1] WARN  o.apache.kafka.clients.NetworkClient - [Consumer clientId=consumer-chat-service-group-3, groupId=chat-service-group] Connection to node -1 (localhost/127.0.0.1:9092) could not be established. Broker may not be available.
2026-06-18 09:06:26 [org.springframework.kafka.KafkaListenerEndpointContainer#1-0-C-1] WARN  o.apache.kafka.clients.NetworkClient - [Consumer clientId=consumer-chat-service-group-3, groupId=chat-service-group] Bootstrap broker localhost:9092 (id: -1 rack: null) disconnected
2026-06-18 09:06:26 [org.springframework.kafka.KafkaListenerEndpointContainer#0-0-C-1] INFO  o.apache.kafka.clients.NetworkClient - [Consumer clientId=consumer-chat-service-group-2, groupId=chat-service-group] Node -1 disconnected.
2026-06-18 09:06:26 [org.springframework.kafka.KafkaListenerEndpointContainer#0-0-C-1] WARN  o.apache.kafka.clients.NetworkClient - [Consumer clientId=consumer-chat-service-group-2, groupId=chat-service-group] Connection to node -1 (localhost/127.0.0.1:9092) could not be established. Broker may not be available.
2026-06-18 09:06:26 [org.springframework.kafka.KafkaListenerEndpointContainer#0-0-C-1] WARN  o.apache.kafka.clients.NetworkClient - [Consumer clientId=consumer-chat-service-group-2, groupId=chat-service-group] Bootstrap broker localhost:9092 (id: -1 rack: null) disconnected
2026-06-18 09:06:26 [org.springframework.kafka.KafkaListenerEndpointContainer#2-0-C-1] INFO  o.apache.kafka.clients.NetworkClient - [Consumer clientId=consumer-chat-service-group-1, groupId=chat-service-group] Node -1 disconnected.
2026-06-18 09:06:26 [org.springframework.kafka.KafkaListenerEndpointContainer#2-0-C-1] WARN  o.apache.kafka.clients.NetworkClient - [Consumer clientId=consumer-chat-service-group-1, groupId=chat-service-group] Connection to node -1 (localhost/127.0.0.1:9092) could not be established. Broker may not be available.
2026-06-18 09:06:26 [org.springframework.kafka.KafkaListenerEndpointContainer#2-0-C-1] WARN  o.apache.kafka.clients.NetworkClient - [Consumer clientId=consumer-chat-service-group-1, groupId=chat-service-group] Bootstrap broker localhost:9092 (id: -1 rack: null) disconnected
2026-06-18 09:06:27 [org.springframework.kafka.KafkaListenerEndpointContainer#2-0-C-1] INFO  o.apache.kafka.clients.NetworkClient - [Consumer clientId=consumer-chat-service-group-1, groupId=chat-service-group] Node -1 disconnected.
2026-06-18 09:06:27 [org.springframework.kafka.KafkaListenerEndpointContainer#2-0-C-1] WARN  o.apache.kafka.clients.NetworkClient - [Consumer clientId=consumer-chat-service-group-1, groupId=chat-service-group] Connection to node -1 (localhost/127.0.0.1:9092) could not be established. Broker may not be available.
2026-06-18 09:06:27 [org.springframework.kafka.KafkaListenerEndpointContainer#2-0-C-1] WARN  o.apache.kafka.clients.NetworkClient - [Consumer clientId=consumer-chat-service-group-1, groupId=chat-service-group] Bootstrap broker localhost:9092 (id: -1 rack: null) disconnected
2026-06-18 09:06:27 [org.springframework.kafka.KafkaListenerEndpointContainer#1-0-C-1] INFO  o.apache.kafka.clients.NetworkClient - [Consumer clientId=consumer-chat-service-group-3, groupId=chat-service-group] Node -1 disconnected.
2026-06-18 09:06:27 [org.springframework.kafka.KafkaListenerEndpointContainer#1-0-C-1] WARN  o.apache.kafka.clients.NetworkClient - [Consumer clientId=consumer-chat-service-group-3, groupId=chat-service-group] Connection to node -1 (localhost/127.0.0.1:9092) could not be established. Broker may not be available.
2026-06-18 09:06:27 [org.springframework.kafka.KafkaListenerEndpointContainer#1-0-C-1] WARN  o.apache.kafka.clients.NetworkClient - [Consumer clientId=consumer-chat-service-group-3, groupId=chat-service-group] Bootstrap broker localhost:9092 (id: -1 rack: null) disconnected
2026-06-18 09:06:27 [org.springframework.kafka.KafkaListenerEndpointContainer#0-0-C-1] INFO  o.apache.kafka.clients.NetworkClient - [Consumer clientId=consumer-chat-service-group-2, groupId=chat-service-group] Node -1 disconnected.
2026-06-18 09:06:27 [org.springframework.kafka.KafkaListenerEndpointContainer#0-0-C-1] WARN  o.apache.kafka.clients.NetworkClient - [Consumer clientId=consumer-chat-service-group-2, groupId=chat-service-group] Connection to node -1 (localhost/127.0.0.1:9092) could not be established. Broker may not be available.
2026-06-18 09:06:27 [org.springframework.kafka.KafkaListenerEndpointContainer#0-0-C-1] WARN  o.apache.kafka.clients.NetworkClient - [Consumer clientId=consumer-chat-service-group-2, groupId=chat-service-group] Bootstrap broker localhost:9092 (id: -1 rack: null) disconnected
2026-06-18 09:06:28 [org.springframework.kafka.KafkaListenerEndpointContainer#2-0-C-1] INFO  o.apache.kafka.clients.NetworkClient - [Consumer clientId=consumer-chat-service-group-1, groupId=chat-service-group] Node -1 disconnected.
2026-06-18 09:06:28 [org.springframework.kafka.KafkaListenerEndpointContainer#2-0-C-1] WARN  o.apache.kafka.clients.NetworkClient - [Consumer clientId=consumer-chat-service-group-1, groupId=chat-service-group] Connection to node -1 (localhost/127.0.0.1:9092) could not be established. Broker may not be available.
2026-06-18 09:06:28 [org.springframework.kafka.KafkaListenerEndpointContainer#2-0-C-1] WARN  o.apache.kafka.clients.NetworkClient - [Consumer clientId=consumer-chat-service-group-1, groupId=chat-service-group] Bootstrap broker localhost:9092 (id: -1 rack: null) disconnected
2026-06-18 09:06:28 [org.springframework.kafka.KafkaListenerEndpointContainer#0-0-C-1] INFO  o.apache.kafka.clients.NetworkClient - [Consumer clientId=consumer-chat-service-group-2, groupId=chat-service-group] Node -1 disconnected.
2026-06-18 09:06:28 [org.springframework.kafka.KafkaListenerEndpointContainer#0-0-C-1] WARN  o.apache.kafka.clients.NetworkClient - [Consumer clientId=consumer-chat-service-group-2, groupId=chat-service-group] Connection to node -1 (localhost/127.0.0.1:9092) could not be established. Broker may not be available.
2026-06-18 09:06:28 [org.springframework.kafka.KafkaListenerEndpointContainer#0-0-C-1] WARN  o.apache.kafka.clients.NetworkClient - [Consumer clientId=consumer-chat-service-group-2, groupId=chat-service-group] Bootstrap broker localhost:9092 (id: -1 rack: null) disconnected
2026-06-18 09:06:28 [org.springframework.kafka.KafkaListenerEndpointContainer#1-0-C-1] INFO  o.apache.kafka.clients.NetworkClient - [Consumer clientId=consumer-chat-service-group-3, groupId=chat-service-group] Node -1 disconnected.
2026-06-18 09:06:28 [org.springframework.kafka.KafkaListenerEndpointContainer#1-0-C-1] WARN  o.apache.kafka.clients.NetworkClient - [Consumer clientId=consumer-chat-service-group-3, groupId=chat-service-group] Connection to node -1 (localhost/127.0.0.1:9092) could not be established. Broker may not be available.
2026-06-18 09:06:28 [org.springframework.kafka.KafkaListenerEndpointContainer#1-0-C-1] WARN  o.apache.kafka.clients.NetworkClient - [Consumer clientId=consumer-chat-service-group-3, groupId=chat-service-group] Bootstrap broker localhost:9092 (id: -1 rack: null) disconnected
2026-06-18 09:06:29 [org.springframework.kafka.KafkaListenerEndpointContainer#2-0-C-1] INFO  o.apache.kafka.clients.NetworkClient - [Consumer clientId=consumer-chat-service-group-1, groupId=chat-service-group] Node -1 disconnected.
2026-06-18 09:06:29 [org.springframework.kafka.KafkaListenerEndpointContainer#2-0-C-1] WARN  o.apache.kafka.clients.NetworkClient - [Consumer clientId=consumer-chat-service-group-1, groupId=chat-service-group] Connection to node -1 (localhost/127.0.0.1:9092) could not be established. Broker may not be available.
2026-06-18 09:06:29 [org.springframework.kafka.KafkaListenerEndpointContainer#2-0-C-1] WARN  o.apache.kafka.clients.NetworkClient - [Consumer clientId=consumer-chat-service-group-1, groupId=chat-service-group] Bootstrap broker localhost:9092 (id: -1 rack: null) disconnected
2026-06-18 09:06:29 [org.springframework.kafka.KafkaListenerEndpointContainer#0-0-C-1] INFO  o.apache.kafka.clients.NetworkClient - [Consumer clientId=consumer-chat-service-group-2, groupId=chat-service-group] Node -1 disconnected.
2026-06-18 09:06:29 [org.springframework.kafka.KafkaListenerEndpointContainer#0-0-C-1] WARN  o.apache.kafka.clients.NetworkClient - [Consumer clientId=consumer-chat-service-group-2, groupId=chat-service-group] Connection to node -1 (localhost/127.0.0.1:9092) could not be established. Broker may not be available.
2026-06-18 09:06:29 [org.springframework.kafka.KafkaListenerEndpointContainer#0-0-C-1] WARN  o.apache.kafka.clients.NetworkClient - [Consumer clientId=consumer-chat-service-group-2, groupId=chat-service-group] Bootstrap broker localhost:9092 (id: -1 rack: null) disconnected
2026-06-18 09:06:29 [org.springframework.kafka.KafkaListenerEndpointContainer#1-0-C-1] INFO  o.apache.kafka.clients.NetworkClient - [Consumer clientId=consumer-chat-service-group-3, groupId=chat-service-group] Node -1 disconnected.
2026-06-18 09:06:29 [org.springframework.kafka.KafkaListenerEndpointContainer#1-0-C-1] WARN  o.apache.kafka.clients.NetworkClient - [Consumer clientId=consumer-chat-service-group-3, groupId=chat-service-group] Connection to node -1 (localhost/127.0.0.1:9092) could not be established. Broker may not be available.
2026-06-18 09:06:29 [org.springframework.kafka.KafkaListenerEndpointContainer#1-0-C-1] WARN  o.apache.kafka.clients.NetworkClient - [Consumer clientId=consumer-chat-service-group-3, groupId=chat-service-group] Bootstrap broker localhost:9092 (id: -1 rack: null) disconnected
2026-06-18 09:06:30 [org.springframework.kafka.KafkaListenerEndpointContainer#2-0-C-1] INFO  o.apache.kafka.clients.NetworkClient - [Consumer clientId=consumer-chat-service-group-1, groupId=chat-service-group] Node -1 disconnected.
2026-06-18 09:06:30 [org.springframework.kafka.KafkaListenerEndpointContainer#2-0-C-1] WARN  o.apache.kafka.clients.NetworkClient - [Consumer clientId=consumer-chat-service-group-1, groupId=chat-service-group] Connection to node -1 (localhost/127.0.0.1:9092) could not be established. Broker may not be available.
2026-06-18 09:06:30 [org.springframework.kafka.KafkaListenerEndpointContainer#2-0-C-1] WARN  o.apache.kafka.clients.NetworkClient - [Consumer clientId=consumer-chat-service-group-1, groupId=chat-service-group] Bootstrap broker localhost:9092 (id: -1 rack: null) disconnected
2026-06-18 09:06:30 [org.springframework.kafka.KafkaListenerEndpointContainer#1-0-C-1] INFO  o.apache.kafka.clients.NetworkClient - [Consumer clientId=consumer-chat-service-group-3, groupId=chat-service-group] Node -1 disconnected.
2026-06-18 09:06:30 [org.springframework.kafka.KafkaListenerEndpointContainer#1-0-C-1] WARN  o.apache.kafka.clients.NetworkClient - [Consumer clientId=consumer-chat-service-group-3, groupId=chat-service-group] Connection to node -1 (localhost/127.0.0.1:9092) could not be established. Broker may not be available.
2026-06-18 09:06:30 [org.springframework.kafka.KafkaListenerEndpointContainer#1-0-C-1] WARN  o.apache.kafka.clients.NetworkClient - [Consumer clientId=consumer-chat-service-group-3, groupId=chat-service-group] Bootstrap broker localhost:9092 (id: -1 rack: null) disconnected
2026-06-18 09:06:30 [org.springframework.kafka.KafkaListenerEndpointContainer#0-0-C-1] INFO  o.apache.kafka.clients.NetworkClient - [Consumer clientId=consumer-chat-service-group-2, groupId=chat-service-group] Node -1 disconnected.
2026-06-18 09:06:30 [org.springframework.kafka.KafkaListenerEndpointContainer#0-0-C-1] WARN  o.apache.kafka.clients.NetworkClient - [Consumer clientId=consumer-chat-service-group-2, groupId=chat-service-group] Connection to node -1 (localhost/127.0.0.1:9092) could not be established. Broker may not be available.
2026-06-18 09:06:30 [org.springframework.kafka.KafkaListenerEndpointContainer#0-0-C-1] WARN  o.apache.kafka.clients.NetworkClient - [Consumer clientId=consumer-chat-service-group-2, groupId=chat-service-group] Bootstrap broker localhost:9092 (id: -1 rack: null) disconnected
2026-06-18 09:06:31 [org.springframework.kafka.KafkaListenerEndpointContainer#2-0-C-1] INFO  o.apache.kafka.clients.NetworkClient - [Consumer clientId=consumer-chat-service-group-1, groupId=chat-service-group] Node -1 disconnected.
2026-06-18 09:06:31 [org.springframework.kafka.KafkaListenerEndpointContainer#2-0-C-1] WARN  o.apache.kafka.clients.NetworkClient - [Consumer clientId=consumer-chat-service-group-1, groupId=chat-service-group] Connection to node -1 (localhost/127.0.0.1:9092) could not be established. Broker may not be available.
2026-06-18 09:06:31 [org.springframework.kafka.KafkaListenerEndpointContainer#2-0-C-1] WARN  o.apache.kafka.clients.NetworkClient - [Consumer clientId=consumer-chat-service-group-1, groupId=chat-service-group] Bootstrap broker localhost:9092 (id: -1 rack: null) disconnected
2026-06-18 09:06:31 [org.springframework.kafka.KafkaListenerEndpointContainer#1-0-C-1] INFO  o.apache.kafka.clients.NetworkClient - [Consumer clientId=consumer-chat-service-group-3, groupId=chat-service-group] Node -1 disconnected.
2026-06-18 09:06:31 [org.springframework.kafka.KafkaListenerEndpointContainer#0-0-C-1] INFO  o.apache.kafka.clients.NetworkClient - [Consumer clientId=consumer-chat-service-group-2, groupId=chat-service-group] Node -1 disconnected.
2026-06-18 09:06:31 [org.springframework.kafka.KafkaListenerEndpointContainer#1-0-C-1] WARN  o.apache.kafka.clients.NetworkClient - [Consumer clientId=consumer-chat-service-group-3, groupId=chat-service-group] Connection to node -1 (localhost/127.0.0.1:9092) could not be established. Broker may not be available.
2026-06-18 09:06:31 [org.springframework.kafka.KafkaListenerEndpointContainer#0-0-C-1] WARN  o.apache.kafka.clients.NetworkClient - [Consumer clientId=consumer-chat-service-group-2, groupId=chat-service-group] Connection to node -1 (localhost/127.0.0.1:9092) could not be established. Broker may not be available.
2026-06-18 09:06:31 [org.springframework.kafka.KafkaListenerEndpointContainer#0-0-C-1] WARN  o.apache.kafka.clients.NetworkClient - [Consumer clientId=consumer-chat-service-group-2, groupId=chat-service-group] Bootstrap broker localhost:9092 (id: -1 rack: null) disconnected
2026-06-18 09:06:31 [org.springframework.kafka.KafkaListenerEndpointContainer#1-0-C-1] WARN  o.apache.kafka.clients.NetworkClient - [Consumer clientId=consumer-chat-service-group-3, groupId=chat-service-group] Bootstrap broker localhost:9092 (id: -1 rack: null) disconnected
2026-06-18 09:06:32 [org.springframework.kafka.KafkaListenerEndpointContainer#2-0-C-1] INFO  o.apache.kafka.clients.NetworkClient - [Consumer clientId=consumer-chat-service-group-1, groupId=chat-service-group] Node -1 disconnected.
2026-06-18 09:06:32 [org.springframework.kafka.KafkaListenerEndpointContainer#2-0-C-1] WARN  o.apache.kafka.clients.NetworkClient - [Consumer clientId=consumer-chat-service-group-1, groupId=chat-service-group] Connection to node -1 (localhost/127.0.0.1:9092) could not be established. Broker may not be available.
2026-06-18 09:06:32 [org.springframework.kafka.KafkaListenerEndpointContainer#2-0-C-1] WARN  o.apache.kafka.clients.NetworkClient - [Consumer clientId=consumer-chat-service-group-1, groupId=chat-service-group] Bootstrap broker localhost:9092 (id: -1 rack: null) disconnected
2026-06-18 09:06:32 [org.springframework.kafka.KafkaListenerEndpointContainer#0-0-C-1] INFO  o.apache.kafka.clients.NetworkClient - [Consumer clientId=consumer-chat-service-group-2, groupId=chat-service-group] Node -1 disconnected.
2026-06-18 09:06:32 [org.springframework.kafka.KafkaListenerEndpointContainer#0-0-C-1] WARN  o.apache.kafka.clients.NetworkClient - [Consumer clientId=consumer-chat-service-group-2, groupId=chat-service-group] Connection to node -1 (localhost/127.0.0.1:9092) could not be established. Broker may not be available.
2026-06-18 09:06:32 [org.springframework.kafka.KafkaListenerEndpointContainer#0-0-C-1] WARN  o.apache.kafka.clients.NetworkClient - [Consumer clientId=consumer-chat-service-group-2, groupId=chat-service-group] Bootstrap broker localhost:9092 (id: -1 rack: null) disconnected
2026-06-18 09:06:32 [org.springframework.kafka.KafkaListenerEndpointContainer#1-0-C-1] INFO  o.apache.kafka.clients.NetworkClient - [Consumer clientId=consumer-chat-service-group-3, groupId=chat-service-group] Node -1 disconnected.
2026-06-18 09:06:32 [org.springframework.kafka.KafkaListenerEndpointContainer#1-0-C-1] WARN  o.apache.kafka.clients.NetworkClient - [Consumer clientId=consumer-chat-service-group-3, groupId=chat-service-group] Connection to node -1 (localhost/127.0.0.1:9092) could not be established. Broker may not be available.
2026-06-18 09:06:32 [org.springframework.kafka.KafkaListenerEndpointContainer#1-0-C-1] WARN  o.apache.kafka.clients.NetworkClient - [Consumer clientId=consumer-chat-service-group-3, groupId=chat-service-group] Bootstrap broker localhost:9092 (id: -1 rack: null) disconnected
2026-06-18 09:06:33 [org.springframework.kafka.KafkaListenerEndpointContainer#1-0-C-1] INFO  o.apache.kafka.clients.NetworkClient - [Consumer clientId=consumer-chat-service-group-3, groupId=chat-service-group] Node -1 disconnected.
2026-06-18 09:06:33 [org.springframework.kafka.KafkaListenerEndpointContainer#1-0-C-1] WARN  o.apache.kafka.clients.NetworkClient - [Consumer clientId=consumer-chat-service-group-3, groupId=chat-service-group] Connection to node -1 (localhost/127.0.0.1:9092) could not be established. Broker may not be available.
2026-06-18 09:06:33 [org.springframework.kafka.KafkaListenerEndpointContainer#1-0-C-1] WARN  o.apache.kafka.clients.NetworkClient - [Consumer clientId=consumer-chat-service-group-3, groupId=chat-service-group] Bootstrap broker localhost:9092 (id: -1 rack: null) disconnected
2026-06-18 09:06:33 [org.springframework.kafka.KafkaListenerEndpointContainer#0-0-C-1] INFO  o.apache.kafka.clients.NetworkClient - [Consumer clientId=consumer-chat-service-group-2, groupId=chat-service-group] Node -1 disconnected.
2026-06-18 09:06:33 [org.springframework.kafka.KafkaListenerEndpointContainer#0-0-C-1] WARN  o.apache.kafka.clients.NetworkClient - [Consumer clientId=consumer-chat-service-group-2, groupId=chat-service-group] Connection to node -1 (localhost/127.0.0.1:9092) could not be established. Broker may not be available.
2026-06-18 09:06:33 [org.springframework.kafka.KafkaListenerEndpointContainer#0-0-C-1] WARN  o.apache.kafka.clients.NetworkClient - [Consumer clientId=consumer-chat-service-group-2, groupId=chat-service-group] Bootstrap broker localhost:9092 (id: -1 rack: null) disconnected
2026-06-18 09:06:33 [org.springframework.kafka.KafkaListenerEndpointContainer#2-0-C-1] INFO  o.apache.kafka.clients.NetworkClient - [Consumer clientId=consumer-chat-service-group-1, groupId=chat-service-group] Node -1 disconnected.
2026-06-18 09:06:33 [org.springframework.kafka.KafkaListenerEndpointContainer#2-0-C-1] WARN  o.apache.kafka.clients.NetworkClient - [Consumer clientId=consumer-chat-service-group-1, groupId=chat-service-group] Connection to node -1 (localhost/127.0.0.1:9092) could not be established. Broker may not be available.
2026-06-18 09:06:33 [org.springframework.kafka.KafkaListenerEndpointContainer#2-0-C-1] WARN  o.apache.kafka.clients.NetworkClient - [Consumer clientId=consumer-chat-service-group-1, groupId=chat-service-group] Bootstrap broker localhost:9092 (id: -1 rack: null) disconnected
2026-06-18 09:06:34 [org.springframework.kafka.KafkaListenerEndpointContainer#0-0-C-1] INFO  o.apache.kafka.clients.NetworkClient - [Consumer clientId=consumer-chat-service-group-2, groupId=chat-service-group] Node -1 disconnected.
2026-06-18 09:06:34 [org.springframework.kafka.KafkaListenerEndpointContainer#0-0-C-1] WARN  o.apache.kafka.clients.NetworkClient - [Consumer clientId=consumer-chat-service-group-2, groupId=chat-service-group] Connection to node -1 (localhost/127.0.0.1:9092) could not be established. Broker may not be available.
2026-06-18 09:06:34 [org.springframework.kafka.KafkaListenerEndpointContainer#0-0-C-1] WARN  o.apache.kafka.clients.NetworkClient - [Consumer clientId=consumer-chat-service-group-2, groupId=chat-service-group] Bootstrap broker localhost:9092 (id: -1 rack: null) disconnected
2026-06-18 09:06:34 [org.springframework.kafka.KafkaListenerEndpointContainer#1-0-C-1] INFO  o.apache.kafka.clients.NetworkClient - [Consumer clientId=consumer-chat-service-group-3, groupId=chat-service-group] Node -1 disconnected.
2026-06-18 09:06:34 [org.springframework.kafka.KafkaListenerEndpointContainer#1-0-C-1] WARN  o.apache.kafka.clients.NetworkClient - [Consumer clientId=consumer-chat-service-group-3, groupId=chat-service-group] Connection to node -1 (localhost/127.0.0.1:9092) could not be established. Broker may not be available.
2026-06-18 09:06:34 [org.springframework.kafka.KafkaListenerEndpointContainer#1-0-C-1] WARN  o.apache.kafka.clients.NetworkClient - [Consumer clientId=consumer-chat-service-group-3, groupId=chat-service-group] Bootstrap broker localhost:9092 (id: -1 rack: null) disconnected
2026-06-18 09:06:34 [org.springframework.kafka.KafkaListenerEndpointContainer#2-0-C-1] INFO  o.apache.kafka.clients.NetworkClient - [Consumer clientId=consumer-chat-service-group-1, groupId=chat-service-group] Node -1 disconnected.
2026-06-18 09:06:34 [org.springframework.kafka.KafkaListenerEndpointContainer#2-0-C-1] WARN  o.apache.kafka.clients.NetworkClient - [Consumer clientId=consumer-chat-service-group-1, groupId=chat-service-group] Connection to node -1 (localhost/127.0.0.1:9092) could not be established. Broker may not be available.
2026-06-18 09:06:34 [org.springframework.kafka.KafkaListenerEndpointContainer#2-0-C-1] WARN  o.apache.kafka.clients.NetworkClient - [Consumer clientId=consumer-chat-service-group-1, groupId=chat-service-group] Bootstrap broker localhost:9092 (id: -1 rack: null) disconnected
2026-06-18 09:06:35 [org.springframework.kafka.KafkaListenerEndpointContainer#0-0-C-1] INFO  o.apache.kafka.clients.NetworkClient - [Consumer clientId=consumer-chat-service-group-2, groupId=chat-service-group] Node -1 disconnected.
2026-06-18 09:06:35 [org.springframework.kafka.KafkaListenerEndpointContainer#0-0-C-1] WARN  o.apache.kafka.clients.NetworkClient - [Consumer clientId=consumer-chat-service-group-2, groupId=chat-service-group] Connection to node -1 (localhost/127.0.0.1:9092) could not be established. Broker may not be available.
2026-06-18 09:06:35 [org.springframework.kafka.KafkaListenerEndpointContainer#0-0-C-1] WARN  o.apache.kafka.clients.NetworkClient - [Consumer clientId=consumer-chat-service-group-2, groupId=chat-service-group] Bootstrap broker localhost:9092 (id: -1 rack: null) disconnected
2026-06-18 09:06:35 [org.springframework.kafka.KafkaListenerEndpointContainer#1-0-C-1] INFO  o.apache.kafka.clients.NetworkClient - [Consumer clientId=consumer-chat-service-group-3, groupId=chat-service-group] Node -1 disconnected.
2026-06-18 09:06:35 [org.springframework.kafka.KafkaListenerEndpointContainer#1-0-C-1] WARN  o.apache.kafka.clients.NetworkClient - [Consumer clientId=consumer-chat-service-group-3, groupId=chat-service-group] Connection to node -1 (localhost/127.0.0.1:9092) could not be established. Broker may not be available.
2026-06-18 09:06:35 [org.springframework.kafka.KafkaListenerEndpointContainer#1-0-C-1] WARN  o.apache.kafka.clients.NetworkClient - [Consumer clientId=consumer-chat-service-group-3, groupId=chat-service-group] Bootstrap broker localhost:9092 (id: -1 rack: null) disconnected
2026-06-18 09:06:36 [org.springframework.kafka.KafkaListenerEndpointContainer#2-0-C-1] INFO  o.apache.kafka.clients.NetworkClient - [Consumer clientId=consumer-chat-service-group-1, groupId=chat-service-group] Node -1 disconnected.
2026-06-18 09:06:36 [org.springframework.kafka.KafkaListenerEndpointContainer#2-0-C-1] WARN  o.apache.kafka.clients.NetworkClient - [Consumer clientId=consumer-chat-service-group-1, groupId=chat-service-group] Connection to node -1 (localhost/127.0.0.1:9092) could not be established. Broker may not be available.
2026-06-18 09:06:36 [org.springframework.kafka.KafkaListenerEndpointContainer#2-0-C-1] WARN  o.apache.kafka.clients.NetworkClient - [Consumer clientId=consumer-chat-service-group-1, groupId=chat-service-group] Bootstrap broker localhost:9092 (id: -1 rack: null) disconnected
2026-06-18 09:06:36 [org.springframework.kafka.KafkaListenerEndpointContainer#0-0-C-1] INFO  o.apache.kafka.clients.NetworkClient - [Consumer clientId=consumer-chat-service-group-2, groupId=chat-service-group] Node -1 disconnected.
2026-06-18 09:06:36 [org.springframework.kafka.KafkaListenerEndpointContainer#0-0-C-1] WARN  o.apache.kafka.clients.NetworkClient - [Consumer clientId=consumer-chat-service-group-2, groupId=chat-service-group] Connection to node -1 (localhost/127.0.0.1:9092) could not be established. Broker may not be available.
2026-06-18 09:06:36 [org.springframework.kafka.KafkaListenerEndpointContainer#0-0-C-1] WARN  o.apache.kafka.clients.NetworkClient - [Consumer clientId=consumer-chat-service-group-2, groupId=chat-service-group] Bootstrap broker localhost:9092 (id: -1 rack: null) disconnected
2026-06-18 09:06:36 [org.springframework.kafka.KafkaListenerEndpointContainer#1-0-C-1] INFO  o.apache.kafka.clients.NetworkClient - [Consumer clientId=consumer-chat-service-group-3, groupId=chat-service-group] Node -1 disconnected.
2026-06-18 09:06:36 [org.springframework.kafka.KafkaListenerEndpointContainer#1-0-C-1] WARN  o.apache.kafka.clients.NetworkClient - [Consumer clientId=consumer-chat-service-group-3, groupId=chat-service-group] Connection to node -1 (localhost/127.0.0.1:9092) could not be established. Broker may not be available.
2026-06-18 09:06:36 [org.springframework.kafka.KafkaListenerEndpointContainer#1-0-C-1] WARN  o.apache.kafka.clients.NetworkClient - [Consumer clientId=consumer-chat-service-group-3, groupId=chat-service-group] Bootstrap broker localhost:9092 (id: -1 rack: null) disconnected
2026-06-18 09:06:36 [org.springframework.kafka.KafkaListenerEndpointContainer#2-0-C-1] INFO  o.apache.kafka.clients.NetworkClient - [Consumer clientId=consumer-chat-service-group-1, groupId=chat-service-group] Node -1 disconnected.
2026-06-18 09:06:36 [org.springframework.kafka.KafkaListenerEndpointContainer#2-0-C-1] WARN  o.apache.kafka.clients.NetworkClient - [Consumer clientId=consumer-chat-service-group-1, groupId=chat-service-group] Connection to node -1 (localhost/127.0.0.1:9092) could not be established. Broker may not be available.
2026-06-18 09:06:36 [org.springframework.kafka.KafkaListenerEndpointContainer#2-0-C-1] WARN  o.apache.kafka.clients.NetworkClient - [Consumer clientId=consumer-chat-service-group-1, groupId=chat-service-group] Bootstrap broker localhost:9092 (id: -1 rack: null) disconnected
2026-06-18 09:06:37 [org.springframework.kafka.KafkaListenerEndpointContainer#0-0-C-1] INFO  o.apache.kafka.clients.NetworkClient - [Consumer clientId=consumer-chat-service-group-2, groupId=chat-service-group] Node -1 disconnected.
2026-06-18 09:06:37 [org.springframework.kafka.KafkaListenerEndpointContainer#0-0-C-1] WARN  o.apache.kafka.clients.NetworkClient - [Consumer clientId=consumer-chat-service-group-2, groupId=chat-service-group] Connection to node -1 (localhost/127.0.0.1:9092) could not be established. Broker may not be available.
2026-06-18 09:06:37 [org.springframework.kafka.KafkaListenerEndpointContainer#0-0-C-1] WARN  o.apache.kafka.clients.NetworkClient - [Consumer clientId=consumer-chat-service-group-2, groupId=chat-service-group] Bootstrap broker localhost:9092 (id: -1 rack: null) disconnected
2026-06-18 09:06:37 [org.springframework.kafka.KafkaListenerEndpointContainer#1-0-C-1] INFO  o.apache.kafka.clients.NetworkClient - [Consumer clientId=consumer-chat-service-group-3, groupId=chat-service-group] Node -1 disconnected.
2026-06-18 09:06:37 [org.springframework.kafka.KafkaListenerEndpointContainer#1-0-C-1] WARN  o.apache.kafka.clients.NetworkClient - [Consumer clientId=consumer-chat-service-group-3, groupId=chat-service-group] Connection to node -1 (localhost/127.0.0.1:9092) could not be established. Broker may not be available.
2026-06-18 09:06:37 [org.springframework.kafka.KafkaListenerEndpointContainer#1-0-C-1] WARN  o.apache.kafka.clients.NetworkClient - [Consumer clientId=consumer-chat-service-group-3, groupId=chat-service-group] Bootstrap broker localhost:9092 (id: -1 rack: null) disconnected
2026-06-18 09:06:38 [org.springframework.kafka.KafkaListenerEndpointContainer#2-0-C-1] INFO  o.apache.kafka.clients.NetworkClient - [Consumer clientId=consumer-chat-service-group-1, groupId=chat-service-group] Node -1 disconnected.
2026-06-18 09:06:38 [org.springframework.kafka.KafkaListenerEndpointContainer#2-0-C-1] WARN  o.apache.kafka.clients.NetworkClient - [Consumer clientId=consumer-chat-service-group-1, groupId=chat-service-group] Connection to node -1 (localhost/127.0.0.1:9092) could not be established. Broker may not be available.
2026-06-18 09:06:38 [org.springframework.kafka.KafkaListenerEndpointContainer#2-0-C-1] WARN  o.apache.kafka.clients.NetworkClient - [Consumer clientId=consumer-chat-service-group-1, groupId=chat-service-group] Bootstrap broker localhost:9092 (id: -1 rack: null) disconnected
2026-06-18 09:06:38 [org.springframework.kafka.KafkaListenerEndpointContainer#0-0-C-1] INFO  o.apache.kafka.clients.NetworkClient - [Consumer clientId=consumer-chat-service-group-2, groupId=chat-service-group] Node -1 disconnected.
2026-06-18 09:06:38 [org.springframework.kafka.KafkaListenerEndpointContainer#0-0-C-1] WARN  o.apache.kafka.clients.NetworkClient - [Consumer clientId=consumer-chat-service-group-2, groupId=chat-service-group] Connection to node -1 (localhost/127.0.0.1:9092) could not be established. Broker may not be available.
2026-06-18 09:06:38 [org.springframework.kafka.KafkaListenerEndpointContainer#0-0-C-1] WARN  o.apache.kafka.clients.NetworkClient - [Consumer clientId=consumer-chat-service-group-2, groupId=chat-service-group] Bootstrap broker localhost:9092 (id: -1 rack: null) disconnected
2026-06-18 09:06:38 [org.springframework.kafka.KafkaListenerEndpointContainer#1-0-C-1] INFO  o.apache.kafka.clients.NetworkClient - [Consumer clientId=consumer-chat-service-group-3, groupId=chat-service-group] Node -1 disconnected.
2026-06-18 09:06:38 [org.springframework.kafka.KafkaListenerEndpointContainer#1-0-C-1] WARN  o.apache.kafka.clients.NetworkClient - [Consumer clientId=consumer-chat-service-group-3, groupId=chat-service-group] Connection to node -1 (localhost/127.0.0.1:9092) could not be established. Broker may not be available.
2026-06-18 09:06:38 [org.springframework.kafka.KafkaListenerEndpointContainer#1-0-C-1] WARN  o.apache.kafka.clients.NetworkClient - [Consumer clientId=consumer-chat-service-group-3, groupId=chat-service-group] Bootstrap broker localhost:9092 (id: -1 rack: null) disconnected
2026-06-18 09:06:39 [org.springframework.kafka.KafkaListenerEndpointContainer#2-0-C-1] INFO  o.apache.kafka.clients.NetworkClient - [Consumer clientId=consumer-chat-service-group-1, groupId=chat-service-group] Node -1 disconnected.
2026-06-18 09:06:39 [org.springframework.kafka.KafkaListenerEndpointContainer#2-0-C-1] WARN  o.apache.kafka.clients.NetworkClient - [Consumer clientId=consumer-chat-service-group-1, groupId=chat-service-group] Connection to node -1 (localhost/127.0.0.1:9092) could not be established. Broker may not be available.
2026-06-18 09:06:39 [org.springframework.kafka.KafkaListenerEndpointContainer#2-0-C-1] WARN  o.apache.kafka.clients.NetworkClient - [Consumer clientId=consumer-chat-service-group-1, groupId=chat-service-group] Bootstrap broker localhost:9092 (id: -1 rack: null) disconnected
2026-06-18 09:06:39 [org.springframework.kafka.KafkaListenerEndpointContainer#0-0-C-1] INFO  o.apache.kafka.clients.NetworkClient - [Consumer clientId=consumer-chat-service-group-2, groupId=chat-service-group] Node -1 disconnected.
2026-06-18 09:06:39 [org.springframework.kafka.KafkaListenerEndpointContainer#0-0-C-1] WARN  o.apache.kafka.clients.NetworkClient - [Consumer clientId=consumer-chat-service-group-2, groupId=chat-service-group] Connection to node -1 (localhost/127.0.0.1:9092) could not be established. Broker may not be available.
2026-06-18 09:06:39 [org.springframework.kafka.KafkaListenerEndpointContainer#0-0-C-1] WARN  o.apache.kafka.clients.NetworkClient - [Consumer clientId=consumer-chat-service-group-2, groupId=chat-service-group] Bootstrap broker localhost:9092 (id: -1 rack: null) disconnected
2026-06-18 09:06:39 [org.springframework.kafka.KafkaListenerEndpointContainer#1-0-C-1] INFO  o.apache.kafka.clients.NetworkClient - [Consumer clientId=consumer-chat-service-group-3, groupId=chat-service-group] Node -1 disconnected.
2026-06-18 09:06:39 [org.springframework.kafka.KafkaListenerEndpointContainer#1-0-C-1] WARN  o.apache.kafka.clients.NetworkClient - [Consumer clientId=consumer-chat-service-group-3, groupId=chat-service-group] Connection to node -1 (localhost/127.0.0.1:9092) could not be established. Broker may not be available.
2026-06-18 09:06:39 [org.springframework.kafka.KafkaListenerEndpointContainer#1-0-C-1] WARN  o.apache.kafka.clients.NetworkClient - [Consumer clientId=consumer-chat-service-group-3, groupId=chat-service-group] Bootstrap broker localhost:9092 (id: -1 rack: null) disconnected
2026-06-18 09:06:39 [org.springframework.kafka.KafkaListenerEndpointContainer#2-0-C-1] INFO  o.apache.kafka.clients.NetworkClient - [Consumer clientId=consumer-chat-service-group-1, groupId=chat-service-group] Node -1 disconnected.
2026-06-18 09:06:39 [org.springframework.kafka.KafkaListenerEndpointContainer#2-0-C-1] WARN  o.apache.kafka.clients.NetworkClient - [Consumer clientId=consumer-chat-service-group-1, groupId=chat-service-group] Connection to node -1 (localhost/127.0.0.1:9092) could not be established. Broker may not be available.
2026-06-18 09:06:39 [org.springframework.kafka.KafkaListenerEndpointContainer#2-0-C-1] WARN  o.apache.kafka.clients.NetworkClient - [Consumer clientId=consumer-chat-service-group-1, groupId=chat-service-group] Bootstrap broker localhost:9092 (id: -1 rack: null) disconnected
2026-06-18 09:06:40 [org.springframework.kafka.KafkaListenerEndpointContainer#0-0-C-1] INFO  o.apache.kafka.clients.NetworkClient - [Consumer clientId=consumer-chat-service-group-2, groupId=chat-service-group] Node -1 disconnected.
2026-06-18 09:06:40 [org.springframework.kafka.KafkaListenerEndpointContainer#0-0-C-1] WARN  o.apache.kafka.clients.NetworkClient - [Consumer clientId=consumer-chat-service-group-2, groupId=chat-service-group] Connection to node -1 (localhost/127.0.0.1:9092) could not be established. Broker may not be available.
2026-06-18 09:06:40 [org.springframework.kafka.KafkaListenerEndpointContainer#0-0-C-1] WARN  o.apache.kafka.clients.NetworkClient - [Consumer clientId=consumer-chat-service-group-2, groupId=chat-service-group] Bootstrap broker localhost:9092 (id: -1 rack: null) disconnected
2026-06-18 09:06:40 [org.springframework.kafka.KafkaListenerEndpointContainer#1-0-C-1] INFO  o.apache.kafka.clients.NetworkClient - [Consumer clientId=consumer-chat-service-group-3, groupId=chat-service-group] Node -1 disconnected.
2026-06-18 09:06:40 [org.springframework.kafka.KafkaListenerEndpointContainer#1-0-C-1] WARN  o.apache.kafka.clients.NetworkClient - [Consumer clientId=consumer-chat-service-group-3, groupId=chat-service-group] Connection to node -1 (localhost/127.0.0.1:9092) could not be established. Broker may not be available.
2026-06-18 09:06:40 [org.springframework.kafka.KafkaListenerEndpointContainer#1-0-C-1] WARN  o.apache.kafka.clients.NetworkClient - [Consumer clientId=consumer-chat-service-group-3, groupId=chat-service-group] Bootstrap broker localhost:9092 (id: -1 rack: null) disconnected
2026-06-18 09:06:40 [org.springframework.kafka.KafkaListenerEndpointContainer#2-0-C-1] INFO  o.apache.kafka.clients.NetworkClient - [Consumer clientId=consumer-chat-service-group-1, groupId=chat-service-group] Node -1 disconnected.
2026-06-18 09:06:40 [org.springframework.kafka.KafkaListenerEndpointContainer#2-0-C-1] WARN  o.apache.kafka.clients.NetworkClient - [Consumer clientId=consumer-chat-service-group-1, groupId=chat-service-group] Connection to node -1 (localhost/127.0.0.1:9092) could not be established. Broker may not be available.
2026-06-18 09:06:40 [org.springframework.kafka.KafkaListenerEndpointContainer#2-0-C-1] WARN  o.apache.kafka.clients.NetworkClient - [Consumer clientId=consumer-chat-service-group-1, groupId=chat-service-group] Bootstrap broker localhost:9092 (id: -1 rack: null) disconnected
2026-06-18 09:06:41 [org.springframework.kafka.KafkaListenerEndpointContainer#0-0-C-1] INFO  o.apache.kafka.clients.NetworkClient - [Consumer clientId=consumer-chat-service-group-2, groupId=chat-service-group] Node -1 disconnected.
2026-06-18 09:06:41 [org.springframework.kafka.KafkaListenerEndpointContainer#1-0-C-1] INFO  o.apache.kafka.clients.NetworkClient - [Consumer clientId=consumer-chat-service-group-3, groupId=chat-service-group] Node -1 disconnected.
2026-06-18 09:06:41 [org.springframework.kafka.KafkaListenerEndpointContainer#0-0-C-1] WARN  o.apache.kafka.clients.NetworkClient - [Consumer clientId=consumer-chat-service-group-2, groupId=chat-service-group] Connection to node -1 (localhost/127.0.0.1:9092) could not be established. Broker may not be available.
2026-06-18 09:06:41 [org.springframework.kafka.KafkaListenerEndpointContainer#1-0-C-1] WARN  o.apache.kafka.clients.NetworkClient - [Consumer clientId=consumer-chat-service-group-3, groupId=chat-service-group] Connection to node -1 (localhost/127.0.0.1:9092) could not be established. Broker may not be available.
2026-06-18 09:06:41 [org.springframework.kafka.KafkaListenerEndpointContainer#0-0-C-1] WARN  o.apache.kafka.clients.NetworkClient - [Consumer clientId=consumer-chat-service-group-2, groupId=chat-service-group] Bootstrap broker localhost:9092 (id: -1 rack: null) disconnected
2026-06-18 09:06:41 [org.springframework.kafka.KafkaListenerEndpointContainer#1-0-C-1] WARN  o.apache.kafka.clients.NetworkClient - [Consumer clientId=consumer-chat-service-group-3, groupId=chat-service-group] Bootstrap broker localhost:9092 (id: -1 rack: null) disconnected
2026-06-18 09:06:42 [org.springframework.kafka.KafkaListenerEndpointContainer#2-0-C-1] INFO  o.apache.kafka.clients.NetworkClient - [Consumer clientId=consumer-chat-service-group-1, groupId=chat-service-group] Node -1 disconnected.
2026-06-18 09:06:42 [org.springframework.kafka.KafkaListenerEndpointContainer#2-0-C-1] WARN  o.apache.kafka.clients.NetworkClient - [Consumer clientId=consumer-chat-service-group-1, groupId=chat-service-group] Connection to node -1 (localhost/127.0.0.1:9092) could not be established. Broker may not be available.
2026-06-18 09:06:42 [org.springframework.kafka.KafkaListenerEndpointContainer#2-0-C-1] WARN  o.apache.kafka.clients.NetworkClient - [Consumer clientId=consumer-chat-service-group-1, groupId=chat-service-group] Bootstrap broker localhost:9092 (id: -1 rack: null) disconnected
2026-06-18 09:06:42 [org.springframework.kafka.KafkaListenerEndpointContainer#1-0-C-1] INFO  o.apache.kafka.clients.NetworkClient - [Consumer clientId=consumer-chat-service-group-3, groupId=chat-service-group] Node -1 disconnected.
2026-06-18 09:06:42 [org.springframework.kafka.KafkaListenerEndpointContainer#1-0-C-1] WARN  o.apache.kafka.clients.NetworkClient - [Consumer clientId=consumer-chat-service-group-3, groupId=chat-service-group] Connection to node -1 (localhost/127.0.0.1:9092) could not be established. Broker may not be available.
2026-06-18 09:06:42 [org.springframework.kafka.KafkaListenerEndpointContainer#1-0-C-1] WARN  o.apache.kafka.clients.NetworkClient - [Consumer clientId=consumer-chat-service-group-3, groupId=chat-service-group] Bootstrap broker localhost:9092 (id: -1 rack: null) disconnected
2026-06-18 09:06:42 [MessageBroker-1] INFO  o.s.w.s.c.WebSocketMessageBrokerStats - WebSocketSession[0 current WS(0)-HttpStream(0)-HttpPoll(0), 0 total, 0 closed abnormally (0 connect failure, 0 send limit, 0 transport error)], stompSubProtocol[processed CONNECT(0)-CONNECTED(0)-DISCONNECT(0)], stompBrokerRelay[null], inboundChannel[pool size = 0, active threads = 0, queued tasks = 0, completed tasks = 0], outboundChannel[pool size = 0, active threads = 0, queued tasks = 0, completed tasks = 0], sockJsScheduler[pool size = 1, active threads = 1, queued tasks = 0, completed tasks = 0]
2026-06-18 09:06:42 [org.springframework.kafka.KafkaListenerEndpointContainer#2-0-C-1] INFO  o.apache.kafka.clients.NetworkClient - [Consumer clientId=consumer-chat-service-group-1, groupId=chat-service-group] Node -1 disconnected.
2026-06-18 09:06:42 [org.springframework.kafka.KafkaListenerEndpointContainer#2-0-C-1] WARN  o.apache.kafka.clients.NetworkClient - [Consumer clientId=consumer-chat-service-group-1, groupId=chat-service-group] Connection to node -1 (localhost/127.0.0.1:9092) could not be established. Broker may not be available.
2026-06-18 09:06:42 [org.springframework.kafka.KafkaListenerEndpointContainer#2-0-C-1] WARN  o.apache.kafka.clients.NetworkClient - [Consumer clientId=consumer-chat-service-group-1, groupId=chat-service-group] Bootstrap broker localhost:9092 (id: -1 rack: null) disconnected
2026-06-18 09:06:42 [org.springframework.kafka.KafkaListenerEndpointContainer#0-0-C-1] INFO  o.apache.kafka.clients.NetworkClient - [Consumer clientId=consumer-chat-service-group-2, groupId=chat-service-group] Node -1 disconnected.
2026-06-18 09:06:42 [org.springframework.kafka.KafkaListenerEndpointContainer#0-0-C-1] WARN  o.apache.kafka.clients.NetworkClient - [Consumer clientId=consumer-chat-service-group-2, groupId=chat-service-group] Connection to node -1 (localhost/127.0.0.1:9092) could not be established. Broker may not be available.
2026-06-18 09:06:42 [org.springframework.kafka.KafkaListenerEndpointContainer#0-0-C-1] WARN  o.apache.kafka.clients.NetworkClient - [Consumer clientId=consumer-chat-service-group-2, groupId=chat-service-group] Bootstrap broker localhost:9092 (id: -1 rack: null) disconnected
2026-06-18 09:06:43 [org.springframework.kafka.KafkaListenerEndpointContainer#1-0-C-1] INFO  o.apache.kafka.clients.NetworkClient - [Consumer clientId=consumer-chat-service-group-3, groupId=chat-service-group] Node -1 disconnected.
2026-06-18 09:06:43 [org.springframework.kafka.KafkaListenerEndpointContainer#1-0-C-1] WARN  o.apache.kafka.clients.NetworkClient - [Consumer clientId=consumer-chat-service-group-3, groupId=chat-service-group] Connection to node -1 (localhost/127.0.0.1:9092) could not be established. Broker may not be available.
2026-06-18 09:06:43 [org.springframework.kafka.KafkaListenerEndpointContainer#1-0-C-1] WARN  o.apache.kafka.clients.NetworkClient - [Consumer clientId=consumer-chat-service-group-3, groupId=chat-service-group] Bootstrap broker localhost:9092 (id: -1 rack: null) disconnected
2026-06-18 09:06:43 [org.springframework.kafka.KafkaListenerEndpointContainer#2-0-C-1] INFO  o.apache.kafka.clients.NetworkClient - [Consumer clientId=consumer-chat-service-group-1, groupId=chat-service-group] Node -1 disconnected.
2026-06-18 09:06:43 [org.springframework.kafka.KafkaListenerEndpointContainer#2-0-C-1] WARN  o.apache.kafka.clients.NetworkClient - [Consumer clientId=consumer-chat-service-group-1, groupId=chat-service-group] Connection to node -1 (localhost/127.0.0.1:9092) could not be established. Broker may not be available.
2026-06-18 09:06:43 [org.springframework.kafka.KafkaListenerEndpointContainer#2-0-C-1] WARN  o.apache.kafka.clients.NetworkClient - [Consumer clientId=consumer-chat-service-group-1, groupId=chat-service-group] Bootstrap broker localhost:9092 (id: -1 rack: null) disconnected
2026-06-18 09:06:43 [org.springframework.kafka.KafkaListenerEndpointContainer#0-0-C-1] INFO  o.apache.kafka.clients.NetworkClient - [Consumer clientId=consumer-chat-service-group-2, groupId=chat-service-group] Node -1 disconnected.
2026-06-18 09:06:43 [org.springframework.kafka.KafkaListenerEndpointContainer#0-0-C-1] WARN  o.apache.kafka.clients.NetworkClient - [Consumer clientId=consumer-chat-service-group-2, groupId=chat-service-group] Connection to node -1 (localhost/127.0.0.1:9092) could not be established. Broker may not be available.
2026-06-18 09:06:43 [org.springframework.kafka.KafkaListenerEndpointContainer#0-0-C-1] WARN  o.apache.kafka.clients.NetworkClient - [Consumer clientId=consumer-chat-service-group-2, groupId=chat-service-group] Bootstrap broker localhost:9092 (id: -1 rack: null) disconnected
2026-06-18 09:06:44 [org.springframework.kafka.KafkaListenerEndpointContainer#1-0-C-1] INFO  o.apache.kafka.clients.NetworkClient - [Consumer clientId=consumer-chat-service-group-3, groupId=chat-service-group] Node -1 disconnected.
2026-06-18 09:06:44 [org.springframework.kafka.KafkaListenerEndpointContainer#1-0-C-1] WARN  o.apache.kafka.clients.NetworkClient - [Consumer clientId=consumer-chat-service-group-3, groupId=chat-service-group] Connection to node -1 (localhost/127.0.0.1:9092) could not be established. Broker may not be available.
2026-06-18 09:06:44 [org.springframework.kafka.KafkaListenerEndpointContainer#1-0-C-1] WARN  o.apache.kafka.clients.NetworkClient - [Consumer clientId=consumer-chat-service-group-3, groupId=chat-service-group] Bootstrap broker localhost:9092 (id: -1 rack: null) disconnected
2026-06-18 09:06:44 [org.springframework.kafka.KafkaListenerEndpointContainer#0-0-C-1] INFO  o.apache.kafka.clients.NetworkClient - [Consumer clientId=consumer-chat-service-group-2, groupId=chat-service-group] Node -1 disconnected.
2026-06-18 09:06:44 [org.springframework.kafka.KafkaListenerEndpointContainer#0-0-C-1] WARN  o.apache.kafka.clients.NetworkClient - [Consumer clientId=consumer-chat-service-group-2, groupId=chat-service-group] Connection to node -1 (localhost/127.0.0.1:9092) could not be established. Broker may not be available.
2026-06-18 09:06:44 [org.springframework.kafka.KafkaListenerEndpointContainer#0-0-C-1] WARN  o.apache.kafka.clients.NetworkClient - [Consumer clientId=consumer-chat-service-group-2, groupId=chat-service-group] Bootstrap broker localhost:9092 (id: -1 rack: null) disconnected
2026-06-18 09:06:44 [org.springframework.kafka.KafkaListenerEndpointContainer#2-0-C-1] INFO  o.apache.kafka.clients.NetworkClient - [Consumer clientId=consumer-chat-service-group-1, groupId=chat-service-group] Node -1 disconnected.
2026-06-18 09:06:44 [org.springframework.kafka.KafkaListenerEndpointContainer#2-0-C-1] WARN  o.apache.kafka.clients.NetworkClient - [Consumer clientId=consumer-chat-service-group-1, groupId=chat-service-group] Connection to node -1 (localhost/127.0.0.1:9092) could not be established. Broker may not be available.
2026-06-18 09:06:44 [org.springframework.kafka.KafkaListenerEndpointContainer#2-0-C-1] WARN  o.apache.kafka.clients.NetworkClient - [Consumer clientId=consumer-chat-service-group-1, groupId=chat-service-group] Bootstrap broker localhost:9092 (id: -1 rack: null) disconnected
2026-06-18 09:06:45 [org.springframework.kafka.KafkaListenerEndpointContainer#1-0-C-1] INFO  o.apache.kafka.clients.NetworkClient - [Consumer clientId=consumer-chat-service-group-3, groupId=chat-service-group] Node -1 disconnected.
2026-06-18 09:06:45 [org.springframework.kafka.KafkaListenerEndpointContainer#1-0-C-1] WARN  o.apache.kafka.clients.NetworkClient - [Consumer clientId=consumer-chat-service-group-3, groupId=chat-service-group] Connection to node -1 (localhost/127.0.0.1:9092) could not be established. Broker may not be available.
2026-06-18 09:06:45 [org.springframework.kafka.KafkaListenerEndpointContainer#1-0-C-1] WARN  o.apache.kafka.clients.NetworkClient - [Consumer clientId=consumer-chat-service-group-3, groupId=chat-service-group] Bootstrap broker localhost:9092 (id: -1 rack: null) disconnected
2026-06-18 09:06:45 [org.springframework.kafka.KafkaListenerEndpointContainer#2-0-C-1] INFO  o.apache.kafka.clients.NetworkClient - [Consumer clientId=consumer-chat-service-group-1, groupId=chat-service-group] Node -1 disconnected.
2026-06-18 09:06:45 [org.springframework.kafka.KafkaListenerEndpointContainer#2-0-C-1] WARN  o.apache.kafka.clients.NetworkClient - [Consumer clientId=consumer-chat-service-group-1, groupId=chat-service-group] Connection to node -1 (localhost/127.0.0.1:9092) could not be established. Broker may not be available.
2026-06-18 09:06:45 [org.springframework.kafka.KafkaListenerEndpointContainer#2-0-C-1] WARN  o.apache.kafka.clients.NetworkClient - [Consumer clientId=consumer-chat-service-group-1, groupId=chat-service-group] Bootstrap broker localhost:9092 (id: -1 rack: null) disconnected
2026-06-18 09:06:45 [org.springframework.kafka.KafkaListenerEndpointContainer#0-0-C-1] INFO  o.apache.kafka.clients.NetworkClient - [Consumer clientId=consumer-chat-service-group-2, groupId=chat-service-group] Node -1 disconnected.
2026-06-18 09:06:45 [org.springframework.kafka.KafkaListenerEndpointContainer#0-0-C-1] WARN  o.apache.kafka.clients.NetworkClient - [Consumer clientId=consumer-chat-service-group-2, groupId=chat-service-group] Connection to node -1 (localhost/127.0.0.1:9092) could not be established. Broker may not be available.
2026-06-18 09:06:45 [org.springframework.kafka.KafkaListenerEndpointContainer#0-0-C-1] WARN  o.apache.kafka.clients.NetworkClient - [Consumer clientId=consumer-chat-service-group-2, groupId=chat-service-group] Bootstrap broker localhost:9092 (id: -1 rack: null) disconnected
2026-06-18 09:06:46 [org.springframework.kafka.KafkaListenerEndpointContainer#1-0-C-1] INFO  o.apache.kafka.clients.NetworkClient - [Consumer clientId=consumer-chat-service-group-3, groupId=chat-service-group] Node -1 disconnected.
2026-06-18 09:06:46 [org.springframework.kafka.KafkaListenerEndpointContainer#1-0-C-1] WARN  o.apache.kafka.clients.NetworkClient - [Consumer clientId=consumer-chat-service-group-3, groupId=chat-service-group] Connection to node -1 (localhost/127.0.0.1:9092) could not be established. Broker may not be available.
2026-06-18 09:06:46 [org.springframework.kafka.KafkaListenerEndpointContainer#1-0-C-1] WARN  o.apache.kafka.clients.NetworkClient - [Consumer clientId=consumer-chat-service-group-3, groupId=chat-service-group] Bootstrap broker localhost:9092 (id: -1 rack: null) disconnected
2026-06-18 09:06:46 [org.springframework.kafka.KafkaListenerEndpointContainer#0-0-C-1] INFO  o.apache.kafka.clients.NetworkClient - [Consumer clientId=consumer-chat-service-group-2, groupId=chat-service-group] Node -1 disconnected.
2026-06-18 09:06:46 [org.springframework.kafka.KafkaListenerEndpointContainer#0-0-C-1] WARN  o.apache.kafka.clients.NetworkClient - [Consumer clientId=consumer-chat-service-group-2, groupId=chat-service-group] Connection to node -1 (localhost/127.0.0.1:9092) could not be established. Broker may not be available.
2026-06-18 09:06:46 [org.springframework.kafka.KafkaListenerEndpointContainer#0-0-C-1] WARN  o.apache.kafka.clients.NetworkClient - [Consumer clientId=consumer-chat-service-group-2, groupId=chat-service-group] Bootstrap broker localhost:9092 (id: -1 rack: null) disconnected
2026-06-18 09:06:46 [org.springframework.kafka.KafkaListenerEndpointContainer#2-0-C-1] INFO  o.apache.kafka.clients.NetworkClient - [Consumer clientId=consumer-chat-service-group-1, groupId=chat-service-group] Node -1 disconnected.
2026-06-18 09:06:46 [org.springframework.kafka.KafkaListenerEndpointContainer#2-0-C-1] WARN  o.apache.kafka.clients.NetworkClient - [Consumer clientId=consumer-chat-service-group-1, groupId=chat-service-group] Connection to node -1 (localhost/127.0.0.1:9092) could not be established. Broker may not be available.
2026-06-18 09:06:46 [org.springframework.kafka.KafkaListenerEndpointContainer#2-0-C-1] WARN  o.apache.kafka.clients.NetworkClient - [Consumer clientId=consumer-chat-service-group-1, groupId=chat-service-group] Bootstrap broker localhost:9092 (id: -1 rack: null) disconnected
2026-06-18 09:06:47 [org.springframework.kafka.KafkaListenerEndpointContainer#1-0-C-1] INFO  o.apache.kafka.clients.NetworkClient - [Consumer clientId=consumer-chat-service-group-3, groupId=chat-service-group] Node -1 disconnected.
2026-06-18 09:06:47 [org.springframework.kafka.KafkaListenerEndpointContainer#1-0-C-1] WARN  o.apache.kafka.clients.NetworkClient - [Consumer clientId=consumer-chat-service-group-3, groupId=chat-service-group] Connection to node -1 (localhost/127.0.0.1:9092) could not be established. Broker may not be available.
2026-06-18 09:06:47 [org.springframework.kafka.KafkaListenerEndpointContainer#1-0-C-1] WARN  o.apache.kafka.clients.NetworkClient - [Consumer clientId=consumer-chat-service-group-3, groupId=chat-service-group] Bootstrap broker localhost:9092 (id: -1 rack: null) disconnected
2026-06-18 09:06:47 [org.springframework.kafka.KafkaListenerEndpointContainer#0-0-C-1] INFO  o.apache.kafka.clients.NetworkClient - [Consumer clientId=consumer-chat-service-group-2, groupId=chat-service-group] Node -1 disconnected.
2026-06-18 09:06:47 [org.springframework.kafka.KafkaListenerEndpointContainer#0-0-C-1] WARN  o.apache.kafka.clients.NetworkClient - [Consumer clientId=consumer-chat-service-group-2, groupId=chat-service-group] Connection to node -1 (localhost/127.0.0.1:9092) could not be established. Broker may not be available.
2026-06-18 09:06:47 [org.springframework.kafka.KafkaListenerEndpointContainer#0-0-C-1] WARN  o.apache.kafka.clients.NetworkClient - [Consumer clientId=consumer-chat-service-group-2, groupId=chat-service-group] Bootstrap broker localhost:9092 (id: -1 rack: null) disconnected
2026-06-18 09:06:47 [org.springframework.kafka.KafkaListenerEndpointContainer#2-0-C-1] INFO  o.apache.kafka.clients.NetworkClient - [Consumer clientId=consumer-chat-service-group-1, groupId=chat-service-group] Node -1 disconnected.
2026-06-18 09:06:47 [org.springframework.kafka.KafkaListenerEndpointContainer#2-0-C-1] WARN  o.apache.kafka.clients.NetworkClient - [Consumer clientId=consumer-chat-service-group-1, groupId=chat-service-group] Connection to node -1 (localhost/127.0.0.1:9092) could not be established. Broker may not be available.
2026-06-18 09:06:47 [org.springframework.kafka.KafkaListenerEndpointContainer#2-0-C-1] WARN  o.apache.kafka.clients.NetworkClient - [Consumer clientId=consumer-chat-service-group-1, groupId=chat-service-group] Bootstrap broker localhost:9092 (id: -1 rack: null) disconnected
2026-06-18 09:06:48 [org.springframework.kafka.KafkaListenerEndpointContainer#1-0-C-1] INFO  o.apache.kafka.clients.NetworkClient - [Consumer clientId=consumer-chat-service-group-3, groupId=chat-service-group] Node -1 disconnected.
2026-06-18 09:06:48 [org.springframework.kafka.KafkaListenerEndpointContainer#1-0-C-1] WARN  o.apache.kafka.clients.NetworkClient - [Consumer clientId=consumer-chat-service-group-3, groupId=chat-service-group] Connection to node -1 (localhost/127.0.0.1:9092) could not be established. Broker may not be available.
2026-06-18 09:06:48 [org.springframework.kafka.KafkaListenerEndpointContainer#1-0-C-1] WARN  o.apache.kafka.clients.NetworkClient - [Consumer clientId=consumer-chat-service-group-3, groupId=chat-service-group] Bootstrap broker localhost:9092 (id: -1 rack: null) disconnected
2026-06-18 09:06:48 [org.springframework.kafka.KafkaListenerEndpointContainer#2-0-C-1] INFO  o.apache.kafka.clients.NetworkClient - [Consumer clientId=consumer-chat-service-group-1, groupId=chat-service-group] Node -1 disconnected.
2026-06-18 09:06:48 [org.springframework.kafka.KafkaListenerEndpointContainer#2-0-C-1] WARN  o.apache.kafka.clients.NetworkClient - [Consumer clientId=consumer-chat-service-group-1, groupId=chat-service-group] Connection to node -1 (localhost/127.0.0.1:9092) could not be established. Broker may not be available.
2026-06-18 09:06:48 [org.springframework.kafka.KafkaListenerEndpointContainer#2-0-C-1] WARN  o.apache.kafka.clients.NetworkClient - [Consumer clientId=consumer-chat-service-group-1, groupId=chat-service-group] Bootstrap broker localhost:9092 (id: -1 rack: null) disconnected
2026-06-18 09:06:48 [org.springframework.kafka.KafkaListenerEndpointContainer#0-0-C-1] INFO  o.apache.kafka.clients.NetworkClient - [Consumer clientId=consumer-chat-service-group-2, groupId=chat-service-group] Node -1 disconnected.
2026-06-18 09:06:48 [org.springframework.kafka.KafkaListenerEndpointContainer#0-0-C-1] WARN  o.apache.kafka.clients.NetworkClient - [Consumer clientId=consumer-chat-service-group-2, groupId=chat-service-group] Connection to node -1 (localhost/127.0.0.1:9092) could not be established. Broker may not be available.
2026-06-18 09:06:48 [org.springframework.kafka.KafkaListenerEndpointContainer#0-0-C-1] WARN  o.apache.kafka.clients.NetworkClient - [Consumer clientId=consumer-chat-service-group-2, groupId=chat-service-group] Bootstrap broker localhost:9092 (id: -1 rack: null) disconnected
2026-06-18 09:06:49 [org.springframework.kafka.KafkaListenerEndpointContainer#1-0-C-1] INFO  o.apache.kafka.clients.NetworkClient - [Consumer clientId=consumer-chat-service-group-3, groupId=chat-service-group] Node -1 disconnected.
2026-06-18 09:06:49 [org.springframework.kafka.KafkaListenerEndpointContainer#1-0-C-1] WARN  o.apache.kafka.clients.NetworkClient - [Consumer clientId=consumer-chat-service-group-3, groupId=chat-service-group] Connection to node -1 (localhost/127.0.0.1:9092) could not be established. Broker may not be available.
2026-06-18 09:06:49 [org.springframework.kafka.KafkaListenerEndpointContainer#1-0-C-1] WARN  o.apache.kafka.clients.NetworkClient - [Consumer clientId=consumer-chat-service-group-3, groupId=chat-service-group] Bootstrap broker localhost:9092 (id: -1 rack: null) disconnected
2026-06-18 09:06:49 [org.springframework.kafka.KafkaListenerEndpointContainer#2-0-C-1] INFO  o.apache.kafka.clients.NetworkClient - [Consumer clientId=consumer-chat-service-group-1, groupId=chat-service-group] Node -1 disconnected.
2026-06-18 09:06:49 [org.springframework.kafka.KafkaListenerEndpointContainer#2-0-C-1] WARN  o.apache.kafka.clients.NetworkClient - [Consumer clientId=consumer-chat-service-group-1, groupId=chat-service-group] Connection to node -1 (localhost/127.0.0.1:9092) could not be established. Broker may not be available.
2026-06-18 09:06:49 [org.springframework.kafka.KafkaListenerEndpointContainer#2-0-C-1] WARN  o.apache.kafka.clients.NetworkClient - [Consumer clientId=consumer-chat-service-group-1, groupId=chat-service-group] Bootstrap broker localhost:9092 (id: -1 rack: null) disconnected
2026-06-18 09:06:49 [org.springframework.kafka.KafkaListenerEndpointContainer#0-0-C-1] INFO  o.apache.kafka.clients.NetworkClient - [Consumer clientId=consumer-chat-service-group-2, groupId=chat-service-group] Node -1 disconnected.
2026-06-18 09:06:49 [org.springframework.kafka.KafkaListenerEndpointContainer#0-0-C-1] WARN  o.apache.kafka.clients.NetworkClient - [Consumer clientId=consumer-chat-service-group-2, groupId=chat-service-group] Connection to node -1 (localhost/127.0.0.1:9092) could not be established. Broker may not be available.
2026-06-18 09:06:49 [org.springframework.kafka.KafkaListenerEndpointContainer#0-0-C-1] WARN  o.apache.kafka.clients.NetworkClient - [Consumer clientId=consumer-chat-service-group-2, groupId=chat-service-group] Bootstrap broker localhost:9092 (id: -1 rack: null) disconnected
2026-06-18 09:06:50 [org.springframework.kafka.KafkaListenerEndpointContainer#1-0-C-1] INFO  o.apache.kafka.clients.NetworkClient - [Consumer clientId=consumer-chat-service-group-3, groupId=chat-service-group] Node -1 disconnected.
2026-06-18 09:06:50 [org.springframework.kafka.KafkaListenerEndpointContainer#1-0-C-1] WARN  o.apache.kafka.clients.NetworkClient - [Consumer clientId=consumer-chat-service-group-3, groupId=chat-service-group] Connection to node -1 (localhost/127.0.0.1:9092) could not be established. Broker may not be available.
2026-06-18 09:06:50 [org.springframework.kafka.KafkaListenerEndpointContainer#1-0-C-1] WARN  o.apache.kafka.clients.NetworkClient - [Consumer clientId=consumer-chat-service-group-3, groupId=chat-service-group] Bootstrap broker localhost:9092 (id: -1 rack: null) disconnected
2026-06-18 09:06:50 [org.springframework.kafka.KafkaListenerEndpointContainer#2-0-C-1] INFO  o.apache.kafka.clients.NetworkClient - [Consumer clientId=consumer-chat-service-group-1, groupId=chat-service-group] Node -1 disconnected.
2026-06-18 09:06:50 [org.springframework.kafka.KafkaListenerEndpointContainer#2-0-C-1] WARN  o.apache.kafka.clients.NetworkClient - [Consumer clientId=consumer-chat-service-group-1, groupId=chat-service-group] Connection to node -1 (localhost/127.0.0.1:9092) could not be established. Broker may not be available.
2026-06-18 09:06:50 [org.springframework.kafka.KafkaListenerEndpointContainer#2-0-C-1] WARN  o.apache.kafka.clients.NetworkClient - [Consumer clientId=consumer-chat-service-group-1, groupId=chat-service-group] Bootstrap broker localhost:9092 (id: -1 rack: null) disconnected
2026-06-18 09:06:50 [org.springframework.kafka.KafkaListenerEndpointContainer#0-0-C-1] INFO  o.apache.kafka.clients.NetworkClient - [Consumer clientId=consumer-chat-service-group-2, groupId=chat-service-group] Node -1 disconnected.
2026-06-18 09:06:50 [org.springframework.kafka.KafkaListenerEndpointContainer#0-0-C-1] WARN  o.apache.kafka.clients.NetworkClient - [Consumer clientId=consumer-chat-service-group-2, groupId=chat-service-group] Connection to node -1 (localhost/127.0.0.1:9092) could not be established. Broker may not be available.
2026-06-18 09:06:50 [org.springframework.kafka.KafkaListenerEndpointContainer#0-0-C-1] WARN  o.apache.kafka.clients.NetworkClient - [Consumer clientId=consumer-chat-service-group-2, groupId=chat-service-group] Bootstrap broker localhost:9092 (id: -1 rack: null) disconnected
2026-06-18 09:06:51 [org.springframework.kafka.KafkaListenerEndpointContainer#1-0-C-1] INFO  o.apache.kafka.clients.NetworkClient - [Consumer clientId=consumer-chat-service-group-3, groupId=chat-service-group] Node -1 disconnected.
2026-06-18 09:06:51 [org.springframework.kafka.KafkaListenerEndpointContainer#1-0-C-1] WARN  o.apache.kafka.clients.NetworkClient - [Consumer clientId=consumer-chat-service-group-3, groupId=chat-service-group] Connection to node -1 (localhost/127.0.0.1:9092) could not be established. Broker may not be available.
2026-06-18 09:06:51 [org.springframework.kafka.KafkaListenerEndpointContainer#1-0-C-1] WARN  o.apache.kafka.clients.NetworkClient - [Consumer clientId=consumer-chat-service-group-3, groupId=chat-service-group] Bootstrap broker localhost:9092 (id: -1 rack: null) disconnected
2026-06-18 09:06:51 [org.springframework.kafka.KafkaListenerEndpointContainer#0-0-C-1] INFO  o.apache.kafka.clients.NetworkClient - [Consumer clientId=consumer-chat-service-group-2, groupId=chat-service-group] Node -1 disconnected.
2026-06-18 09:06:51 [org.springframework.kafka.KafkaListenerEndpointContainer#2-0-C-1] INFO  o.apache.kafka.clients.NetworkClient - [Consumer clientId=consumer-chat-service-group-1, groupId=chat-service-group] Node -1 disconnected.
2026-06-18 09:06:51 [org.springframework.kafka.KafkaListenerEndpointContainer#0-0-C-1] WARN  o.apache.kafka.clients.NetworkClient - [Consumer clientId=consumer-chat-service-group-2, groupId=chat-service-group] Connection to node -1 (localhost/127.0.0.1:9092) could not be established. Broker may not be available.
2026-06-18 09:06:51 [org.springframework.kafka.KafkaListenerEndpointContainer#2-0-C-1] WARN  o.apache.kafka.clients.NetworkClient - [Consumer clientId=consumer-chat-service-group-1, groupId=chat-service-group] Connection to node -1 (localhost/127.0.0.1:9092) could not be established. Broker may not be available.
2026-06-18 09:06:51 [org.springframework.kafka.KafkaListenerEndpointContainer#0-0-C-1] WARN  o.apache.kafka.clients.NetworkClient - [Consumer clientId=consumer-chat-service-group-2, groupId=chat-service-group] Bootstrap broker localhost:9092 (id: -1 rack: null) disconnected
2026-06-18 09:06:51 [org.springframework.kafka.KafkaListenerEndpointContainer#2-0-C-1] WARN  o.apache.kafka.clients.NetworkClient - [Consumer clientId=consumer-chat-service-group-1, groupId=chat-service-group] Bootstrap broker localhost:9092 (id: -1 rack: null) disconnected
2026-06-18 09:06:52 [org.springframework.kafka.KafkaListenerEndpointContainer#1-0-C-1] INFO  o.apache.kafka.clients.NetworkClient - [Consumer clientId=consumer-chat-service-group-3, groupId=chat-service-group] Node -1 disconnected.
2026-06-18 09:06:52 [org.springframework.kafka.KafkaListenerEndpointContainer#1-0-C-1] WARN  o.apache.kafka.clients.NetworkClient - [Consumer clientId=consumer-chat-service-group-3, groupId=chat-service-group] Connection to node -1 (localhost/127.0.0.1:9092) could not be established. Broker may not be available.
2026-06-18 09:06:52 [org.springframework.kafka.KafkaListenerEndpointContainer#1-0-C-1] WARN  o.apache.kafka.clients.NetworkClient - [Consumer clientId=consumer-chat-service-group-3, groupId=chat-service-group] Bootstrap broker localhost:9092 (id: -1 rack: null) disconnected
2026-06-18 09:06:52 [org.springframework.kafka.KafkaListenerEndpointContainer#0-0-C-1] INFO  o.apache.kafka.clients.NetworkClient - [Consumer clientId=consumer-chat-service-group-2, groupId=chat-service-group] Node -1 disconnected.
2026-06-18 09:06:52 [org.springframework.kafka.KafkaListenerEndpointContainer#0-0-C-1] WARN  o.apache.kafka.clients.NetworkClient - [Consumer clientId=consumer-chat-service-group-2, groupId=chat-service-group] Connection to node -1 (localhost/127.0.0.1:9092) could not be established. Broker may not be available.
2026-06-18 09:06:52 [org.springframework.kafka.KafkaListenerEndpointContainer#0-0-C-1] WARN  o.apache.kafka.clients.NetworkClient - [Consumer clientId=consumer-chat-service-group-2, groupId=chat-service-group] Bootstrap broker localhost:9092 (id: -1 rack: null) disconnected
2026-06-18 09:06:52 [org.springframework.kafka.KafkaListenerEndpointContainer#2-0-C-1] INFO  o.apache.kafka.clients.NetworkClient - [Consumer clientId=consumer-chat-service-group-1, groupId=chat-service-group] Node -1 disconnected.
2026-06-18 09:06:52 [org.springframework.kafka.KafkaListenerEndpointContainer#2-0-C-1] WARN  o.apache.kafka.clients.NetworkClient - [Consumer clientId=consumer-chat-service-group-1, groupId=chat-service-group] Connection to node -1 (localhost/127.0.0.1:9092) could not be established. Broker may not be available.
2026-06-18 09:06:52 [org.springframework.kafka.KafkaListenerEndpointContainer#2-0-C-1] WARN  o.apache.kafka.clients.NetworkClient - [Consumer clientId=consumer-chat-service-group-1, groupId=chat-service-group] Bootstrap broker localhost:9092 (id: -1 rack: null) disconnected
2026-06-18 09:06:53 [org.springframework.kafka.KafkaListenerEndpointContainer#1-0-C-1] INFO  o.apache.kafka.clients.NetworkClient - [Consumer clientId=consumer-chat-service-group-3, groupId=chat-service-group] Node -1 disconnected.
2026-06-18 09:06:53 [org.springframework.kafka.KafkaListenerEndpointContainer#1-0-C-1] WARN  o.apache.kafka.clients.NetworkClient - [Consumer clientId=consumer-chat-service-group-3, groupId=chat-service-group] Connection to node -1 (localhost/127.0.0.1:9092) could not be established. Broker may not be available.
2026-06-18 09:06:53 [org.springframework.kafka.KafkaListenerEndpointContainer#1-0-C-1] WARN  o.apache.kafka.clients.NetworkClient - [Consumer clientId=consumer-chat-service-group-3, groupId=chat-service-group] Bootstrap broker localhost:9092 (id: -1 rack: null) disconnected
2026-06-18 09:06:53 [org.springframework.kafka.KafkaListenerEndpointContainer#2-0-C-1] INFO  o.apache.kafka.clients.NetworkClient - [Consumer clientId=consumer-chat-service-group-1, groupId=chat-service-group] Node -1 disconnected.
2026-06-18 09:06:53 [org.springframework.kafka.KafkaListenerEndpointContainer#2-0-C-1] WARN  o.apache.kafka.clients.NetworkClient - [Consumer clientId=consumer-chat-service-group-1, groupId=chat-service-group] Connection to node -1 (localhost/127.0.0.1:9092) could not be established. Broker may not be available.
2026-06-18 09:06:53 [org.springframework.kafka.KafkaListenerEndpointContainer#2-0-C-1] WARN  o.apache.kafka.clients.NetworkClient - [Consumer clientId=consumer-chat-service-group-1, groupId=chat-service-group] Bootstrap broker localhost:9092 (id: -1 rack: null) disconnected
2026-06-18 09:06:53 [org.springframework.kafka.KafkaListenerEndpointContainer#0-0-C-1] INFO  o.apache.kafka.clients.NetworkClient - [Consumer clientId=consumer-chat-service-group-2, groupId=chat-service-group] Node -1 disconnected.
2026-06-18 09:06:53 [org.springframework.kafka.KafkaListenerEndpointContainer#0-0-C-1] WARN  o.apache.kafka.clients.NetworkClient - [Consumer clientId=consumer-chat-service-group-2, groupId=chat-service-group] Connection to node -1 (localhost/127.0.0.1:9092) could not be established. Broker may not be available.
2026-06-18 09:06:53 [org.springframework.kafka.KafkaListenerEndpointContainer#0-0-C-1] WARN  o.apache.kafka.clients.NetworkClient - [Consumer clientId=consumer-chat-service-group-2, groupId=chat-service-group] Bootstrap broker localhost:9092 (id: -1 rack: null) disconnected
2026-06-18 09:06:54 [org.springframework.kafka.KafkaListenerEndpointContainer#1-0-C-1] INFO  o.apache.kafka.clients.NetworkClient - [Consumer clientId=consumer-chat-service-group-3, groupId=chat-service-group] Node -1 disconnected.
2026-06-18 09:06:54 [org.springframework.kafka.KafkaListenerEndpointContainer#1-0-C-1] WARN  o.apache.kafka.clients.NetworkClient - [Consumer clientId=consumer-chat-service-group-3, groupId=chat-service-group] Connection to node -1 (localhost/127.0.0.1:9092) could not be established. Broker may not be available.
2026-06-18 09:06:54 [org.springframework.kafka.KafkaListenerEndpointContainer#1-0-C-1] WARN  o.apache.kafka.clients.NetworkClient - [Consumer clientId=consumer-chat-service-group-3, groupId=chat-service-group] Bootstrap broker localhost:9092 (id: -1 rack: null) disconnected
2026-06-18 09:06:54 [org.springframework.kafka.KafkaListenerEndpointContainer#0-0-C-1] INFO  o.apache.kafka.clients.NetworkClient - [Consumer clientId=consumer-chat-service-group-2, groupId=chat-service-group] Node -1 disconnected.
2026-06-18 09:06:54 [org.springframework.kafka.KafkaListenerEndpointContainer#0-0-C-1] WARN  o.apache.kafka.clients.NetworkClient - [Consumer clientId=consumer-chat-service-group-2, groupId=chat-service-group] Connection to node -1 (localhost/127.0.0.1:9092) could not be established. Broker may not be available.
2026-06-18 09:06:54 [org.springframework.kafka.KafkaListenerEndpointContainer#0-0-C-1] WARN  o.apache.kafka.clients.NetworkClient - [Consumer clientId=consumer-chat-service-group-2, groupId=chat-service-group] Bootstrap broker localhost:9092 (id: -1 rack: null) disconnected
2026-06-18 09:06:54 [org.springframework.kafka.KafkaListenerEndpointContainer#2-0-C-1] INFO  o.apache.kafka.clients.NetworkClient - [Consumer clientId=consumer-chat-service-group-1, groupId=chat-service-group] Node -1 disconnected.
2026-06-18 09:06:54 [org.springframework.kafka.KafkaListenerEndpointContainer#2-0-C-1] WARN  o.apache.kafka.clients.NetworkClient - [Consumer clientId=consumer-chat-service-group-1, groupId=chat-service-group] Connection to node -1 (localhost/127.0.0.1:9092) could not be established. Broker may not be available.
2026-06-18 09:06:54 [org.springframework.kafka.KafkaListenerEndpointContainer#2-0-C-1] WARN  o.apache.kafka.clients.NetworkClient - [Consumer clientId=consumer-chat-service-group-1, groupId=chat-service-group] Bootstrap broker localhost:9092 (id: -1 rack: null) disconnected
2026-06-18 09:06:55 [org.springframework.kafka.KafkaListenerEndpointContainer#2-0-C-1] INFO  o.apache.kafka.clients.NetworkClient - [Consumer clientId=consumer-chat-service-group-1, groupId=chat-service-group] Node -1 disconnected.
2026-06-18 09:06:55 [org.springframework.kafka.KafkaListenerEndpointContainer#2-0-C-1] WARN  o.apache.kafka.clients.NetworkClient - [Consumer clientId=consumer-chat-service-group-1, groupId=chat-service-group] Connection to node -1 (localhost/127.0.0.1:9092) could not be established. Broker may not be available.
2026-06-18 09:06:55 [org.springframework.kafka.KafkaListenerEndpointContainer#2-0-C-1] WARN  o.apache.kafka.clients.NetworkClient - [Consumer clientId=consumer-chat-service-group-1, groupId=chat-service-group] Bootstrap broker localhost:9092 (id: -1 rack: null) disconnected
2026-06-18 09:06:55 [org.springframework.kafka.KafkaListenerEndpointContainer#1-0-C-1] INFO  o.apache.kafka.clients.NetworkClient - [Consumer clientId=consumer-chat-service-group-3, groupId=chat-service-group] Node -1 disconnected.
2026-06-18 09:06:55 [org.springframework.kafka.KafkaListenerEndpointContainer#1-0-C-1] WARN  o.apache.kafka.clients.NetworkClient - [Consumer clientId=consumer-chat-service-group-3, groupId=chat-service-group] Connection to node -1 (localhost/127.0.0.1:9092) could not be established. Broker may not be available.
2026-06-18 09:06:55 [org.springframework.kafka.KafkaListenerEndpointContainer#1-0-C-1] WARN  o.apache.kafka.clients.NetworkClient - [Consumer clientId=consumer-chat-service-group-3, groupId=chat-service-group] Bootstrap broker localhost:9092 (id: -1 rack: null) disconnected
2026-06-18 09:06:55 [org.springframework.kafka.KafkaListenerEndpointContainer#0-0-C-1] INFO  o.apache.kafka.clients.NetworkClient - [Consumer clientId=consumer-chat-service-group-2, groupId=chat-service-group] Node -1 disconnected.
2026-06-18 09:06:55 [org.springframework.kafka.KafkaListenerEndpointContainer#0-0-C-1] WARN  o.apache.kafka.clients.NetworkClient - [Consumer clientId=consumer-chat-service-group-2, groupId=chat-service-group] Connection to node -1 (localhost/127.0.0.1:9092) could not be established. Broker may not be available.
2026-06-18 09:06:55 [org.springframework.kafka.KafkaListenerEndpointContainer#0-0-C-1] WARN  o.apache.kafka.clients.NetworkClient - [Consumer clientId=consumer-chat-service-group-2, groupId=chat-service-group] Bootstrap broker localhost:9092 (id: -1 rack: null) disconnected
2026-06-18 09:06:56 [org.springframework.kafka.KafkaListenerEndpointContainer#2-0-C-1] INFO  o.apache.kafka.clients.NetworkClient - [Consumer clientId=consumer-chat-service-group-1, groupId=chat-service-group] Node -1 disconnected.
2026-06-18 09:06:56 [org.springframework.kafka.KafkaListenerEndpointContainer#2-0-C-1] WARN  o.apache.kafka.clients.NetworkClient - [Consumer clientId=consumer-chat-service-group-1, groupId=chat-service-group] Connection to node -1 (localhost/127.0.0.1:9092) could not be established. Broker may not be available.
2026-06-18 09:06:56 [org.springframework.kafka.KafkaListenerEndpointContainer#2-0-C-1] WARN  o.apache.kafka.clients.NetworkClient - [Consumer clientId=consumer-chat-service-group-1, groupId=chat-service-group] Bootstrap broker localhost:9092 (id: -1 rack: null) disconnected
2026-06-18 09:06:56 [org.springframework.kafka.KafkaListenerEndpointContainer#0-0-C-1] INFO  o.apache.kafka.clients.NetworkClient - [Consumer clientId=consumer-chat-service-group-2, groupId=chat-service-group] Node -1 disconnected.
2026-06-18 09:06:56 [org.springframework.kafka.KafkaListenerEndpointContainer#0-0-C-1] WARN  o.apache.kafka.clients.NetworkClient - [Consumer clientId=consumer-chat-service-group-2, groupId=chat-service-group] Connection to node -1 (localhost/127.0.0.1:9092) could not be established. Broker may not be available.
2026-06-18 09:06:56 [org.springframework.kafka.KafkaListenerEndpointContainer#0-0-C-1] WARN  o.apache.kafka.clients.NetworkClient - [Consumer clientId=consumer-chat-service-group-2, groupId=chat-service-group] Bootstrap broker localhost:9092 (id: -1 rack: null) disconnected
2026-06-18 09:06:56 [org.springframework.kafka.KafkaListenerEndpointContainer#1-0-C-1] INFO  o.apache.kafka.clients.NetworkClient - [Consumer clientId=consumer-chat-service-group-3, groupId=chat-service-group] Node -1 disconnected.
2026-06-18 09:06:56 [org.springframework.kafka.KafkaListenerEndpointContainer#1-0-C-1] WARN  o.apache.kafka.clients.NetworkClient - [Consumer clientId=consumer-chat-service-group-3, groupId=chat-service-group] Connection to node -1 (localhost/127.0.0.1:9092) could not be established. Broker may not be available.
2026-06-18 09:06:56 [org.springframework.kafka.KafkaListenerEndpointContainer#1-0-C-1] WARN  o.apache.kafka.clients.NetworkClient - [Consumer clientId=consumer-chat-service-group-3, groupId=chat-service-group] Bootstrap broker localhost:9092 (id: -1 rack: null) disconnected
2026-06-18 09:06:57 [org.springframework.kafka.KafkaListenerEndpointContainer#2-0-C-1] INFO  o.apache.kafka.clients.NetworkClient - [Consumer clientId=consumer-chat-service-group-1, groupId=chat-service-group] Node -1 disconnected.
2026-06-18 09:06:57 [org.springframework.kafka.KafkaListenerEndpointContainer#2-0-C-1] WARN  o.apache.kafka.clients.NetworkClient - [Consumer clientId=consumer-chat-service-group-1, groupId=chat-service-group] Connection to node -1 (localhost/127.0.0.1:9092) could not be established. Broker may not be available.
2026-06-18 09:06:57 [org.springframework.kafka.KafkaListenerEndpointContainer#2-0-C-1] WARN  o.apache.kafka.clients.NetworkClient - [Consumer clientId=consumer-chat-service-group-1, groupId=chat-service-group] Bootstrap broker localhost:9092 (id: -1 rack: null) disconnected
2026-06-18 09:06:57 [org.springframework.kafka.KafkaListenerEndpointContainer#1-0-C-1] INFO  o.apache.kafka.clients.NetworkClient - [Consumer clientId=consumer-chat-service-group-3, groupId=chat-service-group] Node -1 disconnected.
2026-06-18 09:06:57 [org.springframework.kafka.KafkaListenerEndpointContainer#1-0-C-1] WARN  o.apache.kafka.clients.NetworkClient - [Consumer clientId=consumer-chat-service-group-3, groupId=chat-service-group] Connection to node -1 (localhost/127.0.0.1:9092) could not be established. Broker may not be available.
2026-06-18 09:06:57 [org.springframework.kafka.KafkaListenerEndpointContainer#1-0-C-1] WARN  o.apache.kafka.clients.NetworkClient - [Consumer clientId=consumer-chat-service-group-3, groupId=chat-service-group] Bootstrap broker localhost:9092 (id: -1 rack: null) disconnected
2026-06-18 09:06:57 [org.springframework.kafka.KafkaListenerEndpointContainer#0-0-C-1] INFO  o.apache.kafka.clients.NetworkClient - [Consumer clientId=consumer-chat-service-group-2, groupId=chat-service-group] Node -1 disconnected.
2026-06-18 09:06:57 [org.springframework.kafka.KafkaListenerEndpointContainer#0-0-C-1] WARN  o.apache.kafka.clients.NetworkClient - [Consumer clientId=consumer-chat-service-group-2, groupId=chat-service-group] Connection to node -1 (localhost/127.0.0.1:9092) could not be established. Broker may not be available.
2026-06-18 09:06:57 [org.springframework.kafka.KafkaListenerEndpointContainer#0-0-C-1] WARN  o.apache.kafka.clients.NetworkClient - [Consumer clientId=consumer-chat-service-group-2, groupId=chat-service-group] Bootstrap broker localhost:9092 (id: -1 rack: null) disconnected
2026-06-18 09:06:58 [org.springframework.kafka.KafkaListenerEndpointContainer#2-0-C-1] INFO  o.apache.kafka.clients.NetworkClient - [Consumer clientId=consumer-chat-service-group-1, groupId=chat-service-group] Node -1 disconnected.
2026-06-18 09:06:58 [org.springframework.kafka.KafkaListenerEndpointContainer#2-0-C-1] WARN  o.apache.kafka.clients.NetworkClient - [Consumer clientId=consumer-chat-service-group-1, groupId=chat-service-group] Connection to node -1 (localhost/127.0.0.1:9092) could not be established. Broker may not be available.
2026-06-18 09:06:58 [org.springframework.kafka.KafkaListenerEndpointContainer#2-0-C-1] WARN  o.apache.kafka.clients.NetworkClient - [Consumer clientId=consumer-chat-service-group-1, groupId=chat-service-group] Bootstrap broker localhost:9092 (id: -1 rack: null) disconnected
2026-06-18 09:06:58 [org.springframework.kafka.KafkaListenerEndpointContainer#1-0-C-1] INFO  o.apache.kafka.clients.NetworkClient - [Consumer clientId=consumer-chat-service-group-3, groupId=chat-service-group] Node -1 disconnected.
2026-06-18 09:06:58 [org.springframework.kafka.KafkaListenerEndpointContainer#1-0-C-1] WARN  o.apache.kafka.clients.NetworkClient - [Consumer clientId=consumer-chat-service-group-3, groupId=chat-service-group] Connection to node -1 (localhost/127.0.0.1:9092) could not be established. Broker may not be available.
2026-06-18 09:06:58 [org.springframework.kafka.KafkaListenerEndpointContainer#1-0-C-1] WARN  o.apache.kafka.clients.NetworkClient - [Consumer clientId=consumer-chat-service-group-3, groupId=chat-service-group] Bootstrap broker localhost:9092 (id: -1 rack: null) disconnected
2026-06-18 09:06:59 [org.springframework.kafka.KafkaListenerEndpointContainer#0-0-C-1] INFO  o.apache.kafka.clients.NetworkClient - [Consumer clientId=consumer-chat-service-group-2, groupId=chat-service-group] Node -1 disconnected.
2026-06-18 09:06:59 [org.springframework.kafka.KafkaListenerEndpointContainer#0-0-C-1] WARN  o.apache.kafka.clients.NetworkClient - [Consumer clientId=consumer-chat-service-group-2, groupId=chat-service-group] Connection to node -1 (localhost/127.0.0.1:9092) could not be established. Broker may not be available.
2026-06-18 09:06:59 [org.springframework.kafka.KafkaListenerEndpointContainer#0-0-C-1] WARN  o.apache.kafka.clients.NetworkClient - [Consumer clientId=consumer-chat-service-group-2, groupId=chat-service-group] Bootstrap broker localhost:9092 (id: -1 rack: null) disconnected
2026-06-18 09:06:59 [org.springframework.kafka.KafkaListenerEndpointContainer#2-0-C-1] INFO  o.apache.kafka.clients.NetworkClient - [Consumer clientId=consumer-chat-service-group-1, groupId=chat-service-group] Node -1 disconnected.
2026-06-18 09:06:59 [org.springframework.kafka.KafkaListenerEndpointContainer#2-0-C-1] WARN  o.apache.kafka.clients.NetworkClient - [Consumer clientId=consumer-chat-service-group-1, groupId=chat-service-group] Connection to node -1 (localhost/127.0.0.1:9092) could not be established. Broker may not be available.
2026-06-18 09:06:59 [org.springframework.kafka.KafkaListenerEndpointContainer#2-0-C-1] WARN  o.apache.kafka.clients.NetworkClient - [Consumer clientId=consumer-chat-service-group-1, groupId=chat-service-group] Bootstrap broker localhost:9092 (id: -1 rack: null) disconnected
2026-06-18 09:07:00 [org.springframework.kafka.KafkaListenerEndpointContainer#1-0-C-1] INFO  o.apache.kafka.clients.NetworkClient - [Consumer clientId=consumer-chat-service-group-3, groupId=chat-service-group] Node -1 disconnected.
2026-06-18 09:07:00 [org.springframework.kafka.KafkaListenerEndpointContainer#1-0-C-1] WARN  o.apache.kafka.clients.NetworkClient - [Consumer clientId=consumer-chat-service-group-3, groupId=chat-service-group] Connection to node -1 (localhost/127.0.0.1:9092) could not be established. Broker may not be available.
2026-06-18 09:07:00 [org.springframework.kafka.KafkaListenerEndpointContainer#1-0-C-1] WARN  o.apache.kafka.clients.NetworkClient - [Consumer clientId=consumer-chat-service-group-3, groupId=chat-service-group] Bootstrap broker localhost:9092 (id: -1 rack: null) disconnected
2026-06-18 09:07:00 [org.springframework.kafka.KafkaListenerEndpointContainer#0-0-C-1] INFO  o.apache.kafka.clients.NetworkClient - [Consumer clientId=consumer-chat-service-group-2, groupId=chat-service-group] Node -1 disconnected.
2026-06-18 09:07:00 [org.springframework.kafka.KafkaListenerEndpointContainer#0-0-C-1] WARN  o.apache.kafka.clients.NetworkClient - [Consumer clientId=consumer-chat-service-group-2, groupId=chat-service-group] Connection to node -1 (localhost/127.0.0.1:9092) could not be established. Broker may not be available.
2026-06-18 09:07:00 [org.springframework.kafka.KafkaListenerEndpointContainer#0-0-C-1] WARN  o.apache.kafka.clients.NetworkClient - [Consumer clientId=consumer-chat-service-group-2, groupId=chat-service-group] Bootstrap broker localhost:9092 (id: -1 rack: null) disconnected
2026-06-18 09:07:00 [org.springframework.kafka.KafkaListenerEndpointContainer#2-0-C-1] INFO  o.apache.kafka.clients.NetworkClient - [Consumer clientId=consumer-chat-service-group-1, groupId=chat-service-group] Node -1 disconnected.
2026-06-18 09:07:00 [org.springframework.kafka.KafkaListenerEndpointContainer#2-0-C-1] WARN  o.apache.kafka.clients.NetworkClient - [Consumer clientId=consumer-chat-service-group-1, groupId=chat-service-group] Connection to node -1 (localhost/127.0.0.1:9092) could not be established. Broker may not be available.
2026-06-18 09:07:00 [org.springframework.kafka.KafkaListenerEndpointContainer#2-0-C-1] WARN  o.apache.kafka.clients.NetworkClient - [Consumer clientId=consumer-chat-service-group-1, groupId=chat-service-group] Bootstrap broker localhost:9092 (id: -1 rack: null) disconnected
2026-06-18 09:07:01 [org.springframework.kafka.KafkaListenerEndpointContainer#0-0-C-1] INFO  o.apache.kafka.clients.NetworkClient - [Consumer clientId=consumer-chat-service-group-2, groupId=chat-service-group] Node -1 disconnected.
2026-06-18 09:07:01 [org.springframework.kafka.KafkaListenerEndpointContainer#0-0-C-1] WARN  o.apache.kafka.clients.NetworkClient - [Consumer clientId=consumer-chat-service-group-2, groupId=chat-service-group] Connection to node -1 (localhost/127.0.0.1:9092) could not be established. Broker may not be available.
2026-06-18 09:07:01 [org.springframework.kafka.KafkaListenerEndpointContainer#0-0-C-1] WARN  o.apache.kafka.clients.NetworkClient - [Consumer clientId=consumer-chat-service-group-2, groupId=chat-service-group] Bootstrap broker localhost:9092 (id: -1 rack: null) disconnected
2026-06-18 09:07:01 [org.springframework.kafka.KafkaListenerEndpointContainer#1-0-C-1] INFO  o.apache.kafka.clients.NetworkClient - [Consumer clientId=consumer-chat-service-group-3, groupId=chat-service-group] Node -1 disconnected.
2026-06-18 09:07:01 [org.springframework.kafka.KafkaListenerEndpointContainer#1-0-C-1] WARN  o.apache.kafka.clients.NetworkClient - [Consumer clientId=consumer-chat-service-group-3, groupId=chat-service-group] Connection to node -1 (localhost/127.0.0.1:9092) could not be established. Broker may not be available.
2026-06-18 09:07:01 [org.springframework.kafka.KafkaListenerEndpointContainer#1-0-C-1] WARN  o.apache.kafka.clients.NetworkClient - [Consumer clientId=consumer-chat-service-group-3, groupId=chat-service-group] Bootstrap broker localhost:9092 (id: -1 rack: null) disconnected
2026-06-18 09:07:01 [org.springframework.kafka.KafkaListenerEndpointContainer#2-0-C-1] INFO  o.apache.kafka.clients.NetworkClient - [Consumer clientId=consumer-chat-service-group-1, groupId=chat-service-group] Node -1 disconnected.
2026-06-18 09:07:01 [org.springframework.kafka.KafkaListenerEndpointContainer#2-0-C-1] WARN  o.apache.kafka.clients.NetworkClient - [Consumer clientId=consumer-chat-service-group-1, groupId=chat-service-group] Connection to node -1 (localhost/127.0.0.1:9092) could not be established. Broker may not be available.
2026-06-18 09:07:01 [org.springframework.kafka.KafkaListenerEndpointContainer#2-0-C-1] WARN  o.apache.kafka.clients.NetworkClient - [Consumer clientId=consumer-chat-service-group-1, groupId=chat-service-group] Bootstrap broker localhost:9092 (id: -1 rack: null) disconnected
2026-06-18 09:07:02 [org.springframework.kafka.KafkaListenerEndpointContainer#1-0-C-1] INFO  o.apache.kafka.clients.NetworkClient - [Consumer clientId=consumer-chat-service-group-3, groupId=chat-service-group] Node -1 disconnected.
2026-06-18 09:07:02 [org.springframework.kafka.KafkaListenerEndpointContainer#1-0-C-1] WARN  o.apache.kafka.clients.NetworkClient - [Consumer clientId=consumer-chat-service-group-3, groupId=chat-service-group] Connection to node -1 (localhost/127.0.0.1:9092) could not be established. Broker may not be available.
2026-06-18 09:07:02 [org.springframework.kafka.KafkaListenerEndpointContainer#1-0-C-1] WARN  o.apache.kafka.clients.NetworkClient - [Consumer clientId=consumer-chat-service-group-3, groupId=chat-service-group] Bootstrap broker localhost:9092 (id: -1 rack: null) disconnected
2026-06-18 09:07:02 [org.springframework.kafka.KafkaListenerEndpointContainer#0-0-C-1] INFO  o.apache.kafka.clients.NetworkClient - [Consumer clientId=consumer-chat-service-group-2, groupId=chat-service-group] Node -1 disconnected.
2026-06-18 09:07:02 [org.springframework.kafka.KafkaListenerEndpointContainer#0-0-C-1] WARN  o.apache.kafka.clients.NetworkClient - [Consumer clientId=consumer-chat-service-group-2, groupId=chat-service-group] Connection to node -1 (localhost/127.0.0.1:9092) could not be established. Broker may not be available.
2026-06-18 09:07:02 [org.springframework.kafka.KafkaListenerEndpointContainer#0-0-C-1] WARN  o.apache.kafka.clients.NetworkClient - [Consumer clientId=consumer-chat-service-group-2, groupId=chat-service-group] Bootstrap broker localhost:9092 (id: -1 rack: null) disconnected
2026-06-18 09:07:02 [org.springframework.kafka.KafkaListenerEndpointContainer#2-0-C-1] INFO  o.apache.kafka.clients.NetworkClient - [Consumer clientId=consumer-chat-service-group-1, groupId=chat-service-group] Node -1 disconnected.
2026-06-18 09:07:02 [org.springframework.kafka.KafkaListenerEndpointContainer#2-0-C-1] WARN  o.apache.kafka.clients.NetworkClient - [Consumer clientId=consumer-chat-service-group-1, groupId=chat-service-group] Connection to node -1 (localhost/127.0.0.1:9092) could not be established. Broker may not be available.
2026-06-18 09:07:02 [org.springframework.kafka.KafkaListenerEndpointContainer#2-0-C-1] WARN  o.apache.kafka.clients.NetworkClient - [Consumer clientId=consumer-chat-service-group-1, groupId=chat-service-group] Bootstrap broker localhost:9092 (id: -1 rack: null) disconnected
2026-06-18 09:07:03 [org.springframework.kafka.KafkaListenerEndpointContainer#1-0-C-1] INFO  o.apache.kafka.clients.NetworkClient - [Consumer clientId=consumer-chat-service-group-3, groupId=chat-service-group] Node -1 disconnected.
2026-06-18 09:07:03 [org.springframework.kafka.KafkaListenerEndpointContainer#1-0-C-1] WARN  o.apache.kafka.clients.NetworkClient - [Consumer clientId=consumer-chat-service-group-3, groupId=chat-service-group] Connection to node -1 (localhost/127.0.0.1:9092) could not be established. Broker may not be available.
2026-06-18 09:07:03 [org.springframework.kafka.KafkaListenerEndpointContainer#1-0-C-1] WARN  o.apache.kafka.clients.NetworkClient - [Consumer clientId=consumer-chat-service-group-3, groupId=chat-service-group] Bootstrap broker localhost:9092 (id: -1 rack: null) disconnected
2026-06-18 09:07:03 [org.springframework.kafka.KafkaListenerEndpointContainer#0-0-C-1] INFO  o.apache.kafka.clients.NetworkClient - [Consumer clientId=consumer-chat-service-group-2, groupId=chat-service-group] Node -1 disconnected.
2026-06-18 09:07:03 [org.springframework.kafka.KafkaListenerEndpointContainer#0-0-C-1] WARN  o.apache.kafka.clients.NetworkClient - [Consumer clientId=consumer-chat-service-group-2, groupId=chat-service-group] Connection to node -1 (localhost/127.0.0.1:9092) could not be established. Broker may not be available.
2026-06-18 09:07:03 [org.springframework.kafka.KafkaListenerEndpointContainer#0-0-C-1] WARN  o.apache.kafka.clients.NetworkClient - [Consumer clientId=consumer-chat-service-group-2, groupId=chat-service-group] Bootstrap broker localhost:9092 (id: -1 rack: null) disconnected
2026-06-18 09:07:03 [org.springframework.kafka.KafkaListenerEndpointContainer#2-0-C-1] INFO  o.apache.kafka.clients.NetworkClient - [Consumer clientId=consumer-chat-service-group-1, groupId=chat-service-group] Node -1 disconnected.
2026-06-18 09:07:03 [org.springframework.kafka.KafkaListenerEndpointContainer#2-0-C-1] WARN  o.apache.kafka.clients.NetworkClient - [Consumer clientId=consumer-chat-service-group-1, groupId=chat-service-group] Connection to node -1 (localhost/127.0.0.1:9092) could not be established. Broker may not be available.
2026-06-18 09:07:03 [org.springframework.kafka.KafkaListenerEndpointContainer#2-0-C-1] WARN  o.apache.kafka.clients.NetworkClient - [Consumer clientId=consumer-chat-service-group-1, groupId=chat-service-group] Bootstrap broker localhost:9092 (id: -1 rack: null) disconnected
2026-06-18 09:07:03 [SpringApplicationShutdownHook] INFO  o.s.c.n.e.s.EurekaServiceRegistry - Unregistering application CHAT-SERVICE with eureka with status DOWN
2026-06-18 09:07:03 [SpringApplicationShutdownHook] INFO  c.netflix.discovery.DiscoveryClient - Saw local status change event StatusChangeEvent [timestamp=1781753823809, current=DOWN, previous=UP]
2026-06-18 09:07:03 [DiscoveryClient-InstanceInfoReplicator-0] INFO  c.netflix.discovery.DiscoveryClient - DiscoveryClient_CHAT-SERVICE/chat-service:8084: registering service...
2026-06-18 09:07:03 [SpringApplicationShutdownHook] INFO  o.s.m.s.b.SimpleBrokerMessageHandler - Stopping...
2026-06-18 09:07:03 [SpringApplicationShutdownHook] INFO  o.s.m.s.b.SimpleBrokerMessageHandler - BrokerAvailabilityEvent[available=false, SimpleBrokerMessageHandler [org.springframework.messaging.simp.broker.DefaultSubscriptionRegistry@47560281]]
2026-06-18 09:07:03 [SpringApplicationShutdownHook] INFO  o.s.m.s.b.SimpleBrokerMessageHandler - Stopped.
2026-06-18 09:07:03 [org.springframework.kafka.KafkaListenerEndpointContainer#2-0-C-1] INFO  o.a.k.c.c.i.ConsumerCoordinator - [Consumer clientId=consumer-chat-service-group-1, groupId=chat-service-group] Resetting generation and member id due to: consumer pro-actively leaving the group
2026-06-18 09:07:03 [org.springframework.kafka.KafkaListenerEndpointContainer#0-0-C-1] INFO  o.a.k.c.c.i.ConsumerCoordinator - [Consumer clientId=consumer-chat-service-group-2, groupId=chat-service-group] Resetting generation and member id due to: consumer pro-actively leaving the group
2026-06-18 09:07:03 [org.springframework.kafka.KafkaListenerEndpointContainer#1-0-C-1] INFO  o.a.k.c.c.i.ConsumerCoordinator - [Consumer clientId=consumer-chat-service-group-3, groupId=chat-service-group] Resetting generation and member id due to: consumer pro-actively leaving the group
2026-06-18 09:07:03 [org.springframework.kafka.KafkaListenerEndpointContainer#2-0-C-1] INFO  o.a.k.c.c.i.ConsumerCoordinator - [Consumer clientId=consumer-chat-service-group-1, groupId=chat-service-group] Request joining group due to: consumer pro-actively leaving the group
2026-06-18 09:07:03 [org.springframework.kafka.KafkaListenerEndpointContainer#0-0-C-1] INFO  o.a.k.c.c.i.ConsumerCoordinator - [Consumer clientId=consumer-chat-service-group-2, groupId=chat-service-group] Request joining group due to: consumer pro-actively leaving the group
2026-06-18 09:07:03 [org.springframework.kafka.KafkaListenerEndpointContainer#1-0-C-1] INFO  o.a.k.c.c.i.ConsumerCoordinator - [Consumer clientId=consumer-chat-service-group-3, groupId=chat-service-group] Request joining group due to: consumer pro-actively leaving the group
2026-06-18 09:07:03 [DiscoveryClient-InstanceInfoReplicator-0] INFO  c.netflix.discovery.DiscoveryClient - DiscoveryClient_CHAT-SERVICE/chat-service:8084 - registration status: 204
2026-06-18 09:07:03 [org.springframework.kafka.KafkaListenerEndpointContainer#0-0-C-1] INFO  o.a.k.c.c.i.ConsumerCoordinator - [Consumer clientId=consumer-chat-service-group-2, groupId=chat-service-group] Resetting generation and member id due to: consumer pro-actively leaving the group
2026-06-18 09:07:03 [org.springframework.kafka.KafkaListenerEndpointContainer#1-0-C-1] INFO  o.a.k.c.c.i.ConsumerCoordinator - [Consumer clientId=consumer-chat-service-group-3, groupId=chat-service-group] Resetting generation and member id due to: consumer pro-actively leaving the group
2026-06-18 09:07:03 [org.springframework.kafka.KafkaListenerEndpointContainer#2-0-C-1] INFO  o.a.k.c.c.i.ConsumerCoordinator - [Consumer clientId=consumer-chat-service-group-1, groupId=chat-service-group] Resetting generation and member id due to: consumer pro-actively leaving the group
2026-06-18 09:07:03 [org.springframework.kafka.KafkaListenerEndpointContainer#0-0-C-1] INFO  o.a.k.c.c.i.ConsumerCoordinator - [Consumer clientId=consumer-chat-service-group-2, groupId=chat-service-group] Request joining group due to: consumer pro-actively leaving the group
2026-06-18 09:07:03 [org.springframework.kafka.KafkaListenerEndpointContainer#1-0-C-1] INFO  o.a.k.c.c.i.ConsumerCoordinator - [Consumer clientId=consumer-chat-service-group-3, groupId=chat-service-group] Request joining group due to: consumer pro-actively leaving the group
2026-06-18 09:07:03 [org.springframework.kafka.KafkaListenerEndpointContainer#2-0-C-1] INFO  o.a.k.c.c.i.ConsumerCoordinator - [Consumer clientId=consumer-chat-service-group-1, groupId=chat-service-group] Request joining group due to: consumer pro-actively leaving the group
2026-06-18 09:07:03 [org.springframework.kafka.KafkaListenerEndpointContainer#0-0-C-1] INFO  o.a.kafka.common.metrics.Metrics - Metrics scheduler closed
2026-06-18 09:07:03 [org.springframework.kafka.KafkaListenerEndpointContainer#1-0-C-1] INFO  o.a.kafka.common.metrics.Metrics - Metrics scheduler closed
2026-06-18 09:07:03 [org.springframework.kafka.KafkaListenerEndpointContainer#2-0-C-1] INFO  o.a.kafka.common.metrics.Metrics - Metrics scheduler closed
2026-06-18 09:07:03 [org.springframework.kafka.KafkaListenerEndpointContainer#0-0-C-1] INFO  o.a.kafka.common.metrics.Metrics - Closing reporter org.apache.kafka.common.metrics.JmxReporter
2026-06-18 09:07:03 [org.springframework.kafka.KafkaListenerEndpointContainer#1-0-C-1] INFO  o.a.kafka.common.metrics.Metrics - Closing reporter org.apache.kafka.common.metrics.JmxReporter
2026-06-18 09:07:03 [org.springframework.kafka.KafkaListenerEndpointContainer#2-0-C-1] INFO  o.a.kafka.common.metrics.Metrics - Closing reporter org.apache.kafka.common.metrics.JmxReporter
2026-06-18 09:07:03 [org.springframework.kafka.KafkaListenerEndpointContainer#0-0-C-1] INFO  o.a.kafka.common.metrics.Metrics - Metrics reporters closed
2026-06-18 09:07:03 [org.springframework.kafka.KafkaListenerEndpointContainer#1-0-C-1] INFO  o.a.kafka.common.metrics.Metrics - Metrics reporters closed
2026-06-18 09:07:03 [org.springframework.kafka.KafkaListenerEndpointContainer#2-0-C-1] INFO  o.a.kafka.common.metrics.Metrics - Metrics reporters closed
2026-06-18 09:07:03 [org.springframework.kafka.KafkaListenerEndpointContainer#1-0-C-1] INFO  o.a.kafka.common.utils.AppInfoParser - App info kafka.consumer for consumer-chat-service-group-3 unregistered
2026-06-18 09:07:03 [org.springframework.kafka.KafkaListenerEndpointContainer#0-0-C-1] INFO  o.a.kafka.common.utils.AppInfoParser - App info kafka.consumer for consumer-chat-service-group-2 unregistered
2026-06-18 09:07:03 [org.springframework.kafka.KafkaListenerEndpointContainer#2-0-C-1] INFO  o.a.kafka.common.utils.AppInfoParser - App info kafka.consumer for consumer-chat-service-group-1 unregistered
2026-06-18 09:07:03 [SpringApplicationShutdownHook] INFO  o.s.o.j.LocalContainerEntityManagerFactoryBean - Closing JPA EntityManagerFactory for persistence unit 'default'
2026-06-18 09:07:03 [SpringApplicationShutdownHook] INFO  com.zaxxer.hikari.HikariDataSource - HikariPool-1 - Shutdown initiated...
2026-06-18 09:07:03 [SpringApplicationShutdownHook] INFO  com.zaxxer.hikari.HikariDataSource - HikariPool-1 - Shutdown completed.
2026-06-18 09:07:03 [SpringApplicationShutdownHook] INFO  c.netflix.discovery.DiscoveryClient - Shutting down DiscoveryClient ...
2026-06-18 09:07:07 [SpringApplicationShutdownHook] INFO  c.netflix.discovery.DiscoveryClient - Unregistering ...
2026-06-18 09:07:07 [SpringApplicationShutdownHook] INFO  c.n.d.s.t.d.RedirectingEurekaHttpClient - Request execution error. endpoint=DefaultEndpoint{ serviceUrl='http://localhost:8761/eureka/} exception=Connection pool shut down stacktrace=java.lang.IllegalStateException: Connection pool shut down
	at org.apache.hc.core5.util.Asserts.check(Asserts.java:38)
	at org.apache.hc.core5.pool.StrictConnPool.lease(StrictConnPool.java:176)
	at org.apache.hc.client5.http.impl.io.PoolingHttpClientConnectionManager.lease(PoolingHttpClientConnectionManager.java:298)
	at org.apache.hc.client5.http.impl.classic.InternalExecRuntime.acquireEndpoint(InternalExecRuntime.java:103)
	at org.apache.hc.client5.http.impl.classic.ConnectExec.execute(ConnectExec.java:125)
	at org.apache.hc.client5.http.impl.classic.ExecChainElement.execute(ExecChainElement.java:51)
	at org.apache.hc.client5.http.impl.classic.ProtocolExec.execute(ProtocolExec.java:192)
	at org.apache.hc.client5.http.impl.classic.ExecChainElement.execute(ExecChainElement.java:51)
	at org.apache.hc.client5.http.impl.classic.HttpRequestRetryExec.execute(HttpRequestRetryExec.java:96)
	at org.apache.hc.client5.http.impl.classic.ExecChainElement.execute(ExecChainElement.java:51)
	at org.apache.hc.client5.http.impl.classic.ContentCompressionExec.execute(ContentCompressionExec.java:152)
	at org.apache.hc.client5.http.impl.classic.ExecChainElement.execute(ExecChainElement.java:51)
	at org.apache.hc.client5.http.impl.classic.RedirectExec.execute(RedirectExec.java:115)
	at org.apache.hc.client5.http.impl.classic.ExecChainElement.execute(ExecChainElement.java:51)
	at org.apache.hc.client5.http.impl.classic.InternalHttpClient.doExecute(InternalHttpClient.java:170)
	at org.apache.hc.client5.http.impl.classic.CloseableHttpClient.execute(CloseableHttpClient.java:87)
	at org.apache.hc.client5.http.impl.classic.CloseableHttpClient.execute(CloseableHttpClient.java:55)
	at org.apache.hc.client5.http.classic.HttpClient.executeOpen(HttpClient.java:183)
	at org.springframework.http.client.HttpComponentsClientHttpRequest.executeInternal(HttpComponentsClientHttpRequest.java:95)
	at org.springframework.http.client.AbstractStreamingClientHttpRequest.executeInternal(AbstractStreamingClientHttpRequest.java:70)
	at org.springframework.http.client.AbstractClientHttpRequest.execute(AbstractClientHttpRequest.java:66)
	at org.springframework.http.client.InterceptingClientHttpRequest$InterceptingRequestExecution.execute(InterceptingClientHttpRequest.java:112)
	at org.springframework.cloud.netflix.eureka.http.RestTemplateTransportClientFactory.lambda$restTemplate$0(RestTemplateTransportClientFactory.java:143)
	at org.springframework.http.client.InterceptingClientHttpRequest$InterceptingRequestExecution.execute(InterceptingClientHttpRequest.java:88)
	at org.springframework.http.client.InterceptingClientHttpRequest.executeInternal(InterceptingClientHttpRequest.java:72)
	at org.springframework.http.client.AbstractBufferingClientHttpRequest.executeInternal(AbstractBufferingClientHttpRequest.java:48)
	at org.springframework.http.client.AbstractClientHttpRequest.execute(AbstractClientHttpRequest.java:66)
	at org.springframework.web.client.RestTemplate.doExecute(RestTemplate.java:889)
	at org.springframework.web.client.RestTemplate.execute(RestTemplate.java:790)
	at org.springframework.web.client.RestTemplate.exchange(RestTemplate.java:672)
	at org.springframework.cloud.netflix.eureka.http.RestTemplateEurekaHttpClient.cancel(RestTemplateEurekaHttpClient.java:87)
	at com.netflix.discovery.shared.transport.decorator.EurekaHttpClientDecorator$2.execute(EurekaHttpClientDecorator.java:74)
	at com.netflix.discovery.shared.transport.decorator.RedirectingEurekaHttpClient.execute(RedirectingEurekaHttpClient.java:91)
	at com.netflix.discovery.shared.transport.decorator.EurekaHttpClientDecorator.cancel(EurekaHttpClientDecorator.java:71)
	at com.netflix.discovery.shared.transport.decorator.EurekaHttpClientDecorator$2.execute(EurekaHttpClientDecorator.java:74)
	at com.netflix.discovery.shared.transport.decorator.RetryableEurekaHttpClient.execute(RetryableEurekaHttpClient.java:120)
	at com.netflix.discovery.shared.transport.decorator.EurekaHttpClientDecorator.cancel(EurekaHttpClientDecorator.java:71)
	at com.netflix.discovery.shared.transport.decorator.EurekaHttpClientDecorator$2.execute(EurekaHttpClientDecorator.java:74)
	at com.netflix.discovery.shared.transport.decorator.SessionedEurekaHttpClient.execute(SessionedEurekaHttpClient.java:77)
	at com.netflix.discovery.shared.transport.decorator.EurekaHttpClientDecorator.cancel(EurekaHttpClientDecorator.java:71)
	at com.netflix.discovery.DiscoveryClient.unregister(DiscoveryClient.java:916)
	at com.netflix.discovery.DiscoveryClient.shutdown(DiscoveryClient.java:892)
	at java.base/jdk.internal.reflect.NativeMethodAccessorImpl.invoke0(Native Method)
	at java.base/jdk.internal.reflect.NativeMethodAccessorImpl.invoke(NativeMethodAccessorImpl.java:77)
	at java.base/jdk.internal.reflect.DelegatingMethodAccessorImpl.invoke(DelegatingMethodAccessorImpl.java:43)
	at java.base/java.lang.reflect.Method.invoke(Method.java:569)
	at org.springframework.beans.factory.annotation.InitDestroyAnnotationBeanPostProcessor$LifecycleMethod.invoke(InitDestroyAnnotationBeanPostProcessor.java:457)
	at org.springframework.beans.factory.annotation.InitDestroyAnnotationBeanPostProcessor$LifecycleMetadata.invokeDestroyMethods(InitDestroyAnnotationBeanPostProcessor.java:415)
	at org.springframework.beans.factory.annotation.InitDestroyAnnotationBeanPostProcessor.postProcessBeforeDestruction(InitDestroyAnnotationBeanPostProcessor.java:239)
	at org.springframework.beans.factory.support.DisposableBeanAdapter.destroy(DisposableBeanAdapter.java:202)
	at org.springframework.beans.factory.support.DisposableBeanAdapter.run(DisposableBeanAdapter.java:195)
	at org.springframework.cloud.context.scope.GenericScope$BeanLifecycleWrapper.destroy(GenericScope.java:389)
	at org.springframework.cloud.context.scope.GenericScope.destroy(GenericScope.java:136)
	at org.springframework.beans.factory.support.DisposableBeanAdapter.destroy(DisposableBeanAdapter.java:211)
	at org.springframework.beans.factory.support.DefaultSingletonBeanRegistry.destroyBean(DefaultSingletonBeanRegistry.java:587)
	at org.springframework.beans.factory.support.DefaultSingletonBeanRegistry.destroySingleton(DefaultSingletonBeanRegistry.java:559)
	at org.springframework.beans.factory.support.DefaultListableBeanFactory.destroySingleton(DefaultListableBeanFactory.java:1202)
	at org.springframework.beans.factory.support.DefaultSingletonBeanRegistry.destroySingletons(DefaultSingletonBeanRegistry.java:520)
	at org.springframework.beans.factory.support.DefaultListableBeanFactory.destroySingletons(DefaultListableBeanFactory.java:1195)
	at org.springframework.context.support.AbstractApplicationContext.destroyBeans(AbstractApplicationContext.java:1183)
	at org.springframework.context.support.AbstractApplicationContext.doClose(AbstractApplicationContext.java:1144)
	at org.springframework.boot.web.servlet.context.ServletWebServerApplicationContext.doClose(ServletWebServerApplicationContext.java:174)
	at org.springframework.context.support.AbstractApplicationContext.close(AbstractApplicationContext.java:1090)
	at org.springframework.boot.SpringApplicationShutdownHook.closeAndWait(SpringApplicationShutdownHook.java:145)
	at java.base/java.lang.Iterable.forEach(Iterable.java:75)
	at org.springframework.boot.SpringApplicationShutdownHook.run(SpringApplicationShutdownHook.java:114)
	at java.base/java.lang.Thread.run(Thread.java:840)

2026-06-18 09:07:07 [SpringApplicationShutdownHook] WARN  c.n.d.s.t.d.RetryableEurekaHttpClient - Request execution failed with message: Connection pool shut down
2026-06-18 09:07:07 [SpringApplicationShutdownHook] INFO  c.n.d.s.t.d.RedirectingEurekaHttpClient - Request execution error. endpoint=DefaultEndpoint{ serviceUrl='http://localhost:8761/eureka/}, exception=Connection pool shut down stacktrace=java.lang.IllegalStateException: Connection pool shut down
	at org.apache.hc.core5.util.Asserts.check(Asserts.java:38)
	at org.apache.hc.core5.pool.StrictConnPool.lease(StrictConnPool.java:176)
	at org.apache.hc.client5.http.impl.io.PoolingHttpClientConnectionManager.lease(PoolingHttpClientConnectionManager.java:298)
	at org.apache.hc.client5.http.impl.classic.InternalExecRuntime.acquireEndpoint(InternalExecRuntime.java:103)
	at org.apache.hc.client5.http.impl.classic.ConnectExec.execute(ConnectExec.java:125)
	at org.apache.hc.client5.http.impl.classic.ExecChainElement.execute(ExecChainElement.java:51)
	at org.apache.hc.client5.http.impl.classic.ProtocolExec.execute(ProtocolExec.java:192)
	at org.apache.hc.client5.http.impl.classic.ExecChainElement.execute(ExecChainElement.java:51)
	at org.apache.hc.client5.http.impl.classic.HttpRequestRetryExec.execute(HttpRequestRetryExec.java:96)
	at org.apache.hc.client5.http.impl.classic.ExecChainElement.execute(ExecChainElement.java:51)
	at org.apache.hc.client5.http.impl.classic.ContentCompressionExec.execute(ContentCompressionExec.java:152)
	at org.apache.hc.client5.http.impl.classic.ExecChainElement.execute(ExecChainElement.java:51)
	at org.apache.hc.client5.http.impl.classic.RedirectExec.execute(RedirectExec.java:115)
	at org.apache.hc.client5.http.impl.classic.ExecChainElement.execute(ExecChainElement.java:51)
	at org.apache.hc.client5.http.impl.classic.InternalHttpClient.doExecute(InternalHttpClient.java:170)
	at org.apache.hc.client5.http.impl.classic.CloseableHttpClient.execute(CloseableHttpClient.java:87)
	at org.apache.hc.client5.http.impl.classic.CloseableHttpClient.execute(CloseableHttpClient.java:55)
	at org.apache.hc.client5.http.classic.HttpClient.executeOpen(HttpClient.java:183)
	at org.springframework.http.client.HttpComponentsClientHttpRequest.executeInternal(HttpComponentsClientHttpRequest.java:95)
	at org.springframework.http.client.AbstractStreamingClientHttpRequest.executeInternal(AbstractStreamingClientHttpRequest.java:70)
	at org.springframework.http.client.AbstractClientHttpRequest.execute(AbstractClientHttpRequest.java:66)
	at org.springframework.http.client.InterceptingClientHttpRequest$InterceptingRequestExecution.execute(InterceptingClientHttpRequest.java:112)
	at org.springframework.cloud.netflix.eureka.http.RestTemplateTransportClientFactory.lambda$restTemplate$0(RestTemplateTransportClientFactory.java:143)
	at org.springframework.http.client.InterceptingClientHttpRequest$InterceptingRequestExecution.execute(InterceptingClientHttpRequest.java:88)
	at org.springframework.http.client.InterceptingClientHttpRequest.executeInternal(InterceptingClientHttpRequest.java:72)
	at org.springframework.http.client.AbstractBufferingClientHttpRequest.executeInternal(AbstractBufferingClientHttpRequest.java:48)
	at org.springframework.http.client.AbstractClientHttpRequest.execute(AbstractClientHttpRequest.java:66)
	at org.springframework.web.client.RestTemplate.doExecute(RestTemplate.java:889)
	at org.springframework.web.client.RestTemplate.execute(RestTemplate.java:790)
	at org.springframework.web.client.RestTemplate.exchange(RestTemplate.java:672)
	at org.springframework.cloud.netflix.eureka.http.RestTemplateEurekaHttpClient.cancel(RestTemplateEurekaHttpClient.java:87)
	at com.netflix.discovery.shared.transport.decorator.EurekaHttpClientDecorator$2.execute(EurekaHttpClientDecorator.java:74)
	at com.netflix.discovery.shared.transport.decorator.RedirectingEurekaHttpClient.executeOnNewServer(RedirectingEurekaHttpClient.java:121)
	at com.netflix.discovery.shared.transport.decorator.RedirectingEurekaHttpClient.execute(RedirectingEurekaHttpClient.java:80)
	at com.netflix.discovery.shared.transport.decorator.EurekaHttpClientDecorator.cancel(EurekaHttpClientDecorator.java:71)
	at com.netflix.discovery.shared.transport.decorator.EurekaHttpClientDecorator$2.execute(EurekaHttpClientDecorator.java:74)
	at com.netflix.discovery.shared.transport.decorator.RetryableEurekaHttpClient.execute(RetryableEurekaHttpClient.java:120)
	at com.netflix.discovery.shared.transport.decorator.EurekaHttpClientDecorator.cancel(EurekaHttpClientDecorator.java:71)
	at com.netflix.discovery.shared.transport.decorator.EurekaHttpClientDecorator$2.execute(EurekaHttpClientDecorator.java:74)
	at com.netflix.discovery.shared.transport.decorator.SessionedEurekaHttpClient.execute(SessionedEurekaHttpClient.java:77)
	at com.netflix.discovery.shared.transport.decorator.EurekaHttpClientDecorator.cancel(EurekaHttpClientDecorator.java:71)
	at com.netflix.discovery.DiscoveryClient.unregister(DiscoveryClient.java:916)
	at com.netflix.discovery.DiscoveryClient.shutdown(DiscoveryClient.java:892)
	at java.base/jdk.internal.reflect.NativeMethodAccessorImpl.invoke0(Native Method)
	at java.base/jdk.internal.reflect.NativeMethodAccessorImpl.invoke(NativeMethodAccessorImpl.java:77)
	at java.base/jdk.internal.reflect.DelegatingMethodAccessorImpl.invoke(DelegatingMethodAccessorImpl.java:43)
	at java.base/java.lang.reflect.Method.invoke(Method.java:569)
	at org.springframework.beans.factory.annotation.InitDestroyAnnotationBeanPostProcessor$LifecycleMethod.invoke(InitDestroyAnnotationBeanPostProcessor.java:457)
	at org.springframework.beans.factory.annotation.InitDestroyAnnotationBeanPostProcessor$LifecycleMetadata.invokeDestroyMethods(InitDestroyAnnotationBeanPostProcessor.java:415)
	at org.springframework.beans.factory.annotation.InitDestroyAnnotationBeanPostProcessor.postProcessBeforeDestruction(InitDestroyAnnotationBeanPostProcessor.java:239)
	at org.springframework.beans.factory.support.DisposableBeanAdapter.destroy(DisposableBeanAdapter.java:202)
	at org.springframework.beans.factory.support.DisposableBeanAdapter.run(DisposableBeanAdapter.java:195)
	at org.springframework.cloud.context.scope.GenericScope$BeanLifecycleWrapper.destroy(GenericScope.java:389)
	at org.springframework.cloud.context.scope.GenericScope.destroy(GenericScope.java:136)
	at org.springframework.beans.factory.support.DisposableBeanAdapter.destroy(DisposableBeanAdapter.java:211)
	at org.springframework.beans.factory.support.DefaultSingletonBeanRegistry.destroyBean(DefaultSingletonBeanRegistry.java:587)
	at org.springframework.beans.factory.support.DefaultSingletonBeanRegistry.destroySingleton(DefaultSingletonBeanRegistry.java:559)
	at org.springframework.beans.factory.support.DefaultListableBeanFactory.destroySingleton(DefaultListableBeanFactory.java:1202)
	at org.springframework.beans.factory.support.DefaultSingletonBeanRegistry.destroySingletons(DefaultSingletonBeanRegistry.java:520)
	at org.springframework.beans.factory.support.DefaultListableBeanFactory.destroySingletons(DefaultListableBeanFactory.java:1195)
	at org.springframework.context.support.AbstractApplicationContext.destroyBeans(AbstractApplicationContext.java:1183)
	at org.springframework.context.support.AbstractApplicationContext.doClose(AbstractApplicationContext.java:1144)
	at org.springframework.boot.web.servlet.context.ServletWebServerApplicationContext.doClose(ServletWebServerApplicationContext.java:174)
	at org.springframework.context.support.AbstractApplicationContext.close(AbstractApplicationContext.java:1090)
	at org.springframework.boot.SpringApplicationShutdownHook.closeAndWait(SpringApplicationShutdownHook.java:145)
	at java.base/java.lang.Iterable.forEach(Iterable.java:75)
	at org.springframework.boot.SpringApplicationShutdownHook.run(SpringApplicationShutdownHook.java:114)
	at java.base/java.lang.Thread.run(Thread.java:840)

2026-06-18 09:07:07 [SpringApplicationShutdownHook] WARN  c.n.d.s.t.d.RetryableEurekaHttpClient - Request execution failed with message: Connection pool shut down
2026-06-18 09:07:07 [SpringApplicationShutdownHook] ERROR c.netflix.discovery.DiscoveryClient - DiscoveryClient_CHAT-SERVICE/chat-service:8084 - de-registration failedCannot execute request on any known server
com.netflix.discovery.shared.transport.TransportException: Cannot execute request on any known server
	at com.netflix.discovery.shared.transport.decorator.RetryableEurekaHttpClient.execute(RetryableEurekaHttpClient.java:112)
	at com.netflix.discovery.shared.transport.decorator.EurekaHttpClientDecorator.cancel(EurekaHttpClientDecorator.java:71)
	at com.netflix.discovery.shared.transport.decorator.EurekaHttpClientDecorator$2.execute(EurekaHttpClientDecorator.java:74)
	at com.netflix.discovery.shared.transport.decorator.SessionedEurekaHttpClient.execute(SessionedEurekaHttpClient.java:77)
	at com.netflix.discovery.shared.transport.decorator.EurekaHttpClientDecorator.cancel(EurekaHttpClientDecorator.java:71)
	at com.netflix.discovery.DiscoveryClient.unregister(DiscoveryClient.java:916)
	at com.netflix.discovery.DiscoveryClient.shutdown(DiscoveryClient.java:892)
	at java.base/jdk.internal.reflect.NativeMethodAccessorImpl.invoke0(Native Method)
	at java.base/jdk.internal.reflect.NativeMethodAccessorImpl.invoke(NativeMethodAccessorImpl.java:77)
	at java.base/jdk.internal.reflect.DelegatingMethodAccessorImpl.invoke(DelegatingMethodAccessorImpl.java:43)
	at java.base/java.lang.reflect.Method.invoke(Method.java:569)
	at org.springframework.beans.factory.annotation.InitDestroyAnnotationBeanPostProcessor$LifecycleMethod.invoke(InitDestroyAnnotationBeanPostProcessor.java:457)
	at org.springframework.beans.factory.annotation.InitDestroyAnnotationBeanPostProcessor$LifecycleMetadata.invokeDestroyMethods(InitDestroyAnnotationBeanPostProcessor.java:415)
	at org.springframework.beans.factory.annotation.InitDestroyAnnotationBeanPostProcessor.postProcessBeforeDestruction(InitDestroyAnnotationBeanPostProcessor.java:239)
	at org.springframework.beans.factory.support.DisposableBeanAdapter.destroy(DisposableBeanAdapter.java:202)
	at org.springframework.beans.factory.support.DisposableBeanAdapter.run(DisposableBeanAdapter.java:195)
	at org.springframework.cloud.context.scope.GenericScope$BeanLifecycleWrapper.destroy(GenericScope.java:389)
	at org.springframework.cloud.context.scope.GenericScope.destroy(GenericScope.java:136)
	at org.springframework.beans.factory.support.DisposableBeanAdapter.destroy(DisposableBeanAdapter.java:211)
	at org.springframework.beans.factory.support.DefaultSingletonBeanRegistry.destroyBean(DefaultSingletonBeanRegistry.java:587)
	at org.springframework.beans.factory.support.DefaultSingletonBeanRegistry.destroySingleton(DefaultSingletonBeanRegistry.java:559)
	at org.springframework.beans.factory.support.DefaultListableBeanFactory.destroySingleton(DefaultListableBeanFactory.java:1202)
	at org.springframework.beans.factory.support.DefaultSingletonBeanRegistry.destroySingletons(DefaultSingletonBeanRegistry.java:520)
	at org.springframework.beans.factory.support.DefaultListableBeanFactory.destroySingletons(DefaultListableBeanFactory.java:1195)
	at org.springframework.context.support.AbstractApplicationContext.destroyBeans(AbstractApplicationContext.java:1183)
	at org.springframework.context.support.AbstractApplicationContext.doClose(AbstractApplicationContext.java:1144)
	at org.springframework.boot.web.servlet.context.ServletWebServerApplicationContext.doClose(ServletWebServerApplicationContext.java:174)
	at org.springframework.context.support.AbstractApplicationContext.close(AbstractApplicationContext.java:1090)
	at org.springframework.boot.SpringApplicationShutdownHook.closeAndWait(SpringApplicationShutdownHook.java:145)
	at java.base/java.lang.Iterable.forEach(Iterable.java:75)
	at org.springframework.boot.SpringApplicationShutdownHook.run(SpringApplicationShutdownHook.java:114)
	at java.base/java.lang.Thread.run(Thread.java:840)
2026-06-18 09:07:07 [SpringApplicationShutdownHook] INFO  c.netflix.discovery.DiscoveryClient - Completed shut down of DiscoveryClient
2026-06-18 09:07:52 [main] INFO  c.chatservice.ChatServiceApplication - Starting ChatServiceApplication using Java 17.0.17 with PID 7400 (C:\Users\Administrator\Desktop\Radius-git\Radius\chat-service\target\classes started by Administrator in C:\Users\Administrator\Desktop\Radius-git\Radius\chat-service)
2026-06-18 09:07:52 [main] DEBUG c.chatservice.ChatServiceApplication - Running with Spring Boot v3.2.3, Spring v6.1.4
2026-06-18 09:07:52 [main] INFO  c.chatservice.ChatServiceApplication - No active profile set, falling back to 1 default profile: "default"
2026-06-18 09:07:53 [main] INFO  o.s.d.r.c.RepositoryConfigurationDelegate - Multiple Spring Data modules found, entering strict repository configuration mode
2026-06-18 09:07:53 [main] INFO  o.s.d.r.c.RepositoryConfigurationDelegate - Bootstrapping Spring Data JPA repositories in DEFAULT mode.
2026-06-18 09:07:53 [main] INFO  o.s.d.r.c.RepositoryConfigurationDelegate - Finished Spring Data repository scanning in 211 ms. Found 18 JPA repository interfaces.
2026-06-18 09:07:53 [main] INFO  o.s.d.r.c.RepositoryConfigurationDelegate - Multiple Spring Data modules found, entering strict repository configuration mode
2026-06-18 09:07:53 [main] INFO  o.s.d.r.c.RepositoryConfigurationDelegate - Bootstrapping Spring Data Redis repositories in DEFAULT mode.
2026-06-18 09:07:53 [main] INFO  o.s.d.r.c.RepositoryConfigurationExtensionSupport - Spring Data Redis - Could not safely identify store assignment for repository candidate interface com.chatservice.repository.ArchivedChatRepository; If you want this repository to be a Redis repository, consider annotating your entities with one of these annotations: org.springframework.data.redis.core.RedisHash (preferred), or consider extending one of the following types with your repository: org.springframework.data.keyvalue.repository.KeyValueRepository
2026-06-18 09:07:53 [main] INFO  o.s.d.r.c.RepositoryConfigurationExtensionSupport - Spring Data Redis - Could not safely identify store assignment for repository candidate interface com.chatservice.repository.CallSessionRepository; If you want this repository to be a Redis repository, consider annotating your entities with one of these annotations: org.springframework.data.redis.core.RedisHash (preferred), or consider extending one of the following types with your repository: org.springframework.data.keyvalue.repository.KeyValueRepository
2026-06-18 09:07:53 [main] INFO  o.s.d.r.c.RepositoryConfigurationExtensionSupport - Spring Data Redis - Could not safely identify store assignment for repository candidate interface com.chatservice.repository.ChatParticipantRepository; If you want this repository to be a Redis repository, consider annotating your entities with one of these annotations: org.springframework.data.redis.core.RedisHash (preferred), or consider extending one of the following types with your repository: org.springframework.data.keyvalue.repository.KeyValueRepository
2026-06-18 09:07:53 [main] INFO  o.s.d.r.c.RepositoryConfigurationExtensionSupport - Spring Data Redis - Could not safely identify store assignment for repository candidate interface com.chatservice.repository.ChatRepository; If you want this repository to be a Redis repository, consider annotating your entities with one of these annotations: org.springframework.data.redis.core.RedisHash (preferred), or consider extending one of the following types with your repository: org.springframework.data.keyvalue.repository.KeyValueRepository
2026-06-18 09:07:53 [main] INFO  o.s.d.r.c.RepositoryConfigurationExtensionSupport - Spring Data Redis - Could not safely identify store assignment for repository candidate interface com.chatservice.repository.ChatSearchIndexRepository; If you want this repository to be a Redis repository, consider annotating your entities with one of these annotations: org.springframework.data.redis.core.RedisHash (preferred), or consider extending one of the following types with your repository: org.springframework.data.keyvalue.repository.KeyValueRepository
2026-06-18 09:07:53 [main] INFO  o.s.d.r.c.RepositoryConfigurationExtensionSupport - Spring Data Redis - Could not safely identify store assignment for repository candidate interface com.chatservice.repository.ChatSettingsRepository; If you want this repository to be a Redis repository, consider annotating your entities with one of these annotations: org.springframework.data.redis.core.RedisHash (preferred), or consider extending one of the following types with your repository: org.springframework.data.keyvalue.repository.KeyValueRepository
2026-06-18 09:07:53 [main] INFO  o.s.d.r.c.RepositoryConfigurationExtensionSupport - Spring Data Redis - Could not safely identify store assignment for repository candidate interface com.chatservice.repository.CommunityGroupLinkRepository; If you want this repository to be a Redis repository, consider annotating your entities with one of these annotations: org.springframework.data.redis.core.RedisHash (preferred), or consider extending one of the following types with your repository: org.springframework.data.keyvalue.repository.KeyValueRepository
2026-06-18 09:07:53 [main] INFO  o.s.d.r.c.RepositoryConfigurationExtensionSupport - Spring Data Redis - Could not safely identify store assignment for repository candidate interface com.chatservice.repository.CommunityInviteRepository; If you want this repository to be a Redis repository, consider annotating your entities with one of these annotations: org.springframework.data.redis.core.RedisHash (preferred), or consider extending one of the following types with your repository: org.springframework.data.keyvalue.repository.KeyValueRepository
2026-06-18 09:07:53 [main] INFO  o.s.d.r.c.RepositoryConfigurationExtensionSupport - Spring Data Redis - Could not safely identify store assignment for repository candidate interface com.chatservice.repository.CommunityJoinRequestRepository; If you want this repository to be a Redis repository, consider annotating your entities with one of these annotations: org.springframework.data.redis.core.RedisHash (preferred), or consider extending one of the following types with your repository: org.springframework.data.keyvalue.repository.KeyValueRepository
2026-06-18 09:07:53 [main] INFO  o.s.d.r.c.RepositoryConfigurationExtensionSupport - Spring Data Redis - Could not safely identify store assignment for repository candidate interface com.chatservice.repository.CommunityMemberRepository; If you want this repository to be a Redis repository, consider annotating your entities with one of these annotations: org.springframework.data.redis.core.RedisHash (preferred), or consider extending one of the following types with your repository: org.springframework.data.keyvalue.repository.KeyValueRepository
2026-06-18 09:07:53 [main] INFO  o.s.d.r.c.RepositoryConfigurationExtensionSupport - Spring Data Redis - Could not safely identify store assignment for repository candidate interface com.chatservice.repository.CommunityRepository; If you want this repository to be a Redis repository, consider annotating your entities with one of these annotations: org.springframework.data.redis.core.RedisHash (preferred), or consider extending one of the following types with your repository: org.springframework.data.keyvalue.repository.KeyValueRepository
2026-06-18 09:07:53 [main] INFO  o.s.d.r.c.RepositoryConfigurationExtensionSupport - Spring Data Redis - Could not safely identify store assignment for repository candidate interface com.chatservice.repository.GroupEventRepository; If you want this repository to be a Redis repository, consider annotating your entities with one of these annotations: org.springframework.data.redis.core.RedisHash (preferred), or consider extending one of the following types with your repository: org.springframework.data.keyvalue.repository.KeyValueRepository
2026-06-18 09:07:53 [main] INFO  o.s.d.r.c.RepositoryConfigurationExtensionSupport - Spring Data Redis - Could not safely identify store assignment for repository candidate interface com.chatservice.repository.GroupMemberRepository; If you want this repository to be a Redis repository, consider annotating your entities with one of these annotations: org.springframework.data.redis.core.RedisHash (preferred), or consider extending one of the following types with your repository: org.springframework.data.keyvalue.repository.KeyValueRepository
2026-06-18 09:07:54 [main] INFO  o.s.d.r.c.RepositoryConfigurationExtensionSupport - Spring Data Redis - Could not safely identify store assignment for repository candidate interface com.chatservice.repository.GroupRepository; If you want this repository to be a Redis repository, consider annotating your entities with one of these annotations: org.springframework.data.redis.core.RedisHash (preferred), or consider extending one of the following types with your repository: org.springframework.data.keyvalue.repository.KeyValueRepository
2026-06-18 09:07:54 [main] INFO  o.s.d.r.c.RepositoryConfigurationExtensionSupport - Spring Data Redis - Could not safely identify store assignment for repository candidate interface com.chatservice.repository.MediaAttachmentRepository; If you want this repository to be a Redis repository, consider annotating your entities with one of these annotations: org.springframework.data.redis.core.RedisHash (preferred), or consider extending one of the following types with your repository: org.springframework.data.keyvalue.repository.KeyValueRepository
2026-06-18 09:07:54 [main] INFO  o.s.d.r.c.RepositoryConfigurationExtensionSupport - Spring Data Redis - Could not safely identify store assignment for repository candidate interface com.chatservice.repository.MessageEditRepository; If you want this repository to be a Redis repository, consider annotating your entities with one of these annotations: org.springframework.data.redis.core.RedisHash (preferred), or consider extending one of the following types with your repository: org.springframework.data.keyvalue.repository.KeyValueRepository
2026-06-18 09:07:54 [main] INFO  o.s.d.r.c.RepositoryConfigurationExtensionSupport - Spring Data Redis - Could not safely identify store assignment for repository candidate interface com.chatservice.repository.MessageRepository; If you want this repository to be a Redis repository, consider annotating your entities with one of these annotations: org.springframework.data.redis.core.RedisHash (preferred), or consider extending one of the following types with your repository: org.springframework.data.keyvalue.repository.KeyValueRepository
2026-06-18 09:07:54 [main] INFO  o.s.d.r.c.RepositoryConfigurationExtensionSupport - Spring Data Redis - Could not safely identify store assignment for repository candidate interface com.chatservice.repository.MessageVisibilityRepository; If you want this repository to be a Redis repository, consider annotating your entities with one of these annotations: org.springframework.data.redis.core.RedisHash (preferred), or consider extending one of the following types with your repository: org.springframework.data.keyvalue.repository.KeyValueRepository
2026-06-18 09:07:54 [main] INFO  o.s.d.r.c.RepositoryConfigurationDelegate - Finished Spring Data repository scanning in 52 ms. Found 0 Redis repository interfaces.
2026-06-18 09:07:54 [main] INFO  o.s.cloud.context.scope.GenericScope - BeanFactory id=42e1c6ed-9cd4-35ab-9862-37780169c59f
2026-06-18 09:07:54 [main] WARN  o.s.c.s.PostProcessorRegistrationDelegate$BeanPostProcessorChecker - Bean 'org.springframework.cloud.client.loadbalancer.LoadBalancerAutoConfiguration$DeferringLoadBalancerInterceptorConfig' of type [org.springframework.cloud.client.loadbalancer.LoadBalancerAutoConfiguration$DeferringLoadBalancerInterceptorConfig] is not eligible for getting processed by all BeanPostProcessors (for example: not eligible for auto-proxying). The currently created BeanPostProcessor [lbRestClientPostProcessor] is declared through a non-static factory method on that class; consider declaring it as static instead.
2026-06-18 09:07:54 [main] WARN  o.s.c.s.PostProcessorRegistrationDelegate$BeanPostProcessorChecker - Bean 'deferringLoadBalancerInterceptor' of type [org.springframework.cloud.client.loadbalancer.DeferringLoadBalancerInterceptor] is not eligible for getting processed by all BeanPostProcessors (for example: not eligible for auto-proxying). Is this bean getting eagerly injected into a currently created BeanPostProcessor [lbRestClientPostProcessor]? Check the corresponding BeanPostProcessor declaration and its dependencies.
2026-06-18 09:07:54 [main] WARN  o.s.c.s.PostProcessorRegistrationDelegate$BeanPostProcessorChecker - Bean 'org.springframework.cloud.client.loadbalancer.reactive.LoadBalancerBeanPostProcessorAutoConfiguration' of type [org.springframework.cloud.client.loadbalancer.reactive.LoadBalancerBeanPostProcessorAutoConfiguration] is not eligible for getting processed by all BeanPostProcessors (for example: not eligible for auto-proxying). The currently created BeanPostProcessor [loadBalancerWebClientBuilderBeanPostProcessor] is declared through a non-static factory method on that class; consider declaring it as static instead.
2026-06-18 09:07:54 [main] WARN  o.s.c.s.PostProcessorRegistrationDelegate$BeanPostProcessorChecker - Bean 'org.springframework.cloud.client.loadbalancer.reactive.LoadBalancerBeanPostProcessorAutoConfiguration$ReactorDeferringLoadBalancerFilterConfig' of type [org.springframework.cloud.client.loadbalancer.reactive.LoadBalancerBeanPostProcessorAutoConfiguration$ReactorDeferringLoadBalancerFilterConfig] is not eligible for getting processed by all BeanPostProcessors (for example: not eligible for auto-proxying). Is this bean getting eagerly injected into a currently created BeanPostProcessor [loadBalancerWebClientBuilderBeanPostProcessor]? Check the corresponding BeanPostProcessor declaration and its dependencies.
2026-06-18 09:07:54 [main] WARN  o.s.c.s.PostProcessorRegistrationDelegate$BeanPostProcessorChecker - Bean 'reactorDeferringLoadBalancerExchangeFilterFunction' of type [org.springframework.cloud.client.loadbalancer.reactive.DeferringLoadBalancerExchangeFilterFunction] is not eligible for getting processed by all BeanPostProcessors (for example: not eligible for auto-proxying). Is this bean getting eagerly injected into a currently created BeanPostProcessor [loadBalancerWebClientBuilderBeanPostProcessor]? Check the corresponding BeanPostProcessor declaration and its dependencies.
2026-06-18 09:07:55 [main] INFO  o.s.b.w.e.tomcat.TomcatWebServer - Tomcat initialized with port 8084 (http)
2026-06-18 09:07:55 [main] INFO  o.a.catalina.core.StandardService - Starting service [Tomcat]
2026-06-18 09:07:55 [main] INFO  o.a.catalina.core.StandardEngine - Starting Servlet engine: [Apache Tomcat/10.1.19]
2026-06-18 09:07:55 [main] INFO  o.a.c.c.C.[Tomcat].[localhost].[/] - Initializing Spring embedded WebApplicationContext
2026-06-18 09:07:55 [main] INFO  o.s.b.w.s.c.ServletWebServerApplicationContext - Root WebApplicationContext: initialization completed in 2720 ms
2026-06-18 09:07:55 [main] DEBUG c.c.security.JwtAuthenticationFilter - Filter 'jwtAuthenticationFilter' configured for use
2026-06-18 09:07:55 [main] DEBUG c.c.c.SecurityConfig$GatewayWhitelistFilter - Filter 'securityConfig.GatewayWhitelistFilter' configured for use
2026-06-18 09:07:55 [main] INFO  o.h.jpa.internal.util.LogHelper - HHH000204: Processing PersistenceUnitInfo [name: default]
2026-06-18 09:07:55 [main] INFO  org.hibernate.Version - HHH000412: Hibernate ORM core version 6.4.4.Final
2026-06-18 09:07:55 [main] INFO  o.h.c.i.RegionFactoryInitiator - HHH000026: Second-level cache disabled
2026-06-18 09:07:56 [main] INFO  o.s.o.j.p.SpringPersistenceUnitInfo - No LoadTimeWeaver setup: ignoring JPA class transformer
2026-06-18 09:07:56 [main] INFO  com.zaxxer.hikari.HikariDataSource - HikariPool-1 - Starting...
2026-06-18 09:07:56 [main] INFO  com.zaxxer.hikari.pool.HikariPool - HikariPool-1 - Added connection org.postgresql.jdbc.PgConnection@43294e9b
2026-06-18 09:07:56 [main] INFO  com.zaxxer.hikari.HikariDataSource - HikariPool-1 - Start completed.
2026-06-18 09:07:56 [main] WARN  org.hibernate.orm.deprecation - HHH90000025: PostgreSQLDialect does not need to be specified explicitly using 'hibernate.dialect' (remove the property setting and it will be selected by default)
2026-06-18 09:07:58 [main] INFO  o.h.e.t.j.p.i.JtaPlatformInitiator - HHH000489: No JTA platform available (set 'hibernate.transaction.jta.platform' to enable JTA platform integration)
2026-06-18 09:07:58 [main] INFO  o.s.o.j.LocalContainerEntityManagerFactoryBean - Initialized JPA EntityManagerFactory for persistence unit 'default'
2026-06-18 09:07:59 [main] INFO  o.s.d.j.r.query.QueryEnhancerFactory - Hibernate is in classpath; If applicable, HQL parser will be used.
2026-06-18 09:08:02 [main] WARN  o.s.b.a.o.j.JpaBaseConfiguration$JpaWebConfiguration - spring.jpa.open-in-view is enabled by default. Therefore, database queries may be performed during view rendering. Explicitly configure spring.jpa.open-in-view to disable this warning
2026-06-18 09:08:02 [main] WARN  o.s.b.a.s.s.UserDetailsServiceAutoConfiguration - 

Using generated security password: fce874dc-4119-447b-b89e-507598c9706c

This generated password is for development use only. Your security configuration must be updated before running your application in production.

2026-06-18 09:08:02 [main] INFO  c.chatservice.config.WebSocketConfig - WebSocket STOMP endpoint registered at /ws
2026-06-18 09:08:03 [main] INFO  o.s.c.n.e.c.DiscoveryClientOptionalArgsConfiguration - Eureka HTTP Client uses RestTemplate.
2026-06-18 09:08:03 [main] WARN  o.s.c.l.c.LoadBalancerCacheAutoConfiguration$LoadBalancerCaffeineWarnLogger - Spring Cloud LoadBalancer is currently working with the default cache. While this cache implementation is useful for development and tests, it's recommended to use Caffeine cache in production.You can switch to using Caffeine cache, by adding it and org.springframework.cache.caffeine.CaffeineCacheManager to the classpath.
2026-06-18 09:08:03 [main] INFO  o.a.k.c.admin.AdminClientConfig - AdminClientConfig values: 
	auto.include.jmx.reporter = true
	bootstrap.servers = [localhost:9092]
	client.dns.lookup = use_all_dns_ips
	client.id = 
	connections.max.idle.ms = 300000
	default.api.timeout.ms = 60000
	metadata.max.age.ms = 300000
	metric.reporters = []
	metrics.num.samples = 2
	metrics.recording.level = INFO
	metrics.sample.window.ms = 30000
	receive.buffer.bytes = 65536
	reconnect.backoff.max.ms = 1000
	reconnect.backoff.ms = 50
	request.timeout.ms = 30000
	retries = 2147483647
	retry.backoff.ms = 100
	sasl.client.callback.handler.class = null
	sasl.jaas.config = null
	sasl.kerberos.kinit.cmd = /usr/bin/kinit
	sasl.kerberos.min.time.before.relogin = 60000
	sasl.kerberos.service.name = null
	sasl.kerberos.ticket.renew.jitter = 0.05
	sasl.kerberos.ticket.renew.window.factor = 0.8
	sasl.login.callback.handler.class = null
	sasl.login.class = null
	sasl.login.connect.timeout.ms = null
	sasl.login.read.timeout.ms = null
	sasl.login.refresh.buffer.seconds = 300
	sasl.login.refresh.min.period.seconds = 60
	sasl.login.refresh.window.factor = 0.8
	sasl.login.refresh.window.jitter = 0.05
	sasl.login.retry.backoff.max.ms = 10000
	sasl.login.retry.backoff.ms = 100
	sasl.mechanism = GSSAPI
	sasl.oauthbearer.clock.skew.seconds = 30
	sasl.oauthbearer.expected.audience = null
	sasl.oauthbearer.expected.issuer = null
	sasl.oauthbearer.jwks.endpoint.refresh.ms = 3600000
	sasl.oauthbearer.jwks.endpoint.retry.backoff.max.ms = 10000
	sasl.oauthbearer.jwks.endpoint.retry.backoff.ms = 100
	sasl.oauthbearer.jwks.endpoint.url = null
	sasl.oauthbearer.scope.claim.name = scope
	sasl.oauthbearer.sub.claim.name = sub
	sasl.oauthbearer.token.endpoint.url = null
	security.protocol = PLAINTEXT
	security.providers = null
	send.buffer.bytes = 131072
	socket.connection.setup.timeout.max.ms = 30000
	socket.connection.setup.timeout.ms = 10000
	ssl.cipher.suites = null
	ssl.enabled.protocols = [TLSv1.2, TLSv1.3]
	ssl.endpoint.identification.algorithm = https
	ssl.engine.factory.class = null
	ssl.key.password = null
	ssl.keymanager.algorithm = SunX509
	ssl.keystore.certificate.chain = null
	ssl.keystore.key = null
	ssl.keystore.location = null
	ssl.keystore.password = null
	ssl.keystore.type = JKS
	ssl.protocol = TLSv1.3
	ssl.provider = null
	ssl.secure.random.implementation = null
	ssl.trustmanager.algorithm = PKIX
	ssl.truststore.certificates = null
	ssl.truststore.location = null
	ssl.truststore.password = null
	ssl.truststore.type = JKS

2026-06-18 09:08:03 [main] INFO  o.a.kafka.common.utils.AppInfoParser - Kafka version: 3.6.1
2026-06-18 09:08:03 [main] INFO  o.a.kafka.common.utils.AppInfoParser - Kafka commitId: 5e3c2b738d253ff5
2026-06-18 09:08:03 [main] INFO  o.a.kafka.common.utils.AppInfoParser - Kafka startTimeMs: 1781753883810
2026-06-18 09:08:04 [kafka-admin-client-thread | adminclient-1] INFO  o.a.kafka.common.utils.AppInfoParser - App info kafka.admin.client for adminclient-1 unregistered
2026-06-18 09:08:04 [kafka-admin-client-thread | adminclient-1] INFO  o.a.kafka.common.metrics.Metrics - Metrics scheduler closed
2026-06-18 09:08:04 [kafka-admin-client-thread | adminclient-1] INFO  o.a.kafka.common.metrics.Metrics - Closing reporter org.apache.kafka.common.metrics.JmxReporter
2026-06-18 09:08:04 [kafka-admin-client-thread | adminclient-1] INFO  o.a.kafka.common.metrics.Metrics - Metrics reporters closed
2026-06-18 09:08:04 [main] INFO  o.s.c.n.eureka.InstanceInfoFactory - Setting initial instance status as: STARTING
2026-06-18 09:08:04 [main] INFO  c.netflix.discovery.DiscoveryClient - Initializing Eureka in region us-east-1
2026-06-18 09:08:04 [main] INFO  c.n.d.s.r.aws.ConfigClusterResolver - Resolving eureka endpoints via configuration
2026-06-18 09:08:04 [main] INFO  c.netflix.discovery.DiscoveryClient - Disable delta property : false
2026-06-18 09:08:04 [main] INFO  c.netflix.discovery.DiscoveryClient - Single vip registry refresh property : null
2026-06-18 09:08:04 [main] INFO  c.netflix.discovery.DiscoveryClient - Force full registry fetch : false
2026-06-18 09:08:04 [main] INFO  c.netflix.discovery.DiscoveryClient - Application is null : false
2026-06-18 09:08:04 [main] INFO  c.netflix.discovery.DiscoveryClient - Registered Applications size is zero : true
2026-06-18 09:08:04 [main] INFO  c.netflix.discovery.DiscoveryClient - Application version is -1: true
2026-06-18 09:08:04 [main] INFO  c.netflix.discovery.DiscoveryClient - Getting all instance registry info from the eureka server
2026-06-18 09:08:05 [main] INFO  c.netflix.discovery.DiscoveryClient - The response status is 200
2026-06-18 09:08:05 [main] INFO  c.netflix.discovery.DiscoveryClient - Starting heartbeat executor: renew interval is: 30
2026-06-18 09:08:05 [main] INFO  c.n.discovery.InstanceInfoReplicator - InstanceInfoReplicator onDemand update allowed rate per min is 4
2026-06-18 09:08:05 [main] INFO  c.netflix.discovery.DiscoveryClient - Discovery Client initialized at timestamp 1781753885089 with initial instances count: 4
2026-06-18 09:08:05 [main] INFO  o.s.c.n.e.s.EurekaServiceRegistry - Registering application CHAT-SERVICE with eureka with status UP
2026-06-18 09:08:05 [main] INFO  c.netflix.discovery.DiscoveryClient - Saw local status change event StatusChangeEvent [timestamp=1781753885123, current=UP, previous=STARTING]
2026-06-18 09:08:05 [DiscoveryClient-InstanceInfoReplicator-0] INFO  c.netflix.discovery.DiscoveryClient - DiscoveryClient_CHAT-SERVICE/chat-service:8084: registering service...
2026-06-18 09:08:05 [main] INFO  o.s.b.w.e.tomcat.TomcatWebServer - Tomcat started on port 8084 (http) with context path ''
2026-06-18 09:08:05 [main] INFO  o.s.c.n.e.s.EurekaAutoServiceRegistration - Updating port to 8084
2026-06-18 09:08:05 [DiscoveryClient-InstanceInfoReplicator-0] INFO  c.netflix.discovery.DiscoveryClient - DiscoveryClient_CHAT-SERVICE/chat-service:8084 - registration status: 204
2026-06-18 09:08:05 [main] INFO  o.a.k.c.consumer.ConsumerConfig - ConsumerConfig values: 
	allow.auto.create.topics = true
	auto.commit.interval.ms = 5000
	auto.include.jmx.reporter = true
	auto.offset.reset = earliest
	bootstrap.servers = [localhost:9092]
	check.crcs = true
	client.dns.lookup = use_all_dns_ips
	client.id = consumer-chat-service-group-1
	client.rack = 
	connections.max.idle.ms = 540000
	default.api.timeout.ms = 60000
	enable.auto.commit = false
	exclude.internal.topics = true
	fetch.max.bytes = 52428800
	fetch.max.wait.ms = 500
	fetch.min.bytes = 1
	group.id = chat-service-group
	group.instance.id = null
	heartbeat.interval.ms = 3000
	interceptor.classes = []
	internal.leave.group.on.close = true
	internal.throw.on.fetch.stable.offset.unsupported = false
	isolation.level = read_uncommitted
	key.deserializer = class org.apache.kafka.common.serialization.StringDeserializer
	max.partition.fetch.bytes = 1048576
	max.poll.interval.ms = 300000
	max.poll.records = 500
	metadata.max.age.ms = 300000
	metric.reporters = []
	metrics.num.samples = 2
	metrics.recording.level = INFO
	metrics.sample.window.ms = 30000
	partition.assignment.strategy = [class org.apache.kafka.clients.consumer.RangeAssignor, class org.apache.kafka.clients.consumer.CooperativeStickyAssignor]
	receive.buffer.bytes = 65536
	reconnect.backoff.max.ms = 1000
	reconnect.backoff.ms = 50
	request.timeout.ms = 30000
	retry.backoff.ms = 100
	sasl.client.callback.handler.class = null
	sasl.jaas.config = null
	sasl.kerberos.kinit.cmd = /usr/bin/kinit
	sasl.kerberos.min.time.before.relogin = 60000
	sasl.kerberos.service.name = null
	sasl.kerberos.ticket.renew.jitter = 0.05
	sasl.kerberos.ticket.renew.window.factor = 0.8
	sasl.login.callback.handler.class = null
	sasl.login.class = null
	sasl.login.connect.timeout.ms = null
	sasl.login.read.timeout.ms = null
	sasl.login.refresh.buffer.seconds = 300
	sasl.login.refresh.min.period.seconds = 60
	sasl.login.refresh.window.factor = 0.8
	sasl.login.refresh.window.jitter = 0.05
	sasl.login.retry.backoff.max.ms = 10000
	sasl.login.retry.backoff.ms = 100
	sasl.mechanism = GSSAPI
	sasl.oauthbearer.clock.skew.seconds = 30
	sasl.oauthbearer.expected.audience = null
	sasl.oauthbearer.expected.issuer = null
	sasl.oauthbearer.jwks.endpoint.refresh.ms = 3600000
	sasl.oauthbearer.jwks.endpoint.retry.backoff.max.ms = 10000
	sasl.oauthbearer.jwks.endpoint.retry.backoff.ms = 100
	sasl.oauthbearer.jwks.endpoint.url = null
	sasl.oauthbearer.scope.claim.name = scope
	sasl.oauthbearer.sub.claim.name = sub
	sasl.oauthbearer.token.endpoint.url = null
	security.protocol = PLAINTEXT
	security.providers = null
	send.buffer.bytes = 131072
	session.timeout.ms = 45000
	socket.connection.setup.timeout.max.ms = 30000
	socket.connection.setup.timeout.ms = 10000
	ssl.cipher.suites = null
	ssl.enabled.protocols = [TLSv1.2, TLSv1.3]
	ssl.endpoint.identification.algorithm = https
	ssl.engine.factory.class = null
	ssl.key.password = null
	ssl.keymanager.algorithm = SunX509
	ssl.keystore.certificate.chain = null
	ssl.keystore.key = null
	ssl.keystore.location = null
	ssl.keystore.password = null
	ssl.keystore.type = JKS
	ssl.protocol = TLSv1.3
	ssl.provider = null
	ssl.secure.random.implementation = null
	ssl.trustmanager.algorithm = PKIX
	ssl.truststore.certificates = null
	ssl.truststore.location = null
	ssl.truststore.password = null
	ssl.truststore.type = JKS
	value.deserializer = class org.apache.kafka.common.serialization.StringDeserializer

2026-06-18 09:08:05 [main] INFO  o.a.kafka.common.utils.AppInfoParser - Kafka version: 3.6.1
2026-06-18 09:08:05 [main] INFO  o.a.kafka.common.utils.AppInfoParser - Kafka commitId: 5e3c2b738d253ff5
2026-06-18 09:08:05 [main] INFO  o.a.kafka.common.utils.AppInfoParser - Kafka startTimeMs: 1781753885591
2026-06-18 09:08:05 [main] INFO  o.a.k.c.consumer.ConsumerConfig - ConsumerConfig values: 
	allow.auto.create.topics = true
	auto.commit.interval.ms = 5000
	auto.include.jmx.reporter = true
	auto.offset.reset = earliest
	bootstrap.servers = [localhost:9092]
	check.crcs = true
	client.dns.lookup = use_all_dns_ips
	client.id = consumer-chat-service-group-2
	client.rack = 
	connections.max.idle.ms = 540000
	default.api.timeout.ms = 60000
	enable.auto.commit = false
	exclude.internal.topics = true
	fetch.max.bytes = 52428800
	fetch.max.wait.ms = 500
	fetch.min.bytes = 1
	group.id = chat-service-group
	group.instance.id = null
	heartbeat.interval.ms = 3000
	interceptor.classes = []
	internal.leave.group.on.close = true
	internal.throw.on.fetch.stable.offset.unsupported = false
	isolation.level = read_uncommitted
	key.deserializer = class org.apache.kafka.common.serialization.StringDeserializer
	max.partition.fetch.bytes = 1048576
	max.poll.interval.ms = 300000
	max.poll.records = 500
	metadata.max.age.ms = 300000
	metric.reporters = []
	metrics.num.samples = 2
	metrics.recording.level = INFO
	metrics.sample.window.ms = 30000
	partition.assignment.strategy = [class org.apache.kafka.clients.consumer.RangeAssignor, class org.apache.kafka.clients.consumer.CooperativeStickyAssignor]
	receive.buffer.bytes = 65536
	reconnect.backoff.max.ms = 1000
	reconnect.backoff.ms = 50
	request.timeout.ms = 30000
	retry.backoff.ms = 100
	sasl.client.callback.handler.class = null
	sasl.jaas.config = null
	sasl.kerberos.kinit.cmd = /usr/bin/kinit
	sasl.kerberos.min.time.before.relogin = 60000
	sasl.kerberos.service.name = null
	sasl.kerberos.ticket.renew.jitter = 0.05
	sasl.kerberos.ticket.renew.window.factor = 0.8
	sasl.login.callback.handler.class = null
	sasl.login.class = null
	sasl.login.connect.timeout.ms = null
	sasl.login.read.timeout.ms = null
	sasl.login.refresh.buffer.seconds = 300
	sasl.login.refresh.min.period.seconds = 60
	sasl.login.refresh.window.factor = 0.8
	sasl.login.refresh.window.jitter = 0.05
	sasl.login.retry.backoff.max.ms = 10000
	sasl.login.retry.backoff.ms = 100
	sasl.mechanism = GSSAPI
	sasl.oauthbearer.clock.skew.seconds = 30
	sasl.oauthbearer.expected.audience = null
	sasl.oauthbearer.expected.issuer = null
	sasl.oauthbearer.jwks.endpoint.refresh.ms = 3600000
	sasl.oauthbearer.jwks.endpoint.retry.backoff.max.ms = 10000
	sasl.oauthbearer.jwks.endpoint.retry.backoff.ms = 100
	sasl.oauthbearer.jwks.endpoint.url = null
	sasl.oauthbearer.scope.claim.name = scope
	sasl.oauthbearer.sub.claim.name = sub
	sasl.oauthbearer.token.endpoint.url = null
	security.protocol = PLAINTEXT
	security.providers = null
	send.buffer.bytes = 131072
	session.timeout.ms = 45000
	socket.connection.setup.timeout.max.ms = 30000
	socket.connection.setup.timeout.ms = 10000
	ssl.cipher.suites = null
	ssl.enabled.protocols = [TLSv1.2, TLSv1.3]
	ssl.endpoint.identification.algorithm = https
	ssl.engine.factory.class = null
	ssl.key.password = null
	ssl.keymanager.algorithm = SunX509
	ssl.keystore.certificate.chain = null
	ssl.keystore.key = null
	ssl.keystore.location = null
	ssl.keystore.password = null
	ssl.keystore.type = JKS
	ssl.protocol = TLSv1.3
	ssl.provider = null
	ssl.secure.random.implementation = null
	ssl.trustmanager.algorithm = PKIX
	ssl.truststore.certificates = null
	ssl.truststore.location = null
	ssl.truststore.password = null
	ssl.truststore.type = JKS
	value.deserializer = class org.apache.kafka.common.serialization.StringDeserializer

2026-06-18 09:08:05 [main] INFO  o.a.kafka.common.utils.AppInfoParser - Kafka version: 3.6.1
2026-06-18 09:08:05 [main] INFO  o.a.kafka.common.utils.AppInfoParser - Kafka commitId: 5e3c2b738d253ff5
2026-06-18 09:08:05 [main] INFO  o.a.kafka.common.utils.AppInfoParser - Kafka startTimeMs: 1781753885669
2026-06-18 09:08:05 [main] INFO  o.a.k.c.consumer.ConsumerConfig - ConsumerConfig values: 
	allow.auto.create.topics = true
	auto.commit.interval.ms = 5000
	auto.include.jmx.reporter = true
	auto.offset.reset = earliest
	bootstrap.servers = [localhost:9092]
	check.crcs = true
	client.dns.lookup = use_all_dns_ips
	client.id = consumer-chat-service-group-3
	client.rack = 
	connections.max.idle.ms = 540000
	default.api.timeout.ms = 60000
	enable.auto.commit = false
	exclude.internal.topics = true
	fetch.max.bytes = 52428800
	fetch.max.wait.ms = 500
	fetch.min.bytes = 1
	group.id = chat-service-group
	group.instance.id = null
	heartbeat.interval.ms = 3000
	interceptor.classes = []
	internal.leave.group.on.close = true
	internal.throw.on.fetch.stable.offset.unsupported = false
	isolation.level = read_uncommitted
	key.deserializer = class org.apache.kafka.common.serialization.StringDeserializer
	max.partition.fetch.bytes = 1048576
	max.poll.interval.ms = 300000
	max.poll.records = 500
	metadata.max.age.ms = 300000
	metric.reporters = []
	metrics.num.samples = 2
	metrics.recording.level = INFO
	metrics.sample.window.ms = 30000
	partition.assignment.strategy = [class org.apache.kafka.clients.consumer.RangeAssignor, class org.apache.kafka.clients.consumer.CooperativeStickyAssignor]
	receive.buffer.bytes = 65536
	reconnect.backoff.max.ms = 1000
	reconnect.backoff.ms = 50
	request.timeout.ms = 30000
	retry.backoff.ms = 100
	sasl.client.callback.handler.class = null
	sasl.jaas.config = null
	sasl.kerberos.kinit.cmd = /usr/bin/kinit
	sasl.kerberos.min.time.before.relogin = 60000
	sasl.kerberos.service.name = null
	sasl.kerberos.ticket.renew.jitter = 0.05
	sasl.kerberos.ticket.renew.window.factor = 0.8
	sasl.login.callback.handler.class = null
	sasl.login.class = null
	sasl.login.connect.timeout.ms = null
	sasl.login.read.timeout.ms = null
	sasl.login.refresh.buffer.seconds = 300
	sasl.login.refresh.min.period.seconds = 60
	sasl.login.refresh.window.factor = 0.8
	sasl.login.refresh.window.jitter = 0.05
	sasl.login.retry.backoff.max.ms = 10000
	sasl.login.retry.backoff.ms = 100
	sasl.mechanism = GSSAPI
	sasl.oauthbearer.clock.skew.seconds = 30
	sasl.oauthbearer.expected.audience = null
	sasl.oauthbearer.expected.issuer = null
	sasl.oauthbearer.jwks.endpoint.refresh.ms = 3600000
	sasl.oauthbearer.jwks.endpoint.retry.backoff.max.ms = 10000
	sasl.oauthbearer.jwks.endpoint.retry.backoff.ms = 100
	sasl.oauthbearer.jwks.endpoint.url = null
	sasl.oauthbearer.scope.claim.name = scope
	sasl.oauthbearer.sub.claim.name = sub
	sasl.oauthbearer.token.endpoint.url = null
	security.protocol = PLAINTEXT
	security.providers = null
	send.buffer.bytes = 131072
	session.timeout.ms = 45000
	socket.connection.setup.timeout.max.ms = 30000
	socket.connection.setup.timeout.ms = 10000
	ssl.cipher.suites = null
	ssl.enabled.protocols = [TLSv1.2, TLSv1.3]
	ssl.endpoint.identification.algorithm = https
	ssl.engine.factory.class = null
	ssl.key.password = null
	ssl.keymanager.algorithm = SunX509
	ssl.keystore.certificate.chain = null
	ssl.keystore.key = null
	ssl.keystore.location = null
	ssl.keystore.password = null
	ssl.keystore.type = JKS
	ssl.protocol = TLSv1.3
	ssl.provider = null
	ssl.secure.random.implementation = null
	ssl.trustmanager.algorithm = PKIX
	ssl.truststore.certificates = null
	ssl.truststore.location = null
	ssl.truststore.password = null
	ssl.truststore.type = JKS
	value.deserializer = class org.apache.kafka.common.serialization.StringDeserializer

2026-06-18 09:08:05 [org.springframework.kafka.KafkaListenerEndpointContainer#2-0-C-1] INFO  org.apache.kafka.clients.Metadata - [Consumer clientId=consumer-chat-service-group-1, groupId=chat-service-group] Cluster ID: wolyDQQhSWKU6CUaBOYRWA
2026-06-18 09:08:05 [org.springframework.kafka.KafkaListenerEndpointContainer#2-0-C-1] INFO  o.a.k.c.c.i.ConsumerCoordinator - [Consumer clientId=consumer-chat-service-group-1, groupId=chat-service-group] Discovered group coordinator localhost:9092 (id: 2147483646 rack: null)
2026-06-18 09:08:05 [main] INFO  o.a.kafka.common.utils.AppInfoParser - Kafka version: 3.6.1
2026-06-18 09:08:05 [org.springframework.kafka.KafkaListenerEndpointContainer#2-0-C-1] INFO  o.a.k.c.c.i.ConsumerCoordinator - [Consumer clientId=consumer-chat-service-group-1, groupId=chat-service-group] (Re-)joining group
2026-06-18 09:08:05 [org.springframework.kafka.KafkaListenerEndpointContainer#0-0-C-1] INFO  org.apache.kafka.clients.Metadata - [Consumer clientId=consumer-chat-service-group-2, groupId=chat-service-group] Cluster ID: wolyDQQhSWKU6CUaBOYRWA
2026-06-18 09:08:05 [main] INFO  o.a.kafka.common.utils.AppInfoParser - Kafka commitId: 5e3c2b738d253ff5
2026-06-18 09:08:05 [main] INFO  o.a.kafka.common.utils.AppInfoParser - Kafka startTimeMs: 1781753885743
2026-06-18 09:08:05 [main] INFO  o.s.m.s.b.SimpleBrokerMessageHandler - Starting...
2026-06-18 09:08:05 [org.springframework.kafka.KafkaListenerEndpointContainer#0-0-C-1] INFO  o.a.k.c.c.i.ConsumerCoordinator - [Consumer clientId=consumer-chat-service-group-2, groupId=chat-service-group] Discovered group coordinator localhost:9092 (id: 2147483646 rack: null)
2026-06-18 09:08:05 [org.springframework.kafka.KafkaListenerEndpointContainer#0-0-C-1] INFO  o.a.k.c.c.i.ConsumerCoordinator - [Consumer clientId=consumer-chat-service-group-2, groupId=chat-service-group] (Re-)joining group
2026-06-18 09:08:05 [main] INFO  o.s.m.s.b.SimpleBrokerMessageHandler - BrokerAvailabilityEvent[available=true, SimpleBrokerMessageHandler [org.springframework.messaging.simp.broker.DefaultSubscriptionRegistry@11d176f8]]
2026-06-18 09:08:05 [main] INFO  o.s.m.s.b.SimpleBrokerMessageHandler - Started.
2026-06-18 09:08:05 [main] INFO  c.chatservice.ChatServiceApplication - Started ChatServiceApplication in 13.688 seconds (process running for 14.091)
2026-06-18 09:08:05 [org.springframework.kafka.KafkaListenerEndpointContainer#1-0-C-1] INFO  org.apache.kafka.clients.Metadata - [Consumer clientId=consumer-chat-service-group-3, groupId=chat-service-group] Cluster ID: wolyDQQhSWKU6CUaBOYRWA
2026-06-18 09:08:05 [org.springframework.kafka.KafkaListenerEndpointContainer#1-0-C-1] INFO  o.a.k.c.c.i.ConsumerCoordinator - [Consumer clientId=consumer-chat-service-group-3, groupId=chat-service-group] Discovered group coordinator localhost:9092 (id: 2147483646 rack: null)
2026-06-18 09:08:05 [org.springframework.kafka.KafkaListenerEndpointContainer#1-0-C-1] INFO  o.a.k.c.c.i.ConsumerCoordinator - [Consumer clientId=consumer-chat-service-group-3, groupId=chat-service-group] (Re-)joining group
2026-06-18 09:08:05 [org.springframework.kafka.KafkaListenerEndpointContainer#2-0-C-1] INFO  o.a.k.c.c.i.ConsumerCoordinator - [Consumer clientId=consumer-chat-service-group-1, groupId=chat-service-group] Request joining group due to: need to re-join with the given member-id: consumer-chat-service-group-1-ce1284b7-e29c-4664-8b62-4a558f3a1a09
2026-06-18 09:08:05 [org.springframework.kafka.KafkaListenerEndpointContainer#2-0-C-1] INFO  o.a.k.c.c.i.ConsumerCoordinator - [Consumer clientId=consumer-chat-service-group-1, groupId=chat-service-group] Request joining group due to: rebalance failed due to 'The group member needs to have a valid member id before actually entering a consumer group.' (MemberIdRequiredException)
2026-06-18 09:08:05 [org.springframework.kafka.KafkaListenerEndpointContainer#2-0-C-1] INFO  o.a.k.c.c.i.ConsumerCoordinator - [Consumer clientId=consumer-chat-service-group-1, groupId=chat-service-group] (Re-)joining group
2026-06-18 09:08:05 [org.springframework.kafka.KafkaListenerEndpointContainer#0-0-C-1] INFO  o.a.k.c.c.i.ConsumerCoordinator - [Consumer clientId=consumer-chat-service-group-2, groupId=chat-service-group] Request joining group due to: need to re-join with the given member-id: consumer-chat-service-group-2-960c3fe8-f615-4eaa-b745-a6dff6b9c501
2026-06-18 09:08:05 [org.springframework.kafka.KafkaListenerEndpointContainer#1-0-C-1] INFO  o.a.k.c.c.i.ConsumerCoordinator - [Consumer clientId=consumer-chat-service-group-3, groupId=chat-service-group] Request joining group due to: need to re-join with the given member-id: consumer-chat-service-group-3-bc9f07c1-c3b2-4ac9-a6c0-7be8af63b99e
2026-06-18 09:08:05 [org.springframework.kafka.KafkaListenerEndpointContainer#0-0-C-1] INFO  o.a.k.c.c.i.ConsumerCoordinator - [Consumer clientId=consumer-chat-service-group-2, groupId=chat-service-group] Request joining group due to: rebalance failed due to 'The group member needs to have a valid member id before actually entering a consumer group.' (MemberIdRequiredException)
2026-06-18 09:08:05 [org.springframework.kafka.KafkaListenerEndpointContainer#1-0-C-1] INFO  o.a.k.c.c.i.ConsumerCoordinator - [Consumer clientId=consumer-chat-service-group-3, groupId=chat-service-group] Request joining group due to: rebalance failed due to 'The group member needs to have a valid member id before actually entering a consumer group.' (MemberIdRequiredException)
2026-06-18 09:08:05 [org.springframework.kafka.KafkaListenerEndpointContainer#0-0-C-1] INFO  o.a.k.c.c.i.ConsumerCoordinator - [Consumer clientId=consumer-chat-service-group-2, groupId=chat-service-group] (Re-)joining group
2026-06-18 09:08:05 [org.springframework.kafka.KafkaListenerEndpointContainer#1-0-C-1] INFO  o.a.k.c.c.i.ConsumerCoordinator - [Consumer clientId=consumer-chat-service-group-3, groupId=chat-service-group] (Re-)joining group
2026-06-18 09:08:16 [org.springframework.kafka.KafkaListenerEndpointContainer#0-0-C-1] INFO  o.a.k.c.c.i.ConsumerCoordinator - [Consumer clientId=consumer-chat-service-group-2, groupId=chat-service-group] Successfully joined group with generation Generation{generationId=85, memberId='consumer-chat-service-group-2-960c3fe8-f615-4eaa-b745-a6dff6b9c501', protocol='range'}
2026-06-18 09:08:16 [org.springframework.kafka.KafkaListenerEndpointContainer#2-0-C-1] INFO  o.a.k.c.c.i.ConsumerCoordinator - [Consumer clientId=consumer-chat-service-group-1, groupId=chat-service-group] Successfully joined group with generation Generation{generationId=85, memberId='consumer-chat-service-group-1-ce1284b7-e29c-4664-8b62-4a558f3a1a09', protocol='range'}
2026-06-18 09:08:16 [org.springframework.kafka.KafkaListenerEndpointContainer#1-0-C-1] INFO  o.a.k.c.c.i.ConsumerCoordinator - [Consumer clientId=consumer-chat-service-group-3, groupId=chat-service-group] Successfully joined group with generation Generation{generationId=85, memberId='consumer-chat-service-group-3-bc9f07c1-c3b2-4ac9-a6c0-7be8af63b99e', protocol='range'}
2026-06-18 09:08:16 [org.springframework.kafka.KafkaListenerEndpointContainer#0-0-C-1] INFO  o.a.k.c.c.i.ConsumerCoordinator - [Consumer clientId=consumer-chat-service-group-2, groupId=chat-service-group] Finished assignment for group at generation 85: {consumer-chat-service-group-2-960c3fe8-f615-4eaa-b745-a6dff6b9c501=Assignment(partitions=[chat.message.read-0, chat.message.read-1, chat.message.read-2]), consumer-chat-service-group-1-ce1284b7-e29c-4664-8b62-4a558f3a1a09=Assignment(partitions=[chat.message.delivered-0, chat.message.delivered-1, chat.message.delivered-2]), consumer-chat-service-group-3-bc9f07c1-c3b2-4ac9-a6c0-7be8af63b99e=Assignment(partitions=[chat.archived-0])}
2026-06-18 09:08:16 [org.springframework.kafka.KafkaListenerEndpointContainer#2-0-C-1] INFO  o.a.k.c.c.i.ConsumerCoordinator - [Consumer clientId=consumer-chat-service-group-1, groupId=chat-service-group] Successfully synced group in generation Generation{generationId=85, memberId='consumer-chat-service-group-1-ce1284b7-e29c-4664-8b62-4a558f3a1a09', protocol='range'}
2026-06-18 09:08:16 [org.springframework.kafka.KafkaListenerEndpointContainer#2-0-C-1] INFO  o.a.k.c.c.i.ConsumerCoordinator - [Consumer clientId=consumer-chat-service-group-1, groupId=chat-service-group] Notifying assignor about the new Assignment(partitions=[chat.message.delivered-0, chat.message.delivered-1, chat.message.delivered-2])
2026-06-18 09:08:16 [org.springframework.kafka.KafkaListenerEndpointContainer#1-0-C-1] INFO  o.a.k.c.c.i.ConsumerCoordinator - [Consumer clientId=consumer-chat-service-group-3, groupId=chat-service-group] Successfully synced group in generation Generation{generationId=85, memberId='consumer-chat-service-group-3-bc9f07c1-c3b2-4ac9-a6c0-7be8af63b99e', protocol='range'}
2026-06-18 09:08:16 [org.springframework.kafka.KafkaListenerEndpointContainer#1-0-C-1] INFO  o.a.k.c.c.i.ConsumerCoordinator - [Consumer clientId=consumer-chat-service-group-3, groupId=chat-service-group] Notifying assignor about the new Assignment(partitions=[chat.archived-0])
2026-06-18 09:08:16 [org.springframework.kafka.KafkaListenerEndpointContainer#2-0-C-1] INFO  o.a.k.c.c.i.ConsumerCoordinator - [Consumer clientId=consumer-chat-service-group-1, groupId=chat-service-group] Adding newly assigned partitions: chat.message.delivered-0, chat.message.delivered-1, chat.message.delivered-2
2026-06-18 09:08:16 [org.springframework.kafka.KafkaListenerEndpointContainer#1-0-C-1] INFO  o.a.k.c.c.i.ConsumerCoordinator - [Consumer clientId=consumer-chat-service-group-3, groupId=chat-service-group] Adding newly assigned partitions: chat.archived-0
2026-06-18 09:08:16 [org.springframework.kafka.KafkaListenerEndpointContainer#0-0-C-1] INFO  o.a.k.c.c.i.ConsumerCoordinator - [Consumer clientId=consumer-chat-service-group-2, groupId=chat-service-group] Successfully synced group in generation Generation{generationId=85, memberId='consumer-chat-service-group-2-960c3fe8-f615-4eaa-b745-a6dff6b9c501', protocol='range'}
2026-06-18 09:08:16 [org.springframework.kafka.KafkaListenerEndpointContainer#0-0-C-1] INFO  o.a.k.c.c.i.ConsumerCoordinator - [Consumer clientId=consumer-chat-service-group-2, groupId=chat-service-group] Notifying assignor about the new Assignment(partitions=[chat.message.read-0, chat.message.read-1, chat.message.read-2])
2026-06-18 09:08:16 [org.springframework.kafka.KafkaListenerEndpointContainer#0-0-C-1] INFO  o.a.k.c.c.i.ConsumerCoordinator - [Consumer clientId=consumer-chat-service-group-2, groupId=chat-service-group] Adding newly assigned partitions: chat.message.read-0, chat.message.read-1, chat.message.read-2
2026-06-18 09:08:17 [org.springframework.kafka.KafkaListenerEndpointContainer#2-0-C-1] INFO  o.a.k.c.c.i.ConsumerCoordinator - [Consumer clientId=consumer-chat-service-group-1, groupId=chat-service-group] Found no committed offset for partition chat.message.delivered-2
2026-06-18 09:08:17 [org.springframework.kafka.KafkaListenerEndpointContainer#1-0-C-1] INFO  o.a.k.c.c.i.ConsumerCoordinator - [Consumer clientId=consumer-chat-service-group-3, groupId=chat-service-group] Setting offset for partition chat.archived-0 to the committed offset FetchPosition{offset=7, offsetEpoch=Optional.empty, currentLeader=LeaderAndEpoch{leader=Optional[localhost:9092 (id: 1 rack: null)], epoch=0}}
2026-06-18 09:08:17 [org.springframework.kafka.KafkaListenerEndpointContainer#2-0-C-1] INFO  o.a.k.c.c.i.ConsumerCoordinator - [Consumer clientId=consumer-chat-service-group-1, groupId=chat-service-group] Found no committed offset for partition chat.message.delivered-1
2026-06-18 09:08:17 [org.springframework.kafka.KafkaListenerEndpointContainer#0-0-C-1] INFO  o.a.k.c.c.i.ConsumerCoordinator - [Consumer clientId=consumer-chat-service-group-2, groupId=chat-service-group] Setting offset for partition chat.message.read-0 to the committed offset FetchPosition{offset=616, offsetEpoch=Optional.empty, currentLeader=LeaderAndEpoch{leader=Optional[localhost:9092 (id: 1 rack: null)], epoch=0}}
2026-06-18 09:08:17 [org.springframework.kafka.KafkaListenerEndpointContainer#2-0-C-1] INFO  o.a.k.c.c.i.ConsumerCoordinator - [Consumer clientId=consumer-chat-service-group-1, groupId=chat-service-group] Found no committed offset for partition chat.message.delivered-0
2026-06-18 09:08:17 [org.springframework.kafka.KafkaListenerEndpointContainer#0-0-C-1] INFO  o.a.k.c.c.i.ConsumerCoordinator - [Consumer clientId=consumer-chat-service-group-2, groupId=chat-service-group] Setting offset for partition chat.message.read-1 to the committed offset FetchPosition{offset=282, offsetEpoch=Optional.empty, currentLeader=LeaderAndEpoch{leader=Optional[localhost:9092 (id: 1 rack: null)], epoch=0}}
2026-06-18 09:08:17 [org.springframework.kafka.KafkaListenerEndpointContainer#0-0-C-1] INFO  o.a.k.c.c.i.ConsumerCoordinator - [Consumer clientId=consumer-chat-service-group-2, groupId=chat-service-group] Setting offset for partition chat.message.read-2 to the committed offset FetchPosition{offset=141, offsetEpoch=Optional.empty, currentLeader=LeaderAndEpoch{leader=Optional[localhost:9092 (id: 1 rack: null)], epoch=0}}
2026-06-18 09:08:17 [org.springframework.kafka.KafkaListenerEndpointContainer#2-0-C-1] INFO  o.a.k.c.c.i.SubscriptionState - [Consumer clientId=consumer-chat-service-group-1, groupId=chat-service-group] Resetting offset for partition chat.message.delivered-2 to position FetchPosition{offset=0, offsetEpoch=Optional.empty, currentLeader=LeaderAndEpoch{leader=Optional[localhost:9092 (id: 1 rack: null)], epoch=0}}.
2026-06-18 09:08:17 [org.springframework.kafka.KafkaListenerEndpointContainer#2-0-C-1] INFO  o.a.k.c.c.i.SubscriptionState - [Consumer clientId=consumer-chat-service-group-1, groupId=chat-service-group] Resetting offset for partition chat.message.delivered-1 to position FetchPosition{offset=0, offsetEpoch=Optional.empty, currentLeader=LeaderAndEpoch{leader=Optional[localhost:9092 (id: 1 rack: null)], epoch=0}}.
2026-06-18 09:08:17 [org.springframework.kafka.KafkaListenerEndpointContainer#2-0-C-1] INFO  o.a.k.c.c.i.SubscriptionState - [Consumer clientId=consumer-chat-service-group-1, groupId=chat-service-group] Resetting offset for partition chat.message.delivered-0 to position FetchPosition{offset=0, offsetEpoch=Optional.empty, currentLeader=LeaderAndEpoch{leader=Optional[localhost:9092 (id: 1 rack: null)], epoch=0}}.
2026-06-18 09:09:03 [MessageBroker-1] INFO  o.s.w.s.c.WebSocketMessageBrokerStats - WebSocketSession[0 current WS(0)-HttpStream(0)-HttpPoll(0), 0 total, 0 closed abnormally (0 connect failure, 0 send limit, 0 transport error)], stompSubProtocol[processed CONNECT(0)-CONNECTED(0)-DISCONNECT(0)], stompBrokerRelay[null], inboundChannel[pool size = 0, active threads = 0, queued tasks = 0, completed tasks = 0], outboundChannel[pool size = 0, active threads = 0, queued tasks = 0, completed tasks = 0], sockJsScheduler[pool size = 1, active threads = 1, queued tasks = 0, completed tasks = 0]
2026-06-18 09:13:04 [AsyncResolver-bootstrap-executor-0] INFO  c.n.d.s.r.aws.ConfigClusterResolver - Resolving eureka endpoints via configuration
2026-06-18 09:47:42 [main] INFO  c.chatservice.ChatServiceApplication - Starting ChatServiceApplication using Java 17.0.17 with PID 12580 (C:\Users\Administrator\Desktop\Radius-git\Radius\chat-service\target\classes started by Administrator in C:\Users\Administrator\Desktop\Radius-git\Radius\chat-service)
2026-06-18 09:47:42 [main] DEBUG c.chatservice.ChatServiceApplication - Running with Spring Boot v3.2.3, Spring v6.1.4
2026-06-18 09:47:42 [main] INFO  c.chatservice.ChatServiceApplication - No active profile set, falling back to 1 default profile: "default"
2026-06-18 09:47:43 [main] INFO  o.s.d.r.c.RepositoryConfigurationDelegate - Multiple Spring Data modules found, entering strict repository configuration mode
2026-06-18 09:47:43 [main] INFO  o.s.d.r.c.RepositoryConfigurationDelegate - Bootstrapping Spring Data JPA repositories in DEFAULT mode.
2026-06-18 09:47:43 [main] INFO  o.s.d.r.c.RepositoryConfigurationDelegate - Finished Spring Data repository scanning in 178 ms. Found 20 JPA repository interfaces.
2026-06-18 09:47:43 [main] INFO  o.s.d.r.c.RepositoryConfigurationDelegate - Multiple Spring Data modules found, entering strict repository configuration mode
2026-06-18 09:47:43 [main] INFO  o.s.d.r.c.RepositoryConfigurationDelegate - Bootstrapping Spring Data Redis repositories in DEFAULT mode.
2026-06-18 09:47:43 [main] INFO  o.s.d.r.c.RepositoryConfigurationExtensionSupport - Spring Data Redis - Could not safely identify store assignment for repository candidate interface com.chatservice.ai.repository.AiConversationRepository; If you want this repository to be a Redis repository, consider annotating your entities with one of these annotations: org.springframework.data.redis.core.RedisHash (preferred), or consider extending one of the following types with your repository: org.springframework.data.keyvalue.repository.KeyValueRepository
2026-06-18 09:47:43 [main] INFO  o.s.d.r.c.RepositoryConfigurationExtensionSupport - Spring Data Redis - Could not safely identify store assignment for repository candidate interface com.chatservice.ai.repository.AiMessageRepository; If you want this repository to be a Redis repository, consider annotating your entities with one of these annotations: org.springframework.data.redis.core.RedisHash (preferred), or consider extending one of the following types with your repository: org.springframework.data.keyvalue.repository.KeyValueRepository
2026-06-18 09:47:43 [main] INFO  o.s.d.r.c.RepositoryConfigurationExtensionSupport - Spring Data Redis - Could not safely identify store assignment for repository candidate interface com.chatservice.repository.ArchivedChatRepository; If you want this repository to be a Redis repository, consider annotating your entities with one of these annotations: org.springframework.data.redis.core.RedisHash (preferred), or consider extending one of the following types with your repository: org.springframework.data.keyvalue.repository.KeyValueRepository
2026-06-18 09:47:43 [main] INFO  o.s.d.r.c.RepositoryConfigurationExtensionSupport - Spring Data Redis - Could not safely identify store assignment for repository candidate interface com.chatservice.repository.CallSessionRepository; If you want this repository to be a Redis repository, consider annotating your entities with one of these annotations: org.springframework.data.redis.core.RedisHash (preferred), or consider extending one of the following types with your repository: org.springframework.data.keyvalue.repository.KeyValueRepository
2026-06-18 09:47:43 [main] INFO  o.s.d.r.c.RepositoryConfigurationExtensionSupport - Spring Data Redis - Could not safely identify store assignment for repository candidate interface com.chatservice.repository.ChatParticipantRepository; If you want this repository to be a Redis repository, consider annotating your entities with one of these annotations: org.springframework.data.redis.core.RedisHash (preferred), or consider extending one of the following types with your repository: org.springframework.data.keyvalue.repository.KeyValueRepository
2026-06-18 09:47:43 [main] INFO  o.s.d.r.c.RepositoryConfigurationExtensionSupport - Spring Data Redis - Could not safely identify store assignment for repository candidate interface com.chatservice.repository.ChatRepository; If you want this repository to be a Redis repository, consider annotating your entities with one of these annotations: org.springframework.data.redis.core.RedisHash (preferred), or consider extending one of the following types with your repository: org.springframework.data.keyvalue.repository.KeyValueRepository
2026-06-18 09:47:43 [main] INFO  o.s.d.r.c.RepositoryConfigurationExtensionSupport - Spring Data Redis - Could not safely identify store assignment for repository candidate interface com.chatservice.repository.ChatSearchIndexRepository; If you want this repository to be a Redis repository, consider annotating your entities with one of these annotations: org.springframework.data.redis.core.RedisHash (preferred), or consider extending one of the following types with your repository: org.springframework.data.keyvalue.repository.KeyValueRepository
2026-06-18 09:47:43 [main] INFO  o.s.d.r.c.RepositoryConfigurationExtensionSupport - Spring Data Redis - Could not safely identify store assignment for repository candidate interface com.chatservice.repository.ChatSettingsRepository; If you want this repository to be a Redis repository, consider annotating your entities with one of these annotations: org.springframework.data.redis.core.RedisHash (preferred), or consider extending one of the following types with your repository: org.springframework.data.keyvalue.repository.KeyValueRepository
2026-06-18 09:47:43 [main] INFO  o.s.d.r.c.RepositoryConfigurationExtensionSupport - Spring Data Redis - Could not safely identify store assignment for repository candidate interface com.chatservice.repository.CommunityGroupLinkRepository; If you want this repository to be a Redis repository, consider annotating your entities with one of these annotations: org.springframework.data.redis.core.RedisHash (preferred), or consider extending one of the following types with your repository: org.springframework.data.keyvalue.repository.KeyValueRepository
2026-06-18 09:47:43 [main] INFO  o.s.d.r.c.RepositoryConfigurationExtensionSupport - Spring Data Redis - Could not safely identify store assignment for repository candidate interface com.chatservice.repository.CommunityInviteRepository; If you want this repository to be a Redis repository, consider annotating your entities with one of these annotations: org.springframework.data.redis.core.RedisHash (preferred), or consider extending one of the following types with your repository: org.springframework.data.keyvalue.repository.KeyValueRepository
2026-06-18 09:47:43 [main] INFO  o.s.d.r.c.RepositoryConfigurationExtensionSupport - Spring Data Redis - Could not safely identify store assignment for repository candidate interface com.chatservice.repository.CommunityJoinRequestRepository; If you want this repository to be a Redis repository, consider annotating your entities with one of these annotations: org.springframework.data.redis.core.RedisHash (preferred), or consider extending one of the following types with your repository: org.springframework.data.keyvalue.repository.KeyValueRepository
2026-06-18 09:47:43 [main] INFO  o.s.d.r.c.RepositoryConfigurationExtensionSupport - Spring Data Redis - Could not safely identify store assignment for repository candidate interface com.chatservice.repository.CommunityMemberRepository; If you want this repository to be a Redis repository, consider annotating your entities with one of these annotations: org.springframework.data.redis.core.RedisHash (preferred), or consider extending one of the following types with your repository: org.springframework.data.keyvalue.repository.KeyValueRepository
2026-06-18 09:47:43 [main] INFO  o.s.d.r.c.RepositoryConfigurationExtensionSupport - Spring Data Redis - Could not safely identify store assignment for repository candidate interface com.chatservice.repository.CommunityRepository; If you want this repository to be a Redis repository, consider annotating your entities with one of these annotations: org.springframework.data.redis.core.RedisHash (preferred), or consider extending one of the following types with your repository: org.springframework.data.keyvalue.repository.KeyValueRepository
2026-06-18 09:47:43 [main] INFO  o.s.d.r.c.RepositoryConfigurationExtensionSupport - Spring Data Redis - Could not safely identify store assignment for repository candidate interface com.chatservice.repository.GroupEventRepository; If you want this repository to be a Redis repository, consider annotating your entities with one of these annotations: org.springframework.data.redis.core.RedisHash (preferred), or consider extending one of the following types with your repository: org.springframework.data.keyvalue.repository.KeyValueRepository
2026-06-18 09:47:43 [main] INFO  o.s.d.r.c.RepositoryConfigurationExtensionSupport - Spring Data Redis - Could not safely identify store assignment for repository candidate interface com.chatservice.repository.GroupMemberRepository; If you want this repository to be a Redis repository, consider annotating your entities with one of these annotations: org.springframework.data.redis.core.RedisHash (preferred), or consider extending one of the following types with your repository: org.springframework.data.keyvalue.repository.KeyValueRepository
2026-06-18 09:47:43 [main] INFO  o.s.d.r.c.RepositoryConfigurationExtensionSupport - Spring Data Redis - Could not safely identify store assignment for repository candidate interface com.chatservice.repository.GroupRepository; If you want this repository to be a Redis repository, consider annotating your entities with one of these annotations: org.springframework.data.redis.core.RedisHash (preferred), or consider extending one of the following types with your repository: org.springframework.data.keyvalue.repository.KeyValueRepository
2026-06-18 09:47:43 [main] INFO  o.s.d.r.c.RepositoryConfigurationExtensionSupport - Spring Data Redis - Could not safely identify store assignment for repository candidate interface com.chatservice.repository.MediaAttachmentRepository; If you want this repository to be a Redis repository, consider annotating your entities with one of these annotations: org.springframework.data.redis.core.RedisHash (preferred), or consider extending one of the following types with your repository: org.springframework.data.keyvalue.repository.KeyValueRepository
2026-06-18 09:47:43 [main] INFO  o.s.d.r.c.RepositoryConfigurationExtensionSupport - Spring Data Redis - Could not safely identify store assignment for repository candidate interface com.chatservice.repository.MessageEditRepository; If you want this repository to be a Redis repository, consider annotating your entities with one of these annotations: org.springframework.data.redis.core.RedisHash (preferred), or consider extending one of the following types with your repository: org.springframework.data.keyvalue.repository.KeyValueRepository
2026-06-18 09:47:43 [main] INFO  o.s.d.r.c.RepositoryConfigurationExtensionSupport - Spring Data Redis - Could not safely identify store assignment for repository candidate interface com.chatservice.repository.MessageRepository; If you want this repository to be a Redis repository, consider annotating your entities with one of these annotations: org.springframework.data.redis.core.RedisHash (preferred), or consider extending one of the following types with your repository: org.springframework.data.keyvalue.repository.KeyValueRepository
2026-06-18 09:47:43 [main] INFO  o.s.d.r.c.RepositoryConfigurationExtensionSupport - Spring Data Redis - Could not safely identify store assignment for repository candidate interface com.chatservice.repository.MessageVisibilityRepository; If you want this repository to be a Redis repository, consider annotating your entities with one of these annotations: org.springframework.data.redis.core.RedisHash (preferred), or consider extending one of the following types with your repository: org.springframework.data.keyvalue.repository.KeyValueRepository
2026-06-18 09:47:43 [main] INFO  o.s.d.r.c.RepositoryConfigurationDelegate - Finished Spring Data repository scanning in 22 ms. Found 0 Redis repository interfaces.
2026-06-18 09:47:44 [main] INFO  o.s.cloud.context.scope.GenericScope - BeanFactory id=7405d89c-e712-3cbd-aec0-622d6cc045c4
2026-06-18 09:47:44 [main] WARN  o.s.c.s.PostProcessorRegistrationDelegate$BeanPostProcessorChecker - Bean 'org.springframework.cloud.client.loadbalancer.LoadBalancerAutoConfiguration$DeferringLoadBalancerInterceptorConfig' of type [org.springframework.cloud.client.loadbalancer.LoadBalancerAutoConfiguration$DeferringLoadBalancerInterceptorConfig] is not eligible for getting processed by all BeanPostProcessors (for example: not eligible for auto-proxying). The currently created BeanPostProcessor [lbRestClientPostProcessor] is declared through a non-static factory method on that class; consider declaring it as static instead.
2026-06-18 09:47:44 [main] WARN  o.s.c.s.PostProcessorRegistrationDelegate$BeanPostProcessorChecker - Bean 'deferringLoadBalancerInterceptor' of type [org.springframework.cloud.client.loadbalancer.DeferringLoadBalancerInterceptor] is not eligible for getting processed by all BeanPostProcessors (for example: not eligible for auto-proxying). Is this bean getting eagerly injected into a currently created BeanPostProcessor [lbRestClientPostProcessor]? Check the corresponding BeanPostProcessor declaration and its dependencies.
2026-06-18 09:47:44 [main] WARN  o.s.c.s.PostProcessorRegistrationDelegate$BeanPostProcessorChecker - Bean 'org.springframework.cloud.client.loadbalancer.reactive.LoadBalancerBeanPostProcessorAutoConfiguration' of type [org.springframework.cloud.client.loadbalancer.reactive.LoadBalancerBeanPostProcessorAutoConfiguration] is not eligible for getting processed by all BeanPostProcessors (for example: not eligible for auto-proxying). The currently created BeanPostProcessor [loadBalancerWebClientBuilderBeanPostProcessor] is declared through a non-static factory method on that class; consider declaring it as static instead.
2026-06-18 09:47:44 [main] WARN  o.s.c.s.PostProcessorRegistrationDelegate$BeanPostProcessorChecker - Bean 'org.springframework.cloud.client.loadbalancer.reactive.LoadBalancerBeanPostProcessorAutoConfiguration$ReactorDeferringLoadBalancerFilterConfig' of type [org.springframework.cloud.client.loadbalancer.reactive.LoadBalancerBeanPostProcessorAutoConfiguration$ReactorDeferringLoadBalancerFilterConfig] is not eligible for getting processed by all BeanPostProcessors (for example: not eligible for auto-proxying). Is this bean getting eagerly injected into a currently created BeanPostProcessor [loadBalancerWebClientBuilderBeanPostProcessor]? Check the corresponding BeanPostProcessor declaration and its dependencies.
2026-06-18 09:47:44 [main] WARN  o.s.c.s.PostProcessorRegistrationDelegate$BeanPostProcessorChecker - Bean 'reactorDeferringLoadBalancerExchangeFilterFunction' of type [org.springframework.cloud.client.loadbalancer.reactive.DeferringLoadBalancerExchangeFilterFunction] is not eligible for getting processed by all BeanPostProcessors (for example: not eligible for auto-proxying). Is this bean getting eagerly injected into a currently created BeanPostProcessor [loadBalancerWebClientBuilderBeanPostProcessor]? Check the corresponding BeanPostProcessor declaration and its dependencies.
2026-06-18 09:47:45 [main] INFO  o.s.b.w.e.tomcat.TomcatWebServer - Tomcat initialized with port 8084 (http)
2026-06-18 09:47:45 [main] INFO  o.a.catalina.core.StandardService - Starting service [Tomcat]
2026-06-18 09:47:45 [main] INFO  o.a.catalina.core.StandardEngine - Starting Servlet engine: [Apache Tomcat/10.1.19]
2026-06-18 09:47:45 [main] INFO  o.a.c.c.C.[Tomcat].[localhost].[/] - Initializing Spring embedded WebApplicationContext
2026-06-18 09:47:45 [main] INFO  o.s.b.w.s.c.ServletWebServerApplicationContext - Root WebApplicationContext: initialization completed in 2439 ms
2026-06-18 09:47:45 [main] DEBUG c.c.security.JwtAuthenticationFilter - Filter 'jwtAuthenticationFilter' configured for use
2026-06-18 09:47:45 [main] DEBUG c.c.c.SecurityConfig$GatewayWhitelistFilter - Filter 'securityConfig.GatewayWhitelistFilter' configured for use
2026-06-18 09:47:45 [main] INFO  o.h.jpa.internal.util.LogHelper - HHH000204: Processing PersistenceUnitInfo [name: default]
2026-06-18 09:47:45 [main] INFO  org.hibernate.Version - HHH000412: Hibernate ORM core version 6.4.4.Final
2026-06-18 09:47:45 [main] INFO  o.h.c.i.RegionFactoryInitiator - HHH000026: Second-level cache disabled
2026-06-18 09:47:45 [main] INFO  o.s.o.j.p.SpringPersistenceUnitInfo - No LoadTimeWeaver setup: ignoring JPA class transformer
2026-06-18 09:47:45 [main] INFO  com.zaxxer.hikari.HikariDataSource - HikariPool-1 - Starting...
2026-06-18 09:47:46 [main] INFO  com.zaxxer.hikari.pool.HikariPool - HikariPool-1 - Added connection org.postgresql.jdbc.PgConnection@1d2d4d7a
2026-06-18 09:47:46 [main] INFO  com.zaxxer.hikari.HikariDataSource - HikariPool-1 - Start completed.
2026-06-18 09:47:46 [main] WARN  org.hibernate.orm.deprecation - HHH90000025: PostgreSQLDialect does not need to be specified explicitly using 'hibernate.dialect' (remove the property setting and it will be selected by default)
2026-06-18 09:47:47 [main] INFO  o.h.e.t.j.p.i.JtaPlatformInitiator - HHH000489: No JTA platform available (set 'hibernate.transaction.jta.platform' to enable JTA platform integration)
2026-06-18 09:47:47 [main] WARN  o.h.e.jdbc.spi.SqlExceptionHelper - SQL Warning Code: 0, SQLState: 00000
2026-06-18 09:47:47 [main] WARN  o.h.e.jdbc.spi.SqlExceptionHelper - constraint "uk4mgsewd6lcfums3kdddxyim8u" of relation "archived_chats" does not exist, skipping
2026-06-18 09:47:47 [main] WARN  o.h.e.jdbc.spi.SqlExceptionHelper - SQL Warning Code: 0, SQLState: 00000
2026-06-18 09:47:47 [main] WARN  o.h.e.jdbc.spi.SqlExceptionHelper - constraint "uklttgx4hljh01msy5htqo8t1ed" of relation "chat_participants" does not exist, skipping
2026-06-18 09:47:47 [main] WARN  o.h.e.jdbc.spi.SqlExceptionHelper - SQL Warning Code: 0, SQLState: 00000
2026-06-18 09:47:47 [main] WARN  o.h.e.jdbc.spi.SqlExceptionHelper - constraint "uk8rslbhp49nbkcnl30iaerxif1" of relation "chat_settings" does not exist, skipping
2026-06-18 09:47:47 [main] WARN  o.h.e.jdbc.spi.SqlExceptionHelper - SQL Warning Code: 0, SQLState: 00000
2026-06-18 09:47:47 [main] WARN  o.h.e.jdbc.spi.SqlExceptionHelper - constraint "ukjne9oud0cc9ki822cxxvh29r0" of relation "community_group_links" does not exist, skipping
2026-06-18 09:47:47 [main] WARN  o.h.e.jdbc.spi.SqlExceptionHelper - SQL Warning Code: 0, SQLState: 00000
2026-06-18 09:47:47 [main] WARN  o.h.e.jdbc.spi.SqlExceptionHelper - constraint "uk_amtvrm7o3ydhnsseny8dgtse7" of relation "community_invites" does not exist, skipping
2026-06-18 09:47:47 [main] WARN  o.h.e.jdbc.spi.SqlExceptionHelper - SQL Warning Code: 0, SQLState: 00000
2026-06-18 09:47:47 [main] WARN  o.h.e.jdbc.spi.SqlExceptionHelper - constraint "ukfbnbgqg59jr4ng4q65hvwp7ri" of relation "community_join_requests" does not exist, skipping
2026-06-18 09:47:47 [main] WARN  o.h.e.jdbc.spi.SqlExceptionHelper - SQL Warning Code: 0, SQLState: 00000
2026-06-18 09:47:47 [main] WARN  o.h.e.jdbc.spi.SqlExceptionHelper - constraint "ukfr78n3lo0omh8or6dipyem6ii" of relation "community_members" does not exist, skipping
2026-06-18 09:47:47 [main] WARN  o.h.e.jdbc.spi.SqlExceptionHelper - SQL Warning Code: 0, SQLState: 00000
2026-06-18 09:47:47 [main] WARN  o.h.e.jdbc.spi.SqlExceptionHelper - constraint "ukp940p7g0r9yihubnf6rtaheog" of relation "group_members" does not exist, skipping
2026-06-18 09:47:47 [main] WARN  o.h.e.jdbc.spi.SqlExceptionHelper - SQL Warning Code: 0, SQLState: 00000
2026-06-18 09:47:47 [main] WARN  o.h.e.jdbc.spi.SqlExceptionHelper - constraint "uk_f9tiqmx8e3pi3dnm6mcd3sphj" of relation "groups" does not exist, skipping
2026-06-18 09:47:47 [main] WARN  o.h.e.jdbc.spi.SqlExceptionHelper - SQL Warning Code: 0, SQLState: 00000
2026-06-18 09:47:47 [main] WARN  o.h.e.jdbc.spi.SqlExceptionHelper - constraint "uk5tcu4e9mkapseqxj829ldayv3" of relation "message_visibility" does not exist, skipping
2026-06-18 09:47:47 [main] INFO  o.s.o.j.LocalContainerEntityManagerFactoryBean - Initialized JPA EntityManagerFactory for persistence unit 'default'
2026-06-18 09:47:48 [main] INFO  o.s.d.j.r.query.QueryEnhancerFactory - Hibernate is in classpath; If applicable, HQL parser will be used.
2026-06-18 09:47:50 [main] WARN  o.s.b.a.o.j.JpaBaseConfiguration$JpaWebConfiguration - spring.jpa.open-in-view is enabled by default. Therefore, database queries may be performed during view rendering. Explicitly configure spring.jpa.open-in-view to disable this warning
2026-06-18 09:47:50 [main] WARN  o.s.b.a.s.s.UserDetailsServiceAutoConfiguration - 

Using generated security password: 2cc6a0f3-dcdd-4a03-a68d-a17677686ece

This generated password is for development use only. Your security configuration must be updated before running your application in production.

2026-06-18 09:47:50 [main] INFO  c.chatservice.config.WebSocketConfig - WebSocket STOMP endpoint registered at /ws
2026-06-18 09:47:51 [main] INFO  o.s.c.n.e.c.DiscoveryClientOptionalArgsConfiguration - Eureka HTTP Client uses RestTemplate.
2026-06-18 09:47:51 [main] WARN  o.s.c.l.c.LoadBalancerCacheAutoConfiguration$LoadBalancerCaffeineWarnLogger - Spring Cloud LoadBalancer is currently working with the default cache. While this cache implementation is useful for development and tests, it's recommended to use Caffeine cache in production.You can switch to using Caffeine cache, by adding it and org.springframework.cache.caffeine.CaffeineCacheManager to the classpath.
2026-06-18 09:47:51 [main] INFO  o.a.k.c.admin.AdminClientConfig - AdminClientConfig values: 
	auto.include.jmx.reporter = true
	bootstrap.servers = [localhost:9092]
	client.dns.lookup = use_all_dns_ips
	client.id = 
	connections.max.idle.ms = 300000
	default.api.timeout.ms = 60000
	metadata.max.age.ms = 300000
	metric.reporters = []
	metrics.num.samples = 2
	metrics.recording.level = INFO
	metrics.sample.window.ms = 30000
	receive.buffer.bytes = 65536
	reconnect.backoff.max.ms = 1000
	reconnect.backoff.ms = 50
	request.timeout.ms = 30000
	retries = 2147483647
	retry.backoff.ms = 100
	sasl.client.callback.handler.class = null
	sasl.jaas.config = null
	sasl.kerberos.kinit.cmd = /usr/bin/kinit
	sasl.kerberos.min.time.before.relogin = 60000
	sasl.kerberos.service.name = null
	sasl.kerberos.ticket.renew.jitter = 0.05
	sasl.kerberos.ticket.renew.window.factor = 0.8
	sasl.login.callback.handler.class = null
	sasl.login.class = null
	sasl.login.connect.timeout.ms = null
	sasl.login.read.timeout.ms = null
	sasl.login.refresh.buffer.seconds = 300
	sasl.login.refresh.min.period.seconds = 60
	sasl.login.refresh.window.factor = 0.8
	sasl.login.refresh.window.jitter = 0.05
	sasl.login.retry.backoff.max.ms = 10000
	sasl.login.retry.backoff.ms = 100
	sasl.mechanism = GSSAPI
	sasl.oauthbearer.clock.skew.seconds = 30
	sasl.oauthbearer.expected.audience = null
	sasl.oauthbearer.expected.issuer = null
	sasl.oauthbearer.jwks.endpoint.refresh.ms = 3600000
	sasl.oauthbearer.jwks.endpoint.retry.backoff.max.ms = 10000
	sasl.oauthbearer.jwks.endpoint.retry.backoff.ms = 100
	sasl.oauthbearer.jwks.endpoint.url = null
	sasl.oauthbearer.scope.claim.name = scope
	sasl.oauthbearer.sub.claim.name = sub
	sasl.oauthbearer.token.endpoint.url = null
	security.protocol = PLAINTEXT
	security.providers = null
	send.buffer.bytes = 131072
	socket.connection.setup.timeout.max.ms = 30000
	socket.connection.setup.timeout.ms = 10000
	ssl.cipher.suites = null
	ssl.enabled.protocols = [TLSv1.2, TLSv1.3]
	ssl.endpoint.identification.algorithm = https
	ssl.engine.factory.class = null
	ssl.key.password = null
	ssl.keymanager.algorithm = SunX509
	ssl.keystore.certificate.chain = null
	ssl.keystore.key = null
	ssl.keystore.location = null
	ssl.keystore.password = null
	ssl.keystore.type = JKS
	ssl.protocol = TLSv1.3
	ssl.provider = null
	ssl.secure.random.implementation = null
	ssl.trustmanager.algorithm = PKIX
	ssl.truststore.certificates = null
	ssl.truststore.location = null
	ssl.truststore.password = null
	ssl.truststore.type = JKS

2026-06-18 09:47:51 [main] INFO  o.a.kafka.common.utils.AppInfoParser - Kafka version: 3.6.1
2026-06-18 09:47:51 [main] INFO  o.a.kafka.common.utils.AppInfoParser - Kafka commitId: 5e3c2b738d253ff5
2026-06-18 09:47:51 [main] INFO  o.a.kafka.common.utils.AppInfoParser - Kafka startTimeMs: 1781756271667
2026-06-18 09:47:52 [kafka-admin-client-thread | adminclient-1] INFO  o.a.kafka.common.utils.AppInfoParser - App info kafka.admin.client for adminclient-1 unregistered
2026-06-18 09:47:52 [kafka-admin-client-thread | adminclient-1] INFO  o.a.kafka.common.metrics.Metrics - Metrics scheduler closed
2026-06-18 09:47:52 [kafka-admin-client-thread | adminclient-1] INFO  o.a.kafka.common.metrics.Metrics - Closing reporter org.apache.kafka.common.metrics.JmxReporter
2026-06-18 09:47:52 [kafka-admin-client-thread | adminclient-1] INFO  o.a.kafka.common.metrics.Metrics - Metrics reporters closed
2026-06-18 09:47:52 [main] INFO  o.s.c.n.eureka.InstanceInfoFactory - Setting initial instance status as: STARTING
2026-06-18 09:47:52 [main] INFO  c.netflix.discovery.DiscoveryClient - Initializing Eureka in region us-east-1
2026-06-18 09:47:52 [main] INFO  c.n.d.s.r.aws.ConfigClusterResolver - Resolving eureka endpoints via configuration
2026-06-18 09:47:52 [main] INFO  c.netflix.discovery.DiscoveryClient - Disable delta property : false
2026-06-18 09:47:52 [main] INFO  c.netflix.discovery.DiscoveryClient - Single vip registry refresh property : null
2026-06-18 09:47:52 [main] INFO  c.netflix.discovery.DiscoveryClient - Force full registry fetch : false
2026-06-18 09:47:52 [main] INFO  c.netflix.discovery.DiscoveryClient - Application is null : false
2026-06-18 09:47:52 [main] INFO  c.netflix.discovery.DiscoveryClient - Registered Applications size is zero : true
2026-06-18 09:47:52 [main] INFO  c.netflix.discovery.DiscoveryClient - Application version is -1: true
2026-06-18 09:47:52 [main] INFO  c.netflix.discovery.DiscoveryClient - Getting all instance registry info from the eureka server
2026-06-18 09:47:52 [main] INFO  c.netflix.discovery.DiscoveryClient - The response status is 200
2026-06-18 09:47:52 [main] INFO  c.netflix.discovery.DiscoveryClient - Starting heartbeat executor: renew interval is: 30
2026-06-18 09:47:52 [main] INFO  c.n.discovery.InstanceInfoReplicator - InstanceInfoReplicator onDemand update allowed rate per min is 4
2026-06-18 09:47:52 [main] INFO  c.netflix.discovery.DiscoveryClient - Discovery Client initialized at timestamp 1781756272680 with initial instances count: 3
2026-06-18 09:47:52 [main] INFO  o.s.c.n.e.s.EurekaServiceRegistry - Registering application CHAT-SERVICE with eureka with status UP
2026-06-18 09:47:52 [main] INFO  c.netflix.discovery.DiscoveryClient - Saw local status change event StatusChangeEvent [timestamp=1781756272712, current=UP, previous=STARTING]
2026-06-18 09:47:52 [DiscoveryClient-InstanceInfoReplicator-0] INFO  c.netflix.discovery.DiscoveryClient - DiscoveryClient_CHAT-SERVICE/chat-service:8084: registering service...
2026-06-18 09:47:52 [main] INFO  o.s.b.w.e.tomcat.TomcatWebServer - Tomcat started on port 8084 (http) with context path ''
2026-06-18 09:47:52 [main] INFO  o.s.c.n.e.s.EurekaAutoServiceRegistration - Updating port to 8084
2026-06-18 09:47:52 [DiscoveryClient-InstanceInfoReplicator-0] INFO  c.netflix.discovery.DiscoveryClient - DiscoveryClient_CHAT-SERVICE/chat-service:8084 - registration status: 204
2026-06-18 09:47:52 [main] INFO  o.a.k.c.consumer.ConsumerConfig - ConsumerConfig values: 
	allow.auto.create.topics = true
	auto.commit.interval.ms = 5000
	auto.include.jmx.reporter = true
	auto.offset.reset = earliest
	bootstrap.servers = [localhost:9092]
	check.crcs = true
	client.dns.lookup = use_all_dns_ips
	client.id = consumer-chat-service-group-1
	client.rack = 
	connections.max.idle.ms = 540000
	default.api.timeout.ms = 60000
	enable.auto.commit = false
	exclude.internal.topics = true
	fetch.max.bytes = 52428800
	fetch.max.wait.ms = 500
	fetch.min.bytes = 1
	group.id = chat-service-group
	group.instance.id = null
	heartbeat.interval.ms = 3000
	interceptor.classes = []
	internal.leave.group.on.close = true
	internal.throw.on.fetch.stable.offset.unsupported = false
	isolation.level = read_uncommitted
	key.deserializer = class org.apache.kafka.common.serialization.StringDeserializer
	max.partition.fetch.bytes = 1048576
	max.poll.interval.ms = 300000
	max.poll.records = 500
	metadata.max.age.ms = 300000
	metric.reporters = []
	metrics.num.samples = 2
	metrics.recording.level = INFO
	metrics.sample.window.ms = 30000
	partition.assignment.strategy = [class org.apache.kafka.clients.consumer.RangeAssignor, class org.apache.kafka.clients.consumer.CooperativeStickyAssignor]
	receive.buffer.bytes = 65536
	reconnect.backoff.max.ms = 1000
	reconnect.backoff.ms = 50
	request.timeout.ms = 30000
	retry.backoff.ms = 100
	sasl.client.callback.handler.class = null
	sasl.jaas.config = null
	sasl.kerberos.kinit.cmd = /usr/bin/kinit
	sasl.kerberos.min.time.before.relogin = 60000
	sasl.kerberos.service.name = null
	sasl.kerberos.ticket.renew.jitter = 0.05
	sasl.kerberos.ticket.renew.window.factor = 0.8
	sasl.login.callback.handler.class = null
	sasl.login.class = null
	sasl.login.connect.timeout.ms = null
	sasl.login.read.timeout.ms = null
	sasl.login.refresh.buffer.seconds = 300
	sasl.login.refresh.min.period.seconds = 60
	sasl.login.refresh.window.factor = 0.8
	sasl.login.refresh.window.jitter = 0.05
	sasl.login.retry.backoff.max.ms = 10000
	sasl.login.retry.backoff.ms = 100
	sasl.mechanism = GSSAPI
	sasl.oauthbearer.clock.skew.seconds = 30
	sasl.oauthbearer.expected.audience = null
	sasl.oauthbearer.expected.issuer = null
	sasl.oauthbearer.jwks.endpoint.refresh.ms = 3600000
	sasl.oauthbearer.jwks.endpoint.retry.backoff.max.ms = 10000
	sasl.oauthbearer.jwks.endpoint.retry.backoff.ms = 100
	sasl.oauthbearer.jwks.endpoint.url = null
	sasl.oauthbearer.scope.claim.name = scope
	sasl.oauthbearer.sub.claim.name = sub
	sasl.oauthbearer.token.endpoint.url = null
	security.protocol = PLAINTEXT
	security.providers = null
	send.buffer.bytes = 131072
	session.timeout.ms = 45000
	socket.connection.setup.timeout.max.ms = 30000
	socket.connection.setup.timeout.ms = 10000
	ssl.cipher.suites = null
	ssl.enabled.protocols = [TLSv1.2, TLSv1.3]
	ssl.endpoint.identification.algorithm = https
	ssl.engine.factory.class = null
	ssl.key.password = null
	ssl.keymanager.algorithm = SunX509
	ssl.keystore.certificate.chain = null
	ssl.keystore.key = null
	ssl.keystore.location = null
	ssl.keystore.password = null
	ssl.keystore.type = JKS
	ssl.protocol = TLSv1.3
	ssl.provider = null
	ssl.secure.random.implementation = null
	ssl.trustmanager.algorithm = PKIX
	ssl.truststore.certificates = null
	ssl.truststore.location = null
	ssl.truststore.password = null
	ssl.truststore.type = JKS
	value.deserializer = class org.apache.kafka.common.serialization.StringDeserializer

2026-06-18 09:47:52 [main] INFO  o.a.kafka.common.utils.AppInfoParser - Kafka version: 3.6.1
2026-06-18 09:47:52 [main] INFO  o.a.kafka.common.utils.AppInfoParser - Kafka commitId: 5e3c2b738d253ff5
2026-06-18 09:47:52 [main] INFO  o.a.kafka.common.utils.AppInfoParser - Kafka startTimeMs: 1781756272967
2026-06-18 09:47:52 [main] INFO  o.a.k.c.consumer.ConsumerConfig - ConsumerConfig values: 
	allow.auto.create.topics = true
	auto.commit.interval.ms = 5000
	auto.include.jmx.reporter = true
	auto.offset.reset = earliest
	bootstrap.servers = [localhost:9092]
	check.crcs = true
	client.dns.lookup = use_all_dns_ips
	client.id = consumer-chat-service-group-2
	client.rack = 
	connections.max.idle.ms = 540000
	default.api.timeout.ms = 60000
	enable.auto.commit = false
	exclude.internal.topics = true
	fetch.max.bytes = 52428800
	fetch.max.wait.ms = 500
	fetch.min.bytes = 1
	group.id = chat-service-group
	group.instance.id = null
	heartbeat.interval.ms = 3000
	interceptor.classes = []
	internal.leave.group.on.close = true
	internal.throw.on.fetch.stable.offset.unsupported = false
	isolation.level = read_uncommitted
	key.deserializer = class org.apache.kafka.common.serialization.StringDeserializer
	max.partition.fetch.bytes = 1048576
	max.poll.interval.ms = 300000
	max.poll.records = 500
	metadata.max.age.ms = 300000
	metric.reporters = []
	metrics.num.samples = 2
	metrics.recording.level = INFO
	metrics.sample.window.ms = 30000
	partition.assignment.strategy = [class org.apache.kafka.clients.consumer.RangeAssignor, class org.apache.kafka.clients.consumer.CooperativeStickyAssignor]
	receive.buffer.bytes = 65536
	reconnect.backoff.max.ms = 1000
	reconnect.backoff.ms = 50
	request.timeout.ms = 30000
	retry.backoff.ms = 100
	sasl.client.callback.handler.class = null
	sasl.jaas.config = null
	sasl.kerberos.kinit.cmd = /usr/bin/kinit
	sasl.kerberos.min.time.before.relogin = 60000
	sasl.kerberos.service.name = null
	sasl.kerberos.ticket.renew.jitter = 0.05
	sasl.kerberos.ticket.renew.window.factor = 0.8
	sasl.login.callback.handler.class = null
	sasl.login.class = null
	sasl.login.connect.timeout.ms = null
	sasl.login.read.timeout.ms = null
	sasl.login.refresh.buffer.seconds = 300
	sasl.login.refresh.min.period.seconds = 60
	sasl.login.refresh.window.factor = 0.8
	sasl.login.refresh.window.jitter = 0.05
	sasl.login.retry.backoff.max.ms = 10000
	sasl.login.retry.backoff.ms = 100
	sasl.mechanism = GSSAPI
	sasl.oauthbearer.clock.skew.seconds = 30
	sasl.oauthbearer.expected.audience = null
	sasl.oauthbearer.expected.issuer = null
	sasl.oauthbearer.jwks.endpoint.refresh.ms = 3600000
	sasl.oauthbearer.jwks.endpoint.retry.backoff.max.ms = 10000
	sasl.oauthbearer.jwks.endpoint.retry.backoff.ms = 100
	sasl.oauthbearer.jwks.endpoint.url = null
	sasl.oauthbearer.scope.claim.name = scope
	sasl.oauthbearer.sub.claim.name = sub
	sasl.oauthbearer.token.endpoint.url = null
	security.protocol = PLAINTEXT
	security.providers = null
	send.buffer.bytes = 131072
	session.timeout.ms = 45000
	socket.connection.setup.timeout.max.ms = 30000
	socket.connection.setup.timeout.ms = 10000
	ssl.cipher.suites = null
	ssl.enabled.protocols = [TLSv1.2, TLSv1.3]
	ssl.endpoint.identification.algorithm = https
	ssl.engine.factory.class = null
	ssl.key.password = null
	ssl.keymanager.algorithm = SunX509
	ssl.keystore.certificate.chain = null
	ssl.keystore.key = null
	ssl.keystore.location = null
	ssl.keystore.password = null
	ssl.keystore.type = JKS
	ssl.protocol = TLSv1.3
	ssl.provider = null
	ssl.secure.random.implementation = null
	ssl.trustmanager.algorithm = PKIX
	ssl.truststore.certificates = null
	ssl.truststore.location = null
	ssl.truststore.password = null
	ssl.truststore.type = JKS
	value.deserializer = class org.apache.kafka.common.serialization.StringDeserializer

2026-06-18 09:47:52 [main] INFO  o.a.kafka.common.utils.AppInfoParser - Kafka version: 3.6.1
2026-06-18 09:47:52 [main] INFO  o.a.kafka.common.utils.AppInfoParser - Kafka commitId: 5e3c2b738d253ff5
2026-06-18 09:47:52 [main] INFO  o.a.kafka.common.utils.AppInfoParser - Kafka startTimeMs: 1781756272995
2026-06-18 09:47:53 [main] INFO  o.a.k.c.consumer.ConsumerConfig - ConsumerConfig values: 
	allow.auto.create.topics = true
	auto.commit.interval.ms = 5000
	auto.include.jmx.reporter = true
	auto.offset.reset = earliest
	bootstrap.servers = [localhost:9092]
	check.crcs = true
	client.dns.lookup = use_all_dns_ips
	client.id = consumer-chat-service-group-3
	client.rack = 
	connections.max.idle.ms = 540000
	default.api.timeout.ms = 60000
	enable.auto.commit = false
	exclude.internal.topics = true
	fetch.max.bytes = 52428800
	fetch.max.wait.ms = 500
	fetch.min.bytes = 1
	group.id = chat-service-group
	group.instance.id = null
	heartbeat.interval.ms = 3000
	interceptor.classes = []
	internal.leave.group.on.close = true
	internal.throw.on.fetch.stable.offset.unsupported = false
	isolation.level = read_uncommitted
	key.deserializer = class org.apache.kafka.common.serialization.StringDeserializer
	max.partition.fetch.bytes = 1048576
	max.poll.interval.ms = 300000
	max.poll.records = 500
	metadata.max.age.ms = 300000
	metric.reporters = []
	metrics.num.samples = 2
	metrics.recording.level = INFO
	metrics.sample.window.ms = 30000
	partition.assignment.strategy = [class org.apache.kafka.clients.consumer.RangeAssignor, class org.apache.kafka.clients.consumer.CooperativeStickyAssignor]
	receive.buffer.bytes = 65536
	reconnect.backoff.max.ms = 1000
	reconnect.backoff.ms = 50
	request.timeout.ms = 30000
	retry.backoff.ms = 100
	sasl.client.callback.handler.class = null
	sasl.jaas.config = null
	sasl.kerberos.kinit.cmd = /usr/bin/kinit
	sasl.kerberos.min.time.before.relogin = 60000
	sasl.kerberos.service.name = null
	sasl.kerberos.ticket.renew.jitter = 0.05
	sasl.kerberos.ticket.renew.window.factor = 0.8
	sasl.login.callback.handler.class = null
	sasl.login.class = null
	sasl.login.connect.timeout.ms = null
	sasl.login.read.timeout.ms = null
	sasl.login.refresh.buffer.seconds = 300
	sasl.login.refresh.min.period.seconds = 60
	sasl.login.refresh.window.factor = 0.8
	sasl.login.refresh.window.jitter = 0.05
	sasl.login.retry.backoff.max.ms = 10000
	sasl.login.retry.backoff.ms = 100
	sasl.mechanism = GSSAPI
	sasl.oauthbearer.clock.skew.seconds = 30
	sasl.oauthbearer.expected.audience = null
	sasl.oauthbearer.expected.issuer = null
	sasl.oauthbearer.jwks.endpoint.refresh.ms = 3600000
	sasl.oauthbearer.jwks.endpoint.retry.backoff.max.ms = 10000
	sasl.oauthbearer.jwks.endpoint.retry.backoff.ms = 100
	sasl.oauthbearer.jwks.endpoint.url = null
	sasl.oauthbearer.scope.claim.name = scope
	sasl.oauthbearer.sub.claim.name = sub
	sasl.oauthbearer.token.endpoint.url = null
	security.protocol = PLAINTEXT
	security.providers = null
	send.buffer.bytes = 131072
	session.timeout.ms = 45000
	socket.connection.setup.timeout.max.ms = 30000
	socket.connection.setup.timeout.ms = 10000
	ssl.cipher.suites = null
	ssl.enabled.protocols = [TLSv1.2, TLSv1.3]
	ssl.endpoint.identification.algorithm = https
	ssl.engine.factory.class = null
	ssl.key.password = null
	ssl.keymanager.algorithm = SunX509
	ssl.keystore.certificate.chain = null
	ssl.keystore.key = null
	ssl.keystore.location = null
	ssl.keystore.password = null
	ssl.keystore.type = JKS
	ssl.protocol = TLSv1.3
	ssl.provider = null
	ssl.secure.random.implementation = null
	ssl.trustmanager.algorithm = PKIX
	ssl.truststore.certificates = null
	ssl.truststore.location = null
	ssl.truststore.password = null
	ssl.truststore.type = JKS
	value.deserializer = class org.apache.kafka.common.serialization.StringDeserializer

2026-06-18 09:47:53 [org.springframework.kafka.KafkaListenerEndpointContainer#2-0-C-1] INFO  org.apache.kafka.clients.Metadata - [Consumer clientId=consumer-chat-service-group-1, groupId=chat-service-group] Cluster ID: wolyDQQhSWKU6CUaBOYRWA
2026-06-18 09:47:53 [main] INFO  o.a.kafka.common.utils.AppInfoParser - Kafka version: 3.6.1
2026-06-18 09:47:53 [main] INFO  o.a.kafka.common.utils.AppInfoParser - Kafka commitId: 5e3c2b738d253ff5
2026-06-18 09:47:53 [main] INFO  o.a.kafka.common.utils.AppInfoParser - Kafka startTimeMs: 1781756273018
2026-06-18 09:47:53 [org.springframework.kafka.KafkaListenerEndpointContainer#0-0-C-1] INFO  org.apache.kafka.clients.Metadata - [Consumer clientId=consumer-chat-service-group-2, groupId=chat-service-group] Cluster ID: wolyDQQhSWKU6CUaBOYRWA
2026-06-18 09:47:53 [org.springframework.kafka.KafkaListenerEndpointContainer#2-0-C-1] INFO  o.a.k.c.c.i.ConsumerCoordinator - [Consumer clientId=consumer-chat-service-group-1, groupId=chat-service-group] Discovered group coordinator localhost:9092 (id: 2147483646 rack: null)
2026-06-18 09:47:53 [org.springframework.kafka.KafkaListenerEndpointContainer#2-0-C-1] INFO  o.a.k.c.c.i.ConsumerCoordinator - [Consumer clientId=consumer-chat-service-group-1, groupId=chat-service-group] (Re-)joining group
2026-06-18 09:47:53 [main] INFO  o.s.m.s.b.SimpleBrokerMessageHandler - Starting...
2026-06-18 09:47:53 [org.springframework.kafka.KafkaListenerEndpointContainer#0-0-C-1] INFO  o.a.k.c.c.i.ConsumerCoordinator - [Consumer clientId=consumer-chat-service-group-2, groupId=chat-service-group] Discovered group coordinator localhost:9092 (id: 2147483646 rack: null)
2026-06-18 09:47:53 [main] INFO  o.s.m.s.b.SimpleBrokerMessageHandler - BrokerAvailabilityEvent[available=true, SimpleBrokerMessageHandler [org.springframework.messaging.simp.broker.DefaultSubscriptionRegistry@e041933]]
2026-06-18 09:47:53 [org.springframework.kafka.KafkaListenerEndpointContainer#0-0-C-1] INFO  o.a.k.c.c.i.ConsumerCoordinator - [Consumer clientId=consumer-chat-service-group-2, groupId=chat-service-group] (Re-)joining group
2026-06-18 09:47:53 [main] INFO  o.s.m.s.b.SimpleBrokerMessageHandler - Started.
2026-06-18 09:47:53 [main] INFO  c.chatservice.ChatServiceApplication - Started ChatServiceApplication in 10.96 seconds (process running for 11.504)
2026-06-18 09:47:53 [org.springframework.kafka.KafkaListenerEndpointContainer#1-0-C-1] INFO  org.apache.kafka.clients.Metadata - [Consumer clientId=consumer-chat-service-group-3, groupId=chat-service-group] Cluster ID: wolyDQQhSWKU6CUaBOYRWA
2026-06-18 09:47:53 [org.springframework.kafka.KafkaListenerEndpointContainer#1-0-C-1] INFO  o.a.k.c.c.i.ConsumerCoordinator - [Consumer clientId=consumer-chat-service-group-3, groupId=chat-service-group] Discovered group coordinator localhost:9092 (id: 2147483646 rack: null)
2026-06-18 09:47:53 [org.springframework.kafka.KafkaListenerEndpointContainer#1-0-C-1] INFO  o.a.k.c.c.i.ConsumerCoordinator - [Consumer clientId=consumer-chat-service-group-3, groupId=chat-service-group] (Re-)joining group
2026-06-18 09:47:53 [org.springframework.kafka.KafkaListenerEndpointContainer#0-0-C-1] INFO  o.a.k.c.c.i.ConsumerCoordinator - [Consumer clientId=consumer-chat-service-group-2, groupId=chat-service-group] Request joining group due to: need to re-join with the given member-id: consumer-chat-service-group-2-24257651-e6b2-4664-b858-01e859b0810d
2026-06-18 09:47:53 [org.springframework.kafka.KafkaListenerEndpointContainer#0-0-C-1] INFO  o.a.k.c.c.i.ConsumerCoordinator - [Consumer clientId=consumer-chat-service-group-2, groupId=chat-service-group] Request joining group due to: rebalance failed due to 'The group member needs to have a valid member id before actually entering a consumer group.' (MemberIdRequiredException)
2026-06-18 09:47:53 [org.springframework.kafka.KafkaListenerEndpointContainer#0-0-C-1] INFO  o.a.k.c.c.i.ConsumerCoordinator - [Consumer clientId=consumer-chat-service-group-2, groupId=chat-service-group] (Re-)joining group
2026-06-18 09:47:53 [org.springframework.kafka.KafkaListenerEndpointContainer#1-0-C-1] INFO  o.a.k.c.c.i.ConsumerCoordinator - [Consumer clientId=consumer-chat-service-group-3, groupId=chat-service-group] Request joining group due to: need to re-join with the given member-id: consumer-chat-service-group-3-0044d5f9-41f4-4c73-a7fb-982497062f3e
2026-06-18 09:47:53 [org.springframework.kafka.KafkaListenerEndpointContainer#2-0-C-1] INFO  o.a.k.c.c.i.ConsumerCoordinator - [Consumer clientId=consumer-chat-service-group-1, groupId=chat-service-group] Request joining group due to: need to re-join with the given member-id: consumer-chat-service-group-1-fdd6c45c-3472-486a-9e8a-ef6dfbdc6cd4
2026-06-18 09:47:53 [org.springframework.kafka.KafkaListenerEndpointContainer#1-0-C-1] INFO  o.a.k.c.c.i.ConsumerCoordinator - [Consumer clientId=consumer-chat-service-group-3, groupId=chat-service-group] Request joining group due to: rebalance failed due to 'The group member needs to have a valid member id before actually entering a consumer group.' (MemberIdRequiredException)
2026-06-18 09:47:53 [org.springframework.kafka.KafkaListenerEndpointContainer#2-0-C-1] INFO  o.a.k.c.c.i.ConsumerCoordinator - [Consumer clientId=consumer-chat-service-group-1, groupId=chat-service-group] Request joining group due to: rebalance failed due to 'The group member needs to have a valid member id before actually entering a consumer group.' (MemberIdRequiredException)
2026-06-18 09:47:53 [org.springframework.kafka.KafkaListenerEndpointContainer#1-0-C-1] INFO  o.a.k.c.c.i.ConsumerCoordinator - [Consumer clientId=consumer-chat-service-group-3, groupId=chat-service-group] (Re-)joining group
2026-06-18 09:47:53 [org.springframework.kafka.KafkaListenerEndpointContainer#2-0-C-1] INFO  o.a.k.c.c.i.ConsumerCoordinator - [Consumer clientId=consumer-chat-service-group-1, groupId=chat-service-group] (Re-)joining group
2026-06-18 09:48:10 [org.springframework.kafka.KafkaListenerEndpointContainer#1-0-C-1] INFO  o.a.k.c.c.i.ConsumerCoordinator - [Consumer clientId=consumer-chat-service-group-3, groupId=chat-service-group] Successfully joined group with generation Generation{generationId=86, memberId='consumer-chat-service-group-3-0044d5f9-41f4-4c73-a7fb-982497062f3e', protocol='range'}
2026-06-18 09:48:10 [org.springframework.kafka.KafkaListenerEndpointContainer#0-0-C-1] INFO  o.a.k.c.c.i.ConsumerCoordinator - [Consumer clientId=consumer-chat-service-group-2, groupId=chat-service-group] Successfully joined group with generation Generation{generationId=86, memberId='consumer-chat-service-group-2-24257651-e6b2-4664-b858-01e859b0810d', protocol='range'}
2026-06-18 09:48:10 [org.springframework.kafka.KafkaListenerEndpointContainer#2-0-C-1] INFO  o.a.k.c.c.i.ConsumerCoordinator - [Consumer clientId=consumer-chat-service-group-1, groupId=chat-service-group] Successfully joined group with generation Generation{generationId=86, memberId='consumer-chat-service-group-1-fdd6c45c-3472-486a-9e8a-ef6dfbdc6cd4', protocol='range'}
2026-06-18 09:48:10 [org.springframework.kafka.KafkaListenerEndpointContainer#1-0-C-1] INFO  o.a.k.c.c.i.ConsumerCoordinator - [Consumer clientId=consumer-chat-service-group-3, groupId=chat-service-group] Finished assignment for group at generation 86: {consumer-chat-service-group-3-0044d5f9-41f4-4c73-a7fb-982497062f3e=Assignment(partitions=[chat.archived-0]), consumer-chat-service-group-2-24257651-e6b2-4664-b858-01e859b0810d=Assignment(partitions=[chat.message.read-0, chat.message.read-1, chat.message.read-2]), consumer-chat-service-group-1-fdd6c45c-3472-486a-9e8a-ef6dfbdc6cd4=Assignment(partitions=[chat.message.delivered-0, chat.message.delivered-1, chat.message.delivered-2])}
2026-06-18 09:48:10 [org.springframework.kafka.KafkaListenerEndpointContainer#2-0-C-1] INFO  o.a.k.c.c.i.ConsumerCoordinator - [Consumer clientId=consumer-chat-service-group-1, groupId=chat-service-group] Successfully synced group in generation Generation{generationId=86, memberId='consumer-chat-service-group-1-fdd6c45c-3472-486a-9e8a-ef6dfbdc6cd4', protocol='range'}
2026-06-18 09:48:10 [org.springframework.kafka.KafkaListenerEndpointContainer#1-0-C-1] INFO  o.a.k.c.c.i.ConsumerCoordinator - [Consumer clientId=consumer-chat-service-group-3, groupId=chat-service-group] Successfully synced group in generation Generation{generationId=86, memberId='consumer-chat-service-group-3-0044d5f9-41f4-4c73-a7fb-982497062f3e', protocol='range'}
2026-06-18 09:48:10 [org.springframework.kafka.KafkaListenerEndpointContainer#1-0-C-1] INFO  o.a.k.c.c.i.ConsumerCoordinator - [Consumer clientId=consumer-chat-service-group-3, groupId=chat-service-group] Notifying assignor about the new Assignment(partitions=[chat.archived-0])
2026-06-18 09:48:10 [org.springframework.kafka.KafkaListenerEndpointContainer#2-0-C-1] INFO  o.a.k.c.c.i.ConsumerCoordinator - [Consumer clientId=consumer-chat-service-group-1, groupId=chat-service-group] Notifying assignor about the new Assignment(partitions=[chat.message.delivered-0, chat.message.delivered-1, chat.message.delivered-2])
2026-06-18 09:48:10 [org.springframework.kafka.KafkaListenerEndpointContainer#1-0-C-1] INFO  o.a.k.c.c.i.ConsumerCoordinator - [Consumer clientId=consumer-chat-service-group-3, groupId=chat-service-group] Adding newly assigned partitions: chat.archived-0
2026-06-18 09:48:10 [org.springframework.kafka.KafkaListenerEndpointContainer#2-0-C-1] INFO  o.a.k.c.c.i.ConsumerCoordinator - [Consumer clientId=consumer-chat-service-group-1, groupId=chat-service-group] Adding newly assigned partitions: chat.message.delivered-0, chat.message.delivered-1, chat.message.delivered-2
2026-06-18 09:48:10 [org.springframework.kafka.KafkaListenerEndpointContainer#0-0-C-1] INFO  o.a.k.c.c.i.ConsumerCoordinator - [Consumer clientId=consumer-chat-service-group-2, groupId=chat-service-group] Successfully synced group in generation Generation{generationId=86, memberId='consumer-chat-service-group-2-24257651-e6b2-4664-b858-01e859b0810d', protocol='range'}
2026-06-18 09:48:10 [org.springframework.kafka.KafkaListenerEndpointContainer#0-0-C-1] INFO  o.a.k.c.c.i.ConsumerCoordinator - [Consumer clientId=consumer-chat-service-group-2, groupId=chat-service-group] Notifying assignor about the new Assignment(partitions=[chat.message.read-0, chat.message.read-1, chat.message.read-2])
2026-06-18 09:48:10 [org.springframework.kafka.KafkaListenerEndpointContainer#0-0-C-1] INFO  o.a.k.c.c.i.ConsumerCoordinator - [Consumer clientId=consumer-chat-service-group-2, groupId=chat-service-group] Adding newly assigned partitions: chat.message.read-0, chat.message.read-1, chat.message.read-2
2026-06-18 09:48:10 [org.springframework.kafka.KafkaListenerEndpointContainer#2-0-C-1] INFO  o.a.k.c.c.i.ConsumerCoordinator - [Consumer clientId=consumer-chat-service-group-1, groupId=chat-service-group] Found no committed offset for partition chat.message.delivered-2
2026-06-18 09:48:10 [org.springframework.kafka.KafkaListenerEndpointContainer#0-0-C-1] INFO  o.a.k.c.c.i.ConsumerCoordinator - [Consumer clientId=consumer-chat-service-group-2, groupId=chat-service-group] Setting offset for partition chat.message.read-0 to the committed offset FetchPosition{offset=616, offsetEpoch=Optional.empty, currentLeader=LeaderAndEpoch{leader=Optional[localhost:9092 (id: 1 rack: null)], epoch=0}}
2026-06-18 09:48:10 [org.springframework.kafka.KafkaListenerEndpointContainer#2-0-C-1] INFO  o.a.k.c.c.i.ConsumerCoordinator - [Consumer clientId=consumer-chat-service-group-1, groupId=chat-service-group] Found no committed offset for partition chat.message.delivered-1
2026-06-18 09:48:10 [org.springframework.kafka.KafkaListenerEndpointContainer#1-0-C-1] INFO  o.a.k.c.c.i.ConsumerCoordinator - [Consumer clientId=consumer-chat-service-group-3, groupId=chat-service-group] Setting offset for partition chat.archived-0 to the committed offset FetchPosition{offset=7, offsetEpoch=Optional.empty, currentLeader=LeaderAndEpoch{leader=Optional[localhost:9092 (id: 1 rack: null)], epoch=0}}
2026-06-18 09:48:10 [org.springframework.kafka.KafkaListenerEndpointContainer#0-0-C-1] INFO  o.a.k.c.c.i.ConsumerCoordinator - [Consumer clientId=consumer-chat-service-group-2, groupId=chat-service-group] Setting offset for partition chat.message.read-1 to the committed offset FetchPosition{offset=282, offsetEpoch=Optional.empty, currentLeader=LeaderAndEpoch{leader=Optional[localhost:9092 (id: 1 rack: null)], epoch=0}}
2026-06-18 09:48:10 [org.springframework.kafka.KafkaListenerEndpointContainer#2-0-C-1] INFO  o.a.k.c.c.i.ConsumerCoordinator - [Consumer clientId=consumer-chat-service-group-1, groupId=chat-service-group] Found no committed offset for partition chat.message.delivered-0
2026-06-18 09:48:10 [org.springframework.kafka.KafkaListenerEndpointContainer#0-0-C-1] INFO  o.a.k.c.c.i.ConsumerCoordinator - [Consumer clientId=consumer-chat-service-group-2, groupId=chat-service-group] Setting offset for partition chat.message.read-2 to the committed offset FetchPosition{offset=141, offsetEpoch=Optional.empty, currentLeader=LeaderAndEpoch{leader=Optional[localhost:9092 (id: 1 rack: null)], epoch=0}}
2026-06-18 09:48:10 [org.springframework.kafka.KafkaListenerEndpointContainer#2-0-C-1] INFO  o.a.k.c.c.i.SubscriptionState - [Consumer clientId=consumer-chat-service-group-1, groupId=chat-service-group] Resetting offset for partition chat.message.delivered-2 to position FetchPosition{offset=0, offsetEpoch=Optional.empty, currentLeader=LeaderAndEpoch{leader=Optional[localhost:9092 (id: 1 rack: null)], epoch=0}}.
2026-06-18 09:48:10 [org.springframework.kafka.KafkaListenerEndpointContainer#2-0-C-1] INFO  o.a.k.c.c.i.SubscriptionState - [Consumer clientId=consumer-chat-service-group-1, groupId=chat-service-group] Resetting offset for partition chat.message.delivered-1 to position FetchPosition{offset=0, offsetEpoch=Optional.empty, currentLeader=LeaderAndEpoch{leader=Optional[localhost:9092 (id: 1 rack: null)], epoch=0}}.
2026-06-18 09:48:10 [org.springframework.kafka.KafkaListenerEndpointContainer#2-0-C-1] INFO  o.a.k.c.c.i.SubscriptionState - [Consumer clientId=consumer-chat-service-group-1, groupId=chat-service-group] Resetting offset for partition chat.message.delivered-0 to position FetchPosition{offset=0, offsetEpoch=Optional.empty, currentLeader=LeaderAndEpoch{leader=Optional[localhost:9092 (id: 1 rack: null)], epoch=0}}.
2026-06-18 09:48:51 [MessageBroker-1] INFO  o.s.w.s.c.WebSocketMessageBrokerStats - WebSocketSession[0 current WS(0)-HttpStream(0)-HttpPoll(0), 0 total, 0 closed abnormally (0 connect failure, 0 send limit, 0 transport error)], stompSubProtocol[processed CONNECT(0)-CONNECTED(0)-DISCONNECT(0)], stompBrokerRelay[null], inboundChannel[pool size = 0, active threads = 0, queued tasks = 0, completed tasks = 0], outboundChannel[pool size = 0, active threads = 0, queued tasks = 0, completed tasks = 0], sockJsScheduler[pool size = 1, active threads = 1, queued tasks = 0, completed tasks = 0]
2026-06-18 09:52:52 [AsyncResolver-bootstrap-executor-0] INFO  c.n.d.s.r.aws.ConfigClusterResolver - Resolving eureka endpoints via configuration
2026-06-18 09:56:53 [org.springframework.kafka.KafkaListenerEndpointContainer#1-0-C-1] INFO  o.apache.kafka.clients.NetworkClient - [Consumer clientId=consumer-chat-service-group-3, groupId=chat-service-group] Node -1 disconnected.
2026-06-18 09:56:53 [org.springframework.kafka.KafkaListenerEndpointContainer#0-0-C-1] INFO  o.apache.kafka.clients.NetworkClient - [Consumer clientId=consumer-chat-service-group-2, groupId=chat-service-group] Node -1 disconnected.
2026-06-18 09:56:53 [org.springframework.kafka.KafkaListenerEndpointContainer#2-0-C-1] INFO  o.apache.kafka.clients.NetworkClient - [Consumer clientId=consumer-chat-service-group-1, groupId=chat-service-group] Node -1 disconnected.
2026-06-18 09:57:52 [AsyncResolver-bootstrap-executor-0] INFO  c.n.d.s.r.aws.ConfigClusterResolver - Resolving eureka endpoints via configuration
2026-06-18 10:02:52 [AsyncResolver-bootstrap-executor-0] INFO  c.n.d.s.r.aws.ConfigClusterResolver - Resolving eureka endpoints via configuration
2026-06-18 10:07:52 [AsyncResolver-bootstrap-executor-0] INFO  c.n.d.s.r.aws.ConfigClusterResolver - Resolving eureka endpoints via configuration
2026-06-18 10:09:45 [SpringApplicationShutdownHook] INFO  o.s.c.n.e.s.EurekaServiceRegistry - Unregistering application CHAT-SERVICE with eureka with status DOWN
2026-06-18 10:09:45 [SpringApplicationShutdownHook] INFO  c.netflix.discovery.DiscoveryClient - Saw local status change event StatusChangeEvent [timestamp=1781757585946, current=DOWN, previous=UP]
2026-06-18 10:09:45 [DiscoveryClient-InstanceInfoReplicator-0] INFO  c.netflix.discovery.DiscoveryClient - DiscoveryClient_CHAT-SERVICE/chat-service:8084: registering service...
2026-06-18 10:09:45 [SpringApplicationShutdownHook] INFO  o.s.m.s.b.SimpleBrokerMessageHandler - Stopping...
2026-06-18 10:09:45 [SpringApplicationShutdownHook] INFO  o.s.m.s.b.SimpleBrokerMessageHandler - BrokerAvailabilityEvent[available=false, SimpleBrokerMessageHandler [org.springframework.messaging.simp.broker.DefaultSubscriptionRegistry@e041933]]
2026-06-18 10:09:45 [SpringApplicationShutdownHook] INFO  o.s.m.s.b.SimpleBrokerMessageHandler - Stopped.
2026-06-18 10:09:45 [org.springframework.kafka.KafkaListenerEndpointContainer#0-0-C-1] INFO  o.a.k.c.c.i.ConsumerCoordinator - [Consumer clientId=consumer-chat-service-group-2, groupId=chat-service-group] Revoke previously assigned partitions chat.message.read-0, chat.message.read-1, chat.message.read-2
2026-06-18 10:09:45 [org.springframework.kafka.KafkaListenerEndpointContainer#2-0-C-1] INFO  o.a.k.c.c.i.ConsumerCoordinator - [Consumer clientId=consumer-chat-service-group-1, groupId=chat-service-group] Revoke previously assigned partitions chat.message.delivered-0, chat.message.delivered-1, chat.message.delivered-2
2026-06-18 10:09:45 [org.springframework.kafka.KafkaListenerEndpointContainer#1-0-C-1] INFO  o.a.k.c.c.i.ConsumerCoordinator - [Consumer clientId=consumer-chat-service-group-3, groupId=chat-service-group] Revoke previously assigned partitions chat.archived-0
2026-06-18 10:09:45 [org.springframework.kafka.KafkaListenerEndpointContainer#1-0-C-1] INFO  o.a.k.c.c.i.ConsumerCoordinator - [Consumer clientId=consumer-chat-service-group-3, groupId=chat-service-group] Member consumer-chat-service-group-3-0044d5f9-41f4-4c73-a7fb-982497062f3e sending LeaveGroup request to coordinator localhost:9092 (id: 2147483646 rack: null) due to the consumer unsubscribed from all topics
2026-06-18 10:09:45 [org.springframework.kafka.KafkaListenerEndpointContainer#2-0-C-1] INFO  o.a.k.c.c.i.ConsumerCoordinator - [Consumer clientId=consumer-chat-service-group-1, groupId=chat-service-group] Member consumer-chat-service-group-1-fdd6c45c-3472-486a-9e8a-ef6dfbdc6cd4 sending LeaveGroup request to coordinator localhost:9092 (id: 2147483646 rack: null) due to the consumer unsubscribed from all topics
2026-06-18 10:09:45 [org.springframework.kafka.KafkaListenerEndpointContainer#0-0-C-1] INFO  o.a.k.c.c.i.ConsumerCoordinator - [Consumer clientId=consumer-chat-service-group-2, groupId=chat-service-group] Member consumer-chat-service-group-2-24257651-e6b2-4664-b858-01e859b0810d sending LeaveGroup request to coordinator localhost:9092 (id: 2147483646 rack: null) due to the consumer unsubscribed from all topics
2026-06-18 10:09:45 [org.springframework.kafka.KafkaListenerEndpointContainer#1-0-C-1] INFO  o.a.k.c.c.i.ConsumerCoordinator - [Consumer clientId=consumer-chat-service-group-3, groupId=chat-service-group] Resetting generation and member id due to: consumer pro-actively leaving the group
2026-06-18 10:09:45 [org.springframework.kafka.KafkaListenerEndpointContainer#2-0-C-1] INFO  o.a.k.c.c.i.ConsumerCoordinator - [Consumer clientId=consumer-chat-service-group-1, groupId=chat-service-group] Resetting generation and member id due to: consumer pro-actively leaving the group
2026-06-18 10:09:45 [org.springframework.kafka.KafkaListenerEndpointContainer#0-0-C-1] INFO  o.a.k.c.c.i.ConsumerCoordinator - [Consumer clientId=consumer-chat-service-group-2, groupId=chat-service-group] Resetting generation and member id due to: consumer pro-actively leaving the group
2026-06-18 10:09:45 [DiscoveryClient-InstanceInfoReplicator-0] INFO  c.netflix.discovery.DiscoveryClient - DiscoveryClient_CHAT-SERVICE/chat-service:8084 - registration status: 204
2026-06-18 10:09:45 [org.springframework.kafka.KafkaListenerEndpointContainer#1-0-C-1] INFO  o.a.k.c.c.i.ConsumerCoordinator - [Consumer clientId=consumer-chat-service-group-3, groupId=chat-service-group] Request joining group due to: consumer pro-actively leaving the group
2026-06-18 10:09:45 [org.springframework.kafka.KafkaListenerEndpointContainer#2-0-C-1] INFO  o.a.k.c.c.i.ConsumerCoordinator - [Consumer clientId=consumer-chat-service-group-1, groupId=chat-service-group] Request joining group due to: consumer pro-actively leaving the group
2026-06-18 10:09:45 [org.springframework.kafka.KafkaListenerEndpointContainer#0-0-C-1] INFO  o.a.k.c.c.i.ConsumerCoordinator - [Consumer clientId=consumer-chat-service-group-2, groupId=chat-service-group] Request joining group due to: consumer pro-actively leaving the group
2026-06-18 10:09:45 [org.springframework.kafka.KafkaListenerEndpointContainer#0-0-C-1] INFO  o.a.k.c.c.i.ConsumerCoordinator - [Consumer clientId=consumer-chat-service-group-2, groupId=chat-service-group] Resetting generation and member id due to: consumer pro-actively leaving the group
2026-06-18 10:09:45 [org.springframework.kafka.KafkaListenerEndpointContainer#2-0-C-1] INFO  o.a.k.c.c.i.ConsumerCoordinator - [Consumer clientId=consumer-chat-service-group-1, groupId=chat-service-group] Resetting generation and member id due to: consumer pro-actively leaving the group
2026-06-18 10:09:45 [org.springframework.kafka.KafkaListenerEndpointContainer#1-0-C-1] INFO  o.a.k.c.c.i.ConsumerCoordinator - [Consumer clientId=consumer-chat-service-group-3, groupId=chat-service-group] Resetting generation and member id due to: consumer pro-actively leaving the group
2026-06-18 10:09:45 [org.springframework.kafka.KafkaListenerEndpointContainer#0-0-C-1] INFO  o.a.k.c.c.i.ConsumerCoordinator - [Consumer clientId=consumer-chat-service-group-2, groupId=chat-service-group] Request joining group due to: consumer pro-actively leaving the group
2026-06-18 10:09:45 [org.springframework.kafka.KafkaListenerEndpointContainer#2-0-C-1] INFO  o.a.k.c.c.i.ConsumerCoordinator - [Consumer clientId=consumer-chat-service-group-1, groupId=chat-service-group] Request joining group due to: consumer pro-actively leaving the group
2026-06-18 10:09:45 [org.springframework.kafka.KafkaListenerEndpointContainer#1-0-C-1] INFO  o.a.k.c.c.i.ConsumerCoordinator - [Consumer clientId=consumer-chat-service-group-3, groupId=chat-service-group] Request joining group due to: consumer pro-actively leaving the group
2026-06-18 10:09:46 [org.springframework.kafka.KafkaListenerEndpointContainer#2-0-C-1] INFO  o.a.kafka.common.metrics.Metrics - Metrics scheduler closed
2026-06-18 10:09:46 [org.springframework.kafka.KafkaListenerEndpointContainer#2-0-C-1] INFO  o.a.kafka.common.metrics.Metrics - Closing reporter org.apache.kafka.common.metrics.JmxReporter
2026-06-18 10:09:46 [org.springframework.kafka.KafkaListenerEndpointContainer#2-0-C-1] INFO  o.a.kafka.common.metrics.Metrics - Metrics reporters closed
2026-06-18 10:09:46 [org.springframework.kafka.KafkaListenerEndpointContainer#2-0-C-1] INFO  o.a.kafka.common.utils.AppInfoParser - App info kafka.consumer for consumer-chat-service-group-1 unregistered
2026-06-18 10:09:46 [org.springframework.kafka.KafkaListenerEndpointContainer#0-0-C-1] INFO  o.a.kafka.common.metrics.Metrics - Metrics scheduler closed
2026-06-18 10:09:46 [org.springframework.kafka.KafkaListenerEndpointContainer#0-0-C-1] INFO  o.a.kafka.common.metrics.Metrics - Closing reporter org.apache.kafka.common.metrics.JmxReporter
2026-06-18 10:09:46 [org.springframework.kafka.KafkaListenerEndpointContainer#0-0-C-1] INFO  o.a.kafka.common.metrics.Metrics - Metrics reporters closed
2026-06-18 10:09:46 [org.springframework.kafka.KafkaListenerEndpointContainer#0-0-C-1] INFO  o.a.kafka.common.utils.AppInfoParser - App info kafka.consumer for consumer-chat-service-group-2 unregistered
2026-06-18 10:09:46 [org.springframework.kafka.KafkaListenerEndpointContainer#1-0-C-1] INFO  o.a.kafka.common.metrics.Metrics - Metrics scheduler closed
2026-06-18 10:09:46 [org.springframework.kafka.KafkaListenerEndpointContainer#1-0-C-1] INFO  o.a.kafka.common.metrics.Metrics - Closing reporter org.apache.kafka.common.metrics.JmxReporter
2026-06-18 10:09:46 [org.springframework.kafka.KafkaListenerEndpointContainer#1-0-C-1] INFO  o.a.kafka.common.metrics.Metrics - Metrics reporters closed
2026-06-18 10:09:46 [org.springframework.kafka.KafkaListenerEndpointContainer#1-0-C-1] INFO  o.a.kafka.common.utils.AppInfoParser - App info kafka.consumer for consumer-chat-service-group-3 unregistered
2026-06-18 10:09:46 [SpringApplicationShutdownHook] INFO  o.s.o.j.LocalContainerEntityManagerFactoryBean - Closing JPA EntityManagerFactory for persistence unit 'default'
2026-06-18 10:09:46 [SpringApplicationShutdownHook] INFO  com.zaxxer.hikari.HikariDataSource - HikariPool-1 - Shutdown initiated...
2026-06-18 10:09:46 [SpringApplicationShutdownHook] INFO  com.zaxxer.hikari.HikariDataSource - HikariPool-1 - Shutdown completed.
2026-06-18 10:09:46 [SpringApplicationShutdownHook] INFO  c.netflix.discovery.DiscoveryClient - Shutting down DiscoveryClient ...
2026-06-18 10:09:49 [SpringApplicationShutdownHook] INFO  c.netflix.discovery.DiscoveryClient - Unregistering ...
2026-06-18 10:09:49 [SpringApplicationShutdownHook] INFO  c.n.d.s.t.d.RedirectingEurekaHttpClient - Request execution error. endpoint=DefaultEndpoint{ serviceUrl='http://localhost:8761/eureka/} exception=Connection pool shut down stacktrace=java.lang.IllegalStateException: Connection pool shut down
	at org.apache.hc.core5.util.Asserts.check(Asserts.java:38)
	at org.apache.hc.core5.pool.StrictConnPool.lease(StrictConnPool.java:176)
	at org.apache.hc.client5.http.impl.io.PoolingHttpClientConnectionManager.lease(PoolingHttpClientConnectionManager.java:298)
	at org.apache.hc.client5.http.impl.classic.InternalExecRuntime.acquireEndpoint(InternalExecRuntime.java:103)
	at org.apache.hc.client5.http.impl.classic.ConnectExec.execute(ConnectExec.java:125)
	at org.apache.hc.client5.http.impl.classic.ExecChainElement.execute(ExecChainElement.java:51)
	at org.apache.hc.client5.http.impl.classic.ProtocolExec.execute(ProtocolExec.java:192)
	at org.apache.hc.client5.http.impl.classic.ExecChainElement.execute(ExecChainElement.java:51)
	at org.apache.hc.client5.http.impl.classic.HttpRequestRetryExec.execute(HttpRequestRetryExec.java:96)
	at org.apache.hc.client5.http.impl.classic.ExecChainElement.execute(ExecChainElement.java:51)
	at org.apache.hc.client5.http.impl.classic.ContentCompressionExec.execute(ContentCompressionExec.java:152)
	at org.apache.hc.client5.http.impl.classic.ExecChainElement.execute(ExecChainElement.java:51)
	at org.apache.hc.client5.http.impl.classic.RedirectExec.execute(RedirectExec.java:115)
	at org.apache.hc.client5.http.impl.classic.ExecChainElement.execute(ExecChainElement.java:51)
	at org.apache.hc.client5.http.impl.classic.InternalHttpClient.doExecute(InternalHttpClient.java:170)
	at org.apache.hc.client5.http.impl.classic.CloseableHttpClient.execute(CloseableHttpClient.java:87)
	at org.apache.hc.client5.http.impl.classic.CloseableHttpClient.execute(CloseableHttpClient.java:55)
	at org.apache.hc.client5.http.classic.HttpClient.executeOpen(HttpClient.java:183)
	at org.springframework.http.client.HttpComponentsClientHttpRequest.executeInternal(HttpComponentsClientHttpRequest.java:95)
	at org.springframework.http.client.AbstractStreamingClientHttpRequest.executeInternal(AbstractStreamingClientHttpRequest.java:70)
	at org.springframework.http.client.AbstractClientHttpRequest.execute(AbstractClientHttpRequest.java:66)
	at org.springframework.http.client.InterceptingClientHttpRequest$InterceptingRequestExecution.execute(InterceptingClientHttpRequest.java:112)
	at org.springframework.cloud.netflix.eureka.http.RestTemplateTransportClientFactory.lambda$restTemplate$0(RestTemplateTransportClientFactory.java:143)
	at org.springframework.http.client.InterceptingClientHttpRequest$InterceptingRequestExecution.execute(InterceptingClientHttpRequest.java:88)
	at org.springframework.http.client.InterceptingClientHttpRequest.executeInternal(InterceptingClientHttpRequest.java:72)
	at org.springframework.http.client.AbstractBufferingClientHttpRequest.executeInternal(AbstractBufferingClientHttpRequest.java:48)
	at org.springframework.http.client.AbstractClientHttpRequest.execute(AbstractClientHttpRequest.java:66)
	at org.springframework.web.client.RestTemplate.doExecute(RestTemplate.java:889)
	at org.springframework.web.client.RestTemplate.execute(RestTemplate.java:790)
	at org.springframework.web.client.RestTemplate.exchange(RestTemplate.java:672)
	at org.springframework.cloud.netflix.eureka.http.RestTemplateEurekaHttpClient.cancel(RestTemplateEurekaHttpClient.java:87)
	at com.netflix.discovery.shared.transport.decorator.EurekaHttpClientDecorator$2.execute(EurekaHttpClientDecorator.java:74)
	at com.netflix.discovery.shared.transport.decorator.RedirectingEurekaHttpClient.execute(RedirectingEurekaHttpClient.java:91)
	at com.netflix.discovery.shared.transport.decorator.EurekaHttpClientDecorator.cancel(EurekaHttpClientDecorator.java:71)
	at com.netflix.discovery.shared.transport.decorator.EurekaHttpClientDecorator$2.execute(EurekaHttpClientDecorator.java:74)
	at com.netflix.discovery.shared.transport.decorator.RetryableEurekaHttpClient.execute(RetryableEurekaHttpClient.java:120)
	at com.netflix.discovery.shared.transport.decorator.EurekaHttpClientDecorator.cancel(EurekaHttpClientDecorator.java:71)
	at com.netflix.discovery.shared.transport.decorator.EurekaHttpClientDecorator$2.execute(EurekaHttpClientDecorator.java:74)
	at com.netflix.discovery.shared.transport.decorator.SessionedEurekaHttpClient.execute(SessionedEurekaHttpClient.java:77)
	at com.netflix.discovery.shared.transport.decorator.EurekaHttpClientDecorator.cancel(EurekaHttpClientDecorator.java:71)
	at com.netflix.discovery.DiscoveryClient.unregister(DiscoveryClient.java:916)
	at com.netflix.discovery.DiscoveryClient.shutdown(DiscoveryClient.java:892)
	at java.base/jdk.internal.reflect.NativeMethodAccessorImpl.invoke0(Native Method)
	at java.base/jdk.internal.reflect.NativeMethodAccessorImpl.invoke(NativeMethodAccessorImpl.java:77)
	at java.base/jdk.internal.reflect.DelegatingMethodAccessorImpl.invoke(DelegatingMethodAccessorImpl.java:43)
	at java.base/java.lang.reflect.Method.invoke(Method.java:569)
	at org.springframework.beans.factory.annotation.InitDestroyAnnotationBeanPostProcessor$LifecycleMethod.invoke(InitDestroyAnnotationBeanPostProcessor.java:457)
	at org.springframework.beans.factory.annotation.InitDestroyAnnotationBeanPostProcessor$LifecycleMetadata.invokeDestroyMethods(InitDestroyAnnotationBeanPostProcessor.java:415)
	at org.springframework.beans.factory.annotation.InitDestroyAnnotationBeanPostProcessor.postProcessBeforeDestruction(InitDestroyAnnotationBeanPostProcessor.java:239)
	at org.springframework.beans.factory.support.DisposableBeanAdapter.destroy(DisposableBeanAdapter.java:202)
	at org.springframework.beans.factory.support.DisposableBeanAdapter.run(DisposableBeanAdapter.java:195)
	at org.springframework.cloud.context.scope.GenericScope$BeanLifecycleWrapper.destroy(GenericScope.java:389)
	at org.springframework.cloud.context.scope.GenericScope.destroy(GenericScope.java:136)
	at org.springframework.beans.factory.support.DisposableBeanAdapter.destroy(DisposableBeanAdapter.java:211)
	at org.springframework.beans.factory.support.DefaultSingletonBeanRegistry.destroyBean(DefaultSingletonBeanRegistry.java:587)
	at org.springframework.beans.factory.support.DefaultSingletonBeanRegistry.destroySingleton(DefaultSingletonBeanRegistry.java:559)
	at org.springframework.beans.factory.support.DefaultListableBeanFactory.destroySingleton(DefaultListableBeanFactory.java:1202)
	at org.springframework.beans.factory.support.DefaultSingletonBeanRegistry.destroySingletons(DefaultSingletonBeanRegistry.java:520)
	at org.springframework.beans.factory.support.DefaultListableBeanFactory.destroySingletons(DefaultListableBeanFactory.java:1195)
	at org.springframework.context.support.AbstractApplicationContext.destroyBeans(AbstractApplicationContext.java:1183)
	at org.springframework.context.support.AbstractApplicationContext.doClose(AbstractApplicationContext.java:1144)
	at org.springframework.boot.web.servlet.context.ServletWebServerApplicationContext.doClose(ServletWebServerApplicationContext.java:174)
	at org.springframework.context.support.AbstractApplicationContext.close(AbstractApplicationContext.java:1090)
	at org.springframework.boot.SpringApplicationShutdownHook.closeAndWait(SpringApplicationShutdownHook.java:145)
	at java.base/java.lang.Iterable.forEach(Iterable.java:75)
	at org.springframework.boot.SpringApplicationShutdownHook.run(SpringApplicationShutdownHook.java:114)
	at java.base/java.lang.Thread.run(Thread.java:840)

2026-06-18 10:09:49 [SpringApplicationShutdownHook] WARN  c.n.d.s.t.d.RetryableEurekaHttpClient - Request execution failed with message: Connection pool shut down
2026-06-18 10:09:49 [SpringApplicationShutdownHook] INFO  c.n.d.s.t.d.RedirectingEurekaHttpClient - Request execution error. endpoint=DefaultEndpoint{ serviceUrl='http://localhost:8761/eureka/}, exception=Connection pool shut down stacktrace=java.lang.IllegalStateException: Connection pool shut down
	at org.apache.hc.core5.util.Asserts.check(Asserts.java:38)
	at org.apache.hc.core5.pool.StrictConnPool.lease(StrictConnPool.java:176)
	at org.apache.hc.client5.http.impl.io.PoolingHttpClientConnectionManager.lease(PoolingHttpClientConnectionManager.java:298)
	at org.apache.hc.client5.http.impl.classic.InternalExecRuntime.acquireEndpoint(InternalExecRuntime.java:103)
	at org.apache.hc.client5.http.impl.classic.ConnectExec.execute(ConnectExec.java:125)
	at org.apache.hc.client5.http.impl.classic.ExecChainElement.execute(ExecChainElement.java:51)
	at org.apache.hc.client5.http.impl.classic.ProtocolExec.execute(ProtocolExec.java:192)
	at org.apache.hc.client5.http.impl.classic.ExecChainElement.execute(ExecChainElement.java:51)
	at org.apache.hc.client5.http.impl.classic.HttpRequestRetryExec.execute(HttpRequestRetryExec.java:96)
	at org.apache.hc.client5.http.impl.classic.ExecChainElement.execute(ExecChainElement.java:51)
	at org.apache.hc.client5.http.impl.classic.ContentCompressionExec.execute(ContentCompressionExec.java:152)
	at org.apache.hc.client5.http.impl.classic.ExecChainElement.execute(ExecChainElement.java:51)
	at org.apache.hc.client5.http.impl.classic.RedirectExec.execute(RedirectExec.java:115)
	at org.apache.hc.client5.http.impl.classic.ExecChainElement.execute(ExecChainElement.java:51)
	at org.apache.hc.client5.http.impl.classic.InternalHttpClient.doExecute(InternalHttpClient.java:170)
	at org.apache.hc.client5.http.impl.classic.CloseableHttpClient.execute(CloseableHttpClient.java:87)
	at org.apache.hc.client5.http.impl.classic.CloseableHttpClient.execute(CloseableHttpClient.java:55)
	at org.apache.hc.client5.http.classic.HttpClient.executeOpen(HttpClient.java:183)
	at org.springframework.http.client.HttpComponentsClientHttpRequest.executeInternal(HttpComponentsClientHttpRequest.java:95)
	at org.springframework.http.client.AbstractStreamingClientHttpRequest.executeInternal(AbstractStreamingClientHttpRequest.java:70)
	at org.springframework.http.client.AbstractClientHttpRequest.execute(AbstractClientHttpRequest.java:66)
	at org.springframework.http.client.InterceptingClientHttpRequest$InterceptingRequestExecution.execute(InterceptingClientHttpRequest.java:112)
	at org.springframework.cloud.netflix.eureka.http.RestTemplateTransportClientFactory.lambda$restTemplate$0(RestTemplateTransportClientFactory.java:143)
	at org.springframework.http.client.InterceptingClientHttpRequest$InterceptingRequestExecution.execute(InterceptingClientHttpRequest.java:88)
	at org.springframework.http.client.InterceptingClientHttpRequest.executeInternal(InterceptingClientHttpRequest.java:72)
	at org.springframework.http.client.AbstractBufferingClientHttpRequest.executeInternal(AbstractBufferingClientHttpRequest.java:48)
	at org.springframework.http.client.AbstractClientHttpRequest.execute(AbstractClientHttpRequest.java:66)
	at org.springframework.web.client.RestTemplate.doExecute(RestTemplate.java:889)
	at org.springframework.web.client.RestTemplate.execute(RestTemplate.java:790)
	at org.springframework.web.client.RestTemplate.exchange(RestTemplate.java:672)
	at org.springframework.cloud.netflix.eureka.http.RestTemplateEurekaHttpClient.cancel(RestTemplateEurekaHttpClient.java:87)
	at com.netflix.discovery.shared.transport.decorator.EurekaHttpClientDecorator$2.execute(EurekaHttpClientDecorator.java:74)
	at com.netflix.discovery.shared.transport.decorator.RedirectingEurekaHttpClient.executeOnNewServer(RedirectingEurekaHttpClient.java:121)
	at com.netflix.discovery.shared.transport.decorator.RedirectingEurekaHttpClient.execute(RedirectingEurekaHttpClient.java:80)
	at com.netflix.discovery.shared.transport.decorator.EurekaHttpClientDecorator.cancel(EurekaHttpClientDecorator.java:71)
	at com.netflix.discovery.shared.transport.decorator.EurekaHttpClientDecorator$2.execute(EurekaHttpClientDecorator.java:74)
	at com.netflix.discovery.shared.transport.decorator.RetryableEurekaHttpClient.execute(RetryableEurekaHttpClient.java:120)
	at com.netflix.discovery.shared.transport.decorator.EurekaHttpClientDecorator.cancel(EurekaHttpClientDecorator.java:71)
	at com.netflix.discovery.shared.transport.decorator.EurekaHttpClientDecorator$2.execute(EurekaHttpClientDecorator.java:74)
	at com.netflix.discovery.shared.transport.decorator.SessionedEurekaHttpClient.execute(SessionedEurekaHttpClient.java:77)
	at com.netflix.discovery.shared.transport.decorator.EurekaHttpClientDecorator.cancel(EurekaHttpClientDecorator.java:71)
	at com.netflix.discovery.DiscoveryClient.unregister(DiscoveryClient.java:916)
	at com.netflix.discovery.DiscoveryClient.shutdown(DiscoveryClient.java:892)
	at java.base/jdk.internal.reflect.NativeMethodAccessorImpl.invoke0(Native Method)
	at java.base/jdk.internal.reflect.NativeMethodAccessorImpl.invoke(NativeMethodAccessorImpl.java:77)
	at java.base/jdk.internal.reflect.DelegatingMethodAccessorImpl.invoke(DelegatingMethodAccessorImpl.java:43)
	at java.base/java.lang.reflect.Method.invoke(Method.java:569)
	at org.springframework.beans.factory.annotation.InitDestroyAnnotationBeanPostProcessor$LifecycleMethod.invoke(InitDestroyAnnotationBeanPostProcessor.java:457)
	at org.springframework.beans.factory.annotation.InitDestroyAnnotationBeanPostProcessor$LifecycleMetadata.invokeDestroyMethods(InitDestroyAnnotationBeanPostProcessor.java:415)
	at org.springframework.beans.factory.annotation.InitDestroyAnnotationBeanPostProcessor.postProcessBeforeDestruction(InitDestroyAnnotationBeanPostProcessor.java:239)
	at org.springframework.beans.factory.support.DisposableBeanAdapter.destroy(DisposableBeanAdapter.java:202)
	at org.springframework.beans.factory.support.DisposableBeanAdapter.run(DisposableBeanAdapter.java:195)
	at org.springframework.cloud.context.scope.GenericScope$BeanLifecycleWrapper.destroy(GenericScope.java:389)
	at org.springframework.cloud.context.scope.GenericScope.destroy(GenericScope.java:136)
	at org.springframework.beans.factory.support.DisposableBeanAdapter.destroy(DisposableBeanAdapter.java:211)
	at org.springframework.beans.factory.support.DefaultSingletonBeanRegistry.destroyBean(DefaultSingletonBeanRegistry.java:587)
	at org.springframework.beans.factory.support.DefaultSingletonBeanRegistry.destroySingleton(DefaultSingletonBeanRegistry.java:559)
	at org.springframework.beans.factory.support.DefaultListableBeanFactory.destroySingleton(DefaultListableBeanFactory.java:1202)
	at org.springframework.beans.factory.support.DefaultSingletonBeanRegistry.destroySingletons(DefaultSingletonBeanRegistry.java:520)
	at org.springframework.beans.factory.support.DefaultListableBeanFactory.destroySingletons(DefaultListableBeanFactory.java:1195)
	at org.springframework.context.support.AbstractApplicationContext.destroyBeans(AbstractApplicationContext.java:1183)
	at org.springframework.context.support.AbstractApplicationContext.doClose(AbstractApplicationContext.java:1144)
	at org.springframework.boot.web.servlet.context.ServletWebServerApplicationContext.doClose(ServletWebServerApplicationContext.java:174)
	at org.springframework.context.support.AbstractApplicationContext.close(AbstractApplicationContext.java:1090)
	at org.springframework.boot.SpringApplicationShutdownHook.closeAndWait(SpringApplicationShutdownHook.java:145)
	at java.base/java.lang.Iterable.forEach(Iterable.java:75)
	at org.springframework.boot.SpringApplicationShutdownHook.run(SpringApplicationShutdownHook.java:114)
	at java.base/java.lang.Thread.run(Thread.java:840)

2026-06-18 10:09:49 [SpringApplicationShutdownHook] WARN  c.n.d.s.t.d.RetryableEurekaHttpClient - Request execution failed with message: Connection pool shut down
2026-06-18 10:09:49 [SpringApplicationShutdownHook] ERROR c.netflix.discovery.DiscoveryClient - DiscoveryClient_CHAT-SERVICE/chat-service:8084 - de-registration failedCannot execute request on any known server
com.netflix.discovery.shared.transport.TransportException: Cannot execute request on any known server
	at com.netflix.discovery.shared.transport.decorator.RetryableEurekaHttpClient.execute(RetryableEurekaHttpClient.java:112)
	at com.netflix.discovery.shared.transport.decorator.EurekaHttpClientDecorator.cancel(EurekaHttpClientDecorator.java:71)
	at com.netflix.discovery.shared.transport.decorator.EurekaHttpClientDecorator$2.execute(EurekaHttpClientDecorator.java:74)
	at com.netflix.discovery.shared.transport.decorator.SessionedEurekaHttpClient.execute(SessionedEurekaHttpClient.java:77)
	at com.netflix.discovery.shared.transport.decorator.EurekaHttpClientDecorator.cancel(EurekaHttpClientDecorator.java:71)
	at com.netflix.discovery.DiscoveryClient.unregister(DiscoveryClient.java:916)
	at com.netflix.discovery.DiscoveryClient.shutdown(DiscoveryClient.java:892)
	at java.base/jdk.internal.reflect.NativeMethodAccessorImpl.invoke0(Native Method)
	at java.base/jdk.internal.reflect.NativeMethodAccessorImpl.invoke(NativeMethodAccessorImpl.java:77)
	at java.base/jdk.internal.reflect.DelegatingMethodAccessorImpl.invoke(DelegatingMethodAccessorImpl.java:43)
	at java.base/java.lang.reflect.Method.invoke(Method.java:569)
	at org.springframework.beans.factory.annotation.InitDestroyAnnotationBeanPostProcessor$LifecycleMethod.invoke(InitDestroyAnnotationBeanPostProcessor.java:457)
	at org.springframework.beans.factory.annotation.InitDestroyAnnotationBeanPostProcessor$LifecycleMetadata.invokeDestroyMethods(InitDestroyAnnotationBeanPostProcessor.java:415)
	at org.springframework.beans.factory.annotation.InitDestroyAnnotationBeanPostProcessor.postProcessBeforeDestruction(InitDestroyAnnotationBeanPostProcessor.java:239)
	at org.springframework.beans.factory.support.DisposableBeanAdapter.destroy(DisposableBeanAdapter.java:202)
	at org.springframework.beans.factory.support.DisposableBeanAdapter.run(DisposableBeanAdapter.java:195)
	at org.springframework.cloud.context.scope.GenericScope$BeanLifecycleWrapper.destroy(GenericScope.java:389)
	at org.springframework.cloud.context.scope.GenericScope.destroy(GenericScope.java:136)
	at org.springframework.beans.factory.support.DisposableBeanAdapter.destroy(DisposableBeanAdapter.java:211)
	at org.springframework.beans.factory.support.DefaultSingletonBeanRegistry.destroyBean(DefaultSingletonBeanRegistry.java:587)
	at org.springframework.beans.factory.support.DefaultSingletonBeanRegistry.destroySingleton(DefaultSingletonBeanRegistry.java:559)
	at org.springframework.beans.factory.support.DefaultListableBeanFactory.destroySingleton(DefaultListableBeanFactory.java:1202)
	at org.springframework.beans.factory.support.DefaultSingletonBeanRegistry.destroySingletons(DefaultSingletonBeanRegistry.java:520)
	at org.springframework.beans.factory.support.DefaultListableBeanFactory.destroySingletons(DefaultListableBeanFactory.java:1195)
	at org.springframework.context.support.AbstractApplicationContext.destroyBeans(AbstractApplicationContext.java:1183)
	at org.springframework.context.support.AbstractApplicationContext.doClose(AbstractApplicationContext.java:1144)
	at org.springframework.boot.web.servlet.context.ServletWebServerApplicationContext.doClose(ServletWebServerApplicationContext.java:174)
	at org.springframework.context.support.AbstractApplicationContext.close(AbstractApplicationContext.java:1090)
	at org.springframework.boot.SpringApplicationShutdownHook.closeAndWait(SpringApplicationShutdownHook.java:145)
	at java.base/java.lang.Iterable.forEach(Iterable.java:75)
	at org.springframework.boot.SpringApplicationShutdownHook.run(SpringApplicationShutdownHook.java:114)
	at java.base/java.lang.Thread.run(Thread.java:840)
2026-06-18 10:09:49 [SpringApplicationShutdownHook] INFO  c.netflix.discovery.DiscoveryClient - Completed shut down of DiscoveryClient
2026-06-18 10:10:13 [main] INFO  c.chatservice.ChatServiceApplication - Starting ChatServiceApplication using Java 17.0.17 with PID 7372 (C:\Users\Administrator\Desktop\Radius-git\Radius\chat-service\target\classes started by Administrator in C:\Users\Administrator\Desktop\Radius-git\Radius\chat-service)
2026-06-18 10:10:13 [main] DEBUG c.chatservice.ChatServiceApplication - Running with Spring Boot v3.2.3, Spring v6.1.4
2026-06-18 10:10:13 [main] INFO  c.chatservice.ChatServiceApplication - No active profile set, falling back to 1 default profile: "default"
2026-06-18 10:10:14 [main] INFO  o.s.d.r.c.RepositoryConfigurationDelegate - Multiple Spring Data modules found, entering strict repository configuration mode
2026-06-18 10:10:14 [main] INFO  o.s.d.r.c.RepositoryConfigurationDelegate - Bootstrapping Spring Data JPA repositories in DEFAULT mode.
2026-06-18 10:10:14 [main] INFO  o.s.d.r.c.RepositoryConfigurationDelegate - Finished Spring Data repository scanning in 180 ms. Found 20 JPA repository interfaces.
2026-06-18 10:10:15 [main] INFO  o.s.d.r.c.RepositoryConfigurationDelegate - Multiple Spring Data modules found, entering strict repository configuration mode
2026-06-18 10:10:15 [main] INFO  o.s.d.r.c.RepositoryConfigurationDelegate - Bootstrapping Spring Data Redis repositories in DEFAULT mode.
2026-06-18 10:10:15 [main] INFO  o.s.d.r.c.RepositoryConfigurationExtensionSupport - Spring Data Redis - Could not safely identify store assignment for repository candidate interface com.chatservice.ai.repository.AiConversationRepository; If you want this repository to be a Redis repository, consider annotating your entities with one of these annotations: org.springframework.data.redis.core.RedisHash (preferred), or consider extending one of the following types with your repository: org.springframework.data.keyvalue.repository.KeyValueRepository
2026-06-18 10:10:15 [main] INFO  o.s.d.r.c.RepositoryConfigurationExtensionSupport - Spring Data Redis - Could not safely identify store assignment for repository candidate interface com.chatservice.ai.repository.AiMessageRepository; If you want this repository to be a Redis repository, consider annotating your entities with one of these annotations: org.springframework.data.redis.core.RedisHash (preferred), or consider extending one of the following types with your repository: org.springframework.data.keyvalue.repository.KeyValueRepository
2026-06-18 10:10:15 [main] INFO  o.s.d.r.c.RepositoryConfigurationExtensionSupport - Spring Data Redis - Could not safely identify store assignment for repository candidate interface com.chatservice.repository.ArchivedChatRepository; If you want this repository to be a Redis repository, consider annotating your entities with one of these annotations: org.springframework.data.redis.core.RedisHash (preferred), or consider extending one of the following types with your repository: org.springframework.data.keyvalue.repository.KeyValueRepository
2026-06-18 10:10:15 [main] INFO  o.s.d.r.c.RepositoryConfigurationExtensionSupport - Spring Data Redis - Could not safely identify store assignment for repository candidate interface com.chatservice.repository.CallSessionRepository; If you want this repository to be a Redis repository, consider annotating your entities with one of these annotations: org.springframework.data.redis.core.RedisHash (preferred), or consider extending one of the following types with your repository: org.springframework.data.keyvalue.repository.KeyValueRepository
2026-06-18 10:10:15 [main] INFO  o.s.d.r.c.RepositoryConfigurationExtensionSupport - Spring Data Redis - Could not safely identify store assignment for repository candidate interface com.chatservice.repository.ChatParticipantRepository; If you want this repository to be a Redis repository, consider annotating your entities with one of these annotations: org.springframework.data.redis.core.RedisHash (preferred), or consider extending one of the following types with your repository: org.springframework.data.keyvalue.repository.KeyValueRepository
2026-06-18 10:10:15 [main] INFO  o.s.d.r.c.RepositoryConfigurationExtensionSupport - Spring Data Redis - Could not safely identify store assignment for repository candidate interface com.chatservice.repository.ChatRepository; If you want this repository to be a Redis repository, consider annotating your entities with one of these annotations: org.springframework.data.redis.core.RedisHash (preferred), or consider extending one of the following types with your repository: org.springframework.data.keyvalue.repository.KeyValueRepository
2026-06-18 10:10:15 [main] INFO  o.s.d.r.c.RepositoryConfigurationExtensionSupport - Spring Data Redis - Could not safely identify store assignment for repository candidate interface com.chatservice.repository.ChatSearchIndexRepository; If you want this repository to be a Redis repository, consider annotating your entities with one of these annotations: org.springframework.data.redis.core.RedisHash (preferred), or consider extending one of the following types with your repository: org.springframework.data.keyvalue.repository.KeyValueRepository
2026-06-18 10:10:15 [main] INFO  o.s.d.r.c.RepositoryConfigurationExtensionSupport - Spring Data Redis - Could not safely identify store assignment for repository candidate interface com.chatservice.repository.ChatSettingsRepository; If you want this repository to be a Redis repository, consider annotating your entities with one of these annotations: org.springframework.data.redis.core.RedisHash (preferred), or consider extending one of the following types with your repository: org.springframework.data.keyvalue.repository.KeyValueRepository
2026-06-18 10:10:15 [main] INFO  o.s.d.r.c.RepositoryConfigurationExtensionSupport - Spring Data Redis - Could not safely identify store assignment for repository candidate interface com.chatservice.repository.CommunityGroupLinkRepository; If you want this repository to be a Redis repository, consider annotating your entities with one of these annotations: org.springframework.data.redis.core.RedisHash (preferred), or consider extending one of the following types with your repository: org.springframework.data.keyvalue.repository.KeyValueRepository
2026-06-18 10:10:15 [main] INFO  o.s.d.r.c.RepositoryConfigurationExtensionSupport - Spring Data Redis - Could not safely identify store assignment for repository candidate interface com.chatservice.repository.CommunityInviteRepository; If you want this repository to be a Redis repository, consider annotating your entities with one of these annotations: org.springframework.data.redis.core.RedisHash (preferred), or consider extending one of the following types with your repository: org.springframework.data.keyvalue.repository.KeyValueRepository
2026-06-18 10:10:15 [main] INFO  o.s.d.r.c.RepositoryConfigurationExtensionSupport - Spring Data Redis - Could not safely identify store assignment for repository candidate interface com.chatservice.repository.CommunityJoinRequestRepository; If you want this repository to be a Redis repository, consider annotating your entities with one of these annotations: org.springframework.data.redis.core.RedisHash (preferred), or consider extending one of the following types with your repository: org.springframework.data.keyvalue.repository.KeyValueRepository
2026-06-18 10:10:15 [main] INFO  o.s.d.r.c.RepositoryConfigurationExtensionSupport - Spring Data Redis - Could not safely identify store assignment for repository candidate interface com.chatservice.repository.CommunityMemberRepository; If you want this repository to be a Redis repository, consider annotating your entities with one of these annotations: org.springframework.data.redis.core.RedisHash (preferred), or consider extending one of the following types with your repository: org.springframework.data.keyvalue.repository.KeyValueRepository
2026-06-18 10:10:15 [main] INFO  o.s.d.r.c.RepositoryConfigurationExtensionSupport - Spring Data Redis - Could not safely identify store assignment for repository candidate interface com.chatservice.repository.CommunityRepository; If you want this repository to be a Redis repository, consider annotating your entities with one of these annotations: org.springframework.data.redis.core.RedisHash (preferred), or consider extending one of the following types with your repository: org.springframework.data.keyvalue.repository.KeyValueRepository
2026-06-18 10:10:15 [main] INFO  o.s.d.r.c.RepositoryConfigurationExtensionSupport - Spring Data Redis - Could not safely identify store assignment for repository candidate interface com.chatservice.repository.GroupEventRepository; If you want this repository to be a Redis repository, consider annotating your entities with one of these annotations: org.springframework.data.redis.core.RedisHash (preferred), or consider extending one of the following types with your repository: org.springframework.data.keyvalue.repository.KeyValueRepository
2026-06-18 10:10:15 [main] INFO  o.s.d.r.c.RepositoryConfigurationExtensionSupport - Spring Data Redis - Could not safely identify store assignment for repository candidate interface com.chatservice.repository.GroupMemberRepository; If you want this repository to be a Redis repository, consider annotating your entities with one of these annotations: org.springframework.data.redis.core.RedisHash (preferred), or consider extending one of the following types with your repository: org.springframework.data.keyvalue.repository.KeyValueRepository
2026-06-18 10:10:15 [main] INFO  o.s.d.r.c.RepositoryConfigurationExtensionSupport - Spring Data Redis - Could not safely identify store assignment for repository candidate interface com.chatservice.repository.GroupRepository; If you want this repository to be a Redis repository, consider annotating your entities with one of these annotations: org.springframework.data.redis.core.RedisHash (preferred), or consider extending one of the following types with your repository: org.springframework.data.keyvalue.repository.KeyValueRepository
2026-06-18 10:10:15 [main] INFO  o.s.d.r.c.RepositoryConfigurationExtensionSupport - Spring Data Redis - Could not safely identify store assignment for repository candidate interface com.chatservice.repository.MediaAttachmentRepository; If you want this repository to be a Redis repository, consider annotating your entities with one of these annotations: org.springframework.data.redis.core.RedisHash (preferred), or consider extending one of the following types with your repository: org.springframework.data.keyvalue.repository.KeyValueRepository
2026-06-18 10:10:15 [main] INFO  o.s.d.r.c.RepositoryConfigurationExtensionSupport - Spring Data Redis - Could not safely identify store assignment for repository candidate interface com.chatservice.repository.MessageEditRepository; If you want this repository to be a Redis repository, consider annotating your entities with one of these annotations: org.springframework.data.redis.core.RedisHash (preferred), or consider extending one of the following types with your repository: org.springframework.data.keyvalue.repository.KeyValueRepository
2026-06-18 10:10:15 [main] INFO  o.s.d.r.c.RepositoryConfigurationExtensionSupport - Spring Data Redis - Could not safely identify store assignment for repository candidate interface com.chatservice.repository.MessageRepository; If you want this repository to be a Redis repository, consider annotating your entities with one of these annotations: org.springframework.data.redis.core.RedisHash (preferred), or consider extending one of the following types with your repository: org.springframework.data.keyvalue.repository.KeyValueRepository
2026-06-18 10:10:15 [main] INFO  o.s.d.r.c.RepositoryConfigurationExtensionSupport - Spring Data Redis - Could not safely identify store assignment for repository candidate interface com.chatservice.repository.MessageVisibilityRepository; If you want this repository to be a Redis repository, consider annotating your entities with one of these annotations: org.springframework.data.redis.core.RedisHash (preferred), or consider extending one of the following types with your repository: org.springframework.data.keyvalue.repository.KeyValueRepository
2026-06-18 10:10:15 [main] INFO  o.s.d.r.c.RepositoryConfigurationDelegate - Finished Spring Data repository scanning in 22 ms. Found 0 Redis repository interfaces.
2026-06-18 10:10:15 [main] INFO  o.s.cloud.context.scope.GenericScope - BeanFactory id=7405d89c-e712-3cbd-aec0-622d6cc045c4
2026-06-18 10:10:15 [main] WARN  o.s.c.s.PostProcessorRegistrationDelegate$BeanPostProcessorChecker - Bean 'org.springframework.cloud.client.loadbalancer.LoadBalancerAutoConfiguration$DeferringLoadBalancerInterceptorConfig' of type [org.springframework.cloud.client.loadbalancer.LoadBalancerAutoConfiguration$DeferringLoadBalancerInterceptorConfig] is not eligible for getting processed by all BeanPostProcessors (for example: not eligible for auto-proxying). The currently created BeanPostProcessor [lbRestClientPostProcessor] is declared through a non-static factory method on that class; consider declaring it as static instead.
2026-06-18 10:10:15 [main] WARN  o.s.c.s.PostProcessorRegistrationDelegate$BeanPostProcessorChecker - Bean 'deferringLoadBalancerInterceptor' of type [org.springframework.cloud.client.loadbalancer.DeferringLoadBalancerInterceptor] is not eligible for getting processed by all BeanPostProcessors (for example: not eligible for auto-proxying). Is this bean getting eagerly injected into a currently created BeanPostProcessor [lbRestClientPostProcessor]? Check the corresponding BeanPostProcessor declaration and its dependencies.
2026-06-18 10:10:15 [main] WARN  o.s.c.s.PostProcessorRegistrationDelegate$BeanPostProcessorChecker - Bean 'org.springframework.cloud.client.loadbalancer.reactive.LoadBalancerBeanPostProcessorAutoConfiguration' of type [org.springframework.cloud.client.loadbalancer.reactive.LoadBalancerBeanPostProcessorAutoConfiguration] is not eligible for getting processed by all BeanPostProcessors (for example: not eligible for auto-proxying). The currently created BeanPostProcessor [loadBalancerWebClientBuilderBeanPostProcessor] is declared through a non-static factory method on that class; consider declaring it as static instead.
2026-06-18 10:10:15 [main] WARN  o.s.c.s.PostProcessorRegistrationDelegate$BeanPostProcessorChecker - Bean 'org.springframework.cloud.client.loadbalancer.reactive.LoadBalancerBeanPostProcessorAutoConfiguration$ReactorDeferringLoadBalancerFilterConfig' of type [org.springframework.cloud.client.loadbalancer.reactive.LoadBalancerBeanPostProcessorAutoConfiguration$ReactorDeferringLoadBalancerFilterConfig] is not eligible for getting processed by all BeanPostProcessors (for example: not eligible for auto-proxying). Is this bean getting eagerly injected into a currently created BeanPostProcessor [loadBalancerWebClientBuilderBeanPostProcessor]? Check the corresponding BeanPostProcessor declaration and its dependencies.
2026-06-18 10:10:15 [main] WARN  o.s.c.s.PostProcessorRegistrationDelegate$BeanPostProcessorChecker - Bean 'reactorDeferringLoadBalancerExchangeFilterFunction' of type [org.springframework.cloud.client.loadbalancer.reactive.DeferringLoadBalancerExchangeFilterFunction] is not eligible for getting processed by all BeanPostProcessors (for example: not eligible for auto-proxying). Is this bean getting eagerly injected into a currently created BeanPostProcessor [loadBalancerWebClientBuilderBeanPostProcessor]? Check the corresponding BeanPostProcessor declaration and its dependencies.
2026-06-18 10:10:15 [main] INFO  o.s.b.w.e.tomcat.TomcatWebServer - Tomcat initialized with port 8084 (http)
2026-06-18 10:10:15 [main] INFO  o.a.catalina.core.StandardService - Starting service [Tomcat]
2026-06-18 10:10:15 [main] INFO  o.a.catalina.core.StandardEngine - Starting Servlet engine: [Apache Tomcat/10.1.19]
2026-06-18 10:10:16 [main] INFO  o.a.c.c.C.[Tomcat].[localhost].[/] - Initializing Spring embedded WebApplicationContext
2026-06-18 10:10:16 [main] INFO  o.s.b.w.s.c.ServletWebServerApplicationContext - Root WebApplicationContext: initialization completed in 2165 ms
2026-06-18 10:10:16 [main] DEBUG c.c.security.JwtAuthenticationFilter - Filter 'jwtAuthenticationFilter' configured for use
2026-06-18 10:10:16 [main] DEBUG c.c.c.SecurityConfig$GatewayWhitelistFilter - Filter 'securityConfig.GatewayWhitelistFilter' configured for use
2026-06-18 10:10:16 [main] INFO  o.h.jpa.internal.util.LogHelper - HHH000204: Processing PersistenceUnitInfo [name: default]
2026-06-18 10:10:16 [main] INFO  org.hibernate.Version - HHH000412: Hibernate ORM core version 6.4.4.Final
2026-06-18 10:10:16 [main] INFO  o.h.c.i.RegionFactoryInitiator - HHH000026: Second-level cache disabled
2026-06-18 10:10:16 [main] INFO  o.s.o.j.p.SpringPersistenceUnitInfo - No LoadTimeWeaver setup: ignoring JPA class transformer
2026-06-18 10:10:16 [main] INFO  com.zaxxer.hikari.HikariDataSource - HikariPool-1 - Starting...
2026-06-18 10:10:16 [main] INFO  com.zaxxer.hikari.pool.HikariPool - HikariPool-1 - Added connection org.postgresql.jdbc.PgConnection@2bc59ab7
2026-06-18 10:10:16 [main] INFO  com.zaxxer.hikari.HikariDataSource - HikariPool-1 - Start completed.
2026-06-18 10:10:17 [main] WARN  org.hibernate.orm.deprecation - HHH90000025: PostgreSQLDialect does not need to be specified explicitly using 'hibernate.dialect' (remove the property setting and it will be selected by default)
2026-06-18 10:10:18 [main] INFO  o.h.e.t.j.p.i.JtaPlatformInitiator - HHH000489: No JTA platform available (set 'hibernate.transaction.jta.platform' to enable JTA platform integration)
2026-06-18 10:10:18 [main] INFO  o.s.o.j.LocalContainerEntityManagerFactoryBean - Initialized JPA EntityManagerFactory for persistence unit 'default'
2026-06-18 10:10:19 [main] INFO  o.s.d.j.r.query.QueryEnhancerFactory - Hibernate is in classpath; If applicable, HQL parser will be used.
2026-06-18 10:10:21 [main] WARN  o.s.b.a.o.j.JpaBaseConfiguration$JpaWebConfiguration - spring.jpa.open-in-view is enabled by default. Therefore, database queries may be performed during view rendering. Explicitly configure spring.jpa.open-in-view to disable this warning
2026-06-18 10:10:21 [main] WARN  o.s.b.a.s.s.UserDetailsServiceAutoConfiguration - 

Using generated security password: 77b37ce0-51fc-4f45-a3c2-2693c0ec363f

This generated password is for development use only. Your security configuration must be updated before running your application in production.

2026-06-18 10:10:21 [main] INFO  c.chatservice.config.WebSocketConfig - WebSocket STOMP endpoint registered at /ws
2026-06-18 10:10:22 [main] INFO  o.s.c.n.e.c.DiscoveryClientOptionalArgsConfiguration - Eureka HTTP Client uses RestTemplate.
2026-06-18 10:10:22 [main] WARN  o.s.c.l.c.LoadBalancerCacheAutoConfiguration$LoadBalancerCaffeineWarnLogger - Spring Cloud LoadBalancer is currently working with the default cache. While this cache implementation is useful for development and tests, it's recommended to use Caffeine cache in production.You can switch to using Caffeine cache, by adding it and org.springframework.cache.caffeine.CaffeineCacheManager to the classpath.
2026-06-18 10:10:22 [main] INFO  o.a.k.c.admin.AdminClientConfig - AdminClientConfig values: 
	auto.include.jmx.reporter = true
	bootstrap.servers = [localhost:9092]
	client.dns.lookup = use_all_dns_ips
	client.id = 
	connections.max.idle.ms = 300000
	default.api.timeout.ms = 60000
	metadata.max.age.ms = 300000
	metric.reporters = []
	metrics.num.samples = 2
	metrics.recording.level = INFO
	metrics.sample.window.ms = 30000
	receive.buffer.bytes = 65536
	reconnect.backoff.max.ms = 1000
	reconnect.backoff.ms = 50
	request.timeout.ms = 30000
	retries = 2147483647
	retry.backoff.ms = 100
	sasl.client.callback.handler.class = null
	sasl.jaas.config = null
	sasl.kerberos.kinit.cmd = /usr/bin/kinit
	sasl.kerberos.min.time.before.relogin = 60000
	sasl.kerberos.service.name = null
	sasl.kerberos.ticket.renew.jitter = 0.05
	sasl.kerberos.ticket.renew.window.factor = 0.8
	sasl.login.callback.handler.class = null
	sasl.login.class = null
	sasl.login.connect.timeout.ms = null
	sasl.login.read.timeout.ms = null
	sasl.login.refresh.buffer.seconds = 300
	sasl.login.refresh.min.period.seconds = 60
	sasl.login.refresh.window.factor = 0.8
	sasl.login.refresh.window.jitter = 0.05
	sasl.login.retry.backoff.max.ms = 10000
	sasl.login.retry.backoff.ms = 100
	sasl.mechanism = GSSAPI
	sasl.oauthbearer.clock.skew.seconds = 30
	sasl.oauthbearer.expected.audience = null
	sasl.oauthbearer.expected.issuer = null
	sasl.oauthbearer.jwks.endpoint.refresh.ms = 3600000
	sasl.oauthbearer.jwks.endpoint.retry.backoff.max.ms = 10000
	sasl.oauthbearer.jwks.endpoint.retry.backoff.ms = 100
	sasl.oauthbearer.jwks.endpoint.url = null
	sasl.oauthbearer.scope.claim.name = scope
	sasl.oauthbearer.sub.claim.name = sub
	sasl.oauthbearer.token.endpoint.url = null
	security.protocol = PLAINTEXT
	security.providers = null
	send.buffer.bytes = 131072
	socket.connection.setup.timeout.max.ms = 30000
	socket.connection.setup.timeout.ms = 10000
	ssl.cipher.suites = null
	ssl.enabled.protocols = [TLSv1.2, TLSv1.3]
	ssl.endpoint.identification.algorithm = https
	ssl.engine.factory.class = null
	ssl.key.password = null
	ssl.keymanager.algorithm = SunX509
	ssl.keystore.certificate.chain = null
	ssl.keystore.key = null
	ssl.keystore.location = null
	ssl.keystore.password = null
	ssl.keystore.type = JKS
	ssl.protocol = TLSv1.3
	ssl.provider = null
	ssl.secure.random.implementation = null
	ssl.trustmanager.algorithm = PKIX
	ssl.truststore.certificates = null
	ssl.truststore.location = null
	ssl.truststore.password = null
	ssl.truststore.type = JKS

2026-06-18 10:10:22 [main] INFO  o.a.kafka.common.utils.AppInfoParser - Kafka version: 3.6.1
2026-06-18 10:10:22 [main] INFO  o.a.kafka.common.utils.AppInfoParser - Kafka commitId: 5e3c2b738d253ff5
2026-06-18 10:10:22 [main] INFO  o.a.kafka.common.utils.AppInfoParser - Kafka startTimeMs: 1781757622423
2026-06-18 10:10:22 [kafka-admin-client-thread | adminclient-1] INFO  o.a.kafka.common.utils.AppInfoParser - App info kafka.admin.client for adminclient-1 unregistered
2026-06-18 10:10:22 [kafka-admin-client-thread | adminclient-1] INFO  o.a.kafka.common.metrics.Metrics - Metrics scheduler closed
2026-06-18 10:10:22 [kafka-admin-client-thread | adminclient-1] INFO  o.a.kafka.common.metrics.Metrics - Closing reporter org.apache.kafka.common.metrics.JmxReporter
2026-06-18 10:10:22 [kafka-admin-client-thread | adminclient-1] INFO  o.a.kafka.common.metrics.Metrics - Metrics reporters closed
2026-06-18 10:10:22 [main] INFO  o.s.c.n.eureka.InstanceInfoFactory - Setting initial instance status as: STARTING
2026-06-18 10:10:22 [main] INFO  c.netflix.discovery.DiscoveryClient - Initializing Eureka in region us-east-1
2026-06-18 10:10:22 [main] INFO  c.n.d.s.r.aws.ConfigClusterResolver - Resolving eureka endpoints via configuration
2026-06-18 10:10:22 [main] INFO  c.netflix.discovery.DiscoveryClient - Disable delta property : false
2026-06-18 10:10:22 [main] INFO  c.netflix.discovery.DiscoveryClient - Single vip registry refresh property : null
2026-06-18 10:10:22 [main] INFO  c.netflix.discovery.DiscoveryClient - Force full registry fetch : false
2026-06-18 10:10:22 [main] INFO  c.netflix.discovery.DiscoveryClient - Application is null : false
2026-06-18 10:10:22 [main] INFO  c.netflix.discovery.DiscoveryClient - Registered Applications size is zero : true
2026-06-18 10:10:22 [main] INFO  c.netflix.discovery.DiscoveryClient - Application version is -1: true
2026-06-18 10:10:22 [main] INFO  c.netflix.discovery.DiscoveryClient - Getting all instance registry info from the eureka server
2026-06-18 10:10:23 [main] INFO  c.netflix.discovery.DiscoveryClient - The response status is 200
2026-06-18 10:10:23 [main] INFO  c.netflix.discovery.DiscoveryClient - Starting heartbeat executor: renew interval is: 30
2026-06-18 10:10:23 [main] INFO  c.n.discovery.InstanceInfoReplicator - InstanceInfoReplicator onDemand update allowed rate per min is 4
2026-06-18 10:10:23 [main] INFO  c.netflix.discovery.DiscoveryClient - Discovery Client initialized at timestamp 1781757623279 with initial instances count: 4
2026-06-18 10:10:23 [main] INFO  o.s.c.n.e.s.EurekaServiceRegistry - Registering application CHAT-SERVICE with eureka with status UP
2026-06-18 10:10:23 [main] INFO  c.netflix.discovery.DiscoveryClient - Saw local status change event StatusChangeEvent [timestamp=1781757623286, current=UP, previous=STARTING]
2026-06-18 10:10:23 [DiscoveryClient-InstanceInfoReplicator-0] INFO  c.netflix.discovery.DiscoveryClient - DiscoveryClient_CHAT-SERVICE/chat-service:8084: registering service...
2026-06-18 10:10:23 [main] INFO  o.s.b.w.e.tomcat.TomcatWebServer - Tomcat started on port 8084 (http) with context path ''
2026-06-18 10:10:23 [main] INFO  o.s.c.n.e.s.EurekaAutoServiceRegistration - Updating port to 8084
2026-06-18 10:10:23 [DiscoveryClient-InstanceInfoReplicator-0] INFO  c.netflix.discovery.DiscoveryClient - DiscoveryClient_CHAT-SERVICE/chat-service:8084 - registration status: 204
2026-06-18 10:10:23 [main] INFO  o.a.k.c.consumer.ConsumerConfig - ConsumerConfig values: 
	allow.auto.create.topics = true
	auto.commit.interval.ms = 5000
	auto.include.jmx.reporter = true
	auto.offset.reset = earliest
	bootstrap.servers = [localhost:9092]
	check.crcs = true
	client.dns.lookup = use_all_dns_ips
	client.id = consumer-chat-service-group-1
	client.rack = 
	connections.max.idle.ms = 540000
	default.api.timeout.ms = 60000
	enable.auto.commit = false
	exclude.internal.topics = true
	fetch.max.bytes = 52428800
	fetch.max.wait.ms = 500
	fetch.min.bytes = 1
	group.id = chat-service-group
	group.instance.id = null
	heartbeat.interval.ms = 3000
	interceptor.classes = []
	internal.leave.group.on.close = true
	internal.throw.on.fetch.stable.offset.unsupported = false
	isolation.level = read_uncommitted
	key.deserializer = class org.apache.kafka.common.serialization.StringDeserializer
	max.partition.fetch.bytes = 1048576
	max.poll.interval.ms = 300000
	max.poll.records = 500
	metadata.max.age.ms = 300000
	metric.reporters = []
	metrics.num.samples = 2
	metrics.recording.level = INFO
	metrics.sample.window.ms = 30000
	partition.assignment.strategy = [class org.apache.kafka.clients.consumer.RangeAssignor, class org.apache.kafka.clients.consumer.CooperativeStickyAssignor]
	receive.buffer.bytes = 65536
	reconnect.backoff.max.ms = 1000
	reconnect.backoff.ms = 50
	request.timeout.ms = 30000
	retry.backoff.ms = 100
	sasl.client.callback.handler.class = null
	sasl.jaas.config = null
	sasl.kerberos.kinit.cmd = /usr/bin/kinit
	sasl.kerberos.min.time.before.relogin = 60000
	sasl.kerberos.service.name = null
	sasl.kerberos.ticket.renew.jitter = 0.05
	sasl.kerberos.ticket.renew.window.factor = 0.8
	sasl.login.callback.handler.class = null
	sasl.login.class = null
	sasl.login.connect.timeout.ms = null
	sasl.login.read.timeout.ms = null
	sasl.login.refresh.buffer.seconds = 300
	sasl.login.refresh.min.period.seconds = 60
	sasl.login.refresh.window.factor = 0.8
	sasl.login.refresh.window.jitter = 0.05
	sasl.login.retry.backoff.max.ms = 10000
	sasl.login.retry.backoff.ms = 100
	sasl.mechanism = GSSAPI
	sasl.oauthbearer.clock.skew.seconds = 30
	sasl.oauthbearer.expected.audience = null
	sasl.oauthbearer.expected.issuer = null
	sasl.oauthbearer.jwks.endpoint.refresh.ms = 3600000
	sasl.oauthbearer.jwks.endpoint.retry.backoff.max.ms = 10000
	sasl.oauthbearer.jwks.endpoint.retry.backoff.ms = 100
	sasl.oauthbearer.jwks.endpoint.url = null
	sasl.oauthbearer.scope.claim.name = scope
	sasl.oauthbearer.sub.claim.name = sub
	sasl.oauthbearer.token.endpoint.url = null
	security.protocol = PLAINTEXT
	security.providers = null
	send.buffer.bytes = 131072
	session.timeout.ms = 45000
	socket.connection.setup.timeout.max.ms = 30000
	socket.connection.setup.timeout.ms = 10000
	ssl.cipher.suites = null
	ssl.enabled.protocols = [TLSv1.2, TLSv1.3]
	ssl.endpoint.identification.algorithm = https
	ssl.engine.factory.class = null
	ssl.key.password = null
	ssl.keymanager.algorithm = SunX509
	ssl.keystore.certificate.chain = null
	ssl.keystore.key = null
	ssl.keystore.location = null
	ssl.keystore.password = null
	ssl.keystore.type = JKS
	ssl.protocol = TLSv1.3
	ssl.provider = null
	ssl.secure.random.implementation = null
	ssl.trustmanager.algorithm = PKIX
	ssl.truststore.certificates = null
	ssl.truststore.location = null
	ssl.truststore.password = null
	ssl.truststore.type = JKS
	value.deserializer = class org.apache.kafka.common.serialization.StringDeserializer

2026-06-18 10:10:23 [main] INFO  o.a.kafka.common.utils.AppInfoParser - Kafka version: 3.6.1
2026-06-18 10:10:23 [main] INFO  o.a.kafka.common.utils.AppInfoParser - Kafka commitId: 5e3c2b738d253ff5
2026-06-18 10:10:23 [main] INFO  o.a.kafka.common.utils.AppInfoParser - Kafka startTimeMs: 1781757623470
2026-06-18 10:10:23 [main] INFO  o.a.k.c.consumer.ConsumerConfig - ConsumerConfig values: 
	allow.auto.create.topics = true
	auto.commit.interval.ms = 5000
	auto.include.jmx.reporter = true
	auto.offset.reset = earliest
	bootstrap.servers = [localhost:9092]
	check.crcs = true
	client.dns.lookup = use_all_dns_ips
	client.id = consumer-chat-service-group-2
	client.rack = 
	connections.max.idle.ms = 540000
	default.api.timeout.ms = 60000
	enable.auto.commit = false
	exclude.internal.topics = true
	fetch.max.bytes = 52428800
	fetch.max.wait.ms = 500
	fetch.min.bytes = 1
	group.id = chat-service-group
	group.instance.id = null
	heartbeat.interval.ms = 3000
	interceptor.classes = []
	internal.leave.group.on.close = true
	internal.throw.on.fetch.stable.offset.unsupported = false
	isolation.level = read_uncommitted
	key.deserializer = class org.apache.kafka.common.serialization.StringDeserializer
	max.partition.fetch.bytes = 1048576
	max.poll.interval.ms = 300000
	max.poll.records = 500
	metadata.max.age.ms = 300000
	metric.reporters = []
	metrics.num.samples = 2
	metrics.recording.level = INFO
	metrics.sample.window.ms = 30000
	partition.assignment.strategy = [class org.apache.kafka.clients.consumer.RangeAssignor, class org.apache.kafka.clients.consumer.CooperativeStickyAssignor]
	receive.buffer.bytes = 65536
	reconnect.backoff.max.ms = 1000
	reconnect.backoff.ms = 50
	request.timeout.ms = 30000
	retry.backoff.ms = 100
	sasl.client.callback.handler.class = null
	sasl.jaas.config = null
	sasl.kerberos.kinit.cmd = /usr/bin/kinit
	sasl.kerberos.min.time.before.relogin = 60000
	sasl.kerberos.service.name = null
	sasl.kerberos.ticket.renew.jitter = 0.05
	sasl.kerberos.ticket.renew.window.factor = 0.8
	sasl.login.callback.handler.class = null
	sasl.login.class = null
	sasl.login.connect.timeout.ms = null
	sasl.login.read.timeout.ms = null
	sasl.login.refresh.buffer.seconds = 300
	sasl.login.refresh.min.period.seconds = 60
	sasl.login.refresh.window.factor = 0.8
	sasl.login.refresh.window.jitter = 0.05
	sasl.login.retry.backoff.max.ms = 10000
	sasl.login.retry.backoff.ms = 100
	sasl.mechanism = GSSAPI
	sasl.oauthbearer.clock.skew.seconds = 30
	sasl.oauthbearer.expected.audience = null
	sasl.oauthbearer.expected.issuer = null
	sasl.oauthbearer.jwks.endpoint.refresh.ms = 3600000
	sasl.oauthbearer.jwks.endpoint.retry.backoff.max.ms = 10000
	sasl.oauthbearer.jwks.endpoint.retry.backoff.ms = 100
	sasl.oauthbearer.jwks.endpoint.url = null
	sasl.oauthbearer.scope.claim.name = scope
	sasl.oauthbearer.sub.claim.name = sub
	sasl.oauthbearer.token.endpoint.url = null
	security.protocol = PLAINTEXT
	security.providers = null
	send.buffer.bytes = 131072
	session.timeout.ms = 45000
	socket.connection.setup.timeout.max.ms = 30000
	socket.connection.setup.timeout.ms = 10000
	ssl.cipher.suites = null
	ssl.enabled.protocols = [TLSv1.2, TLSv1.3]
	ssl.endpoint.identification.algorithm = https
	ssl.engine.factory.class = null
	ssl.key.password = null
	ssl.keymanager.algorithm = SunX509
	ssl.keystore.certificate.chain = null
	ssl.keystore.key = null
	ssl.keystore.location = null
	ssl.keystore.password = null
	ssl.keystore.type = JKS
	ssl.protocol = TLSv1.3
	ssl.provider = null
	ssl.secure.random.implementation = null
	ssl.trustmanager.algorithm = PKIX
	ssl.truststore.certificates = null
	ssl.truststore.location = null
	ssl.truststore.password = null
	ssl.truststore.type = JKS
	value.deserializer = class org.apache.kafka.common.serialization.StringDeserializer

2026-06-18 10:10:23 [main] INFO  o.a.kafka.common.utils.AppInfoParser - Kafka version: 3.6.1
2026-06-18 10:10:23 [main] INFO  o.a.kafka.common.utils.AppInfoParser - Kafka commitId: 5e3c2b738d253ff5
2026-06-18 10:10:23 [main] INFO  o.a.kafka.common.utils.AppInfoParser - Kafka startTimeMs: 1781757623488
2026-06-18 10:10:23 [main] INFO  o.a.k.c.consumer.ConsumerConfig - ConsumerConfig values: 
	allow.auto.create.topics = true
	auto.commit.interval.ms = 5000
	auto.include.jmx.reporter = true
	auto.offset.reset = earliest
	bootstrap.servers = [localhost:9092]
	check.crcs = true
	client.dns.lookup = use_all_dns_ips
	client.id = consumer-chat-service-group-3
	client.rack = 
	connections.max.idle.ms = 540000
	default.api.timeout.ms = 60000
	enable.auto.commit = false
	exclude.internal.topics = true
	fetch.max.bytes = 52428800
	fetch.max.wait.ms = 500
	fetch.min.bytes = 1
	group.id = chat-service-group
	group.instance.id = null
	heartbeat.interval.ms = 3000
	interceptor.classes = []
	internal.leave.group.on.close = true
	internal.throw.on.fetch.stable.offset.unsupported = false
	isolation.level = read_uncommitted
	key.deserializer = class org.apache.kafka.common.serialization.StringDeserializer
	max.partition.fetch.bytes = 1048576
	max.poll.interval.ms = 300000
	max.poll.records = 500
	metadata.max.age.ms = 300000
	metric.reporters = []
	metrics.num.samples = 2
	metrics.recording.level = INFO
	metrics.sample.window.ms = 30000
	partition.assignment.strategy = [class org.apache.kafka.clients.consumer.RangeAssignor, class org.apache.kafka.clients.consumer.CooperativeStickyAssignor]
	receive.buffer.bytes = 65536
	reconnect.backoff.max.ms = 1000
	reconnect.backoff.ms = 50
	request.timeout.ms = 30000
	retry.backoff.ms = 100
	sasl.client.callback.handler.class = null
	sasl.jaas.config = null
	sasl.kerberos.kinit.cmd = /usr/bin/kinit
	sasl.kerberos.min.time.before.relogin = 60000
	sasl.kerberos.service.name = null
	sasl.kerberos.ticket.renew.jitter = 0.05
	sasl.kerberos.ticket.renew.window.factor = 0.8
	sasl.login.callback.handler.class = null
	sasl.login.class = null
	sasl.login.connect.timeout.ms = null
	sasl.login.read.timeout.ms = null
	sasl.login.refresh.buffer.seconds = 300
	sasl.login.refresh.min.period.seconds = 60
	sasl.login.refresh.window.factor = 0.8
	sasl.login.refresh.window.jitter = 0.05
	sasl.login.retry.backoff.max.ms = 10000
	sasl.login.retry.backoff.ms = 100
	sasl.mechanism = GSSAPI
	sasl.oauthbearer.clock.skew.seconds = 30
	sasl.oauthbearer.expected.audience = null
	sasl.oauthbearer.expected.issuer = null
	sasl.oauthbearer.jwks.endpoint.refresh.ms = 3600000
	sasl.oauthbearer.jwks.endpoint.retry.backoff.max.ms = 10000
	sasl.oauthbearer.jwks.endpoint.retry.backoff.ms = 100
	sasl.oauthbearer.jwks.endpoint.url = null
	sasl.oauthbearer.scope.claim.name = scope
	sasl.oauthbearer.sub.claim.name = sub
	sasl.oauthbearer.token.endpoint.url = null
	security.protocol = PLAINTEXT
	security.providers = null
	send.buffer.bytes = 131072
	session.timeout.ms = 45000
	socket.connection.setup.timeout.max.ms = 30000
	socket.connection.setup.timeout.ms = 10000
	ssl.cipher.suites = null
	ssl.enabled.protocols = [TLSv1.2, TLSv1.3]
	ssl.endpoint.identification.algorithm = https
	ssl.engine.factory.class = null
	ssl.key.password = null
	ssl.keymanager.algorithm = SunX509
	ssl.keystore.certificate.chain = null
	ssl.keystore.key = null
	ssl.keystore.location = null
	ssl.keystore.password = null
	ssl.keystore.type = JKS
	ssl.protocol = TLSv1.3
	ssl.provider = null
	ssl.secure.random.implementation = null
	ssl.trustmanager.algorithm = PKIX
	ssl.truststore.certificates = null
	ssl.truststore.location = null
	ssl.truststore.password = null
	ssl.truststore.type = JKS
	value.deserializer = class org.apache.kafka.common.serialization.StringDeserializer

2026-06-18 10:10:23 [main] INFO  o.a.kafka.common.utils.AppInfoParser - Kafka version: 3.6.1
2026-06-18 10:10:23 [main] INFO  o.a.kafka.common.utils.AppInfoParser - Kafka commitId: 5e3c2b738d253ff5
2026-06-18 10:10:23 [main] INFO  o.a.kafka.common.utils.AppInfoParser - Kafka startTimeMs: 1781757623503
2026-06-18 10:10:23 [main] INFO  o.s.m.s.b.SimpleBrokerMessageHandler - Starting...
2026-06-18 10:10:23 [main] INFO  o.s.m.s.b.SimpleBrokerMessageHandler - BrokerAvailabilityEvent[available=true, SimpleBrokerMessageHandler [org.springframework.messaging.simp.broker.DefaultSubscriptionRegistry@f4c287]]
2026-06-18 10:10:23 [main] INFO  o.s.m.s.b.SimpleBrokerMessageHandler - Started.
2026-06-18 10:10:23 [org.springframework.kafka.KafkaListenerEndpointContainer#2-0-C-1] INFO  org.apache.kafka.clients.Metadata - [Consumer clientId=consumer-chat-service-group-1, groupId=chat-service-group] Cluster ID: wolyDQQhSWKU6CUaBOYRWA
2026-06-18 10:10:23 [org.springframework.kafka.KafkaListenerEndpointContainer#0-0-C-1] INFO  org.apache.kafka.clients.Metadata - [Consumer clientId=consumer-chat-service-group-2, groupId=chat-service-group] Cluster ID: wolyDQQhSWKU6CUaBOYRWA
2026-06-18 10:10:23 [org.springframework.kafka.KafkaListenerEndpointContainer#0-0-C-1] INFO  o.a.k.c.c.i.ConsumerCoordinator - [Consumer clientId=consumer-chat-service-group-2, groupId=chat-service-group] Discovered group coordinator localhost:9092 (id: 2147483646 rack: null)
2026-06-18 10:10:23 [main] INFO  c.chatservice.ChatServiceApplication - Started ChatServiceApplication in 10.14 seconds (process running for 10.751)
2026-06-18 10:10:23 [org.springframework.kafka.KafkaListenerEndpointContainer#0-0-C-1] INFO  o.a.k.c.c.i.ConsumerCoordinator - [Consumer clientId=consumer-chat-service-group-2, groupId=chat-service-group] (Re-)joining group
2026-06-18 10:10:23 [org.springframework.kafka.KafkaListenerEndpointContainer#2-0-C-1] INFO  o.a.k.c.c.i.ConsumerCoordinator - [Consumer clientId=consumer-chat-service-group-1, groupId=chat-service-group] Discovered group coordinator localhost:9092 (id: 2147483646 rack: null)
2026-06-18 10:10:23 [org.springframework.kafka.KafkaListenerEndpointContainer#2-0-C-1] INFO  o.a.k.c.c.i.ConsumerCoordinator - [Consumer clientId=consumer-chat-service-group-1, groupId=chat-service-group] (Re-)joining group
2026-06-18 10:10:23 [org.springframework.kafka.KafkaListenerEndpointContainer#1-0-C-1] INFO  org.apache.kafka.clients.Metadata - [Consumer clientId=consumer-chat-service-group-3, groupId=chat-service-group] Cluster ID: wolyDQQhSWKU6CUaBOYRWA
2026-06-18 10:10:23 [org.springframework.kafka.KafkaListenerEndpointContainer#1-0-C-1] INFO  o.a.k.c.c.i.ConsumerCoordinator - [Consumer clientId=consumer-chat-service-group-3, groupId=chat-service-group] Discovered group coordinator localhost:9092 (id: 2147483646 rack: null)
2026-06-18 10:10:23 [org.springframework.kafka.KafkaListenerEndpointContainer#1-0-C-1] INFO  o.a.k.c.c.i.ConsumerCoordinator - [Consumer clientId=consumer-chat-service-group-3, groupId=chat-service-group] (Re-)joining group
2026-06-18 10:10:23 [org.springframework.kafka.KafkaListenerEndpointContainer#0-0-C-1] INFO  o.a.k.c.c.i.ConsumerCoordinator - [Consumer clientId=consumer-chat-service-group-2, groupId=chat-service-group] Request joining group due to: need to re-join with the given member-id: consumer-chat-service-group-2-49943d29-2eab-497d-b051-1bd629b36b14
2026-06-18 10:10:23 [org.springframework.kafka.KafkaListenerEndpointContainer#0-0-C-1] INFO  o.a.k.c.c.i.ConsumerCoordinator - [Consumer clientId=consumer-chat-service-group-2, groupId=chat-service-group] Request joining group due to: rebalance failed due to 'The group member needs to have a valid member id before actually entering a consumer group.' (MemberIdRequiredException)
2026-06-18 10:10:23 [org.springframework.kafka.KafkaListenerEndpointContainer#0-0-C-1] INFO  o.a.k.c.c.i.ConsumerCoordinator - [Consumer clientId=consumer-chat-service-group-2, groupId=chat-service-group] (Re-)joining group
2026-06-18 10:10:23 [org.springframework.kafka.KafkaListenerEndpointContainer#1-0-C-1] INFO  o.a.k.c.c.i.ConsumerCoordinator - [Consumer clientId=consumer-chat-service-group-3, groupId=chat-service-group] Request joining group due to: need to re-join with the given member-id: consumer-chat-service-group-3-7ee05d4f-2c3c-45bf-9090-251858b32858
2026-06-18 10:10:23 [org.springframework.kafka.KafkaListenerEndpointContainer#1-0-C-1] INFO  o.a.k.c.c.i.ConsumerCoordinator - [Consumer clientId=consumer-chat-service-group-3, groupId=chat-service-group] Request joining group due to: rebalance failed due to 'The group member needs to have a valid member id before actually entering a consumer group.' (MemberIdRequiredException)
2026-06-18 10:10:23 [org.springframework.kafka.KafkaListenerEndpointContainer#1-0-C-1] INFO  o.a.k.c.c.i.ConsumerCoordinator - [Consumer clientId=consumer-chat-service-group-3, groupId=chat-service-group] (Re-)joining group
2026-06-18 10:10:23 [org.springframework.kafka.KafkaListenerEndpointContainer#2-0-C-1] INFO  o.a.k.c.c.i.ConsumerCoordinator - [Consumer clientId=consumer-chat-service-group-1, groupId=chat-service-group] Request joining group due to: need to re-join with the given member-id: consumer-chat-service-group-1-5539bcdb-9741-4ee6-9151-45307d287d0b
2026-06-18 10:10:23 [org.springframework.kafka.KafkaListenerEndpointContainer#2-0-C-1] INFO  o.a.k.c.c.i.ConsumerCoordinator - [Consumer clientId=consumer-chat-service-group-1, groupId=chat-service-group] Request joining group due to: rebalance failed due to 'The group member needs to have a valid member id before actually entering a consumer group.' (MemberIdRequiredException)
2026-06-18 10:10:23 [org.springframework.kafka.KafkaListenerEndpointContainer#2-0-C-1] INFO  o.a.k.c.c.i.ConsumerCoordinator - [Consumer clientId=consumer-chat-service-group-1, groupId=chat-service-group] (Re-)joining group
2026-06-18 10:10:26 [org.springframework.kafka.KafkaListenerEndpointContainer#2-0-C-1] INFO  o.a.k.c.c.i.ConsumerCoordinator - [Consumer clientId=consumer-chat-service-group-1, groupId=chat-service-group] Successfully joined group with generation Generation{generationId=88, memberId='consumer-chat-service-group-1-5539bcdb-9741-4ee6-9151-45307d287d0b', protocol='range'}
2026-06-18 10:10:26 [org.springframework.kafka.KafkaListenerEndpointContainer#1-0-C-1] INFO  o.a.k.c.c.i.ConsumerCoordinator - [Consumer clientId=consumer-chat-service-group-3, groupId=chat-service-group] Successfully joined group with generation Generation{generationId=88, memberId='consumer-chat-service-group-3-7ee05d4f-2c3c-45bf-9090-251858b32858', protocol='range'}
2026-06-18 10:10:26 [org.springframework.kafka.KafkaListenerEndpointContainer#0-0-C-1] INFO  o.a.k.c.c.i.ConsumerCoordinator - [Consumer clientId=consumer-chat-service-group-2, groupId=chat-service-group] Successfully joined group with generation Generation{generationId=88, memberId='consumer-chat-service-group-2-49943d29-2eab-497d-b051-1bd629b36b14', protocol='range'}
2026-06-18 10:10:26 [org.springframework.kafka.KafkaListenerEndpointContainer#0-0-C-1] INFO  o.a.k.c.c.i.ConsumerCoordinator - [Consumer clientId=consumer-chat-service-group-2, groupId=chat-service-group] Finished assignment for group at generation 88: {consumer-chat-service-group-3-7ee05d4f-2c3c-45bf-9090-251858b32858=Assignment(partitions=[chat.archived-0]), consumer-chat-service-group-1-5539bcdb-9741-4ee6-9151-45307d287d0b=Assignment(partitions=[chat.message.read-0, chat.message.read-1, chat.message.read-2]), consumer-chat-service-group-2-49943d29-2eab-497d-b051-1bd629b36b14=Assignment(partitions=[chat.message.delivered-0, chat.message.delivered-1, chat.message.delivered-2])}
2026-06-18 10:10:26 [org.springframework.kafka.KafkaListenerEndpointContainer#1-0-C-1] INFO  o.a.k.c.c.i.ConsumerCoordinator - [Consumer clientId=consumer-chat-service-group-3, groupId=chat-service-group] Successfully synced group in generation Generation{generationId=88, memberId='consumer-chat-service-group-3-7ee05d4f-2c3c-45bf-9090-251858b32858', protocol='range'}
2026-06-18 10:10:26 [org.springframework.kafka.KafkaListenerEndpointContainer#2-0-C-1] INFO  o.a.k.c.c.i.ConsumerCoordinator - [Consumer clientId=consumer-chat-service-group-1, groupId=chat-service-group] Successfully synced group in generation Generation{generationId=88, memberId='consumer-chat-service-group-1-5539bcdb-9741-4ee6-9151-45307d287d0b', protocol='range'}
2026-06-18 10:10:26 [org.springframework.kafka.KafkaListenerEndpointContainer#0-0-C-1] INFO  o.a.k.c.c.i.ConsumerCoordinator - [Consumer clientId=consumer-chat-service-group-2, groupId=chat-service-group] Successfully synced group in generation Generation{generationId=88, memberId='consumer-chat-service-group-2-49943d29-2eab-497d-b051-1bd629b36b14', protocol='range'}
2026-06-18 10:10:26 [org.springframework.kafka.KafkaListenerEndpointContainer#1-0-C-1] INFO  o.a.k.c.c.i.ConsumerCoordinator - [Consumer clientId=consumer-chat-service-group-3, groupId=chat-service-group] Notifying assignor about the new Assignment(partitions=[chat.archived-0])
2026-06-18 10:10:26 [org.springframework.kafka.KafkaListenerEndpointContainer#2-0-C-1] INFO  o.a.k.c.c.i.ConsumerCoordinator - [Consumer clientId=consumer-chat-service-group-1, groupId=chat-service-group] Notifying assignor about the new Assignment(partitions=[chat.message.read-0, chat.message.read-1, chat.message.read-2])
2026-06-18 10:10:26 [org.springframework.kafka.KafkaListenerEndpointContainer#0-0-C-1] INFO  o.a.k.c.c.i.ConsumerCoordinator - [Consumer clientId=consumer-chat-service-group-2, groupId=chat-service-group] Notifying assignor about the new Assignment(partitions=[chat.message.delivered-0, chat.message.delivered-1, chat.message.delivered-2])
2026-06-18 10:10:26 [org.springframework.kafka.KafkaListenerEndpointContainer#1-0-C-1] INFO  o.a.k.c.c.i.ConsumerCoordinator - [Consumer clientId=consumer-chat-service-group-3, groupId=chat-service-group] Adding newly assigned partitions: chat.archived-0
2026-06-18 10:10:26 [org.springframework.kafka.KafkaListenerEndpointContainer#2-0-C-1] INFO  o.a.k.c.c.i.ConsumerCoordinator - [Consumer clientId=consumer-chat-service-group-1, groupId=chat-service-group] Adding newly assigned partitions: chat.message.read-0, chat.message.read-1, chat.message.read-2
2026-06-18 10:10:26 [org.springframework.kafka.KafkaListenerEndpointContainer#0-0-C-1] INFO  o.a.k.c.c.i.ConsumerCoordinator - [Consumer clientId=consumer-chat-service-group-2, groupId=chat-service-group] Adding newly assigned partitions: chat.message.delivered-0, chat.message.delivered-1, chat.message.delivered-2
2026-06-18 10:10:26 [org.springframework.kafka.KafkaListenerEndpointContainer#1-0-C-1] INFO  o.a.k.c.c.i.ConsumerCoordinator - [Consumer clientId=consumer-chat-service-group-3, groupId=chat-service-group] Setting offset for partition chat.archived-0 to the committed offset FetchPosition{offset=7, offsetEpoch=Optional.empty, currentLeader=LeaderAndEpoch{leader=Optional[localhost:9092 (id: 1 rack: null)], epoch=0}}
2026-06-18 10:10:26 [org.springframework.kafka.KafkaListenerEndpointContainer#2-0-C-1] INFO  o.a.k.c.c.i.ConsumerCoordinator - [Consumer clientId=consumer-chat-service-group-1, groupId=chat-service-group] Setting offset for partition chat.message.read-0 to the committed offset FetchPosition{offset=616, offsetEpoch=Optional.empty, currentLeader=LeaderAndEpoch{leader=Optional[localhost:9092 (id: 1 rack: null)], epoch=0}}
2026-06-18 10:10:26 [org.springframework.kafka.KafkaListenerEndpointContainer#0-0-C-1] INFO  o.a.k.c.c.i.ConsumerCoordinator - [Consumer clientId=consumer-chat-service-group-2, groupId=chat-service-group] Found no committed offset for partition chat.message.delivered-2
2026-06-18 10:10:26 [org.springframework.kafka.KafkaListenerEndpointContainer#2-0-C-1] INFO  o.a.k.c.c.i.ConsumerCoordinator - [Consumer clientId=consumer-chat-service-group-1, groupId=chat-service-group] Setting offset for partition chat.message.read-1 to the committed offset FetchPosition{offset=282, offsetEpoch=Optional.empty, currentLeader=LeaderAndEpoch{leader=Optional[localhost:9092 (id: 1 rack: null)], epoch=0}}
2026-06-18 10:10:26 [org.springframework.kafka.KafkaListenerEndpointContainer#0-0-C-1] INFO  o.a.k.c.c.i.ConsumerCoordinator - [Consumer clientId=consumer-chat-service-group-2, groupId=chat-service-group] Found no committed offset for partition chat.message.delivered-1
2026-06-18 10:10:26 [org.springframework.kafka.KafkaListenerEndpointContainer#2-0-C-1] INFO  o.a.k.c.c.i.ConsumerCoordinator - [Consumer clientId=consumer-chat-service-group-1, groupId=chat-service-group] Setting offset for partition chat.message.read-2 to the committed offset FetchPosition{offset=141, offsetEpoch=Optional.empty, currentLeader=LeaderAndEpoch{leader=Optional[localhost:9092 (id: 1 rack: null)], epoch=0}}
2026-06-18 10:10:26 [org.springframework.kafka.KafkaListenerEndpointContainer#0-0-C-1] INFO  o.a.k.c.c.i.ConsumerCoordinator - [Consumer clientId=consumer-chat-service-group-2, groupId=chat-service-group] Found no committed offset for partition chat.message.delivered-0
2026-06-18 10:10:26 [org.springframework.kafka.KafkaListenerEndpointContainer#0-0-C-1] INFO  o.a.k.c.c.i.SubscriptionState - [Consumer clientId=consumer-chat-service-group-2, groupId=chat-service-group] Resetting offset for partition chat.message.delivered-2 to position FetchPosition{offset=0, offsetEpoch=Optional.empty, currentLeader=LeaderAndEpoch{leader=Optional[localhost:9092 (id: 1 rack: null)], epoch=0}}.
2026-06-18 10:10:26 [org.springframework.kafka.KafkaListenerEndpointContainer#0-0-C-1] INFO  o.a.k.c.c.i.SubscriptionState - [Consumer clientId=consumer-chat-service-group-2, groupId=chat-service-group] Resetting offset for partition chat.message.delivered-1 to position FetchPosition{offset=0, offsetEpoch=Optional.empty, currentLeader=LeaderAndEpoch{leader=Optional[localhost:9092 (id: 1 rack: null)], epoch=0}}.
2026-06-18 10:10:26 [org.springframework.kafka.KafkaListenerEndpointContainer#0-0-C-1] INFO  o.a.k.c.c.i.SubscriptionState - [Consumer clientId=consumer-chat-service-group-2, groupId=chat-service-group] Resetting offset for partition chat.message.delivered-0 to position FetchPosition{offset=0, offsetEpoch=Optional.empty, currentLeader=LeaderAndEpoch{leader=Optional[localhost:9092 (id: 1 rack: null)], epoch=0}}.
2026-06-18 10:11:22 [MessageBroker-1] INFO  o.s.w.s.c.WebSocketMessageBrokerStats - WebSocketSession[0 current WS(0)-HttpStream(0)-HttpPoll(0), 0 total, 0 closed abnormally (0 connect failure, 0 send limit, 0 transport error)], stompSubProtocol[processed CONNECT(0)-CONNECTED(0)-DISCONNECT(0)], stompBrokerRelay[null], inboundChannel[pool size = 0, active threads = 0, queued tasks = 0, completed tasks = 0], outboundChannel[pool size = 0, active threads = 0, queued tasks = 0, completed tasks = 0], sockJsScheduler[pool size = 1, active threads = 1, queued tasks = 0, completed tasks = 0]
2026-06-18 10:15:22 [AsyncResolver-bootstrap-executor-0] INFO  c.n.d.s.r.aws.ConfigClusterResolver - Resolving eureka endpoints via configuration
2026-06-18 10:19:23 [org.springframework.kafka.KafkaListenerEndpointContainer#2-0-C-1] INFO  o.apache.kafka.clients.NetworkClient - [Consumer clientId=consumer-chat-service-group-1, groupId=chat-service-group] Node -1 disconnected.
2026-06-18 10:19:23 [org.springframework.kafka.KafkaListenerEndpointContainer#1-0-C-1] INFO  o.apache.kafka.clients.NetworkClient - [Consumer clientId=consumer-chat-service-group-3, groupId=chat-service-group] Node -1 disconnected.
2026-06-18 10:19:23 [org.springframework.kafka.KafkaListenerEndpointContainer#0-0-C-1] INFO  o.apache.kafka.clients.NetworkClient - [Consumer clientId=consumer-chat-service-group-2, groupId=chat-service-group] Node -1 disconnected.
2026-06-18 10:20:22 [AsyncResolver-bootstrap-executor-0] INFO  c.n.d.s.r.aws.ConfigClusterResolver - Resolving eureka endpoints via configuration
2026-06-18 10:25:22 [AsyncResolver-bootstrap-executor-0] INFO  c.n.d.s.r.aws.ConfigClusterResolver - Resolving eureka endpoints via configuration
2026-06-18 10:27:43 [SpringApplicationShutdownHook] INFO  o.s.c.n.e.s.EurekaServiceRegistry - Unregistering application CHAT-SERVICE with eureka with status DOWN
2026-06-18 10:27:43 [SpringApplicationShutdownHook] INFO  c.netflix.discovery.DiscoveryClient - Saw local status change event StatusChangeEvent [timestamp=1781758663693, current=DOWN, previous=UP]
2026-06-18 10:27:43 [DiscoveryClient-InstanceInfoReplicator-0] INFO  c.netflix.discovery.DiscoveryClient - DiscoveryClient_CHAT-SERVICE/chat-service:8084: registering service...
2026-06-18 10:27:43 [SpringApplicationShutdownHook] INFO  o.s.m.s.b.SimpleBrokerMessageHandler - Stopping...
2026-06-18 10:27:43 [SpringApplicationShutdownHook] INFO  o.s.m.s.b.SimpleBrokerMessageHandler - BrokerAvailabilityEvent[available=false, SimpleBrokerMessageHandler [org.springframework.messaging.simp.broker.DefaultSubscriptionRegistry@f4c287]]
2026-06-18 10:27:43 [SpringApplicationShutdownHook] INFO  o.s.m.s.b.SimpleBrokerMessageHandler - Stopped.
2026-06-18 10:27:43 [org.springframework.kafka.KafkaListenerEndpointContainer#2-0-C-1] INFO  o.a.k.c.c.i.ConsumerCoordinator - [Consumer clientId=consumer-chat-service-group-1, groupId=chat-service-group] Revoke previously assigned partitions chat.message.read-0, chat.message.read-1, chat.message.read-2
2026-06-18 10:27:43 [org.springframework.kafka.KafkaListenerEndpointContainer#0-0-C-1] INFO  o.a.k.c.c.i.ConsumerCoordinator - [Consumer clientId=consumer-chat-service-group-2, groupId=chat-service-group] Revoke previously assigned partitions chat.message.delivered-0, chat.message.delivered-1, chat.message.delivered-2
2026-06-18 10:27:43 [org.springframework.kafka.KafkaListenerEndpointContainer#1-0-C-1] INFO  o.a.k.c.c.i.ConsumerCoordinator - [Consumer clientId=consumer-chat-service-group-3, groupId=chat-service-group] Revoke previously assigned partitions chat.archived-0
2026-06-18 10:27:43 [org.springframework.kafka.KafkaListenerEndpointContainer#0-0-C-1] INFO  o.a.k.c.c.i.ConsumerCoordinator - [Consumer clientId=consumer-chat-service-group-2, groupId=chat-service-group] Member consumer-chat-service-group-2-49943d29-2eab-497d-b051-1bd629b36b14 sending LeaveGroup request to coordinator localhost:9092 (id: 2147483646 rack: null) due to the consumer unsubscribed from all topics
2026-06-18 10:27:43 [org.springframework.kafka.KafkaListenerEndpointContainer#2-0-C-1] INFO  o.a.k.c.c.i.ConsumerCoordinator - [Consumer clientId=consumer-chat-service-group-1, groupId=chat-service-group] Member consumer-chat-service-group-1-5539bcdb-9741-4ee6-9151-45307d287d0b sending LeaveGroup request to coordinator localhost:9092 (id: 2147483646 rack: null) due to the consumer unsubscribed from all topics
2026-06-18 10:27:43 [org.springframework.kafka.KafkaListenerEndpointContainer#1-0-C-1] INFO  o.a.k.c.c.i.ConsumerCoordinator - [Consumer clientId=consumer-chat-service-group-3, groupId=chat-service-group] Member consumer-chat-service-group-3-7ee05d4f-2c3c-45bf-9090-251858b32858 sending LeaveGroup request to coordinator localhost:9092 (id: 2147483646 rack: null) due to the consumer unsubscribed from all topics
2026-06-18 10:27:43 [org.springframework.kafka.KafkaListenerEndpointContainer#2-0-C-1] INFO  o.a.k.c.c.i.ConsumerCoordinator - [Consumer clientId=consumer-chat-service-group-1, groupId=chat-service-group] Resetting generation and member id due to: consumer pro-actively leaving the group
2026-06-18 10:27:43 [org.springframework.kafka.KafkaListenerEndpointContainer#0-0-C-1] INFO  o.a.k.c.c.i.ConsumerCoordinator - [Consumer clientId=consumer-chat-service-group-2, groupId=chat-service-group] Resetting generation and member id due to: consumer pro-actively leaving the group
2026-06-18 10:27:43 [org.springframework.kafka.KafkaListenerEndpointContainer#1-0-C-1] INFO  o.a.k.c.c.i.ConsumerCoordinator - [Consumer clientId=consumer-chat-service-group-3, groupId=chat-service-group] Resetting generation and member id due to: consumer pro-actively leaving the group
2026-06-18 10:27:43 [org.springframework.kafka.KafkaListenerEndpointContainer#2-0-C-1] INFO  o.a.k.c.c.i.ConsumerCoordinator - [Consumer clientId=consumer-chat-service-group-1, groupId=chat-service-group] Request joining group due to: consumer pro-actively leaving the group
2026-06-18 10:27:43 [org.springframework.kafka.KafkaListenerEndpointContainer#0-0-C-1] INFO  o.a.k.c.c.i.ConsumerCoordinator - [Consumer clientId=consumer-chat-service-group-2, groupId=chat-service-group] Request joining group due to: consumer pro-actively leaving the group
2026-06-18 10:27:43 [org.springframework.kafka.KafkaListenerEndpointContainer#1-0-C-1] INFO  o.a.k.c.c.i.ConsumerCoordinator - [Consumer clientId=consumer-chat-service-group-3, groupId=chat-service-group] Request joining group due to: consumer pro-actively leaving the group
2026-06-18 10:27:43 [DiscoveryClient-InstanceInfoReplicator-0] INFO  c.netflix.discovery.DiscoveryClient - DiscoveryClient_CHAT-SERVICE/chat-service:8084 - registration status: 204
2026-06-18 10:27:43 [org.springframework.kafka.KafkaListenerEndpointContainer#0-0-C-1] INFO  o.a.k.c.c.i.ConsumerCoordinator - [Consumer clientId=consumer-chat-service-group-2, groupId=chat-service-group] Resetting generation and member id due to: consumer pro-actively leaving the group
2026-06-18 10:27:43 [org.springframework.kafka.KafkaListenerEndpointContainer#2-0-C-1] INFO  o.a.k.c.c.i.ConsumerCoordinator - [Consumer clientId=consumer-chat-service-group-1, groupId=chat-service-group] Resetting generation and member id due to: consumer pro-actively leaving the group
2026-06-18 10:27:43 [org.springframework.kafka.KafkaListenerEndpointContainer#1-0-C-1] INFO  o.a.k.c.c.i.ConsumerCoordinator - [Consumer clientId=consumer-chat-service-group-3, groupId=chat-service-group] Resetting generation and member id due to: consumer pro-actively leaving the group
2026-06-18 10:27:43 [org.springframework.kafka.KafkaListenerEndpointContainer#0-0-C-1] INFO  o.a.k.c.c.i.ConsumerCoordinator - [Consumer clientId=consumer-chat-service-group-2, groupId=chat-service-group] Request joining group due to: consumer pro-actively leaving the group
2026-06-18 10:27:43 [org.springframework.kafka.KafkaListenerEndpointContainer#2-0-C-1] INFO  o.a.k.c.c.i.ConsumerCoordinator - [Consumer clientId=consumer-chat-service-group-1, groupId=chat-service-group] Request joining group due to: consumer pro-actively leaving the group
2026-06-18 10:27:43 [org.springframework.kafka.KafkaListenerEndpointContainer#1-0-C-1] INFO  o.a.k.c.c.i.ConsumerCoordinator - [Consumer clientId=consumer-chat-service-group-3, groupId=chat-service-group] Request joining group due to: consumer pro-actively leaving the group
2026-06-18 10:27:43 [org.springframework.kafka.KafkaListenerEndpointContainer#1-0-C-1] INFO  o.a.kafka.common.metrics.Metrics - Metrics scheduler closed
2026-06-18 10:27:43 [org.springframework.kafka.KafkaListenerEndpointContainer#1-0-C-1] INFO  o.a.kafka.common.metrics.Metrics - Closing reporter org.apache.kafka.common.metrics.JmxReporter
2026-06-18 10:27:43 [org.springframework.kafka.KafkaListenerEndpointContainer#1-0-C-1] INFO  o.a.kafka.common.metrics.Metrics - Metrics reporters closed
2026-06-18 10:27:43 [org.springframework.kafka.KafkaListenerEndpointContainer#1-0-C-1] INFO  o.a.kafka.common.utils.AppInfoParser - App info kafka.consumer for consumer-chat-service-group-3 unregistered
2026-06-18 10:27:43 [org.springframework.kafka.KafkaListenerEndpointContainer#0-0-C-1] INFO  o.a.kafka.common.metrics.Metrics - Metrics scheduler closed
2026-06-18 10:27:43 [org.springframework.kafka.KafkaListenerEndpointContainer#0-0-C-1] INFO  o.a.kafka.common.metrics.Metrics - Closing reporter org.apache.kafka.common.metrics.JmxReporter
2026-06-18 10:27:43 [org.springframework.kafka.KafkaListenerEndpointContainer#0-0-C-1] INFO  o.a.kafka.common.metrics.Metrics - Metrics reporters closed
2026-06-18 10:27:43 [org.springframework.kafka.KafkaListenerEndpointContainer#0-0-C-1] INFO  o.a.kafka.common.utils.AppInfoParser - App info kafka.consumer for consumer-chat-service-group-2 unregistered
2026-06-18 10:27:44 [org.springframework.kafka.KafkaListenerEndpointContainer#2-0-C-1] INFO  o.a.kafka.common.metrics.Metrics - Metrics scheduler closed
2026-06-18 10:27:44 [org.springframework.kafka.KafkaListenerEndpointContainer#2-0-C-1] INFO  o.a.kafka.common.metrics.Metrics - Closing reporter org.apache.kafka.common.metrics.JmxReporter
2026-06-18 10:27:44 [org.springframework.kafka.KafkaListenerEndpointContainer#2-0-C-1] INFO  o.a.kafka.common.metrics.Metrics - Metrics reporters closed
2026-06-18 10:27:44 [org.springframework.kafka.KafkaListenerEndpointContainer#2-0-C-1] INFO  o.a.kafka.common.utils.AppInfoParser - App info kafka.consumer for consumer-chat-service-group-1 unregistered
2026-06-18 10:27:44 [SpringApplicationShutdownHook] INFO  o.s.o.j.LocalContainerEntityManagerFactoryBean - Closing JPA EntityManagerFactory for persistence unit 'default'
2026-06-18 10:27:44 [SpringApplicationShutdownHook] INFO  com.zaxxer.hikari.HikariDataSource - HikariPool-1 - Shutdown initiated...
2026-06-18 10:27:44 [SpringApplicationShutdownHook] INFO  com.zaxxer.hikari.HikariDataSource - HikariPool-1 - Shutdown completed.
2026-06-18 10:27:44 [SpringApplicationShutdownHook] INFO  c.netflix.discovery.DiscoveryClient - Shutting down DiscoveryClient ...
2026-06-18 10:27:47 [SpringApplicationShutdownHook] INFO  c.netflix.discovery.DiscoveryClient - Unregistering ...
2026-06-18 10:27:47 [SpringApplicationShutdownHook] INFO  c.n.d.s.t.d.RedirectingEurekaHttpClient - Request execution error. endpoint=DefaultEndpoint{ serviceUrl='http://localhost:8761/eureka/} exception=Connection pool shut down stacktrace=java.lang.IllegalStateException: Connection pool shut down
	at org.apache.hc.core5.util.Asserts.check(Asserts.java:38)
	at org.apache.hc.core5.pool.StrictConnPool.lease(StrictConnPool.java:176)
	at org.apache.hc.client5.http.impl.io.PoolingHttpClientConnectionManager.lease(PoolingHttpClientConnectionManager.java:298)
	at org.apache.hc.client5.http.impl.classic.InternalExecRuntime.acquireEndpoint(InternalExecRuntime.java:103)
	at org.apache.hc.client5.http.impl.classic.ConnectExec.execute(ConnectExec.java:125)
	at org.apache.hc.client5.http.impl.classic.ExecChainElement.execute(ExecChainElement.java:51)
	at org.apache.hc.client5.http.impl.classic.ProtocolExec.execute(ProtocolExec.java:192)
	at org.apache.hc.client5.http.impl.classic.ExecChainElement.execute(ExecChainElement.java:51)
	at org.apache.hc.client5.http.impl.classic.HttpRequestRetryExec.execute(HttpRequestRetryExec.java:96)
	at org.apache.hc.client5.http.impl.classic.ExecChainElement.execute(ExecChainElement.java:51)
	at org.apache.hc.client5.http.impl.classic.ContentCompressionExec.execute(ContentCompressionExec.java:152)
	at org.apache.hc.client5.http.impl.classic.ExecChainElement.execute(ExecChainElement.java:51)
	at org.apache.hc.client5.http.impl.classic.RedirectExec.execute(RedirectExec.java:115)
	at org.apache.hc.client5.http.impl.classic.ExecChainElement.execute(ExecChainElement.java:51)
	at org.apache.hc.client5.http.impl.classic.InternalHttpClient.doExecute(InternalHttpClient.java:170)
	at org.apache.hc.client5.http.impl.classic.CloseableHttpClient.execute(CloseableHttpClient.java:87)
	at org.apache.hc.client5.http.impl.classic.CloseableHttpClient.execute(CloseableHttpClient.java:55)
	at org.apache.hc.client5.http.classic.HttpClient.executeOpen(HttpClient.java:183)
	at org.springframework.http.client.HttpComponentsClientHttpRequest.executeInternal(HttpComponentsClientHttpRequest.java:95)
	at org.springframework.http.client.AbstractStreamingClientHttpRequest.executeInternal(AbstractStreamingClientHttpRequest.java:70)
	at org.springframework.http.client.AbstractClientHttpRequest.execute(AbstractClientHttpRequest.java:66)
	at org.springframework.http.client.InterceptingClientHttpRequest$InterceptingRequestExecution.execute(InterceptingClientHttpRequest.java:112)
	at org.springframework.cloud.netflix.eureka.http.RestTemplateTransportClientFactory.lambda$restTemplate$0(RestTemplateTransportClientFactory.java:143)
	at org.springframework.http.client.InterceptingClientHttpRequest$InterceptingRequestExecution.execute(InterceptingClientHttpRequest.java:88)
	at org.springframework.http.client.InterceptingClientHttpRequest.executeInternal(InterceptingClientHttpRequest.java:72)
	at org.springframework.http.client.AbstractBufferingClientHttpRequest.executeInternal(AbstractBufferingClientHttpRequest.java:48)
	at org.springframework.http.client.AbstractClientHttpRequest.execute(AbstractClientHttpRequest.java:66)
	at org.springframework.web.client.RestTemplate.doExecute(RestTemplate.java:889)
	at org.springframework.web.client.RestTemplate.execute(RestTemplate.java:790)
	at org.springframework.web.client.RestTemplate.exchange(RestTemplate.java:672)
	at org.springframework.cloud.netflix.eureka.http.RestTemplateEurekaHttpClient.cancel(RestTemplateEurekaHttpClient.java:87)
	at com.netflix.discovery.shared.transport.decorator.EurekaHttpClientDecorator$2.execute(EurekaHttpClientDecorator.java:74)
	at com.netflix.discovery.shared.transport.decorator.RedirectingEurekaHttpClient.execute(RedirectingEurekaHttpClient.java:91)
	at com.netflix.discovery.shared.transport.decorator.EurekaHttpClientDecorator.cancel(EurekaHttpClientDecorator.java:71)
	at com.netflix.discovery.shared.transport.decorator.EurekaHttpClientDecorator$2.execute(EurekaHttpClientDecorator.java:74)
	at com.netflix.discovery.shared.transport.decorator.RetryableEurekaHttpClient.execute(RetryableEurekaHttpClient.java:120)
	at com.netflix.discovery.shared.transport.decorator.EurekaHttpClientDecorator.cancel(EurekaHttpClientDecorator.java:71)
	at com.netflix.discovery.shared.transport.decorator.EurekaHttpClientDecorator$2.execute(EurekaHttpClientDecorator.java:74)
	at com.netflix.discovery.shared.transport.decorator.SessionedEurekaHttpClient.execute(SessionedEurekaHttpClient.java:77)
	at com.netflix.discovery.shared.transport.decorator.EurekaHttpClientDecorator.cancel(EurekaHttpClientDecorator.java:71)
	at com.netflix.discovery.DiscoveryClient.unregister(DiscoveryClient.java:916)
	at com.netflix.discovery.DiscoveryClient.shutdown(DiscoveryClient.java:892)
	at java.base/jdk.internal.reflect.NativeMethodAccessorImpl.invoke0(Native Method)
	at java.base/jdk.internal.reflect.NativeMethodAccessorImpl.invoke(NativeMethodAccessorImpl.java:77)
	at java.base/jdk.internal.reflect.DelegatingMethodAccessorImpl.invoke(DelegatingMethodAccessorImpl.java:43)
	at java.base/java.lang.reflect.Method.invoke(Method.java:569)
	at org.springframework.beans.factory.annotation.InitDestroyAnnotationBeanPostProcessor$LifecycleMethod.invoke(InitDestroyAnnotationBeanPostProcessor.java:457)
	at org.springframework.beans.factory.annotation.InitDestroyAnnotationBeanPostProcessor$LifecycleMetadata.invokeDestroyMethods(InitDestroyAnnotationBeanPostProcessor.java:415)
	at org.springframework.beans.factory.annotation.InitDestroyAnnotationBeanPostProcessor.postProcessBeforeDestruction(InitDestroyAnnotationBeanPostProcessor.java:239)
	at org.springframework.beans.factory.support.DisposableBeanAdapter.destroy(DisposableBeanAdapter.java:202)
	at org.springframework.beans.factory.support.DisposableBeanAdapter.run(DisposableBeanAdapter.java:195)
	at org.springframework.cloud.context.scope.GenericScope$BeanLifecycleWrapper.destroy(GenericScope.java:389)
	at org.springframework.cloud.context.scope.GenericScope.destroy(GenericScope.java:136)
	at org.springframework.beans.factory.support.DisposableBeanAdapter.destroy(DisposableBeanAdapter.java:211)
	at org.springframework.beans.factory.support.DefaultSingletonBeanRegistry.destroyBean(DefaultSingletonBeanRegistry.java:587)
	at org.springframework.beans.factory.support.DefaultSingletonBeanRegistry.destroySingleton(DefaultSingletonBeanRegistry.java:559)
	at org.springframework.beans.factory.support.DefaultListableBeanFactory.destroySingleton(DefaultListableBeanFactory.java:1202)
	at org.springframework.beans.factory.support.DefaultSingletonBeanRegistry.destroySingletons(DefaultSingletonBeanRegistry.java:520)
	at org.springframework.beans.factory.support.DefaultListableBeanFactory.destroySingletons(DefaultListableBeanFactory.java:1195)
	at org.springframework.context.support.AbstractApplicationContext.destroyBeans(AbstractApplicationContext.java:1183)
	at org.springframework.context.support.AbstractApplicationContext.doClose(AbstractApplicationContext.java:1144)
	at org.springframework.boot.web.servlet.context.ServletWebServerApplicationContext.doClose(ServletWebServerApplicationContext.java:174)
	at org.springframework.context.support.AbstractApplicationContext.close(AbstractApplicationContext.java:1090)
	at org.springframework.boot.SpringApplicationShutdownHook.closeAndWait(SpringApplicationShutdownHook.java:145)
	at java.base/java.lang.Iterable.forEach(Iterable.java:75)
	at org.springframework.boot.SpringApplicationShutdownHook.run(SpringApplicationShutdownHook.java:114)
	at java.base/java.lang.Thread.run(Thread.java:840)

2026-06-18 10:27:47 [SpringApplicationShutdownHook] WARN  c.n.d.s.t.d.RetryableEurekaHttpClient - Request execution failed with message: Connection pool shut down
2026-06-18 10:27:47 [SpringApplicationShutdownHook] INFO  c.n.d.s.t.d.RedirectingEurekaHttpClient - Request execution error. endpoint=DefaultEndpoint{ serviceUrl='http://localhost:8761/eureka/}, exception=Connection pool shut down stacktrace=java.lang.IllegalStateException: Connection pool shut down
	at org.apache.hc.core5.util.Asserts.check(Asserts.java:38)
	at org.apache.hc.core5.pool.StrictConnPool.lease(StrictConnPool.java:176)
	at org.apache.hc.client5.http.impl.io.PoolingHttpClientConnectionManager.lease(PoolingHttpClientConnectionManager.java:298)
	at org.apache.hc.client5.http.impl.classic.InternalExecRuntime.acquireEndpoint(InternalExecRuntime.java:103)
	at org.apache.hc.client5.http.impl.classic.ConnectExec.execute(ConnectExec.java:125)
	at org.apache.hc.client5.http.impl.classic.ExecChainElement.execute(ExecChainElement.java:51)
	at org.apache.hc.client5.http.impl.classic.ProtocolExec.execute(ProtocolExec.java:192)
	at org.apache.hc.client5.http.impl.classic.ExecChainElement.execute(ExecChainElement.java:51)
	at org.apache.hc.client5.http.impl.classic.HttpRequestRetryExec.execute(HttpRequestRetryExec.java:96)
	at org.apache.hc.client5.http.impl.classic.ExecChainElement.execute(ExecChainElement.java:51)
	at org.apache.hc.client5.http.impl.classic.ContentCompressionExec.execute(ContentCompressionExec.java:152)
	at org.apache.hc.client5.http.impl.classic.ExecChainElement.execute(ExecChainElement.java:51)
	at org.apache.hc.client5.http.impl.classic.RedirectExec.execute(RedirectExec.java:115)
	at org.apache.hc.client5.http.impl.classic.ExecChainElement.execute(ExecChainElement.java:51)
	at org.apache.hc.client5.http.impl.classic.InternalHttpClient.doExecute(InternalHttpClient.java:170)
	at org.apache.hc.client5.http.impl.classic.CloseableHttpClient.execute(CloseableHttpClient.java:87)
	at org.apache.hc.client5.http.impl.classic.CloseableHttpClient.execute(CloseableHttpClient.java:55)
	at org.apache.hc.client5.http.classic.HttpClient.executeOpen(HttpClient.java:183)
	at org.springframework.http.client.HttpComponentsClientHttpRequest.executeInternal(HttpComponentsClientHttpRequest.java:95)
	at org.springframework.http.client.AbstractStreamingClientHttpRequest.executeInternal(AbstractStreamingClientHttpRequest.java:70)
	at org.springframework.http.client.AbstractClientHttpRequest.execute(AbstractClientHttpRequest.java:66)
	at org.springframework.http.client.InterceptingClientHttpRequest$InterceptingRequestExecution.execute(InterceptingClientHttpRequest.java:112)
	at org.springframework.cloud.netflix.eureka.http.RestTemplateTransportClientFactory.lambda$restTemplate$0(RestTemplateTransportClientFactory.java:143)
	at org.springframework.http.client.InterceptingClientHttpRequest$InterceptingRequestExecution.execute(InterceptingClientHttpRequest.java:88)
	at org.springframework.http.client.InterceptingClientHttpRequest.executeInternal(InterceptingClientHttpRequest.java:72)
	at org.springframework.http.client.AbstractBufferingClientHttpRequest.executeInternal(AbstractBufferingClientHttpRequest.java:48)
	at org.springframework.http.client.AbstractClientHttpRequest.execute(AbstractClientHttpRequest.java:66)
	at org.springframework.web.client.RestTemplate.doExecute(RestTemplate.java:889)
	at org.springframework.web.client.RestTemplate.execute(RestTemplate.java:790)
	at org.springframework.web.client.RestTemplate.exchange(RestTemplate.java:672)
	at org.springframework.cloud.netflix.eureka.http.RestTemplateEurekaHttpClient.cancel(RestTemplateEurekaHttpClient.java:87)
	at com.netflix.discovery.shared.transport.decorator.EurekaHttpClientDecorator$2.execute(EurekaHttpClientDecorator.java:74)
	at com.netflix.discovery.shared.transport.decorator.RedirectingEurekaHttpClient.executeOnNewServer(RedirectingEurekaHttpClient.java:121)
	at com.netflix.discovery.shared.transport.decorator.RedirectingEurekaHttpClient.execute(RedirectingEurekaHttpClient.java:80)
	at com.netflix.discovery.shared.transport.decorator.EurekaHttpClientDecorator.cancel(EurekaHttpClientDecorator.java:71)
	at com.netflix.discovery.shared.transport.decorator.EurekaHttpClientDecorator$2.execute(EurekaHttpClientDecorator.java:74)
	at com.netflix.discovery.shared.transport.decorator.RetryableEurekaHttpClient.execute(RetryableEurekaHttpClient.java:120)
	at com.netflix.discovery.shared.transport.decorator.EurekaHttpClientDecorator.cancel(EurekaHttpClientDecorator.java:71)
	at com.netflix.discovery.shared.transport.decorator.EurekaHttpClientDecorator$2.execute(EurekaHttpClientDecorator.java:74)
	at com.netflix.discovery.shared.transport.decorator.SessionedEurekaHttpClient.execute(SessionedEurekaHttpClient.java:77)
	at com.netflix.discovery.shared.transport.decorator.EurekaHttpClientDecorator.cancel(EurekaHttpClientDecorator.java:71)
	at com.netflix.discovery.DiscoveryClient.unregister(DiscoveryClient.java:916)
	at com.netflix.discovery.DiscoveryClient.shutdown(DiscoveryClient.java:892)
	at java.base/jdk.internal.reflect.NativeMethodAccessorImpl.invoke0(Native Method)
	at java.base/jdk.internal.reflect.NativeMethodAccessorImpl.invoke(NativeMethodAccessorImpl.java:77)
	at java.base/jdk.internal.reflect.DelegatingMethodAccessorImpl.invoke(DelegatingMethodAccessorImpl.java:43)
	at java.base/java.lang.reflect.Method.invoke(Method.java:569)
	at org.springframework.beans.factory.annotation.InitDestroyAnnotationBeanPostProcessor$LifecycleMethod.invoke(InitDestroyAnnotationBeanPostProcessor.java:457)
	at org.springframework.beans.factory.annotation.InitDestroyAnnotationBeanPostProcessor$LifecycleMetadata.invokeDestroyMethods(InitDestroyAnnotationBeanPostProcessor.java:415)
	at org.springframework.beans.factory.annotation.InitDestroyAnnotationBeanPostProcessor.postProcessBeforeDestruction(InitDestroyAnnotationBeanPostProcessor.java:239)
	at org.springframework.beans.factory.support.DisposableBeanAdapter.destroy(DisposableBeanAdapter.java:202)
	at org.springframework.beans.factory.support.DisposableBeanAdapter.run(DisposableBeanAdapter.java:195)
	at org.springframework.cloud.context.scope.GenericScope$BeanLifecycleWrapper.destroy(GenericScope.java:389)
	at org.springframework.cloud.context.scope.GenericScope.destroy(GenericScope.java:136)
	at org.springframework.beans.factory.support.DisposableBeanAdapter.destroy(DisposableBeanAdapter.java:211)
	at org.springframework.beans.factory.support.DefaultSingletonBeanRegistry.destroyBean(DefaultSingletonBeanRegistry.java:587)
	at org.springframework.beans.factory.support.DefaultSingletonBeanRegistry.destroySingleton(DefaultSingletonBeanRegistry.java:559)
	at org.springframework.beans.factory.support.DefaultListableBeanFactory.destroySingleton(DefaultListableBeanFactory.java:1202)
	at org.springframework.beans.factory.support.DefaultSingletonBeanRegistry.destroySingletons(DefaultSingletonBeanRegistry.java:520)
	at org.springframework.beans.factory.support.DefaultListableBeanFactory.destroySingletons(DefaultListableBeanFactory.java:1195)
	at org.springframework.context.support.AbstractApplicationContext.destroyBeans(AbstractApplicationContext.java:1183)
	at org.springframework.context.support.AbstractApplicationContext.doClose(AbstractApplicationContext.java:1144)
	at org.springframework.boot.web.servlet.context.ServletWebServerApplicationContext.doClose(ServletWebServerApplicationContext.java:174)
	at org.springframework.context.support.AbstractApplicationContext.close(AbstractApplicationContext.java:1090)
	at org.springframework.boot.SpringApplicationShutdownHook.closeAndWait(SpringApplicationShutdownHook.java:145)
	at java.base/java.lang.Iterable.forEach(Iterable.java:75)
	at org.springframework.boot.SpringApplicationShutdownHook.run(SpringApplicationShutdownHook.java:114)
	at java.base/java.lang.Thread.run(Thread.java:840)

2026-06-18 10:27:47 [SpringApplicationShutdownHook] WARN  c.n.d.s.t.d.RetryableEurekaHttpClient - Request execution failed with message: Connection pool shut down
2026-06-18 10:27:47 [SpringApplicationShutdownHook] ERROR c.netflix.discovery.DiscoveryClient - DiscoveryClient_CHAT-SERVICE/chat-service:8084 - de-registration failedCannot execute request on any known server
com.netflix.discovery.shared.transport.TransportException: Cannot execute request on any known server
	at com.netflix.discovery.shared.transport.decorator.RetryableEurekaHttpClient.execute(RetryableEurekaHttpClient.java:112)
	at com.netflix.discovery.shared.transport.decorator.EurekaHttpClientDecorator.cancel(EurekaHttpClientDecorator.java:71)
	at com.netflix.discovery.shared.transport.decorator.EurekaHttpClientDecorator$2.execute(EurekaHttpClientDecorator.java:74)
	at com.netflix.discovery.shared.transport.decorator.SessionedEurekaHttpClient.execute(SessionedEurekaHttpClient.java:77)
	at com.netflix.discovery.shared.transport.decorator.EurekaHttpClientDecorator.cancel(EurekaHttpClientDecorator.java:71)
	at com.netflix.discovery.DiscoveryClient.unregister(DiscoveryClient.java:916)
	at com.netflix.discovery.DiscoveryClient.shutdown(DiscoveryClient.java:892)
	at java.base/jdk.internal.reflect.NativeMethodAccessorImpl.invoke0(Native Method)
	at java.base/jdk.internal.reflect.NativeMethodAccessorImpl.invoke(NativeMethodAccessorImpl.java:77)
	at java.base/jdk.internal.reflect.DelegatingMethodAccessorImpl.invoke(DelegatingMethodAccessorImpl.java:43)
	at java.base/java.lang.reflect.Method.invoke(Method.java:569)
	at org.springframework.beans.factory.annotation.InitDestroyAnnotationBeanPostProcessor$LifecycleMethod.invoke(InitDestroyAnnotationBeanPostProcessor.java:457)
	at org.springframework.beans.factory.annotation.InitDestroyAnnotationBeanPostProcessor$LifecycleMetadata.invokeDestroyMethods(InitDestroyAnnotationBeanPostProcessor.java:415)
	at org.springframework.beans.factory.annotation.InitDestroyAnnotationBeanPostProcessor.postProcessBeforeDestruction(InitDestroyAnnotationBeanPostProcessor.java:239)
	at org.springframework.beans.factory.support.DisposableBeanAdapter.destroy(DisposableBeanAdapter.java:202)
	at org.springframework.beans.factory.support.DisposableBeanAdapter.run(DisposableBeanAdapter.java:195)
	at org.springframework.cloud.context.scope.GenericScope$BeanLifecycleWrapper.destroy(GenericScope.java:389)
	at org.springframework.cloud.context.scope.GenericScope.destroy(GenericScope.java:136)
	at org.springframework.beans.factory.support.DisposableBeanAdapter.destroy(DisposableBeanAdapter.java:211)
	at org.springframework.beans.factory.support.DefaultSingletonBeanRegistry.destroyBean(DefaultSingletonBeanRegistry.java:587)
	at org.springframework.beans.factory.support.DefaultSingletonBeanRegistry.destroySingleton(DefaultSingletonBeanRegistry.java:559)
	at org.springframework.beans.factory.support.DefaultListableBeanFactory.destroySingleton(DefaultListableBeanFactory.java:1202)
	at org.springframework.beans.factory.support.DefaultSingletonBeanRegistry.destroySingletons(DefaultSingletonBeanRegistry.java:520)
	at org.springframework.beans.factory.support.DefaultListableBeanFactory.destroySingletons(DefaultListableBeanFactory.java:1195)
	at org.springframework.context.support.AbstractApplicationContext.destroyBeans(AbstractApplicationContext.java:1183)
	at org.springframework.context.support.AbstractApplicationContext.doClose(AbstractApplicationContext.java:1144)
	at org.springframework.boot.web.servlet.context.ServletWebServerApplicationContext.doClose(ServletWebServerApplicationContext.java:174)
	at org.springframework.context.support.AbstractApplicationContext.close(AbstractApplicationContext.java:1090)
	at org.springframework.boot.SpringApplicationShutdownHook.closeAndWait(SpringApplicationShutdownHook.java:145)
	at java.base/java.lang.Iterable.forEach(Iterable.java:75)
	at org.springframework.boot.SpringApplicationShutdownHook.run(SpringApplicationShutdownHook.java:114)
	at java.base/java.lang.Thread.run(Thread.java:840)
2026-06-18 10:27:47 [SpringApplicationShutdownHook] INFO  c.netflix.discovery.DiscoveryClient - Completed shut down of DiscoveryClient
2026-06-18 10:28:08 [main] INFO  c.chatservice.ChatServiceApplication - Starting ChatServiceApplication using Java 17.0.17 with PID 11104 (C:\Users\Administrator\Desktop\Radius-git\Radius\chat-service\target\classes started by Administrator in C:\Users\Administrator\Desktop\Radius-git\Radius\chat-service)
2026-06-18 10:28:08 [main] DEBUG c.chatservice.ChatServiceApplication - Running with Spring Boot v3.2.3, Spring v6.1.4
2026-06-18 10:28:08 [main] INFO  c.chatservice.ChatServiceApplication - No active profile set, falling back to 1 default profile: "default"
2026-06-18 10:28:09 [main] INFO  o.s.d.r.c.RepositoryConfigurationDelegate - Multiple Spring Data modules found, entering strict repository configuration mode
2026-06-18 10:28:09 [main] INFO  o.s.d.r.c.RepositoryConfigurationDelegate - Bootstrapping Spring Data JPA repositories in DEFAULT mode.
2026-06-18 10:28:09 [main] INFO  o.s.d.r.c.RepositoryConfigurationDelegate - Finished Spring Data repository scanning in 204 ms. Found 20 JPA repository interfaces.
2026-06-18 10:28:09 [main] INFO  o.s.d.r.c.RepositoryConfigurationDelegate - Multiple Spring Data modules found, entering strict repository configuration mode
2026-06-18 10:28:09 [main] INFO  o.s.d.r.c.RepositoryConfigurationDelegate - Bootstrapping Spring Data Redis repositories in DEFAULT mode.
2026-06-18 10:28:09 [main] INFO  o.s.d.r.c.RepositoryConfigurationExtensionSupport - Spring Data Redis - Could not safely identify store assignment for repository candidate interface com.chatservice.ai.repository.AiConversationRepository; If you want this repository to be a Redis repository, consider annotating your entities with one of these annotations: org.springframework.data.redis.core.RedisHash (preferred), or consider extending one of the following types with your repository: org.springframework.data.keyvalue.repository.KeyValueRepository
2026-06-18 10:28:09 [main] INFO  o.s.d.r.c.RepositoryConfigurationExtensionSupport - Spring Data Redis - Could not safely identify store assignment for repository candidate interface com.chatservice.ai.repository.AiMessageRepository; If you want this repository to be a Redis repository, consider annotating your entities with one of these annotations: org.springframework.data.redis.core.RedisHash (preferred), or consider extending one of the following types with your repository: org.springframework.data.keyvalue.repository.KeyValueRepository
2026-06-18 10:28:09 [main] INFO  o.s.d.r.c.RepositoryConfigurationExtensionSupport - Spring Data Redis - Could not safely identify store assignment for repository candidate interface com.chatservice.repository.ArchivedChatRepository; If you want this repository to be a Redis repository, consider annotating your entities with one of these annotations: org.springframework.data.redis.core.RedisHash (preferred), or consider extending one of the following types with your repository: org.springframework.data.keyvalue.repository.KeyValueRepository
2026-06-18 10:28:09 [main] INFO  o.s.d.r.c.RepositoryConfigurationExtensionSupport - Spring Data Redis - Could not safely identify store assignment for repository candidate interface com.chatservice.repository.CallSessionRepository; If you want this repository to be a Redis repository, consider annotating your entities with one of these annotations: org.springframework.data.redis.core.RedisHash (preferred), or consider extending one of the following types with your repository: org.springframework.data.keyvalue.repository.KeyValueRepository
2026-06-18 10:28:09 [main] INFO  o.s.d.r.c.RepositoryConfigurationExtensionSupport - Spring Data Redis - Could not safely identify store assignment for repository candidate interface com.chatservice.repository.ChatParticipantRepository; If you want this repository to be a Redis repository, consider annotating your entities with one of these annotations: org.springframework.data.redis.core.RedisHash (preferred), or consider extending one of the following types with your repository: org.springframework.data.keyvalue.repository.KeyValueRepository
2026-06-18 10:28:09 [main] INFO  o.s.d.r.c.RepositoryConfigurationExtensionSupport - Spring Data Redis - Could not safely identify store assignment for repository candidate interface com.chatservice.repository.ChatRepository; If you want this repository to be a Redis repository, consider annotating your entities with one of these annotations: org.springframework.data.redis.core.RedisHash (preferred), or consider extending one of the following types with your repository: org.springframework.data.keyvalue.repository.KeyValueRepository
2026-06-18 10:28:09 [main] INFO  o.s.d.r.c.RepositoryConfigurationExtensionSupport - Spring Data Redis - Could not safely identify store assignment for repository candidate interface com.chatservice.repository.ChatSearchIndexRepository; If you want this repository to be a Redis repository, consider annotating your entities with one of these annotations: org.springframework.data.redis.core.RedisHash (preferred), or consider extending one of the following types with your repository: org.springframework.data.keyvalue.repository.KeyValueRepository
2026-06-18 10:28:09 [main] INFO  o.s.d.r.c.RepositoryConfigurationExtensionSupport - Spring Data Redis - Could not safely identify store assignment for repository candidate interface com.chatservice.repository.ChatSettingsRepository; If you want this repository to be a Redis repository, consider annotating your entities with one of these annotations: org.springframework.data.redis.core.RedisHash (preferred), or consider extending one of the following types with your repository: org.springframework.data.keyvalue.repository.KeyValueRepository
2026-06-18 10:28:09 [main] INFO  o.s.d.r.c.RepositoryConfigurationExtensionSupport - Spring Data Redis - Could not safely identify store assignment for repository candidate interface com.chatservice.repository.CommunityGroupLinkRepository; If you want this repository to be a Redis repository, consider annotating your entities with one of these annotations: org.springframework.data.redis.core.RedisHash (preferred), or consider extending one of the following types with your repository: org.springframework.data.keyvalue.repository.KeyValueRepository
2026-06-18 10:28:09 [main] INFO  o.s.d.r.c.RepositoryConfigurationExtensionSupport - Spring Data Redis - Could not safely identify store assignment for repository candidate interface com.chatservice.repository.CommunityInviteRepository; If you want this repository to be a Redis repository, consider annotating your entities with one of these annotations: org.springframework.data.redis.core.RedisHash (preferred), or consider extending one of the following types with your repository: org.springframework.data.keyvalue.repository.KeyValueRepository
2026-06-18 10:28:09 [main] INFO  o.s.d.r.c.RepositoryConfigurationExtensionSupport - Spring Data Redis - Could not safely identify store assignment for repository candidate interface com.chatservice.repository.CommunityJoinRequestRepository; If you want this repository to be a Redis repository, consider annotating your entities with one of these annotations: org.springframework.data.redis.core.RedisHash (preferred), or consider extending one of the following types with your repository: org.springframework.data.keyvalue.repository.KeyValueRepository
2026-06-18 10:28:09 [main] INFO  o.s.d.r.c.RepositoryConfigurationExtensionSupport - Spring Data Redis - Could not safely identify store assignment for repository candidate interface com.chatservice.repository.CommunityMemberRepository; If you want this repository to be a Redis repository, consider annotating your entities with one of these annotations: org.springframework.data.redis.core.RedisHash (preferred), or consider extending one of the following types with your repository: org.springframework.data.keyvalue.repository.KeyValueRepository
2026-06-18 10:28:09 [main] INFO  o.s.d.r.c.RepositoryConfigurationExtensionSupport - Spring Data Redis - Could not safely identify store assignment for repository candidate interface com.chatservice.repository.CommunityRepository; If you want this repository to be a Redis repository, consider annotating your entities with one of these annotations: org.springframework.data.redis.core.RedisHash (preferred), or consider extending one of the following types with your repository: org.springframework.data.keyvalue.repository.KeyValueRepository
2026-06-18 10:28:09 [main] INFO  o.s.d.r.c.RepositoryConfigurationExtensionSupport - Spring Data Redis - Could not safely identify store assignment for repository candidate interface com.chatservice.repository.GroupEventRepository; If you want this repository to be a Redis repository, consider annotating your entities with one of these annotations: org.springframework.data.redis.core.RedisHash (preferred), or consider extending one of the following types with your repository: org.springframework.data.keyvalue.repository.KeyValueRepository
2026-06-18 10:28:09 [main] INFO  o.s.d.r.c.RepositoryConfigurationExtensionSupport - Spring Data Redis - Could not safely identify store assignment for repository candidate interface com.chatservice.repository.GroupMemberRepository; If you want this repository to be a Redis repository, consider annotating your entities with one of these annotations: org.springframework.data.redis.core.RedisHash (preferred), or consider extending one of the following types with your repository: org.springframework.data.keyvalue.repository.KeyValueRepository
2026-06-18 10:28:09 [main] INFO  o.s.d.r.c.RepositoryConfigurationExtensionSupport - Spring Data Redis - Could not safely identify store assignment for repository candidate interface com.chatservice.repository.GroupRepository; If you want this repository to be a Redis repository, consider annotating your entities with one of these annotations: org.springframework.data.redis.core.RedisHash (preferred), or consider extending one of the following types with your repository: org.springframework.data.keyvalue.repository.KeyValueRepository
2026-06-18 10:28:09 [main] INFO  o.s.d.r.c.RepositoryConfigurationExtensionSupport - Spring Data Redis - Could not safely identify store assignment for repository candidate interface com.chatservice.repository.MediaAttachmentRepository; If you want this repository to be a Redis repository, consider annotating your entities with one of these annotations: org.springframework.data.redis.core.RedisHash (preferred), or consider extending one of the following types with your repository: org.springframework.data.keyvalue.repository.KeyValueRepository
2026-06-18 10:28:09 [main] INFO  o.s.d.r.c.RepositoryConfigurationExtensionSupport - Spring Data Redis - Could not safely identify store assignment for repository candidate interface com.chatservice.repository.MessageEditRepository; If you want this repository to be a Redis repository, consider annotating your entities with one of these annotations: org.springframework.data.redis.core.RedisHash (preferred), or consider extending one of the following types with your repository: org.springframework.data.keyvalue.repository.KeyValueRepository
2026-06-18 10:28:09 [main] INFO  o.s.d.r.c.RepositoryConfigurationExtensionSupport - Spring Data Redis - Could not safely identify store assignment for repository candidate interface com.chatservice.repository.MessageRepository; If you want this repository to be a Redis repository, consider annotating your entities with one of these annotations: org.springframework.data.redis.core.RedisHash (preferred), or consider extending one of the following types with your repository: org.springframework.data.keyvalue.repository.KeyValueRepository
2026-06-18 10:28:09 [main] INFO  o.s.d.r.c.RepositoryConfigurationExtensionSupport - Spring Data Redis - Could not safely identify store assignment for repository candidate interface com.chatservice.repository.MessageVisibilityRepository; If you want this repository to be a Redis repository, consider annotating your entities with one of these annotations: org.springframework.data.redis.core.RedisHash (preferred), or consider extending one of the following types with your repository: org.springframework.data.keyvalue.repository.KeyValueRepository
2026-06-18 10:28:09 [main] INFO  o.s.d.r.c.RepositoryConfigurationDelegate - Finished Spring Data repository scanning in 73 ms. Found 0 Redis repository interfaces.
2026-06-18 10:28:09 [main] INFO  o.s.cloud.context.scope.GenericScope - BeanFactory id=7405d89c-e712-3cbd-aec0-622d6cc045c4
2026-06-18 10:28:10 [main] WARN  o.s.c.s.PostProcessorRegistrationDelegate$BeanPostProcessorChecker - Bean 'org.springframework.cloud.client.loadbalancer.LoadBalancerAutoConfiguration$DeferringLoadBalancerInterceptorConfig' of type [org.springframework.cloud.client.loadbalancer.LoadBalancerAutoConfiguration$DeferringLoadBalancerInterceptorConfig] is not eligible for getting processed by all BeanPostProcessors (for example: not eligible for auto-proxying). The currently created BeanPostProcessor [lbRestClientPostProcessor] is declared through a non-static factory method on that class; consider declaring it as static instead.
2026-06-18 10:28:10 [main] WARN  o.s.c.s.PostProcessorRegistrationDelegate$BeanPostProcessorChecker - Bean 'deferringLoadBalancerInterceptor' of type [org.springframework.cloud.client.loadbalancer.DeferringLoadBalancerInterceptor] is not eligible for getting processed by all BeanPostProcessors (for example: not eligible for auto-proxying). Is this bean getting eagerly injected into a currently created BeanPostProcessor [lbRestClientPostProcessor]? Check the corresponding BeanPostProcessor declaration and its dependencies.
2026-06-18 10:28:10 [main] WARN  o.s.c.s.PostProcessorRegistrationDelegate$BeanPostProcessorChecker - Bean 'org.springframework.cloud.client.loadbalancer.reactive.LoadBalancerBeanPostProcessorAutoConfiguration' of type [org.springframework.cloud.client.loadbalancer.reactive.LoadBalancerBeanPostProcessorAutoConfiguration] is not eligible for getting processed by all BeanPostProcessors (for example: not eligible for auto-proxying). The currently created BeanPostProcessor [loadBalancerWebClientBuilderBeanPostProcessor] is declared through a non-static factory method on that class; consider declaring it as static instead.
2026-06-18 10:28:10 [main] WARN  o.s.c.s.PostProcessorRegistrationDelegate$BeanPostProcessorChecker - Bean 'org.springframework.cloud.client.loadbalancer.reactive.LoadBalancerBeanPostProcessorAutoConfiguration$ReactorDeferringLoadBalancerFilterConfig' of type [org.springframework.cloud.client.loadbalancer.reactive.LoadBalancerBeanPostProcessorAutoConfiguration$ReactorDeferringLoadBalancerFilterConfig] is not eligible for getting processed by all BeanPostProcessors (for example: not eligible for auto-proxying). Is this bean getting eagerly injected into a currently created BeanPostProcessor [loadBalancerWebClientBuilderBeanPostProcessor]? Check the corresponding BeanPostProcessor declaration and its dependencies.
2026-06-18 10:28:10 [main] WARN  o.s.c.s.PostProcessorRegistrationDelegate$BeanPostProcessorChecker - Bean 'reactorDeferringLoadBalancerExchangeFilterFunction' of type [org.springframework.cloud.client.loadbalancer.reactive.DeferringLoadBalancerExchangeFilterFunction] is not eligible for getting processed by all BeanPostProcessors (for example: not eligible for auto-proxying). Is this bean getting eagerly injected into a currently created BeanPostProcessor [loadBalancerWebClientBuilderBeanPostProcessor]? Check the corresponding BeanPostProcessor declaration and its dependencies.
2026-06-18 10:28:10 [main] INFO  o.s.b.w.e.tomcat.TomcatWebServer - Tomcat initialized with port 8084 (http)
2026-06-18 10:28:10 [main] INFO  o.a.catalina.core.StandardService - Starting service [Tomcat]
2026-06-18 10:28:10 [main] INFO  o.a.catalina.core.StandardEngine - Starting Servlet engine: [Apache Tomcat/10.1.19]
2026-06-18 10:28:10 [main] INFO  o.a.c.c.C.[Tomcat].[localhost].[/] - Initializing Spring embedded WebApplicationContext
2026-06-18 10:28:10 [main] INFO  o.s.b.w.s.c.ServletWebServerApplicationContext - Root WebApplicationContext: initialization completed in 2337 ms
2026-06-18 10:28:10 [main] DEBUG c.c.security.JwtAuthenticationFilter - Filter 'jwtAuthenticationFilter' configured for use
2026-06-18 10:28:10 [main] DEBUG c.c.c.SecurityConfig$GatewayWhitelistFilter - Filter 'securityConfig.GatewayWhitelistFilter' configured for use
2026-06-18 10:28:11 [main] INFO  o.h.jpa.internal.util.LogHelper - HHH000204: Processing PersistenceUnitInfo [name: default]
2026-06-18 10:28:11 [main] INFO  org.hibernate.Version - HHH000412: Hibernate ORM core version 6.4.4.Final
2026-06-18 10:28:11 [main] INFO  o.h.c.i.RegionFactoryInitiator - HHH000026: Second-level cache disabled
2026-06-18 10:28:11 [main] INFO  o.s.o.j.p.SpringPersistenceUnitInfo - No LoadTimeWeaver setup: ignoring JPA class transformer
2026-06-18 10:28:11 [main] INFO  com.zaxxer.hikari.HikariDataSource - HikariPool-1 - Starting...
2026-06-18 10:28:11 [main] INFO  com.zaxxer.hikari.pool.HikariPool - HikariPool-1 - Added connection org.postgresql.jdbc.PgConnection@24dc150c
2026-06-18 10:28:11 [main] INFO  com.zaxxer.hikari.HikariDataSource - HikariPool-1 - Start completed.
2026-06-18 10:28:12 [main] WARN  org.hibernate.orm.deprecation - HHH90000025: PostgreSQLDialect does not need to be specified explicitly using 'hibernate.dialect' (remove the property setting and it will be selected by default)
2026-06-18 10:28:13 [main] INFO  o.h.e.t.j.p.i.JtaPlatformInitiator - HHH000489: No JTA platform available (set 'hibernate.transaction.jta.platform' to enable JTA platform integration)
2026-06-18 10:28:13 [main] INFO  o.s.o.j.LocalContainerEntityManagerFactoryBean - Initialized JPA EntityManagerFactory for persistence unit 'default'
2026-06-18 10:28:13 [main] INFO  o.s.d.j.r.query.QueryEnhancerFactory - Hibernate is in classpath; If applicable, HQL parser will be used.
2026-06-18 10:28:16 [main] WARN  o.s.b.a.o.j.JpaBaseConfiguration$JpaWebConfiguration - spring.jpa.open-in-view is enabled by default. Therefore, database queries may be performed during view rendering. Explicitly configure spring.jpa.open-in-view to disable this warning
2026-06-18 10:28:16 [main] WARN  o.s.b.a.s.s.UserDetailsServiceAutoConfiguration - 

Using generated security password: 180e6971-8911-46f0-96c0-634b8c676d25

This generated password is for development use only. Your security configuration must be updated before running your application in production.

2026-06-18 10:28:16 [main] INFO  c.chatservice.config.WebSocketConfig - WebSocket STOMP endpoint registered at /ws
2026-06-18 10:28:17 [main] INFO  o.s.c.n.e.c.DiscoveryClientOptionalArgsConfiguration - Eureka HTTP Client uses RestTemplate.
2026-06-18 10:28:17 [main] WARN  o.s.c.l.c.LoadBalancerCacheAutoConfiguration$LoadBalancerCaffeineWarnLogger - Spring Cloud LoadBalancer is currently working with the default cache. While this cache implementation is useful for development and tests, it's recommended to use Caffeine cache in production.You can switch to using Caffeine cache, by adding it and org.springframework.cache.caffeine.CaffeineCacheManager to the classpath.
2026-06-18 10:28:17 [main] INFO  o.a.k.c.admin.AdminClientConfig - AdminClientConfig values: 
	auto.include.jmx.reporter = true
	bootstrap.servers = [localhost:9092]
	client.dns.lookup = use_all_dns_ips
	client.id = 
	connections.max.idle.ms = 300000
	default.api.timeout.ms = 60000
	metadata.max.age.ms = 300000
	metric.reporters = []
	metrics.num.samples = 2
	metrics.recording.level = INFO
	metrics.sample.window.ms = 30000
	receive.buffer.bytes = 65536
	reconnect.backoff.max.ms = 1000
	reconnect.backoff.ms = 50
	request.timeout.ms = 30000
	retries = 2147483647
	retry.backoff.ms = 100
	sasl.client.callback.handler.class = null
	sasl.jaas.config = null
	sasl.kerberos.kinit.cmd = /usr/bin/kinit
	sasl.kerberos.min.time.before.relogin = 60000
	sasl.kerberos.service.name = null
	sasl.kerberos.ticket.renew.jitter = 0.05
	sasl.kerberos.ticket.renew.window.factor = 0.8
	sasl.login.callback.handler.class = null
	sasl.login.class = null
	sasl.login.connect.timeout.ms = null
	sasl.login.read.timeout.ms = null
	sasl.login.refresh.buffer.seconds = 300
	sasl.login.refresh.min.period.seconds = 60
	sasl.login.refresh.window.factor = 0.8
	sasl.login.refresh.window.jitter = 0.05
	sasl.login.retry.backoff.max.ms = 10000
	sasl.login.retry.backoff.ms = 100
	sasl.mechanism = GSSAPI
	sasl.oauthbearer.clock.skew.seconds = 30
	sasl.oauthbearer.expected.audience = null
	sasl.oauthbearer.expected.issuer = null
	sasl.oauthbearer.jwks.endpoint.refresh.ms = 3600000
	sasl.oauthbearer.jwks.endpoint.retry.backoff.max.ms = 10000
	sasl.oauthbearer.jwks.endpoint.retry.backoff.ms = 100
	sasl.oauthbearer.jwks.endpoint.url = null
	sasl.oauthbearer.scope.claim.name = scope
	sasl.oauthbearer.sub.claim.name = sub
	sasl.oauthbearer.token.endpoint.url = null
	security.protocol = PLAINTEXT
	security.providers = null
	send.buffer.bytes = 131072
	socket.connection.setup.timeout.max.ms = 30000
	socket.connection.setup.timeout.ms = 10000
	ssl.cipher.suites = null
	ssl.enabled.protocols = [TLSv1.2, TLSv1.3]
	ssl.endpoint.identification.algorithm = https
	ssl.engine.factory.class = null
	ssl.key.password = null
	ssl.keymanager.algorithm = SunX509
	ssl.keystore.certificate.chain = null
	ssl.keystore.key = null
	ssl.keystore.location = null
	ssl.keystore.password = null
	ssl.keystore.type = JKS
	ssl.protocol = TLSv1.3
	ssl.provider = null
	ssl.secure.random.implementation = null
	ssl.trustmanager.algorithm = PKIX
	ssl.truststore.certificates = null
	ssl.truststore.location = null
	ssl.truststore.password = null
	ssl.truststore.type = JKS

2026-06-18 10:28:18 [main] INFO  o.a.kafka.common.utils.AppInfoParser - Kafka version: 3.6.1
2026-06-18 10:28:18 [main] INFO  o.a.kafka.common.utils.AppInfoParser - Kafka commitId: 5e3c2b738d253ff5
2026-06-18 10:28:18 [main] INFO  o.a.kafka.common.utils.AppInfoParser - Kafka startTimeMs: 1781758698205
2026-06-18 10:28:19 [kafka-admin-client-thread | adminclient-1] INFO  o.a.kafka.common.utils.AppInfoParser - App info kafka.admin.client for adminclient-1 unregistered
2026-06-18 10:28:19 [kafka-admin-client-thread | adminclient-1] INFO  o.a.kafka.common.metrics.Metrics - Metrics scheduler closed
2026-06-18 10:28:19 [kafka-admin-client-thread | adminclient-1] INFO  o.a.kafka.common.metrics.Metrics - Closing reporter org.apache.kafka.common.metrics.JmxReporter
2026-06-18 10:28:19 [kafka-admin-client-thread | adminclient-1] INFO  o.a.kafka.common.metrics.Metrics - Metrics reporters closed
2026-06-18 10:28:19 [main] INFO  o.s.c.n.eureka.InstanceInfoFactory - Setting initial instance status as: STARTING
2026-06-18 10:28:19 [main] INFO  c.netflix.discovery.DiscoveryClient - Initializing Eureka in region us-east-1
2026-06-18 10:28:19 [main] INFO  c.n.d.s.r.aws.ConfigClusterResolver - Resolving eureka endpoints via configuration
2026-06-18 10:28:19 [main] INFO  c.netflix.discovery.DiscoveryClient - Disable delta property : false
2026-06-18 10:28:19 [main] INFO  c.netflix.discovery.DiscoveryClient - Single vip registry refresh property : null
2026-06-18 10:28:19 [main] INFO  c.netflix.discovery.DiscoveryClient - Force full registry fetch : false
2026-06-18 10:28:19 [main] INFO  c.netflix.discovery.DiscoveryClient - Application is null : false
2026-06-18 10:28:19 [main] INFO  c.netflix.discovery.DiscoveryClient - Registered Applications size is zero : true
2026-06-18 10:28:19 [main] INFO  c.netflix.discovery.DiscoveryClient - Application version is -1: true
2026-06-18 10:28:19 [main] INFO  c.netflix.discovery.DiscoveryClient - Getting all instance registry info from the eureka server
2026-06-18 10:28:19 [main] INFO  c.netflix.discovery.DiscoveryClient - The response status is 200
2026-06-18 10:28:19 [main] INFO  c.netflix.discovery.DiscoveryClient - Starting heartbeat executor: renew interval is: 30
2026-06-18 10:28:19 [main] INFO  c.n.discovery.InstanceInfoReplicator - InstanceInfoReplicator onDemand update allowed rate per min is 4
2026-06-18 10:28:19 [main] INFO  c.netflix.discovery.DiscoveryClient - Discovery Client initialized at timestamp 1781758699707 with initial instances count: 4
2026-06-18 10:28:19 [main] INFO  o.s.c.n.e.s.EurekaServiceRegistry - Registering application CHAT-SERVICE with eureka with status UP
2026-06-18 10:28:19 [main] INFO  c.netflix.discovery.DiscoveryClient - Saw local status change event StatusChangeEvent [timestamp=1781758699717, current=UP, previous=STARTING]
2026-06-18 10:28:19 [DiscoveryClient-InstanceInfoReplicator-0] INFO  c.netflix.discovery.DiscoveryClient - DiscoveryClient_CHAT-SERVICE/chat-service:8084: registering service...
2026-06-18 10:28:19 [main] INFO  o.s.b.w.e.tomcat.TomcatWebServer - Tomcat started on port 8084 (http) with context path ''
2026-06-18 10:28:19 [main] INFO  o.s.c.n.e.s.EurekaAutoServiceRegistration - Updating port to 8084
2026-06-18 10:28:19 [DiscoveryClient-InstanceInfoReplicator-0] INFO  c.netflix.discovery.DiscoveryClient - DiscoveryClient_CHAT-SERVICE/chat-service:8084 - registration status: 204
2026-06-18 10:28:19 [main] INFO  o.a.k.c.consumer.ConsumerConfig - ConsumerConfig values: 
	allow.auto.create.topics = true
	auto.commit.interval.ms = 5000
	auto.include.jmx.reporter = true
	auto.offset.reset = earliest
	bootstrap.servers = [localhost:9092]
	check.crcs = true
	client.dns.lookup = use_all_dns_ips
	client.id = consumer-chat-service-group-1
	client.rack = 
	connections.max.idle.ms = 540000
	default.api.timeout.ms = 60000
	enable.auto.commit = false
	exclude.internal.topics = true
	fetch.max.bytes = 52428800
	fetch.max.wait.ms = 500
	fetch.min.bytes = 1
	group.id = chat-service-group
	group.instance.id = null
	heartbeat.interval.ms = 3000
	interceptor.classes = []
	internal.leave.group.on.close = true
	internal.throw.on.fetch.stable.offset.unsupported = false
	isolation.level = read_uncommitted
	key.deserializer = class org.apache.kafka.common.serialization.StringDeserializer
	max.partition.fetch.bytes = 1048576
	max.poll.interval.ms = 300000
	max.poll.records = 500
	metadata.max.age.ms = 300000
	metric.reporters = []
	metrics.num.samples = 2
	metrics.recording.level = INFO
	metrics.sample.window.ms = 30000
	partition.assignment.strategy = [class org.apache.kafka.clients.consumer.RangeAssignor, class org.apache.kafka.clients.consumer.CooperativeStickyAssignor]
	receive.buffer.bytes = 65536
	reconnect.backoff.max.ms = 1000
	reconnect.backoff.ms = 50
	request.timeout.ms = 30000
	retry.backoff.ms = 100
	sasl.client.callback.handler.class = null
	sasl.jaas.config = null
	sasl.kerberos.kinit.cmd = /usr/bin/kinit
	sasl.kerberos.min.time.before.relogin = 60000
	sasl.kerberos.service.name = null
	sasl.kerberos.ticket.renew.jitter = 0.05
	sasl.kerberos.ticket.renew.window.factor = 0.8
	sasl.login.callback.handler.class = null
	sasl.login.class = null
	sasl.login.connect.timeout.ms = null
	sasl.login.read.timeout.ms = null
	sasl.login.refresh.buffer.seconds = 300
	sasl.login.refresh.min.period.seconds = 60
	sasl.login.refresh.window.factor = 0.8
	sasl.login.refresh.window.jitter = 0.05
	sasl.login.retry.backoff.max.ms = 10000
	sasl.login.retry.backoff.ms = 100
	sasl.mechanism = GSSAPI
	sasl.oauthbearer.clock.skew.seconds = 30
	sasl.oauthbearer.expected.audience = null
	sasl.oauthbearer.expected.issuer = null
	sasl.oauthbearer.jwks.endpoint.refresh.ms = 3600000
	sasl.oauthbearer.jwks.endpoint.retry.backoff.max.ms = 10000
	sasl.oauthbearer.jwks.endpoint.retry.backoff.ms = 100
	sasl.oauthbearer.jwks.endpoint.url = null
	sasl.oauthbearer.scope.claim.name = scope
	sasl.oauthbearer.sub.claim.name = sub
	sasl.oauthbearer.token.endpoint.url = null
	security.protocol = PLAINTEXT
	security.providers = null
	send.buffer.bytes = 131072
	session.timeout.ms = 45000
	socket.connection.setup.timeout.max.ms = 30000
	socket.connection.setup.timeout.ms = 10000
	ssl.cipher.suites = null
	ssl.enabled.protocols = [TLSv1.2, TLSv1.3]
	ssl.endpoint.identification.algorithm = https
	ssl.engine.factory.class = null
	ssl.key.password = null
	ssl.keymanager.algorithm = SunX509
	ssl.keystore.certificate.chain = null
	ssl.keystore.key = null
	ssl.keystore.location = null
	ssl.keystore.password = null
	ssl.keystore.type = JKS
	ssl.protocol = TLSv1.3
	ssl.provider = null
	ssl.secure.random.implementation = null
	ssl.trustmanager.algorithm = PKIX
	ssl.truststore.certificates = null
	ssl.truststore.location = null
	ssl.truststore.password = null
	ssl.truststore.type = JKS
	value.deserializer = class org.apache.kafka.common.serialization.StringDeserializer

2026-06-18 10:28:20 [main] INFO  o.a.kafka.common.utils.AppInfoParser - Kafka version: 3.6.1
2026-06-18 10:28:20 [main] INFO  o.a.kafka.common.utils.AppInfoParser - Kafka commitId: 5e3c2b738d253ff5
2026-06-18 10:28:20 [main] INFO  o.a.kafka.common.utils.AppInfoParser - Kafka startTimeMs: 1781758700014
2026-06-18 10:28:20 [main] INFO  o.a.k.c.consumer.ConsumerConfig - ConsumerConfig values: 
	allow.auto.create.topics = true
	auto.commit.interval.ms = 5000
	auto.include.jmx.reporter = true
	auto.offset.reset = earliest
	bootstrap.servers = [localhost:9092]
	check.crcs = true
	client.dns.lookup = use_all_dns_ips
	client.id = consumer-chat-service-group-2
	client.rack = 
	connections.max.idle.ms = 540000
	default.api.timeout.ms = 60000
	enable.auto.commit = false
	exclude.internal.topics = true
	fetch.max.bytes = 52428800
	fetch.max.wait.ms = 500
	fetch.min.bytes = 1
	group.id = chat-service-group
	group.instance.id = null
	heartbeat.interval.ms = 3000
	interceptor.classes = []
	internal.leave.group.on.close = true
	internal.throw.on.fetch.stable.offset.unsupported = false
	isolation.level = read_uncommitted
	key.deserializer = class org.apache.kafka.common.serialization.StringDeserializer
	max.partition.fetch.bytes = 1048576
	max.poll.interval.ms = 300000
	max.poll.records = 500
	metadata.max.age.ms = 300000
	metric.reporters = []
	metrics.num.samples = 2
	metrics.recording.level = INFO
	metrics.sample.window.ms = 30000
	partition.assignment.strategy = [class org.apache.kafka.clients.consumer.RangeAssignor, class org.apache.kafka.clients.consumer.CooperativeStickyAssignor]
	receive.buffer.bytes = 65536
	reconnect.backoff.max.ms = 1000
	reconnect.backoff.ms = 50
	request.timeout.ms = 30000
	retry.backoff.ms = 100
	sasl.client.callback.handler.class = null
	sasl.jaas.config = null
	sasl.kerberos.kinit.cmd = /usr/bin/kinit
	sasl.kerberos.min.time.before.relogin = 60000
	sasl.kerberos.service.name = null
	sasl.kerberos.ticket.renew.jitter = 0.05
	sasl.kerberos.ticket.renew.window.factor = 0.8
	sasl.login.callback.handler.class = null
	sasl.login.class = null
	sasl.login.connect.timeout.ms = null
	sasl.login.read.timeout.ms = null
	sasl.login.refresh.buffer.seconds = 300
	sasl.login.refresh.min.period.seconds = 60
	sasl.login.refresh.window.factor = 0.8
	sasl.login.refresh.window.jitter = 0.05
	sasl.login.retry.backoff.max.ms = 10000
	sasl.login.retry.backoff.ms = 100
	sasl.mechanism = GSSAPI
	sasl.oauthbearer.clock.skew.seconds = 30
	sasl.oauthbearer.expected.audience = null
	sasl.oauthbearer.expected.issuer = null
	sasl.oauthbearer.jwks.endpoint.refresh.ms = 3600000
	sasl.oauthbearer.jwks.endpoint.retry.backoff.max.ms = 10000
	sasl.oauthbearer.jwks.endpoint.retry.backoff.ms = 100
	sasl.oauthbearer.jwks.endpoint.url = null
	sasl.oauthbearer.scope.claim.name = scope
	sasl.oauthbearer.sub.claim.name = sub
	sasl.oauthbearer.token.endpoint.url = null
	security.protocol = PLAINTEXT
	security.providers = null
	send.buffer.bytes = 131072
	session.timeout.ms = 45000
	socket.connection.setup.timeout.max.ms = 30000
	socket.connection.setup.timeout.ms = 10000
	ssl.cipher.suites = null
	ssl.enabled.protocols = [TLSv1.2, TLSv1.3]
	ssl.endpoint.identification.algorithm = https
	ssl.engine.factory.class = null
	ssl.key.password = null
	ssl.keymanager.algorithm = SunX509
	ssl.keystore.certificate.chain = null
	ssl.keystore.key = null
	ssl.keystore.location = null
	ssl.keystore.password = null
	ssl.keystore.type = JKS
	ssl.protocol = TLSv1.3
	ssl.provider = null
	ssl.secure.random.implementation = null
	ssl.trustmanager.algorithm = PKIX
	ssl.truststore.certificates = null
	ssl.truststore.location = null
	ssl.truststore.password = null
	ssl.truststore.type = JKS
	value.deserializer = class org.apache.kafka.common.serialization.StringDeserializer

2026-06-18 10:28:20 [main] INFO  o.a.kafka.common.utils.AppInfoParser - Kafka version: 3.6.1
2026-06-18 10:28:20 [main] INFO  o.a.kafka.common.utils.AppInfoParser - Kafka commitId: 5e3c2b738d253ff5
2026-06-18 10:28:20 [main] INFO  o.a.kafka.common.utils.AppInfoParser - Kafka startTimeMs: 1781758700046
2026-06-18 10:28:20 [main] INFO  o.a.k.c.consumer.ConsumerConfig - ConsumerConfig values: 
	allow.auto.create.topics = true
	auto.commit.interval.ms = 5000
	auto.include.jmx.reporter = true
	auto.offset.reset = earliest
	bootstrap.servers = [localhost:9092]
	check.crcs = true
	client.dns.lookup = use_all_dns_ips
	client.id = consumer-chat-service-group-3
	client.rack = 
	connections.max.idle.ms = 540000
	default.api.timeout.ms = 60000
	enable.auto.commit = false
	exclude.internal.topics = true
	fetch.max.bytes = 52428800
	fetch.max.wait.ms = 500
	fetch.min.bytes = 1
	group.id = chat-service-group
	group.instance.id = null
	heartbeat.interval.ms = 3000
	interceptor.classes = []
	internal.leave.group.on.close = true
	internal.throw.on.fetch.stable.offset.unsupported = false
	isolation.level = read_uncommitted
	key.deserializer = class org.apache.kafka.common.serialization.StringDeserializer
	max.partition.fetch.bytes = 1048576
	max.poll.interval.ms = 300000
	max.poll.records = 500
	metadata.max.age.ms = 300000
	metric.reporters = []
	metrics.num.samples = 2
	metrics.recording.level = INFO
	metrics.sample.window.ms = 30000
	partition.assignment.strategy = [class org.apache.kafka.clients.consumer.RangeAssignor, class org.apache.kafka.clients.consumer.CooperativeStickyAssignor]
	receive.buffer.bytes = 65536
	reconnect.backoff.max.ms = 1000
	reconnect.backoff.ms = 50
	request.timeout.ms = 30000
	retry.backoff.ms = 100
	sasl.client.callback.handler.class = null
	sasl.jaas.config = null
	sasl.kerberos.kinit.cmd = /usr/bin/kinit
	sasl.kerberos.min.time.before.relogin = 60000
	sasl.kerberos.service.name = null
	sasl.kerberos.ticket.renew.jitter = 0.05
	sasl.kerberos.ticket.renew.window.factor = 0.8
	sasl.login.callback.handler.class = null
	sasl.login.class = null
	sasl.login.connect.timeout.ms = null
	sasl.login.read.timeout.ms = null
	sasl.login.refresh.buffer.seconds = 300
	sasl.login.refresh.min.period.seconds = 60
	sasl.login.refresh.window.factor = 0.8
	sasl.login.refresh.window.jitter = 0.05
	sasl.login.retry.backoff.max.ms = 10000
	sasl.login.retry.backoff.ms = 100
	sasl.mechanism = GSSAPI
	sasl.oauthbearer.clock.skew.seconds = 30
	sasl.oauthbearer.expected.audience = null
	sasl.oauthbearer.expected.issuer = null
	sasl.oauthbearer.jwks.endpoint.refresh.ms = 3600000
	sasl.oauthbearer.jwks.endpoint.retry.backoff.max.ms = 10000
	sasl.oauthbearer.jwks.endpoint.retry.backoff.ms = 100
	sasl.oauthbearer.jwks.endpoint.url = null
	sasl.oauthbearer.scope.claim.name = scope
	sasl.oauthbearer.sub.claim.name = sub
	sasl.oauthbearer.token.endpoint.url = null
	security.protocol = PLAINTEXT
	security.providers = null
	send.buffer.bytes = 131072
	session.timeout.ms = 45000
	socket.connection.setup.timeout.max.ms = 30000
	socket.connection.setup.timeout.ms = 10000
	ssl.cipher.suites = null
	ssl.enabled.protocols = [TLSv1.2, TLSv1.3]
	ssl.endpoint.identification.algorithm = https
	ssl.engine.factory.class = null
	ssl.key.password = null
	ssl.keymanager.algorithm = SunX509
	ssl.keystore.certificate.chain = null
	ssl.keystore.key = null
	ssl.keystore.location = null
	ssl.keystore.password = null
	ssl.keystore.type = JKS
	ssl.protocol = TLSv1.3
	ssl.provider = null
	ssl.secure.random.implementation = null
	ssl.trustmanager.algorithm = PKIX
	ssl.truststore.certificates = null
	ssl.truststore.location = null
	ssl.truststore.password = null
	ssl.truststore.type = JKS
	value.deserializer = class org.apache.kafka.common.serialization.StringDeserializer

2026-06-18 10:28:20 [org.springframework.kafka.KafkaListenerEndpointContainer#2-0-C-1] INFO  org.apache.kafka.clients.Metadata - [Consumer clientId=consumer-chat-service-group-1, groupId=chat-service-group] Cluster ID: wolyDQQhSWKU6CUaBOYRWA
2026-06-18 10:28:20 [org.springframework.kafka.KafkaListenerEndpointContainer#2-0-C-1] INFO  o.a.k.c.c.i.ConsumerCoordinator - [Consumer clientId=consumer-chat-service-group-1, groupId=chat-service-group] Discovered group coordinator localhost:9092 (id: 2147483646 rack: null)
2026-06-18 10:28:20 [org.springframework.kafka.KafkaListenerEndpointContainer#0-0-C-1] INFO  org.apache.kafka.clients.Metadata - [Consumer clientId=consumer-chat-service-group-2, groupId=chat-service-group] Cluster ID: wolyDQQhSWKU6CUaBOYRWA
2026-06-18 10:28:20 [org.springframework.kafka.KafkaListenerEndpointContainer#2-0-C-1] INFO  o.a.k.c.c.i.ConsumerCoordinator - [Consumer clientId=consumer-chat-service-group-1, groupId=chat-service-group] (Re-)joining group
2026-06-18 10:28:20 [main] INFO  o.a.kafka.common.utils.AppInfoParser - Kafka version: 3.6.1
2026-06-18 10:28:20 [main] INFO  o.a.kafka.common.utils.AppInfoParser - Kafka commitId: 5e3c2b738d253ff5
2026-06-18 10:28:20 [main] INFO  o.a.kafka.common.utils.AppInfoParser - Kafka startTimeMs: 1781758700082
2026-06-18 10:28:20 [org.springframework.kafka.KafkaListenerEndpointContainer#0-0-C-1] INFO  o.a.k.c.c.i.ConsumerCoordinator - [Consumer clientId=consumer-chat-service-group-2, groupId=chat-service-group] Discovered group coordinator localhost:9092 (id: 2147483646 rack: null)
2026-06-18 10:28:20 [org.springframework.kafka.KafkaListenerEndpointContainer#0-0-C-1] INFO  o.a.k.c.c.i.ConsumerCoordinator - [Consumer clientId=consumer-chat-service-group-2, groupId=chat-service-group] (Re-)joining group
2026-06-18 10:28:20 [main] INFO  o.s.m.s.b.SimpleBrokerMessageHandler - Starting...
2026-06-18 10:28:20 [main] INFO  o.s.m.s.b.SimpleBrokerMessageHandler - BrokerAvailabilityEvent[available=true, SimpleBrokerMessageHandler [org.springframework.messaging.simp.broker.DefaultSubscriptionRegistry@498fc636]]
2026-06-18 10:28:20 [main] INFO  o.s.m.s.b.SimpleBrokerMessageHandler - Started.
2026-06-18 10:28:20 [main] INFO  c.chatservice.ChatServiceApplication - Started ChatServiceApplication in 12.304 seconds (process running for 12.81)
2026-06-18 10:28:20 [org.springframework.kafka.KafkaListenerEndpointContainer#1-0-C-1] INFO  org.apache.kafka.clients.Metadata - [Consumer clientId=consumer-chat-service-group-3, groupId=chat-service-group] Cluster ID: wolyDQQhSWKU6CUaBOYRWA
2026-06-18 10:28:20 [org.springframework.kafka.KafkaListenerEndpointContainer#1-0-C-1] INFO  o.a.k.c.c.i.ConsumerCoordinator - [Consumer clientId=consumer-chat-service-group-3, groupId=chat-service-group] Discovered group coordinator localhost:9092 (id: 2147483646 rack: null)
2026-06-18 10:28:20 [org.springframework.kafka.KafkaListenerEndpointContainer#1-0-C-1] INFO  o.a.k.c.c.i.ConsumerCoordinator - [Consumer clientId=consumer-chat-service-group-3, groupId=chat-service-group] (Re-)joining group
2026-06-18 10:28:20 [org.springframework.kafka.KafkaListenerEndpointContainer#0-0-C-1] INFO  o.a.k.c.c.i.ConsumerCoordinator - [Consumer clientId=consumer-chat-service-group-2, groupId=chat-service-group] Request joining group due to: need to re-join with the given member-id: consumer-chat-service-group-2-94211005-7d49-46d5-8c7b-7ffcdbaa1f46
2026-06-18 10:28:20 [org.springframework.kafka.KafkaListenerEndpointContainer#2-0-C-1] INFO  o.a.k.c.c.i.ConsumerCoordinator - [Consumer clientId=consumer-chat-service-group-1, groupId=chat-service-group] Request joining group due to: need to re-join with the given member-id: consumer-chat-service-group-1-32447025-f198-440f-9c51-d529e381f2af
2026-06-18 10:28:20 [org.springframework.kafka.KafkaListenerEndpointContainer#0-0-C-1] INFO  o.a.k.c.c.i.ConsumerCoordinator - [Consumer clientId=consumer-chat-service-group-2, groupId=chat-service-group] Request joining group due to: rebalance failed due to 'The group member needs to have a valid member id before actually entering a consumer group.' (MemberIdRequiredException)
2026-06-18 10:28:20 [org.springframework.kafka.KafkaListenerEndpointContainer#2-0-C-1] INFO  o.a.k.c.c.i.ConsumerCoordinator - [Consumer clientId=consumer-chat-service-group-1, groupId=chat-service-group] Request joining group due to: rebalance failed due to 'The group member needs to have a valid member id before actually entering a consumer group.' (MemberIdRequiredException)
2026-06-18 10:28:20 [org.springframework.kafka.KafkaListenerEndpointContainer#0-0-C-1] INFO  o.a.k.c.c.i.ConsumerCoordinator - [Consumer clientId=consumer-chat-service-group-2, groupId=chat-service-group] (Re-)joining group
2026-06-18 10:28:20 [org.springframework.kafka.KafkaListenerEndpointContainer#2-0-C-1] INFO  o.a.k.c.c.i.ConsumerCoordinator - [Consumer clientId=consumer-chat-service-group-1, groupId=chat-service-group] (Re-)joining group
2026-06-18 10:28:20 [org.springframework.kafka.KafkaListenerEndpointContainer#1-0-C-1] INFO  o.a.k.c.c.i.ConsumerCoordinator - [Consumer clientId=consumer-chat-service-group-3, groupId=chat-service-group] Request joining group due to: need to re-join with the given member-id: consumer-chat-service-group-3-874d4a64-ff88-4589-a0b5-ae40a3a150a5
2026-06-18 10:28:20 [org.springframework.kafka.KafkaListenerEndpointContainer#1-0-C-1] INFO  o.a.k.c.c.i.ConsumerCoordinator - [Consumer clientId=consumer-chat-service-group-3, groupId=chat-service-group] Request joining group due to: rebalance failed due to 'The group member needs to have a valid member id before actually entering a consumer group.' (MemberIdRequiredException)
2026-06-18 10:28:20 [org.springframework.kafka.KafkaListenerEndpointContainer#1-0-C-1] INFO  o.a.k.c.c.i.ConsumerCoordinator - [Consumer clientId=consumer-chat-service-group-3, groupId=chat-service-group] (Re-)joining group
2026-06-18 10:28:23 [org.springframework.kafka.KafkaListenerEndpointContainer#0-0-C-1] INFO  o.a.k.c.c.i.ConsumerCoordinator - [Consumer clientId=consumer-chat-service-group-2, groupId=chat-service-group] Successfully joined group with generation Generation{generationId=90, memberId='consumer-chat-service-group-2-94211005-7d49-46d5-8c7b-7ffcdbaa1f46', protocol='range'}
2026-06-18 10:28:23 [org.springframework.kafka.KafkaListenerEndpointContainer#2-0-C-1] INFO  o.a.k.c.c.i.ConsumerCoordinator - [Consumer clientId=consumer-chat-service-group-1, groupId=chat-service-group] Successfully joined group with generation Generation{generationId=90, memberId='consumer-chat-service-group-1-32447025-f198-440f-9c51-d529e381f2af', protocol='range'}
2026-06-18 10:28:23 [org.springframework.kafka.KafkaListenerEndpointContainer#1-0-C-1] INFO  o.a.k.c.c.i.ConsumerCoordinator - [Consumer clientId=consumer-chat-service-group-3, groupId=chat-service-group] Successfully joined group with generation Generation{generationId=90, memberId='consumer-chat-service-group-3-874d4a64-ff88-4589-a0b5-ae40a3a150a5', protocol='range'}
2026-06-18 10:28:23 [org.springframework.kafka.KafkaListenerEndpointContainer#2-0-C-1] INFO  o.a.k.c.c.i.ConsumerCoordinator - [Consumer clientId=consumer-chat-service-group-1, groupId=chat-service-group] Finished assignment for group at generation 90: {consumer-chat-service-group-2-94211005-7d49-46d5-8c7b-7ffcdbaa1f46=Assignment(partitions=[chat.archived-0]), consumer-chat-service-group-1-32447025-f198-440f-9c51-d529e381f2af=Assignment(partitions=[chat.message.delivered-0, chat.message.delivered-1, chat.message.delivered-2]), consumer-chat-service-group-3-874d4a64-ff88-4589-a0b5-ae40a3a150a5=Assignment(partitions=[chat.message.read-0, chat.message.read-1, chat.message.read-2])}
2026-06-18 10:28:23 [org.springframework.kafka.KafkaListenerEndpointContainer#2-0-C-1] INFO  o.a.k.c.c.i.ConsumerCoordinator - [Consumer clientId=consumer-chat-service-group-1, groupId=chat-service-group] Successfully synced group in generation Generation{generationId=90, memberId='consumer-chat-service-group-1-32447025-f198-440f-9c51-d529e381f2af', protocol='range'}
2026-06-18 10:28:23 [org.springframework.kafka.KafkaListenerEndpointContainer#1-0-C-1] INFO  o.a.k.c.c.i.ConsumerCoordinator - [Consumer clientId=consumer-chat-service-group-3, groupId=chat-service-group] Successfully synced group in generation Generation{generationId=90, memberId='consumer-chat-service-group-3-874d4a64-ff88-4589-a0b5-ae40a3a150a5', protocol='range'}
2026-06-18 10:28:23 [org.springframework.kafka.KafkaListenerEndpointContainer#1-0-C-1] INFO  o.a.k.c.c.i.ConsumerCoordinator - [Consumer clientId=consumer-chat-service-group-3, groupId=chat-service-group] Notifying assignor about the new Assignment(partitions=[chat.message.read-0, chat.message.read-1, chat.message.read-2])
2026-06-18 10:28:23 [org.springframework.kafka.KafkaListenerEndpointContainer#2-0-C-1] INFO  o.a.k.c.c.i.ConsumerCoordinator - [Consumer clientId=consumer-chat-service-group-1, groupId=chat-service-group] Notifying assignor about the new Assignment(partitions=[chat.message.delivered-0, chat.message.delivered-1, chat.message.delivered-2])
2026-06-18 10:28:23 [org.springframework.kafka.KafkaListenerEndpointContainer#2-0-C-1] INFO  o.a.k.c.c.i.ConsumerCoordinator - [Consumer clientId=consumer-chat-service-group-1, groupId=chat-service-group] Adding newly assigned partitions: chat.message.delivered-0, chat.message.delivered-1, chat.message.delivered-2
2026-06-18 10:28:23 [org.springframework.kafka.KafkaListenerEndpointContainer#1-0-C-1] INFO  o.a.k.c.c.i.ConsumerCoordinator - [Consumer clientId=consumer-chat-service-group-3, groupId=chat-service-group] Adding newly assigned partitions: chat.message.read-0, chat.message.read-1, chat.message.read-2
2026-06-18 10:28:23 [org.springframework.kafka.KafkaListenerEndpointContainer#0-0-C-1] INFO  o.a.k.c.c.i.ConsumerCoordinator - [Consumer clientId=consumer-chat-service-group-2, groupId=chat-service-group] Successfully synced group in generation Generation{generationId=90, memberId='consumer-chat-service-group-2-94211005-7d49-46d5-8c7b-7ffcdbaa1f46', protocol='range'}
2026-06-18 10:28:23 [org.springframework.kafka.KafkaListenerEndpointContainer#0-0-C-1] INFO  o.a.k.c.c.i.ConsumerCoordinator - [Consumer clientId=consumer-chat-service-group-2, groupId=chat-service-group] Notifying assignor about the new Assignment(partitions=[chat.archived-0])
2026-06-18 10:28:23 [org.springframework.kafka.KafkaListenerEndpointContainer#0-0-C-1] INFO  o.a.k.c.c.i.ConsumerCoordinator - [Consumer clientId=consumer-chat-service-group-2, groupId=chat-service-group] Adding newly assigned partitions: chat.archived-0
2026-06-18 10:28:23 [org.springframework.kafka.KafkaListenerEndpointContainer#2-0-C-1] INFO  o.a.k.c.c.i.ConsumerCoordinator - [Consumer clientId=consumer-chat-service-group-1, groupId=chat-service-group] Found no committed offset for partition chat.message.delivered-2
2026-06-18 10:28:23 [org.springframework.kafka.KafkaListenerEndpointContainer#2-0-C-1] INFO  o.a.k.c.c.i.ConsumerCoordinator - [Consumer clientId=consumer-chat-service-group-1, groupId=chat-service-group] Found no committed offset for partition chat.message.delivered-1
2026-06-18 10:28:23 [org.springframework.kafka.KafkaListenerEndpointContainer#2-0-C-1] INFO  o.a.k.c.c.i.ConsumerCoordinator - [Consumer clientId=consumer-chat-service-group-1, groupId=chat-service-group] Found no committed offset for partition chat.message.delivered-0
2026-06-18 10:28:23 [org.springframework.kafka.KafkaListenerEndpointContainer#1-0-C-1] INFO  o.a.k.c.c.i.ConsumerCoordinator - [Consumer clientId=consumer-chat-service-group-3, groupId=chat-service-group] Setting offset for partition chat.message.read-0 to the committed offset FetchPosition{offset=616, offsetEpoch=Optional.empty, currentLeader=LeaderAndEpoch{leader=Optional[localhost:9092 (id: 1 rack: null)], epoch=0}}
2026-06-18 10:28:23 [org.springframework.kafka.KafkaListenerEndpointContainer#0-0-C-1] INFO  o.a.k.c.c.i.ConsumerCoordinator - [Consumer clientId=consumer-chat-service-group-2, groupId=chat-service-group] Setting offset for partition chat.archived-0 to the committed offset FetchPosition{offset=7, offsetEpoch=Optional.empty, currentLeader=LeaderAndEpoch{leader=Optional[localhost:9092 (id: 1 rack: null)], epoch=0}}
2026-06-18 10:28:23 [org.springframework.kafka.KafkaListenerEndpointContainer#1-0-C-1] INFO  o.a.k.c.c.i.ConsumerCoordinator - [Consumer clientId=consumer-chat-service-group-3, groupId=chat-service-group] Setting offset for partition chat.message.read-1 to the committed offset FetchPosition{offset=282, offsetEpoch=Optional.empty, currentLeader=LeaderAndEpoch{leader=Optional[localhost:9092 (id: 1 rack: null)], epoch=0}}
2026-06-18 10:28:23 [org.springframework.kafka.KafkaListenerEndpointContainer#1-0-C-1] INFO  o.a.k.c.c.i.ConsumerCoordinator - [Consumer clientId=consumer-chat-service-group-3, groupId=chat-service-group] Setting offset for partition chat.message.read-2 to the committed offset FetchPosition{offset=141, offsetEpoch=Optional.empty, currentLeader=LeaderAndEpoch{leader=Optional[localhost:9092 (id: 1 rack: null)], epoch=0}}
2026-06-18 10:28:23 [org.springframework.kafka.KafkaListenerEndpointContainer#2-0-C-1] INFO  o.a.k.c.c.i.SubscriptionState - [Consumer clientId=consumer-chat-service-group-1, groupId=chat-service-group] Resetting offset for partition chat.message.delivered-2 to position FetchPosition{offset=0, offsetEpoch=Optional.empty, currentLeader=LeaderAndEpoch{leader=Optional[localhost:9092 (id: 1 rack: null)], epoch=0}}.
2026-06-18 10:28:23 [org.springframework.kafka.KafkaListenerEndpointContainer#2-0-C-1] INFO  o.a.k.c.c.i.SubscriptionState - [Consumer clientId=consumer-chat-service-group-1, groupId=chat-service-group] Resetting offset for partition chat.message.delivered-1 to position FetchPosition{offset=0, offsetEpoch=Optional.empty, currentLeader=LeaderAndEpoch{leader=Optional[localhost:9092 (id: 1 rack: null)], epoch=0}}.
2026-06-18 10:28:23 [org.springframework.kafka.KafkaListenerEndpointContainer#2-0-C-1] INFO  o.a.k.c.c.i.SubscriptionState - [Consumer clientId=consumer-chat-service-group-1, groupId=chat-service-group] Resetting offset for partition chat.message.delivered-0 to position FetchPosition{offset=0, offsetEpoch=Optional.empty, currentLeader=LeaderAndEpoch{leader=Optional[localhost:9092 (id: 1 rack: null)], epoch=0}}.
2026-06-18 10:29:17 [MessageBroker-1] INFO  o.s.w.s.c.WebSocketMessageBrokerStats - WebSocketSession[0 current WS(0)-HttpStream(0)-HttpPoll(0), 0 total, 0 closed abnormally (0 connect failure, 0 send limit, 0 transport error)], stompSubProtocol[processed CONNECT(0)-CONNECTED(0)-DISCONNECT(0)], stompBrokerRelay[null], inboundChannel[pool size = 0, active threads = 0, queued tasks = 0, completed tasks = 0], outboundChannel[pool size = 0, active threads = 0, queued tasks = 0, completed tasks = 0], sockJsScheduler[pool size = 1, active threads = 1, queued tasks = 0, completed tasks = 0]
2026-06-18 10:29:22 [http-nio-8084-exec-2] INFO  o.a.c.c.C.[Tomcat].[localhost].[/] - Initializing Spring DispatcherServlet 'dispatcherServlet'
2026-06-18 10:29:22 [http-nio-8084-exec-2] INFO  o.s.web.servlet.DispatcherServlet - Initializing Servlet 'dispatcherServlet'
2026-06-18 10:29:22 [http-nio-8084-exec-2] INFO  o.s.web.servlet.DispatcherServlet - Completed initialization in 0 ms
2026-06-18 10:29:22 [http-nio-8084-exec-2] DEBUG c.c.security.JwtAuthenticationFilter - Processing request: GET /ws
2026-06-18 10:29:22 [http-nio-8084-exec-2] INFO  c.c.config.RequestLoggingFilter - ? GET /ws [IP: 0:0:0:0:0:0:0:1]
2026-06-18 10:29:22 [http-nio-8084-exec-2] INFO  c.c.config.RequestLoggingFilter - ? GET /ws | status=101 | 45ms
2026-06-18 10:29:22 [http-nio-8084-exec-2] ERROR com.chatservice.security.JwtUtil - JWT token is expired: JWT expired at 2026-05-29T10:34:56Z. Current time: 2026-06-18T04:59:22Z, a difference of 1707866721 milliseconds.  Allowed clock skew: 0 milliseconds.
2026-06-18 10:29:22 [http-nio-8084-exec-2] WARN  c.chatservice.config.WebSocketConfig - WebSocket CONNECT rejected — invalid token
2026-06-18 10:29:24 [http-nio-8084-exec-10] DEBUG c.c.security.JwtAuthenticationFilter - Processing request: GET /ws
2026-06-18 10:29:24 [http-nio-8084-exec-10] INFO  c.c.config.RequestLoggingFilter - ? GET /ws [IP: 0:0:0:0:0:0:0:1]
2026-06-18 10:29:24 [http-nio-8084-exec-10] INFO  c.c.config.RequestLoggingFilter - ? GET /ws | status=101 | 2ms
2026-06-18 10:31:03 [http-nio-8084-exec-8] DEBUG c.c.security.JwtAuthenticationFilter - Processing request: GET /api/v1/chat/presence/online
2026-06-18 10:31:03 [http-nio-8084-exec-9] DEBUG c.c.security.JwtAuthenticationFilter - Processing request: GET /api/v1/chat/chats/username/Ashok
2026-06-18 10:31:03 [http-nio-8084-exec-8] DEBUG c.c.security.JwtAuthenticationFilter - Authenticated user [e2810d50-ab33-49c8-b198-dcfba3cceecc] for URI: /api/v1/chat/presence/online
2026-06-18 10:31:03 [http-nio-8084-exec-8] INFO  c.c.config.RequestLoggingFilter - ? GET /api/v1/chat/presence/online [IP: 0:0:0:0:0:0:0:1]
2026-06-18 10:31:03 [http-nio-8084-exec-9] DEBUG c.c.security.JwtAuthenticationFilter - Authenticated user [e2810d50-ab33-49c8-b198-dcfba3cceecc] for URI: /api/v1/chat/chats/username/Ashok
2026-06-18 10:31:03 [http-nio-8084-exec-9] INFO  c.c.config.RequestLoggingFilter - ? GET /api/v1/chat/chats/username/Ashok [IP: 0:0:0:0:0:0:0:1]
2026-06-18 10:31:03 [http-nio-8084-exec-8] INFO  c.c.config.RequestLoggingFilter - ? GET /api/v1/chat/presence/online | status=200 | 38ms
2026-06-18 10:31:03 [http-nio-8084-exec-9] INFO  c.c.controller.ChatController - GET /chats/username/Ashok
2026-06-18 10:31:03 [http-nio-8084-exec-9] INFO  c.c.service.impl.ChatServiceImpl - getChatsForUserByUsername username=Ashok
2026-06-18 10:31:03 [http-nio-8084-exec-9] INFO  c.c.config.UserServiceClient - Calling auth service for username=Ashok
2026-06-18 10:31:03 [http-nio-8084-exec-9] INFO  c.c.config.UserServiceClient - Forwarding Authorization header=Bearer eyJhbGciOiJIUzI1NiJ9.eyJzdWIiOiJlMjgxMGQ1MC1hYjMzLTQ5YzgtYjE5OC1kY2ZiYTNjY2VlY2MiLCJlbWFpbCI6ImE0Mmw3ZmN1b2ZAYndteWdhLmNvbSIsInVzZXJuYW1lIjoiQXNob2siLCJpYXQiOjE3ODE3NTg4NjMsImV4cCI6MTc4MTg0NTI2M30.iarkYeZoFSrYMeXxBqF5x6dQn2J4IkFYOfnRZEqTG1A
2026-06-18 10:31:03 [http-nio-8084-exec-2] DEBUG c.c.security.JwtAuthenticationFilter - Processing request: GET /api/v1/chat/presence/online
2026-06-18 10:31:03 [http-nio-8084-exec-2] DEBUG c.c.security.JwtAuthenticationFilter - Authenticated user [e2810d50-ab33-49c8-b198-dcfba3cceecc] for URI: /api/v1/chat/presence/online
2026-06-18 10:31:03 [http-nio-8084-exec-2] INFO  c.c.config.RequestLoggingFilter - ? GET /api/v1/chat/presence/online [IP: 0:0:0:0:0:0:0:1]
2026-06-18 10:31:03 [http-nio-8084-exec-2] INFO  c.c.config.RequestLoggingFilter - ? GET /api/v1/chat/presence/online | status=200 | 5ms
2026-06-18 10:31:04 [http-nio-8084-exec-9] INFO  c.c.config.UserServiceClient - Auth service raw response={success=true, message=User fetched successfully., data={id=e2810d50-ab33-49c8-b198-dcfba3cceecc, username=Ashok, email=a42l7fcuof@bwmyga.com, phoneNumber=+442079460018, active=true, createdAt=2026-06-18T10:30:34.603485}}
2026-06-18 10:31:04 [http-nio-8084-exec-9] INFO  c.c.config.UserServiceClient - data field={id=e2810d50-ab33-49c8-b198-dcfba3cceecc, username=Ashok, email=a42l7fcuof@bwmyga.com, phoneNumber=+442079460018, active=true, createdAt=2026-06-18T10:30:34.603485}
2026-06-18 10:31:04 [http-nio-8084-exec-9] INFO  c.c.config.UserServiceClient - data map keys=[id, username, email, phoneNumber, active, createdAt]
2026-06-18 10:31:04 [http-nio-8084-exec-9] INFO  c.c.config.UserServiceClient - Resolved userId=e2810d50-ab33-49c8-b198-dcfba3cceecc for username=Ashok
2026-06-18 10:31:04 [http-nio-8084-exec-9] INFO  c.c.service.impl.ChatServiceImpl - getChatsForUser userId=e2810d50-ab33-49c8-b198-dcfba3cceecc
2026-06-18 10:31:04 [http-nio-8084-exec-9] INFO  c.c.config.RequestLoggingFilter - ? GET /api/v1/chat/chats/username/Ashok | status=200 | 616ms
2026-06-18 10:31:04 [http-nio-8084-exec-3] DEBUG c.c.security.JwtAuthenticationFilter - Processing request: GET /api/v1/chat/chats/username/Ashok
2026-06-18 10:31:04 [http-nio-8084-exec-3] DEBUG c.c.security.JwtAuthenticationFilter - Authenticated user [e2810d50-ab33-49c8-b198-dcfba3cceecc] for URI: /api/v1/chat/chats/username/Ashok
2026-06-18 10:31:04 [http-nio-8084-exec-3] INFO  c.c.config.RequestLoggingFilter - ? GET /api/v1/chat/chats/username/Ashok [IP: 0:0:0:0:0:0:0:1]
2026-06-18 10:31:04 [http-nio-8084-exec-3] INFO  c.c.controller.ChatController - GET /chats/username/Ashok
2026-06-18 10:31:04 [http-nio-8084-exec-3] INFO  c.c.service.impl.ChatServiceImpl - getChatsForUserByUsername username=Ashok
2026-06-18 10:31:04 [http-nio-8084-exec-3] INFO  c.c.config.UserServiceClient - Calling auth service for username=Ashok
2026-06-18 10:31:04 [http-nio-8084-exec-3] INFO  c.c.config.UserServiceClient - Forwarding Authorization header=Bearer eyJhbGciOiJIUzI1NiJ9.eyJzdWIiOiJlMjgxMGQ1MC1hYjMzLTQ5YzgtYjE5OC1kY2ZiYTNjY2VlY2MiLCJlbWFpbCI6ImE0Mmw3ZmN1b2ZAYndteWdhLmNvbSIsInVzZXJuYW1lIjoiQXNob2siLCJpYXQiOjE3ODE3NTg4NjMsImV4cCI6MTc4MTg0NTI2M30.iarkYeZoFSrYMeXxBqF5x6dQn2J4IkFYOfnRZEqTG1A
2026-06-18 10:31:04 [http-nio-8084-exec-3] INFO  c.c.config.UserServiceClient - Auth service raw response={success=true, message=User fetched successfully., data={id=e2810d50-ab33-49c8-b198-dcfba3cceecc, username=Ashok, email=a42l7fcuof@bwmyga.com, phoneNumber=+442079460018, active=true, createdAt=2026-06-18T10:30:34.603485}}
2026-06-18 10:31:04 [http-nio-8084-exec-3] INFO  c.c.config.UserServiceClient - data field={id=e2810d50-ab33-49c8-b198-dcfba3cceecc, username=Ashok, email=a42l7fcuof@bwmyga.com, phoneNumber=+442079460018, active=true, createdAt=2026-06-18T10:30:34.603485}
2026-06-18 10:31:04 [http-nio-8084-exec-3] INFO  c.c.config.UserServiceClient - data map keys=[id, username, email, phoneNumber, active, createdAt]
2026-06-18 10:31:04 [http-nio-8084-exec-3] INFO  c.c.config.UserServiceClient - Resolved userId=e2810d50-ab33-49c8-b198-dcfba3cceecc for username=Ashok
2026-06-18 10:31:04 [http-nio-8084-exec-3] INFO  c.c.service.impl.ChatServiceImpl - getChatsForUser userId=e2810d50-ab33-49c8-b198-dcfba3cceecc
2026-06-18 10:31:04 [http-nio-8084-exec-3] INFO  c.c.config.RequestLoggingFilter - ? GET /api/v1/chat/chats/username/Ashok | status=200 | 35ms
2026-06-18 10:31:10 [http-nio-8084-exec-7] DEBUG c.c.security.JwtAuthenticationFilter - Processing request: GET /ws
2026-06-18 10:31:10 [http-nio-8084-exec-7] INFO  c.c.config.RequestLoggingFilter - ? GET /ws [IP: 0:0:0:0:0:0:0:1]
2026-06-18 10:31:10 [http-nio-8084-exec-7] INFO  c.c.config.RequestLoggingFilter - ? GET /ws | status=101 | 8ms
2026-06-18 10:31:10 [http-nio-8084-exec-10] INFO  c.chatservice.config.WebSocketConfig - WebSocket CONNECT authenticated username=Ashok
2026-06-18 10:31:10 [http-nio-8084-exec-1] DEBUG c.c.security.JwtAuthenticationFilter - Processing request: GET /api/v1/chat/chats/username/Ashok
2026-06-18 10:31:10 [http-nio-8084-exec-1] DEBUG c.c.security.JwtAuthenticationFilter - Authenticated user [e2810d50-ab33-49c8-b198-dcfba3cceecc] for URI: /api/v1/chat/chats/username/Ashok
2026-06-18 10:31:10 [http-nio-8084-exec-1] INFO  c.c.config.RequestLoggingFilter - ? GET /api/v1/chat/chats/username/Ashok [IP: 0:0:0:0:0:0:0:1]
2026-06-18 10:31:10 [http-nio-8084-exec-1] INFO  c.c.controller.ChatController - GET /chats/username/Ashok
2026-06-18 10:31:10 [http-nio-8084-exec-1] INFO  c.c.service.impl.ChatServiceImpl - getChatsForUserByUsername username=Ashok
2026-06-18 10:31:10 [http-nio-8084-exec-1] INFO  c.c.config.UserServiceClient - Calling auth service for username=Ashok
2026-06-18 10:31:10 [http-nio-8084-exec-1] INFO  c.c.config.UserServiceClient - Forwarding Authorization header=Bearer eyJhbGciOiJIUzI1NiJ9.eyJzdWIiOiJlMjgxMGQ1MC1hYjMzLTQ5YzgtYjE5OC1kY2ZiYTNjY2VlY2MiLCJlbWFpbCI6ImE0Mmw3ZmN1b2ZAYndteWdhLmNvbSIsInVzZXJuYW1lIjoiQXNob2siLCJpYXQiOjE3ODE3NTg4NjMsImV4cCI6MTc4MTg0NTI2M30.iarkYeZoFSrYMeXxBqF5x6dQn2J4IkFYOfnRZEqTG1A
2026-06-18 10:31:11 [clientOutboundChannel-5] DEBUG c.c.service.RedisCacheService - Marked online: Ashok
2026-06-18 10:31:11 [clientOutboundChannel-5] INFO  c.c.websocket.PresenceEventListener - PRESENCE CONNECT  username=Ashok session=4aff5a68-d5f3-bcaa-9c00-ff5e9a142e58
2026-06-18 10:31:11 [http-nio-8084-exec-5] DEBUG c.c.security.JwtAuthenticationFilter - Processing request: GET /api/v1/chat/presence/online
2026-06-18 10:31:11 [http-nio-8084-exec-5] DEBUG c.c.security.JwtAuthenticationFilter - Authenticated user [e2810d50-ab33-49c8-b198-dcfba3cceecc] for URI: /api/v1/chat/presence/online
2026-06-18 10:31:11 [http-nio-8084-exec-5] INFO  c.c.config.RequestLoggingFilter - ? GET /api/v1/chat/presence/online [IP: 0:0:0:0:0:0:0:1]
2026-06-18 10:31:11 [http-nio-8084-exec-5] INFO  c.c.config.RequestLoggingFilter - ? GET /api/v1/chat/presence/online | status=200 | 2ms
2026-06-18 10:31:11 [http-nio-8084-exec-1] INFO  c.c.config.UserServiceClient - Auth service raw response={success=true, message=User fetched successfully., data={id=e2810d50-ab33-49c8-b198-dcfba3cceecc, username=Ashok, email=a42l7fcuof@bwmyga.com, phoneNumber=+442079460018, active=true, createdAt=2026-06-18T10:30:34.603485}}
2026-06-18 10:31:11 [http-nio-8084-exec-1] INFO  c.c.config.UserServiceClient - data field={id=e2810d50-ab33-49c8-b198-dcfba3cceecc, username=Ashok, email=a42l7fcuof@bwmyga.com, phoneNumber=+442079460018, active=true, createdAt=2026-06-18T10:30:34.603485}
2026-06-18 10:31:11 [http-nio-8084-exec-1] INFO  c.c.config.UserServiceClient - data map keys=[id, username, email, phoneNumber, active, createdAt]
2026-06-18 10:31:11 [http-nio-8084-exec-1] INFO  c.c.config.UserServiceClient - Resolved userId=e2810d50-ab33-49c8-b198-dcfba3cceecc for username=Ashok
2026-06-18 10:31:11 [http-nio-8084-exec-1] INFO  c.c.service.impl.ChatServiceImpl - getChatsForUser userId=e2810d50-ab33-49c8-b198-dcfba3cceecc
2026-06-18 10:31:11 [http-nio-8084-exec-1] INFO  c.c.config.RequestLoggingFilter - ? GET /api/v1/chat/chats/username/Ashok | status=200 | 396ms
2026-06-18 10:31:11 [http-nio-8084-exec-8] DEBUG c.c.security.JwtAuthenticationFilter - Processing request: GET /api/v1/chat/chats/username/Ashok
2026-06-18 10:31:11 [http-nio-8084-exec-8] DEBUG c.c.security.JwtAuthenticationFilter - Authenticated user [e2810d50-ab33-49c8-b198-dcfba3cceecc] for URI: /api/v1/chat/chats/username/Ashok
2026-06-18 10:31:11 [http-nio-8084-exec-8] INFO  c.c.config.RequestLoggingFilter - ? GET /api/v1/chat/chats/username/Ashok [IP: 0:0:0:0:0:0:0:1]
2026-06-18 10:31:11 [http-nio-8084-exec-8] INFO  c.c.controller.ChatController - GET /chats/username/Ashok
2026-06-18 10:31:11 [http-nio-8084-exec-8] INFO  c.c.service.impl.ChatServiceImpl - getChatsForUserByUsername username=Ashok
2026-06-18 10:31:11 [http-nio-8084-exec-8] INFO  c.c.config.UserServiceClient - Calling auth service for username=Ashok
2026-06-18 10:31:11 [http-nio-8084-exec-8] INFO  c.c.config.UserServiceClient - Forwarding Authorization header=Bearer eyJhbGciOiJIUzI1NiJ9.eyJzdWIiOiJlMjgxMGQ1MC1hYjMzLTQ5YzgtYjE5OC1kY2ZiYTNjY2VlY2MiLCJlbWFpbCI6ImE0Mmw3ZmN1b2ZAYndteWdhLmNvbSIsInVzZXJuYW1lIjoiQXNob2siLCJpYXQiOjE3ODE3NTg4NjMsImV4cCI6MTc4MTg0NTI2M30.iarkYeZoFSrYMeXxBqF5x6dQn2J4IkFYOfnRZEqTG1A
2026-06-18 10:31:11 [http-nio-8084-exec-8] INFO  c.c.config.UserServiceClient - Auth service raw response={success=true, message=User fetched successfully., data={id=e2810d50-ab33-49c8-b198-dcfba3cceecc, username=Ashok, email=a42l7fcuof@bwmyga.com, phoneNumber=+442079460018, active=true, createdAt=2026-06-18T10:30:34.603485}}
2026-06-18 10:31:11 [http-nio-8084-exec-8] INFO  c.c.config.UserServiceClient - data field={id=e2810d50-ab33-49c8-b198-dcfba3cceecc, username=Ashok, email=a42l7fcuof@bwmyga.com, phoneNumber=+442079460018, active=true, createdAt=2026-06-18T10:30:34.603485}
2026-06-18 10:31:11 [http-nio-8084-exec-8] INFO  c.c.config.UserServiceClient - data map keys=[id, username, email, phoneNumber, active, createdAt]
2026-06-18 10:31:11 [http-nio-8084-exec-8] INFO  c.c.config.UserServiceClient - Resolved userId=e2810d50-ab33-49c8-b198-dcfba3cceecc for username=Ashok
2026-06-18 10:31:11 [http-nio-8084-exec-8] INFO  c.c.service.impl.ChatServiceImpl - getChatsForUser userId=e2810d50-ab33-49c8-b198-dcfba3cceecc
2026-06-18 10:31:11 [http-nio-8084-exec-8] INFO  c.c.config.RequestLoggingFilter - ? GET /api/v1/chat/chats/username/Ashok | status=200 | 294ms
2026-06-18 10:31:12 [http-nio-8084-exec-9] DEBUG c.c.security.JwtAuthenticationFilter - Processing request: GET /api/v1/community/my
2026-06-18 10:31:12 [http-nio-8084-exec-9] DEBUG c.c.security.JwtAuthenticationFilter - Authenticated user [e2810d50-ab33-49c8-b198-dcfba3cceecc] for URI: /api/v1/community/my
2026-06-18 10:31:12 [http-nio-8084-exec-9] INFO  c.c.config.RequestLoggingFilter - ? GET /api/v1/community/my [IP: 0:0:0:0:0:0:0:1]
2026-06-18 10:31:12 [http-nio-8084-exec-9] INFO  c.c.config.RequestLoggingFilter - ? GET /api/v1/community/my | status=200 | 11ms
2026-06-18 10:31:13 [http-nio-8084-exec-7] DEBUG c.c.security.JwtAuthenticationFilter - Processing request: GET /api/v1/chat/presence/online
2026-06-18 10:31:13 [http-nio-8084-exec-10] DEBUG c.c.security.JwtAuthenticationFilter - Processing request: GET /api/v1/chat/chats/username/Ashok
2026-06-18 10:31:13 [http-nio-8084-exec-7] DEBUG c.c.security.JwtAuthenticationFilter - Authenticated user [e2810d50-ab33-49c8-b198-dcfba3cceecc] for URI: /api/v1/chat/presence/online
2026-06-18 10:31:13 [http-nio-8084-exec-7] INFO  c.c.config.RequestLoggingFilter - ? GET /api/v1/chat/presence/online [IP: 0:0:0:0:0:0:0:1]
2026-06-18 10:31:13 [http-nio-8084-exec-7] INFO  c.c.config.RequestLoggingFilter - ? GET /api/v1/chat/presence/online | status=200 | 5ms
2026-06-18 10:31:13 [http-nio-8084-exec-10] DEBUG c.c.security.JwtAuthenticationFilter - Authenticated user [e2810d50-ab33-49c8-b198-dcfba3cceecc] for URI: /api/v1/chat/chats/username/Ashok
2026-06-18 10:31:13 [http-nio-8084-exec-10] INFO  c.c.config.RequestLoggingFilter - ? GET /api/v1/chat/chats/username/Ashok [IP: 0:0:0:0:0:0:0:1]
2026-06-18 10:31:13 [http-nio-8084-exec-10] INFO  c.c.controller.ChatController - GET /chats/username/Ashok
2026-06-18 10:31:13 [http-nio-8084-exec-10] INFO  c.c.service.impl.ChatServiceImpl - getChatsForUserByUsername username=Ashok
2026-06-18 10:31:13 [http-nio-8084-exec-10] INFO  c.c.config.UserServiceClient - Calling auth service for username=Ashok
2026-06-18 10:31:13 [http-nio-8084-exec-10] INFO  c.c.config.UserServiceClient - Forwarding Authorization header=Bearer eyJhbGciOiJIUzI1NiJ9.eyJzdWIiOiJlMjgxMGQ1MC1hYjMzLTQ5YzgtYjE5OC1kY2ZiYTNjY2VlY2MiLCJlbWFpbCI6ImE0Mmw3ZmN1b2ZAYndteWdhLmNvbSIsInVzZXJuYW1lIjoiQXNob2siLCJpYXQiOjE3ODE3NTg4NjMsImV4cCI6MTc4MTg0NTI2M30.iarkYeZoFSrYMeXxBqF5x6dQn2J4IkFYOfnRZEqTG1A
2026-06-18 10:31:13 [http-nio-8084-exec-4] DEBUG c.c.security.JwtAuthenticationFilter - Processing request: GET /api/v1/chat/presence/online
2026-06-18 10:31:14 [http-nio-8084-exec-4] DEBUG c.c.security.JwtAuthenticationFilter - Authenticated user [e2810d50-ab33-49c8-b198-dcfba3cceecc] for URI: /api/v1/chat/presence/online
2026-06-18 10:31:14 [http-nio-8084-exec-4] INFO  c.c.config.RequestLoggingFilter - ? GET /api/v1/chat/presence/online [IP: 0:0:0:0:0:0:0:1]
2026-06-18 10:31:14 [http-nio-8084-exec-4] INFO  c.c.config.RequestLoggingFilter - ? GET /api/v1/chat/presence/online | status=200 | 0ms
2026-06-18 10:31:14 [http-nio-8084-exec-10] INFO  c.c.config.UserServiceClient - Auth service raw response={success=true, message=User fetched successfully., data={id=e2810d50-ab33-49c8-b198-dcfba3cceecc, username=Ashok, email=a42l7fcuof@bwmyga.com, phoneNumber=+442079460018, active=true, createdAt=2026-06-18T10:30:34.603485}}
2026-06-18 10:31:14 [http-nio-8084-exec-10] INFO  c.c.config.UserServiceClient - data field={id=e2810d50-ab33-49c8-b198-dcfba3cceecc, username=Ashok, email=a42l7fcuof@bwmyga.com, phoneNumber=+442079460018, active=true, createdAt=2026-06-18T10:30:34.603485}
2026-06-18 10:31:14 [http-nio-8084-exec-10] INFO  c.c.config.UserServiceClient - data map keys=[id, username, email, phoneNumber, active, createdAt]
2026-06-18 10:31:14 [http-nio-8084-exec-10] INFO  c.c.config.UserServiceClient - Resolved userId=e2810d50-ab33-49c8-b198-dcfba3cceecc for username=Ashok
2026-06-18 10:31:14 [http-nio-8084-exec-10] INFO  c.c.service.impl.ChatServiceImpl - getChatsForUser userId=e2810d50-ab33-49c8-b198-dcfba3cceecc
2026-06-18 10:31:14 [http-nio-8084-exec-10] INFO  c.c.config.RequestLoggingFilter - ? GET /api/v1/chat/chats/username/Ashok | status=200 | 64ms
2026-06-18 10:31:14 [http-nio-8084-exec-5] DEBUG c.c.security.JwtAuthenticationFilter - Processing request: GET /api/v1/chat/chats/username/Ashok
2026-06-18 10:31:14 [http-nio-8084-exec-5] DEBUG c.c.security.JwtAuthenticationFilter - Authenticated user [e2810d50-ab33-49c8-b198-dcfba3cceecc] for URI: /api/v1/chat/chats/username/Ashok
2026-06-18 10:31:14 [http-nio-8084-exec-5] INFO  c.c.config.RequestLoggingFilter - ? GET /api/v1/chat/chats/username/Ashok [IP: 0:0:0:0:0:0:0:1]
2026-06-18 10:31:14 [http-nio-8084-exec-5] INFO  c.c.controller.ChatController - GET /chats/username/Ashok
2026-06-18 10:31:14 [http-nio-8084-exec-5] INFO  c.c.service.impl.ChatServiceImpl - getChatsForUserByUsername username=Ashok
2026-06-18 10:31:14 [http-nio-8084-exec-5] INFO  c.c.config.UserServiceClient - Calling auth service for username=Ashok
2026-06-18 10:31:14 [http-nio-8084-exec-5] INFO  c.c.config.UserServiceClient - Forwarding Authorization header=Bearer eyJhbGciOiJIUzI1NiJ9.eyJzdWIiOiJlMjgxMGQ1MC1hYjMzLTQ5YzgtYjE5OC1kY2ZiYTNjY2VlY2MiLCJlbWFpbCI6ImE0Mmw3ZmN1b2ZAYndteWdhLmNvbSIsInVzZXJuYW1lIjoiQXNob2siLCJpYXQiOjE3ODE3NTg4NjMsImV4cCI6MTc4MTg0NTI2M30.iarkYeZoFSrYMeXxBqF5x6dQn2J4IkFYOfnRZEqTG1A
2026-06-18 10:31:14 [http-nio-8084-exec-5] INFO  c.c.config.UserServiceClient - Auth service raw response={success=true, message=User fetched successfully., data={id=e2810d50-ab33-49c8-b198-dcfba3cceecc, username=Ashok, email=a42l7fcuof@bwmyga.com, phoneNumber=+442079460018, active=true, createdAt=2026-06-18T10:30:34.603485}}
2026-06-18 10:31:14 [http-nio-8084-exec-5] INFO  c.c.config.UserServiceClient - data field={id=e2810d50-ab33-49c8-b198-dcfba3cceecc, username=Ashok, email=a42l7fcuof@bwmyga.com, phoneNumber=+442079460018, active=true, createdAt=2026-06-18T10:30:34.603485}
2026-06-18 10:31:14 [http-nio-8084-exec-5] INFO  c.c.config.UserServiceClient - data map keys=[id, username, email, phoneNumber, active, createdAt]
2026-06-18 10:31:14 [http-nio-8084-exec-5] INFO  c.c.config.UserServiceClient - Resolved userId=e2810d50-ab33-49c8-b198-dcfba3cceecc for username=Ashok
2026-06-18 10:31:14 [http-nio-8084-exec-5] INFO  c.c.service.impl.ChatServiceImpl - getChatsForUser userId=e2810d50-ab33-49c8-b198-dcfba3cceecc
2026-06-18 10:31:14 [http-nio-8084-exec-5] INFO  c.c.config.RequestLoggingFilter - ? GET /api/v1/chat/chats/username/Ashok | status=200 | 30ms
2026-06-18 10:31:15 [http-nio-8084-exec-8] DEBUG c.c.security.JwtAuthenticationFilter - Processing request: GET /api/v1/ai/history
2026-06-18 10:31:15 [http-nio-8084-exec-8] DEBUG c.c.security.JwtAuthenticationFilter - Authenticated user [e2810d50-ab33-49c8-b198-dcfba3cceecc] for URI: /api/v1/ai/history
2026-06-18 10:31:15 [http-nio-8084-exec-8] INFO  c.c.config.RequestLoggingFilter - ? GET /api/v1/ai/history [IP: 0:0:0:0:0:0:0:1]
2026-06-18 10:31:15 [http-nio-8084-exec-8] WARN  c.c.exception.GlobalExceptionHandler - ConversationNotFound: No conversation found.
2026-06-18 10:31:15 [http-nio-8084-exec-8] INFO  c.c.config.RequestLoggingFilter - ? GET /api/v1/ai/history | status=404 | 15ms
2026-06-18 10:31:15 [http-nio-8084-exec-2] DEBUG c.c.security.JwtAuthenticationFilter - Processing request: GET /api/v1/ai/history
2026-06-18 10:31:15 [http-nio-8084-exec-2] DEBUG c.c.security.JwtAuthenticationFilter - Authenticated user [e2810d50-ab33-49c8-b198-dcfba3cceecc] for URI: /api/v1/ai/history
2026-06-18 10:31:15 [http-nio-8084-exec-2] INFO  c.c.config.RequestLoggingFilter - ? GET /api/v1/ai/history [IP: 0:0:0:0:0:0:0:1]
2026-06-18 10:31:15 [http-nio-8084-exec-2] WARN  c.c.exception.GlobalExceptionHandler - ConversationNotFound: No conversation found.
2026-06-18 10:31:15 [http-nio-8084-exec-2] INFO  c.c.config.RequestLoggingFilter - ? GET /api/v1/ai/history | status=404 | 4ms
2026-06-18 10:31:19 [http-nio-8084-exec-9] DEBUG c.c.security.JwtAuthenticationFilter - Processing request: POST /api/v1/ai/chat
2026-06-18 10:31:19 [http-nio-8084-exec-9] DEBUG c.c.security.JwtAuthenticationFilter - Authenticated user [e2810d50-ab33-49c8-b198-dcfba3cceecc] for URI: /api/v1/ai/chat
2026-06-18 10:31:19 [http-nio-8084-exec-9] INFO  c.c.config.RequestLoggingFilter - ? POST /api/v1/ai/chat [IP: 0:0:0:0:0:0:0:1]
2026-06-18 10:31:21 [http-nio-8084-exec-9] ERROR c.c.ai.provider.GeminiAiProvider - Gemini API call failed: 503 Service Unavailable. This model is currently experiencing high demand. Spikes in demand are usually temporary. Please try again later.
org.apache.http.HttpException: 503 Service Unavailable. This model is currently experiencing high demand. Spikes in demand are usually temporary. Please try again later.
	at com.google.genai.HttpApiResponse.getEntity(HttpApiResponse.java:73)
	at com.google.genai.Models.privateGenerateContent(Models.java:3328)
	at com.google.genai.Models.generateContent(Models.java:3575)
	at com.chatservice.ai.provider.GeminiAiProvider.generate(GeminiAiProvider.java:71)
	at com.chatservice.ai.AiServiceImpl.generateAndPersist(AiServiceImpl.java:158)
	at com.chatservice.ai.AiServiceImpl.chat(AiServiceImpl.java:69)
	at java.base/jdk.internal.reflect.NativeMethodAccessorImpl.invoke0(Native Method)
	at java.base/jdk.internal.reflect.NativeMethodAccessorImpl.invoke(NativeMethodAccessorImpl.java:77)
	at java.base/jdk.internal.reflect.DelegatingMethodAccessorImpl.invoke(DelegatingMethodAccessorImpl.java:43)
	at java.base/java.lang.reflect.Method.invoke(Method.java:569)
	at org.springframework.aop.support.AopUtils.invokeJoinpointUsingReflection(AopUtils.java:351)
	at org.springframework.aop.framework.ReflectiveMethodInvocation.invokeJoinpoint(ReflectiveMethodInvocation.java:196)
	at org.springframework.aop.framework.ReflectiveMethodInvocation.proceed(ReflectiveMethodInvocation.java:163)
	at org.springframework.aop.framework.CglibAopProxy$CglibMethodInvocation.proceed(CglibAopProxy.java:765)
	at org.springframework.transaction.interceptor.TransactionInterceptor$1.proceedWithInvocation(TransactionInterceptor.java:123)
	at org.springframework.transaction.interceptor.TransactionAspectSupport.invokeWithinTransaction(TransactionAspectSupport.java:385)
	at org.springframework.transaction.interceptor.TransactionInterceptor.invoke(TransactionInterceptor.java:119)
	at org.springframework.aop.framework.ReflectiveMethodInvocation.proceed(ReflectiveMethodInvocation.java:184)
	at org.springframework.aop.framework.CglibAopProxy$CglibMethodInvocation.proceed(CglibAopProxy.java:765)
	at org.springframework.aop.framework.CglibAopProxy$DynamicAdvisedInterceptor.intercept(CglibAopProxy.java:717)
	at com.chatservice.ai.AiServiceImpl$$SpringCGLIB$$0.chat(<generated>)
	at com.chatservice.ai.AiController.chat(AiController.java:52)
	at java.base/jdk.internal.reflect.NativeMethodAccessorImpl.invoke0(Native Method)
	at java.base/jdk.internal.reflect.NativeMethodAccessorImpl.invoke(NativeMethodAccessorImpl.java:77)
	at java.base/jdk.internal.reflect.DelegatingMethodAccessorImpl.invoke(DelegatingMethodAccessorImpl.java:43)
	at java.base/java.lang.reflect.Method.invoke(Method.java:569)
	at org.springframework.web.method.support.InvocableHandlerMethod.doInvoke(InvocableHandlerMethod.java:259)
	at org.springframework.web.method.support.InvocableHandlerMethod.invokeForRequest(InvocableHandlerMethod.java:192)
	at org.springframework.web.servlet.mvc.method.annotation.ServletInvocableHandlerMethod.invokeAndHandle(ServletInvocableHandlerMethod.java:118)
	at org.springframework.web.servlet.mvc.method.annotation.RequestMappingHandlerAdapter.invokeHandlerMethod(RequestMappingHandlerAdapter.java:920)
	at org.springframework.web.servlet.mvc.method.annotation.RequestMappingHandlerAdapter.handleInternal(RequestMappingHandlerAdapter.java:830)
	at org.springframework.web.servlet.mvc.method.AbstractHandlerMethodAdapter.handle(AbstractHandlerMethodAdapter.java:87)
	at org.springframework.web.servlet.DispatcherServlet.doDispatch(DispatcherServlet.java:1089)
	at org.springframework.web.servlet.DispatcherServlet.doService(DispatcherServlet.java:979)
	at org.springframework.web.servlet.FrameworkServlet.processRequest(FrameworkServlet.java:1014)
	at org.springframework.web.servlet.FrameworkServlet.doPost(FrameworkServlet.java:914)
	at jakarta.servlet.http.HttpServlet.service(HttpServlet.java:590)
	at org.springframework.web.servlet.FrameworkServlet.service(FrameworkServlet.java:885)
	at jakarta.servlet.http.HttpServlet.service(HttpServlet.java:658)
	at org.apache.catalina.core.ApplicationFilterChain.internalDoFilter(ApplicationFilterChain.java:205)
	at org.apache.catalina.core.ApplicationFilterChain.doFilter(ApplicationFilterChain.java:149)
	at org.apache.tomcat.websocket.server.WsFilter.doFilter(WsFilter.java:51)
	at org.apache.catalina.core.ApplicationFilterChain.internalDoFilter(ApplicationFilterChain.java:174)
	at org.apache.catalina.core.ApplicationFilterChain.doFilter(ApplicationFilterChain.java:149)
	at org.springframework.web.filter.OncePerRequestFilter.doFilter(OncePerRequestFilter.java:110)
	at org.apache.catalina.core.ApplicationFilterChain.internalDoFilter(ApplicationFilterChain.java:174)
	at org.apache.catalina.core.ApplicationFilterChain.doFilter(ApplicationFilterChain.java:149)
	at org.springframework.web.filter.OncePerRequestFilter.doFilter(OncePerRequestFilter.java:110)
	at org.apache.catalina.core.ApplicationFilterChain.internalDoFilter(ApplicationFilterChain.java:174)
	at org.apache.catalina.core.ApplicationFilterChain.doFilter(ApplicationFilterChain.java:149)
	at com.chatservice.config.RequestLoggingFilter.doFilter(RequestLoggingFilter.java:35)
	at org.apache.catalina.core.ApplicationFilterChain.internalDoFilter(ApplicationFilterChain.java:174)
	at org.apache.catalina.core.ApplicationFilterChain.doFilter(ApplicationFilterChain.java:149)
	at org.springframework.web.filter.CompositeFilter$VirtualFilterChain.doFilter(CompositeFilter.java:108)
	at org.springframework.security.web.FilterChainProxy.lambda$doFilterInternal$3(FilterChainProxy.java:231)
	at org.springframework.security.web.FilterChainProxy$VirtualFilterChain.doFilter(FilterChainProxy.java:365)
	at org.springframework.security.web.access.intercept.AuthorizationFilter.doFilter(AuthorizationFilter.java:100)
	at org.springframework.security.web.FilterChainProxy$VirtualFilterChain.doFilter(FilterChainProxy.java:374)
	at org.springframework.security.web.access.ExceptionTranslationFilter.doFilter(ExceptionTranslationFilter.java:126)
	at org.springframework.security.web.access.ExceptionTranslationFilter.doFilter(ExceptionTranslationFilter.java:120)
	at org.springframework.security.web.FilterChainProxy$VirtualFilterChain.doFilter(FilterChainProxy.java:374)
	at org.springframework.security.web.session.SessionManagementFilter.doFilter(SessionManagementFilter.java:131)
	at org.springframework.security.web.session.SessionManagementFilter.doFilter(SessionManagementFilter.java:85)
	at org.springframework.security.web.FilterChainProxy$VirtualFilterChain.doFilter(FilterChainProxy.java:374)
	at org.springframework.security.web.authentication.AnonymousAuthenticationFilter.doFilter(AnonymousAuthenticationFilter.java:100)
	at org.springframework.security.web.FilterChainProxy$VirtualFilterChain.doFilter(FilterChainProxy.java:374)
	at org.springframework.security.web.servletapi.SecurityContextHolderAwareRequestFilter.doFilter(SecurityContextHolderAwareRequestFilter.java:179)
	at org.springframework.security.web.FilterChainProxy$VirtualFilterChain.doFilter(FilterChainProxy.java:374)
	at org.springframework.security.web.savedrequest.RequestCacheAwareFilter.doFilter(RequestCacheAwareFilter.java:63)
	at org.springframework.security.web.FilterChainProxy$VirtualFilterChain.doFilter(FilterChainProxy.java:374)
	at com.chatservice.security.JwtAuthenticationFilter.doFilterInternal(JwtAuthenticationFilter.java:61)
	at org.springframework.web.filter.OncePerRequestFilter.doFilter(OncePerRequestFilter.java:116)
	at org.springframework.security.web.FilterChainProxy$VirtualFilterChain.doFilter(FilterChainProxy.java:374)
	at com.chatservice.config.SecurityConfig$GatewayWhitelistFilter.doFilterInternal(SecurityConfig.java:88)
	at org.springframework.web.filter.OncePerRequestFilter.doFilter(OncePerRequestFilter.java:116)
	at org.springframework.security.web.FilterChainProxy$VirtualFilterChain.doFilter(FilterChainProxy.java:374)
	at org.springframework.security.web.authentication.logout.LogoutFilter.doFilter(LogoutFilter.java:107)
	at org.springframework.security.web.authentication.logout.LogoutFilter.doFilter(LogoutFilter.java:93)
	at org.springframework.security.web.FilterChainProxy$VirtualFilterChain.doFilter(FilterChainProxy.java:374)
	at org.springframework.web.filter.CorsFilter.doFilterInternal(CorsFilter.java:91)
	at org.springframework.web.filter.OncePerRequestFilter.doFilter(OncePerRequestFilter.java:116)
	at org.springframework.security.web.FilterChainProxy$VirtualFilterChain.doFilter(FilterChainProxy.java:374)
	at org.springframework.security.web.header.HeaderWriterFilter.doHeadersAfter(HeaderWriterFilter.java:90)
	at org.springframework.security.web.header.HeaderWriterFilter.doFilterInternal(HeaderWriterFilter.java:75)
	at org.springframework.web.filter.OncePerRequestFilter.doFilter(OncePerRequestFilter.java:116)
	at org.springframework.security.web.FilterChainProxy$VirtualFilterChain.doFilter(FilterChainProxy.java:374)
	at org.springframework.security.web.context.SecurityContextHolderFilter.doFilter(SecurityContextHolderFilter.java:82)
	at org.springframework.security.web.context.SecurityContextHolderFilter.doFilter(SecurityContextHolderFilter.java:69)
	at org.springframework.security.web.FilterChainProxy$VirtualFilterChain.doFilter(FilterChainProxy.java:374)
	at org.springframework.security.web.context.request.async.WebAsyncManagerIntegrationFilter.doFilterInternal(WebAsyncManagerIntegrationFilter.java:62)
	at org.springframework.web.filter.OncePerRequestFilter.doFilter(OncePerRequestFilter.java:116)
	at org.springframework.security.web.FilterChainProxy$VirtualFilterChain.doFilter(FilterChainProxy.java:374)
	at org.springframework.security.web.session.DisableEncodeUrlFilter.doFilterInternal(DisableEncodeUrlFilter.java:42)
	at org.springframework.web.filter.OncePerRequestFilter.doFilter(OncePerRequestFilter.java:116)
	at org.springframework.security.web.FilterChainProxy$VirtualFilterChain.doFilter(FilterChainProxy.java:374)
	at org.springframework.security.web.FilterChainProxy.doFilterInternal(FilterChainProxy.java:233)
	at org.springframework.security.web.FilterChainProxy.doFilter(FilterChainProxy.java:191)
	at org.springframework.web.filter.CompositeFilter$VirtualFilterChain.doFilter(CompositeFilter.java:113)
	at org.springframework.web.servlet.handler.HandlerMappingIntrospector.lambda$createCacheFilter$3(HandlerMappingIntrospector.java:195)
	at org.springframework.web.filter.CompositeFilter$VirtualFilterChain.doFilter(CompositeFilter.java:113)
	at org.springframework.web.filter.CompositeFilter.doFilter(CompositeFilter.java:74)
	at org.springframework.security.config.annotation.web.configuration.WebMvcSecurityConfiguration$CompositeFilterChainProxy.doFilter(WebMvcSecurityConfiguration.java:230)
	at org.springframework.web.filter.DelegatingFilterProxy.invokeDelegate(DelegatingFilterProxy.java:352)
	at org.springframework.web.filter.DelegatingFilterProxy.doFilter(DelegatingFilterProxy.java:268)
	at org.apache.catalina.core.ApplicationFilterChain.internalDoFilter(ApplicationFilterChain.java:174)
	at org.apache.catalina.core.ApplicationFilterChain.doFilter(ApplicationFilterChain.java:149)
	at org.springframework.web.filter.RequestContextFilter.doFilterInternal(RequestContextFilter.java:100)
	at org.springframework.web.filter.OncePerRequestFilter.doFilter(OncePerRequestFilter.java:116)
	at org.apache.catalina.core.ApplicationFilterChain.internalDoFilter(ApplicationFilterChain.java:174)
	at org.apache.catalina.core.ApplicationFilterChain.doFilter(ApplicationFilterChain.java:149)
	at org.springframework.web.filter.FormContentFilter.doFilterInternal(FormContentFilter.java:93)
	at org.springframework.web.filter.OncePerRequestFilter.doFilter(OncePerRequestFilter.java:116)
	at org.apache.catalina.core.ApplicationFilterChain.internalDoFilter(ApplicationFilterChain.java:174)
	at org.apache.catalina.core.ApplicationFilterChain.doFilter(ApplicationFilterChain.java:149)
	at org.springframework.web.filter.CharacterEncodingFilter.doFilterInternal(CharacterEncodingFilter.java:201)
	at org.springframework.web.filter.OncePerRequestFilter.doFilter(OncePerRequestFilter.java:116)
	at org.apache.catalina.core.ApplicationFilterChain.internalDoFilter(ApplicationFilterChain.java:174)
	at org.apache.catalina.core.ApplicationFilterChain.doFilter(ApplicationFilterChain.java:149)
	at org.apache.catalina.core.StandardWrapperValve.invoke(StandardWrapperValve.java:167)
	at org.apache.catalina.core.StandardContextValve.invoke(StandardContextValve.java:90)
	at org.apache.catalina.authenticator.AuthenticatorBase.invoke(AuthenticatorBase.java:482)
	at org.apache.catalina.core.StandardHostValve.invoke(StandardHostValve.java:115)
	at org.apache.catalina.valves.ErrorReportValve.invoke(ErrorReportValve.java:93)
	at org.apache.catalina.core.StandardEngineValve.invoke(StandardEngineValve.java:74)
	at org.apache.catalina.connector.CoyoteAdapter.service(CoyoteAdapter.java:344)
	at org.apache.coyote.http11.Http11Processor.service(Http11Processor.java:391)
	at org.apache.coyote.AbstractProcessorLight.process(AbstractProcessorLight.java:63)
	at org.apache.coyote.AbstractProtocol$ConnectionHandler.process(AbstractProtocol.java:896)
	at org.apache.tomcat.util.net.NioEndpoint$SocketProcessor.doRun(NioEndpoint.java:1744)
	at org.apache.tomcat.util.net.SocketProcessorBase.run(SocketProcessorBase.java:52)
	at org.apache.tomcat.util.threads.ThreadPoolExecutor.runWorker(ThreadPoolExecutor.java:1191)
	at org.apache.tomcat.util.threads.ThreadPoolExecutor$Worker.run(ThreadPoolExecutor.java:659)
	at org.apache.tomcat.util.threads.TaskThread$WrappingRunnable.run(TaskThread.java:63)
	at java.base/java.lang.Thread.run(Thread.java:840)
2026-06-18 10:31:21 [http-nio-8084-exec-9] ERROR c.c.exception.GlobalExceptionHandler - AiProviderException: AI provider request failed: 503 Service Unavailable. This model is currently experiencing high demand. Spikes in demand are usually temporary. Please try again later.
2026-06-18 10:31:21 [http-nio-8084-exec-9] INFO  c.c.config.RequestLoggingFilter - ? POST /api/v1/ai/chat | status=503 | 2222ms
2026-06-18 10:31:44 [clientInboundChannel-26] DEBUG c.c.service.RedisCacheService - Marked online: Ashok
2026-06-18 10:31:44 [clientInboundChannel-26] DEBUG c.c.websocket.ChatWebSocketHandler - HEARTBEAT username=Ashok
2026-06-18 10:31:44 [http-nio-8084-exec-6] DEBUG c.c.security.JwtAuthenticationFilter - Processing request: GET /api/v1/chat/chats/username/Ashok
2026-06-18 10:31:44 [http-nio-8084-exec-6] DEBUG c.c.security.JwtAuthenticationFilter - Authenticated user [e2810d50-ab33-49c8-b198-dcfba3cceecc] for URI: /api/v1/chat/chats/username/Ashok
2026-06-18 10:31:44 [http-nio-8084-exec-6] INFO  c.c.config.RequestLoggingFilter - ? GET /api/v1/chat/chats/username/Ashok [IP: 0:0:0:0:0:0:0:1]
2026-06-18 10:31:44 [http-nio-8084-exec-6] INFO  c.c.controller.ChatController - GET /chats/username/Ashok
2026-06-18 10:31:44 [http-nio-8084-exec-6] INFO  c.c.service.impl.ChatServiceImpl - getChatsForUserByUsername username=Ashok
2026-06-18 10:31:44 [http-nio-8084-exec-6] INFO  c.c.config.UserServiceClient - Calling auth service for username=Ashok
2026-06-18 10:31:44 [http-nio-8084-exec-6] INFO  c.c.config.UserServiceClient - Forwarding Authorization header=Bearer eyJhbGciOiJIUzI1NiJ9.eyJzdWIiOiJlMjgxMGQ1MC1hYjMzLTQ5YzgtYjE5OC1kY2ZiYTNjY2VlY2MiLCJlbWFpbCI6ImE0Mmw3ZmN1b2ZAYndteWdhLmNvbSIsInVzZXJuYW1lIjoiQXNob2siLCJpYXQiOjE3ODE3NTg4NjMsImV4cCI6MTc4MTg0NTI2M30.iarkYeZoFSrYMeXxBqF5x6dQn2J4IkFYOfnRZEqTG1A
2026-06-18 10:31:44 [http-nio-8084-exec-6] INFO  c.c.config.UserServiceClient - Auth service raw response={success=true, message=User fetched successfully., data={id=e2810d50-ab33-49c8-b198-dcfba3cceecc, username=Ashok, email=a42l7fcuof@bwmyga.com, phoneNumber=+442079460018, active=true, createdAt=2026-06-18T10:30:34.603485}}
2026-06-18 10:31:44 [http-nio-8084-exec-6] INFO  c.c.config.UserServiceClient - data field={id=e2810d50-ab33-49c8-b198-dcfba3cceecc, username=Ashok, email=a42l7fcuof@bwmyga.com, phoneNumber=+442079460018, active=true, createdAt=2026-06-18T10:30:34.603485}
2026-06-18 10:31:44 [http-nio-8084-exec-6] INFO  c.c.config.UserServiceClient - data map keys=[id, username, email, phoneNumber, active, createdAt]
2026-06-18 10:31:44 [http-nio-8084-exec-6] INFO  c.c.config.UserServiceClient - Resolved userId=e2810d50-ab33-49c8-b198-dcfba3cceecc for username=Ashok
2026-06-18 10:31:44 [http-nio-8084-exec-6] INFO  c.c.service.impl.ChatServiceImpl - getChatsForUser userId=e2810d50-ab33-49c8-b198-dcfba3cceecc
2026-06-18 10:31:44 [http-nio-8084-exec-6] INFO  c.c.config.RequestLoggingFilter - ? GET /api/v1/chat/chats/username/Ashok | status=200 | 30ms
2026-06-18 10:32:14 [clientInboundChannel-33] DEBUG c.c.service.RedisCacheService - Marked online: Ashok
2026-06-18 10:32:14 [clientInboundChannel-33] DEBUG c.c.websocket.ChatWebSocketHandler - HEARTBEAT username=Ashok
2026-06-18 10:32:14 [http-nio-8084-exec-4] DEBUG c.c.security.JwtAuthenticationFilter - Processing request: GET /api/v1/chat/chats/username/Ashok
2026-06-18 10:32:14 [http-nio-8084-exec-4] DEBUG c.c.security.JwtAuthenticationFilter - Authenticated user [e2810d50-ab33-49c8-b198-dcfba3cceecc] for URI: /api/v1/chat/chats/username/Ashok
2026-06-18 10:32:14 [http-nio-8084-exec-4] INFO  c.c.config.RequestLoggingFilter - ? GET /api/v1/chat/chats/username/Ashok [IP: 0:0:0:0:0:0:0:1]
2026-06-18 10:32:14 [http-nio-8084-exec-4] INFO  c.c.controller.ChatController - GET /chats/username/Ashok
2026-06-18 10:32:14 [http-nio-8084-exec-4] INFO  c.c.service.impl.ChatServiceImpl - getChatsForUserByUsername username=Ashok
2026-06-18 10:32:14 [http-nio-8084-exec-4] INFO  c.c.config.UserServiceClient - Calling auth service for username=Ashok
2026-06-18 10:32:14 [http-nio-8084-exec-4] INFO  c.c.config.UserServiceClient - Forwarding Authorization header=Bearer eyJhbGciOiJIUzI1NiJ9.eyJzdWIiOiJlMjgxMGQ1MC1hYjMzLTQ5YzgtYjE5OC1kY2ZiYTNjY2VlY2MiLCJlbWFpbCI6ImE0Mmw3ZmN1b2ZAYndteWdhLmNvbSIsInVzZXJuYW1lIjoiQXNob2siLCJpYXQiOjE3ODE3NTg4NjMsImV4cCI6MTc4MTg0NTI2M30.iarkYeZoFSrYMeXxBqF5x6dQn2J4IkFYOfnRZEqTG1A
2026-06-18 10:32:14 [http-nio-8084-exec-4] INFO  c.c.config.UserServiceClient - Auth service raw response={success=true, message=User fetched successfully., data={id=e2810d50-ab33-49c8-b198-dcfba3cceecc, username=Ashok, email=a42l7fcuof@bwmyga.com, phoneNumber=+442079460018, active=true, createdAt=2026-06-18T10:30:34.603485}}
2026-06-18 10:32:14 [http-nio-8084-exec-4] INFO  c.c.config.UserServiceClient - data field={id=e2810d50-ab33-49c8-b198-dcfba3cceecc, username=Ashok, email=a42l7fcuof@bwmyga.com, phoneNumber=+442079460018, active=true, createdAt=2026-06-18T10:30:34.603485}
2026-06-18 10:32:14 [http-nio-8084-exec-4] INFO  c.c.config.UserServiceClient - data map keys=[id, username, email, phoneNumber, active, createdAt]
2026-06-18 10:32:14 [http-nio-8084-exec-4] INFO  c.c.config.UserServiceClient - Resolved userId=e2810d50-ab33-49c8-b198-dcfba3cceecc for username=Ashok
2026-06-18 10:32:14 [http-nio-8084-exec-4] INFO  c.c.service.impl.ChatServiceImpl - getChatsForUser userId=e2810d50-ab33-49c8-b198-dcfba3cceecc
2026-06-18 10:32:14 [http-nio-8084-exec-4] INFO  c.c.config.RequestLoggingFilter - ? GET /api/v1/chat/chats/username/Ashok | status=200 | 25ms
2026-06-18 10:32:44 [clientInboundChannel-36] DEBUG c.c.service.RedisCacheService - Marked online: Ashok
2026-06-18 10:32:44 [clientInboundChannel-36] DEBUG c.c.websocket.ChatWebSocketHandler - HEARTBEAT username=Ashok
2026-06-18 10:32:44 [http-nio-8084-exec-5] DEBUG c.c.security.JwtAuthenticationFilter - Processing request: GET /api/v1/chat/chats/username/Ashok
2026-06-18 10:32:44 [http-nio-8084-exec-5] DEBUG c.c.security.JwtAuthenticationFilter - Authenticated user [e2810d50-ab33-49c8-b198-dcfba3cceecc] for URI: /api/v1/chat/chats/username/Ashok
2026-06-18 10:32:44 [http-nio-8084-exec-5] INFO  c.c.config.RequestLoggingFilter - ? GET /api/v1/chat/chats/username/Ashok [IP: 0:0:0:0:0:0:0:1]
2026-06-18 10:32:44 [http-nio-8084-exec-5] INFO  c.c.controller.ChatController - GET /chats/username/Ashok
2026-06-18 10:32:44 [http-nio-8084-exec-5] INFO  c.c.service.impl.ChatServiceImpl - getChatsForUserByUsername username=Ashok
2026-06-18 10:32:44 [http-nio-8084-exec-5] INFO  c.c.config.UserServiceClient - Calling auth service for username=Ashok
2026-06-18 10:32:44 [http-nio-8084-exec-5] INFO  c.c.config.UserServiceClient - Forwarding Authorization header=Bearer eyJhbGciOiJIUzI1NiJ9.eyJzdWIiOiJlMjgxMGQ1MC1hYjMzLTQ5YzgtYjE5OC1kY2ZiYTNjY2VlY2MiLCJlbWFpbCI6ImE0Mmw3ZmN1b2ZAYndteWdhLmNvbSIsInVzZXJuYW1lIjoiQXNob2siLCJpYXQiOjE3ODE3NTg4NjMsImV4cCI6MTc4MTg0NTI2M30.iarkYeZoFSrYMeXxBqF5x6dQn2J4IkFYOfnRZEqTG1A
2026-06-18 10:32:44 [http-nio-8084-exec-5] INFO  c.c.config.UserServiceClient - Auth service raw response={success=true, message=User fetched successfully., data={id=e2810d50-ab33-49c8-b198-dcfba3cceecc, username=Ashok, email=a42l7fcuof@bwmyga.com, phoneNumber=+442079460018, active=true, createdAt=2026-06-18T10:30:34.603485}}
2026-06-18 10:32:44 [http-nio-8084-exec-5] INFO  c.c.config.UserServiceClient - data field={id=e2810d50-ab33-49c8-b198-dcfba3cceecc, username=Ashok, email=a42l7fcuof@bwmyga.com, phoneNumber=+442079460018, active=true, createdAt=2026-06-18T10:30:34.603485}
2026-06-18 10:32:44 [http-nio-8084-exec-5] INFO  c.c.config.UserServiceClient - data map keys=[id, username, email, phoneNumber, active, createdAt]
2026-06-18 10:32:44 [http-nio-8084-exec-5] INFO  c.c.config.UserServiceClient - Resolved userId=e2810d50-ab33-49c8-b198-dcfba3cceecc for username=Ashok
2026-06-18 10:32:44 [http-nio-8084-exec-5] INFO  c.c.service.impl.ChatServiceImpl - getChatsForUser userId=e2810d50-ab33-49c8-b198-dcfba3cceecc
2026-06-18 10:32:44 [http-nio-8084-exec-5] INFO  c.c.config.RequestLoggingFilter - ? GET /api/v1/chat/chats/username/Ashok | status=200 | 106ms
2026-06-18 10:32:49 [http-nio-8084-exec-1] DEBUG c.c.service.RedisCacheService - Marked offline: Ashok lastSeen=2026-06-18T05:02:49.316905800Z
2026-06-18 10:32:49 [http-nio-8084-exec-1] INFO  c.c.websocket.PresenceEventListener - PRESENCE DISCONNECT username=Ashok lastSeen=2026-06-18T05:02:49.316905800Z
2026-06-18 10:32:50 [http-nio-8084-exec-8] DEBUG c.c.security.JwtAuthenticationFilter - Processing request: GET /ws
2026-06-18 10:32:50 [http-nio-8084-exec-8] INFO  c.c.config.RequestLoggingFilter - ? GET /ws [IP: 0:0:0:0:0:0:0:1]
2026-06-18 10:32:50 [http-nio-8084-exec-8] INFO  c.c.config.RequestLoggingFilter - ? GET /ws | status=101 | 4ms
2026-06-18 10:32:50 [http-nio-8084-exec-8] INFO  c.chatservice.config.WebSocketConfig - WebSocket CONNECT authenticated username=Ashok
2026-06-18 10:32:50 [http-nio-8084-exec-2] DEBUG c.c.security.JwtAuthenticationFilter - Processing request: GET /api/v1/chat/chats/username/Ashok
2026-06-18 10:32:50 [clientOutboundChannel-8] DEBUG c.c.service.RedisCacheService - Marked online: Ashok
2026-06-18 10:32:50 [clientOutboundChannel-8] INFO  c.c.websocket.PresenceEventListener - PRESENCE CONNECT  username=Ashok session=10e3d463-04f6-f0c8-ed98-b60cf3e19857
2026-06-18 10:32:50 [http-nio-8084-exec-2] DEBUG c.c.security.JwtAuthenticationFilter - Authenticated user [e2810d50-ab33-49c8-b198-dcfba3cceecc] for URI: /api/v1/chat/chats/username/Ashok
2026-06-18 10:32:50 [http-nio-8084-exec-2] INFO  c.c.config.RequestLoggingFilter - ? GET /api/v1/chat/chats/username/Ashok [IP: 0:0:0:0:0:0:0:1]
2026-06-18 10:32:50 [http-nio-8084-exec-2] INFO  c.c.controller.ChatController - GET /chats/username/Ashok
2026-06-18 10:32:50 [http-nio-8084-exec-2] INFO  c.c.service.impl.ChatServiceImpl - getChatsForUserByUsername username=Ashok
2026-06-18 10:32:50 [http-nio-8084-exec-2] INFO  c.c.config.UserServiceClient - Calling auth service for username=Ashok
2026-06-18 10:32:50 [http-nio-8084-exec-2] INFO  c.c.config.UserServiceClient - Forwarding Authorization header=Bearer eyJhbGciOiJIUzI1NiJ9.eyJzdWIiOiJlMjgxMGQ1MC1hYjMzLTQ5YzgtYjE5OC1kY2ZiYTNjY2VlY2MiLCJlbWFpbCI6ImE0Mmw3ZmN1b2ZAYndteWdhLmNvbSIsInVzZXJuYW1lIjoiQXNob2siLCJpYXQiOjE3ODE3NTg4NjMsImV4cCI6MTc4MTg0NTI2M30.iarkYeZoFSrYMeXxBqF5x6dQn2J4IkFYOfnRZEqTG1A
2026-06-18 10:32:50 [http-nio-8084-exec-3] DEBUG c.c.security.JwtAuthenticationFilter - Processing request: GET /api/v1/chat/presence/online
2026-06-18 10:32:50 [http-nio-8084-exec-3] DEBUG c.c.security.JwtAuthenticationFilter - Authenticated user [e2810d50-ab33-49c8-b198-dcfba3cceecc] for URI: /api/v1/chat/presence/online
2026-06-18 10:32:50 [http-nio-8084-exec-3] INFO  c.c.config.RequestLoggingFilter - ? GET /api/v1/chat/presence/online [IP: 0:0:0:0:0:0:0:1]
2026-06-18 10:32:50 [http-nio-8084-exec-3] INFO  c.c.config.RequestLoggingFilter - ? GET /api/v1/chat/presence/online | status=200 | 2ms
2026-06-18 10:32:50 [http-nio-8084-exec-2] INFO  c.c.config.UserServiceClient - Auth service raw response={success=true, message=User fetched successfully., data={id=e2810d50-ab33-49c8-b198-dcfba3cceecc, username=Ashok, email=a42l7fcuof@bwmyga.com, phoneNumber=+442079460018, active=true, createdAt=2026-06-18T10:30:34.603485}}
2026-06-18 10:32:50 [http-nio-8084-exec-2] INFO  c.c.config.UserServiceClient - data field={id=e2810d50-ab33-49c8-b198-dcfba3cceecc, username=Ashok, email=a42l7fcuof@bwmyga.com, phoneNumber=+442079460018, active=true, createdAt=2026-06-18T10:30:34.603485}
2026-06-18 10:32:50 [http-nio-8084-exec-2] INFO  c.c.config.UserServiceClient - data map keys=[id, username, email, phoneNumber, active, createdAt]
2026-06-18 10:32:50 [http-nio-8084-exec-2] INFO  c.c.config.UserServiceClient - Resolved userId=e2810d50-ab33-49c8-b198-dcfba3cceecc for username=Ashok
2026-06-18 10:32:50 [http-nio-8084-exec-2] INFO  c.c.service.impl.ChatServiceImpl - getChatsForUser userId=e2810d50-ab33-49c8-b198-dcfba3cceecc
2026-06-18 10:32:50 [http-nio-8084-exec-2] INFO  c.c.config.RequestLoggingFilter - ? GET /api/v1/chat/chats/username/Ashok | status=200 | 428ms
2026-06-18 10:32:50 [http-nio-8084-exec-6] DEBUG c.c.security.JwtAuthenticationFilter - Processing request: GET /api/v1/chat/chats/username/Ashok
2026-06-18 10:32:50 [http-nio-8084-exec-6] DEBUG c.c.security.JwtAuthenticationFilter - Authenticated user [e2810d50-ab33-49c8-b198-dcfba3cceecc] for URI: /api/v1/chat/chats/username/Ashok
2026-06-18 10:32:50 [http-nio-8084-exec-6] INFO  c.c.config.RequestLoggingFilter - ? GET /api/v1/chat/chats/username/Ashok [IP: 0:0:0:0:0:0:0:1]
2026-06-18 10:32:50 [http-nio-8084-exec-6] INFO  c.c.controller.ChatController - GET /chats/username/Ashok
2026-06-18 10:32:50 [http-nio-8084-exec-6] INFO  c.c.service.impl.ChatServiceImpl - getChatsForUserByUsername username=Ashok
2026-06-18 10:32:50 [http-nio-8084-exec-6] INFO  c.c.config.UserServiceClient - Calling auth service for username=Ashok
2026-06-18 10:32:50 [http-nio-8084-exec-6] INFO  c.c.config.UserServiceClient - Forwarding Authorization header=Bearer eyJhbGciOiJIUzI1NiJ9.eyJzdWIiOiJlMjgxMGQ1MC1hYjMzLTQ5YzgtYjE5OC1kY2ZiYTNjY2VlY2MiLCJlbWFpbCI6ImE0Mmw3ZmN1b2ZAYndteWdhLmNvbSIsInVzZXJuYW1lIjoiQXNob2siLCJpYXQiOjE3ODE3NTg4NjMsImV4cCI6MTc4MTg0NTI2M30.iarkYeZoFSrYMeXxBqF5x6dQn2J4IkFYOfnRZEqTG1A
2026-06-18 10:32:50 [http-nio-8084-exec-6] INFO  c.c.config.UserServiceClient - Auth service raw response={success=true, message=User fetched successfully., data={id=e2810d50-ab33-49c8-b198-dcfba3cceecc, username=Ashok, email=a42l7fcuof@bwmyga.com, phoneNumber=+442079460018, active=true, createdAt=2026-06-18T10:30:34.603485}}
2026-06-18 10:32:50 [http-nio-8084-exec-6] INFO  c.c.config.UserServiceClient - data field={id=e2810d50-ab33-49c8-b198-dcfba3cceecc, username=Ashok, email=a42l7fcuof@bwmyga.com, phoneNumber=+442079460018, active=true, createdAt=2026-06-18T10:30:34.603485}
2026-06-18 10:32:50 [http-nio-8084-exec-6] INFO  c.c.config.UserServiceClient - data map keys=[id, username, email, phoneNumber, active, createdAt]
2026-06-18 10:32:50 [http-nio-8084-exec-6] INFO  c.c.config.UserServiceClient - Resolved userId=e2810d50-ab33-49c8-b198-dcfba3cceecc for username=Ashok
2026-06-18 10:32:50 [http-nio-8084-exec-6] INFO  c.c.service.impl.ChatServiceImpl - getChatsForUser userId=e2810d50-ab33-49c8-b198-dcfba3cceecc
2026-06-18 10:32:50 [http-nio-8084-exec-6] INFO  c.c.config.RequestLoggingFilter - ? GET /api/v1/chat/chats/username/Ashok | status=200 | 133ms
2026-06-18 10:32:53 [http-nio-8084-exec-7] DEBUG c.c.security.JwtAuthenticationFilter - Processing request: GET /api/v1/ai/history
2026-06-18 10:32:53 [http-nio-8084-exec-7] DEBUG c.c.security.JwtAuthenticationFilter - Authenticated user [e2810d50-ab33-49c8-b198-dcfba3cceecc] for URI: /api/v1/ai/history
2026-06-18 10:32:53 [http-nio-8084-exec-7] INFO  c.c.config.RequestLoggingFilter - ? GET /api/v1/ai/history [IP: 0:0:0:0:0:0:0:1]
2026-06-18 10:32:53 [http-nio-8084-exec-7] WARN  c.c.exception.GlobalExceptionHandler - ConversationNotFound: No conversation found.
2026-06-18 10:32:53 [http-nio-8084-exec-7] INFO  c.c.config.RequestLoggingFilter - ? GET /api/v1/ai/history | status=404 | 4ms
2026-06-18 10:32:53 [http-nio-8084-exec-4] DEBUG c.c.security.JwtAuthenticationFilter - Processing request: GET /api/v1/ai/history
2026-06-18 10:32:53 [http-nio-8084-exec-4] DEBUG c.c.security.JwtAuthenticationFilter - Authenticated user [e2810d50-ab33-49c8-b198-dcfba3cceecc] for URI: /api/v1/ai/history
2026-06-18 10:32:53 [http-nio-8084-exec-4] INFO  c.c.config.RequestLoggingFilter - ? GET /api/v1/ai/history [IP: 0:0:0:0:0:0:0:1]
2026-06-18 10:32:53 [http-nio-8084-exec-4] WARN  c.c.exception.GlobalExceptionHandler - ConversationNotFound: No conversation found.
2026-06-18 10:32:53 [http-nio-8084-exec-4] INFO  c.c.config.RequestLoggingFilter - ? GET /api/v1/ai/history | status=404 | 36ms
2026-06-18 10:33:00 [http-nio-8084-exec-10] DEBUG c.c.security.JwtAuthenticationFilter - Processing request: POST /api/v1/ai/chat
2026-06-18 10:33:00 [http-nio-8084-exec-10] DEBUG c.c.security.JwtAuthenticationFilter - Authenticated user [e2810d50-ab33-49c8-b198-dcfba3cceecc] for URI: /api/v1/ai/chat
2026-06-18 10:33:00 [http-nio-8084-exec-10] INFO  c.c.config.RequestLoggingFilter - ? POST /api/v1/ai/chat [IP: 0:0:0:0:0:0:0:1]
2026-06-18 10:33:01 [http-nio-8084-exec-10] INFO  c.c.config.RequestLoggingFilter - ? POST /api/v1/ai/chat | status=200 | 1536ms
2026-06-18 10:33:19 [AsyncResolver-bootstrap-executor-0] INFO  c.n.d.s.r.aws.ConfigClusterResolver - Resolving eureka endpoints via configuration
2026-06-18 10:33:20 [clientInboundChannel-49] DEBUG c.c.service.RedisCacheService - Marked online: Ashok
2026-06-18 10:33:20 [clientInboundChannel-49] DEBUG c.c.websocket.ChatWebSocketHandler - HEARTBEAT username=Ashok
2026-06-18 10:33:20 [http-nio-8084-exec-1] DEBUG c.c.security.JwtAuthenticationFilter - Processing request: GET /api/v1/chat/chats/username/Ashok
2026-06-18 10:33:20 [http-nio-8084-exec-1] DEBUG c.c.security.JwtAuthenticationFilter - Authenticated user [e2810d50-ab33-49c8-b198-dcfba3cceecc] for URI: /api/v1/chat/chats/username/Ashok
2026-06-18 10:33:20 [http-nio-8084-exec-1] INFO  c.c.config.RequestLoggingFilter - ? GET /api/v1/chat/chats/username/Ashok [IP: 0:0:0:0:0:0:0:1]
2026-06-18 10:33:20 [http-nio-8084-exec-1] INFO  c.c.controller.ChatController - GET /chats/username/Ashok
2026-06-18 10:33:20 [http-nio-8084-exec-1] INFO  c.c.service.impl.ChatServiceImpl - getChatsForUserByUsername username=Ashok
2026-06-18 10:33:20 [http-nio-8084-exec-1] INFO  c.c.config.UserServiceClient - Calling auth service for username=Ashok
2026-06-18 10:33:20 [http-nio-8084-exec-1] INFO  c.c.config.UserServiceClient - Forwarding Authorization header=Bearer eyJhbGciOiJIUzI1NiJ9.eyJzdWIiOiJlMjgxMGQ1MC1hYjMzLTQ5YzgtYjE5OC1kY2ZiYTNjY2VlY2MiLCJlbWFpbCI6ImE0Mmw3ZmN1b2ZAYndteWdhLmNvbSIsInVzZXJuYW1lIjoiQXNob2siLCJpYXQiOjE3ODE3NTg4NjMsImV4cCI6MTc4MTg0NTI2M30.iarkYeZoFSrYMeXxBqF5x6dQn2J4IkFYOfnRZEqTG1A
2026-06-18 10:33:20 [http-nio-8084-exec-1] INFO  c.c.config.UserServiceClient - Auth service raw response={success=true, message=User fetched successfully., data={id=e2810d50-ab33-49c8-b198-dcfba3cceecc, username=Ashok, email=a42l7fcuof@bwmyga.com, phoneNumber=+442079460018, active=true, createdAt=2026-06-18T10:30:34.603485}}
2026-06-18 10:33:20 [http-nio-8084-exec-1] INFO  c.c.config.UserServiceClient - data field={id=e2810d50-ab33-49c8-b198-dcfba3cceecc, username=Ashok, email=a42l7fcuof@bwmyga.com, phoneNumber=+442079460018, active=true, createdAt=2026-06-18T10:30:34.603485}
2026-06-18 10:33:20 [http-nio-8084-exec-1] INFO  c.c.config.UserServiceClient - data map keys=[id, username, email, phoneNumber, active, createdAt]
2026-06-18 10:33:20 [http-nio-8084-exec-1] INFO  c.c.config.UserServiceClient - Resolved userId=e2810d50-ab33-49c8-b198-dcfba3cceecc for username=Ashok
2026-06-18 10:33:20 [http-nio-8084-exec-1] INFO  c.c.service.impl.ChatServiceImpl - getChatsForUser userId=e2810d50-ab33-49c8-b198-dcfba3cceecc
2026-06-18 10:33:20 [http-nio-8084-exec-1] INFO  c.c.config.RequestLoggingFilter - ? GET /api/v1/chat/chats/username/Ashok | status=200 | 56ms
2026-06-18 10:33:21 [http-nio-8084-exec-8] DEBUG c.c.security.JwtAuthenticationFilter - Processing request: POST /api/v1/ai/chat
2026-06-18 10:33:21 [http-nio-8084-exec-8] DEBUG c.c.security.JwtAuthenticationFilter - Authenticated user [e2810d50-ab33-49c8-b198-dcfba3cceecc] for URI: /api/v1/ai/chat
2026-06-18 10:33:21 [http-nio-8084-exec-8] INFO  c.c.config.RequestLoggingFilter - ? POST /api/v1/ai/chat [IP: 0:0:0:0:0:0:0:1]
2026-06-18 10:33:23 [http-nio-8084-exec-8] INFO  c.c.config.RequestLoggingFilter - ? POST /api/v1/ai/chat | status=200 | 1845ms
2026-06-18 10:33:50 [clientInboundChannel-51] DEBUG c.c.service.RedisCacheService - Marked online: Ashok
2026-06-18 10:33:50 [clientInboundChannel-51] DEBUG c.c.websocket.ChatWebSocketHandler - HEARTBEAT username=Ashok
2026-06-18 10:33:50 [http-nio-8084-exec-3] DEBUG c.c.security.JwtAuthenticationFilter - Processing request: GET /api/v1/chat/chats/username/Ashok
2026-06-18 10:33:50 [http-nio-8084-exec-3] DEBUG c.c.security.JwtAuthenticationFilter - Authenticated user [e2810d50-ab33-49c8-b198-dcfba3cceecc] for URI: /api/v1/chat/chats/username/Ashok
2026-06-18 10:33:50 [http-nio-8084-exec-3] INFO  c.c.config.RequestLoggingFilter - ? GET /api/v1/chat/chats/username/Ashok [IP: 0:0:0:0:0:0:0:1]
2026-06-18 10:33:50 [http-nio-8084-exec-3] INFO  c.c.controller.ChatController - GET /chats/username/Ashok
2026-06-18 10:33:50 [http-nio-8084-exec-3] INFO  c.c.service.impl.ChatServiceImpl - getChatsForUserByUsername username=Ashok
2026-06-18 10:33:50 [http-nio-8084-exec-3] INFO  c.c.config.UserServiceClient - Calling auth service for username=Ashok
2026-06-18 10:33:50 [http-nio-8084-exec-3] INFO  c.c.config.UserServiceClient - Forwarding Authorization header=Bearer eyJhbGciOiJIUzI1NiJ9.eyJzdWIiOiJlMjgxMGQ1MC1hYjMzLTQ5YzgtYjE5OC1kY2ZiYTNjY2VlY2MiLCJlbWFpbCI6ImE0Mmw3ZmN1b2ZAYndteWdhLmNvbSIsInVzZXJuYW1lIjoiQXNob2siLCJpYXQiOjE3ODE3NTg4NjMsImV4cCI6MTc4MTg0NTI2M30.iarkYeZoFSrYMeXxBqF5x6dQn2J4IkFYOfnRZEqTG1A
2026-06-18 10:33:50 [http-nio-8084-exec-3] INFO  c.c.config.UserServiceClient - Auth service raw response={success=true, message=User fetched successfully., data={id=e2810d50-ab33-49c8-b198-dcfba3cceecc, username=Ashok, email=a42l7fcuof@bwmyga.com, phoneNumber=+442079460018, active=true, createdAt=2026-06-18T10:30:34.603485}}
2026-06-18 10:33:50 [http-nio-8084-exec-3] INFO  c.c.config.UserServiceClient - data field={id=e2810d50-ab33-49c8-b198-dcfba3cceecc, username=Ashok, email=a42l7fcuof@bwmyga.com, phoneNumber=+442079460018, active=true, createdAt=2026-06-18T10:30:34.603485}
2026-06-18 10:33:50 [http-nio-8084-exec-3] INFO  c.c.config.UserServiceClient - data map keys=[id, username, email, phoneNumber, active, createdAt]
2026-06-18 10:33:50 [http-nio-8084-exec-3] INFO  c.c.config.UserServiceClient - Resolved userId=e2810d50-ab33-49c8-b198-dcfba3cceecc for username=Ashok
2026-06-18 10:33:50 [http-nio-8084-exec-3] INFO  c.c.service.impl.ChatServiceImpl - getChatsForUser userId=e2810d50-ab33-49c8-b198-dcfba3cceecc
2026-06-18 10:33:50 [http-nio-8084-exec-3] INFO  c.c.config.RequestLoggingFilter - ? GET /api/v1/chat/chats/username/Ashok | status=200 | 66ms
2026-06-18 10:34:20 [clientInboundChannel-54] DEBUG c.c.service.RedisCacheService - Marked online: Ashok
2026-06-18 10:34:20 [clientInboundChannel-54] DEBUG c.c.websocket.ChatWebSocketHandler - HEARTBEAT username=Ashok
2026-06-18 10:34:20 [http-nio-8084-exec-6] DEBUG c.c.security.JwtAuthenticationFilter - Processing request: GET /api/v1/chat/chats/username/Ashok
2026-06-18 10:34:20 [http-nio-8084-exec-6] DEBUG c.c.security.JwtAuthenticationFilter - Authenticated user [e2810d50-ab33-49c8-b198-dcfba3cceecc] for URI: /api/v1/chat/chats/username/Ashok
2026-06-18 10:34:20 [http-nio-8084-exec-6] INFO  c.c.config.RequestLoggingFilter - ? GET /api/v1/chat/chats/username/Ashok [IP: 0:0:0:0:0:0:0:1]
2026-06-18 10:34:20 [http-nio-8084-exec-6] INFO  c.c.controller.ChatController - GET /chats/username/Ashok
2026-06-18 10:34:20 [http-nio-8084-exec-6] INFO  c.c.service.impl.ChatServiceImpl - getChatsForUserByUsername username=Ashok
2026-06-18 10:34:20 [http-nio-8084-exec-6] INFO  c.c.config.UserServiceClient - Calling auth service for username=Ashok
2026-06-18 10:34:20 [http-nio-8084-exec-6] INFO  c.c.config.UserServiceClient - Forwarding Authorization header=Bearer eyJhbGciOiJIUzI1NiJ9.eyJzdWIiOiJlMjgxMGQ1MC1hYjMzLTQ5YzgtYjE5OC1kY2ZiYTNjY2VlY2MiLCJlbWFpbCI6ImE0Mmw3ZmN1b2ZAYndteWdhLmNvbSIsInVzZXJuYW1lIjoiQXNob2siLCJpYXQiOjE3ODE3NTg4NjMsImV4cCI6MTc4MTg0NTI2M30.iarkYeZoFSrYMeXxBqF5x6dQn2J4IkFYOfnRZEqTG1A
2026-06-18 10:34:20 [http-nio-8084-exec-6] INFO  c.c.config.UserServiceClient - Auth service raw response={success=true, message=User fetched successfully., data={id=e2810d50-ab33-49c8-b198-dcfba3cceecc, username=Ashok, email=a42l7fcuof@bwmyga.com, phoneNumber=+442079460018, active=true, createdAt=2026-06-18T10:30:34.603485}}
2026-06-18 10:34:20 [http-nio-8084-exec-6] INFO  c.c.config.UserServiceClient - data field={id=e2810d50-ab33-49c8-b198-dcfba3cceecc, username=Ashok, email=a42l7fcuof@bwmyga.com, phoneNumber=+442079460018, active=true, createdAt=2026-06-18T10:30:34.603485}
2026-06-18 10:34:20 [http-nio-8084-exec-6] INFO  c.c.config.UserServiceClient - data map keys=[id, username, email, phoneNumber, active, createdAt]
2026-06-18 10:34:20 [http-nio-8084-exec-6] INFO  c.c.config.UserServiceClient - Resolved userId=e2810d50-ab33-49c8-b198-dcfba3cceecc for username=Ashok
2026-06-18 10:34:20 [http-nio-8084-exec-6] INFO  c.c.service.impl.ChatServiceImpl - getChatsForUser userId=e2810d50-ab33-49c8-b198-dcfba3cceecc
2026-06-18 10:34:20 [http-nio-8084-exec-6] INFO  c.c.config.RequestLoggingFilter - ? GET /api/v1/chat/chats/username/Ashok | status=200 | 48ms
2026-06-18 10:34:50 [clientInboundChannel-57] DEBUG c.c.service.RedisCacheService - Marked online: Ashok
2026-06-18 10:34:50 [clientInboundChannel-57] DEBUG c.c.websocket.ChatWebSocketHandler - HEARTBEAT username=Ashok
2026-06-18 10:34:50 [http-nio-8084-exec-4] DEBUG c.c.security.JwtAuthenticationFilter - Processing request: GET /api/v1/chat/chats/username/Ashok
2026-06-18 10:34:50 [http-nio-8084-exec-4] DEBUG c.c.security.JwtAuthenticationFilter - Authenticated user [e2810d50-ab33-49c8-b198-dcfba3cceecc] for URI: /api/v1/chat/chats/username/Ashok
2026-06-18 10:34:50 [http-nio-8084-exec-4] INFO  c.c.config.RequestLoggingFilter - ? GET /api/v1/chat/chats/username/Ashok [IP: 0:0:0:0:0:0:0:1]
2026-06-18 10:34:50 [http-nio-8084-exec-4] INFO  c.c.controller.ChatController - GET /chats/username/Ashok
2026-06-18 10:34:50 [http-nio-8084-exec-4] INFO  c.c.service.impl.ChatServiceImpl - getChatsForUserByUsername username=Ashok
2026-06-18 10:34:50 [http-nio-8084-exec-4] INFO  c.c.config.UserServiceClient - Calling auth service for username=Ashok
2026-06-18 10:34:50 [http-nio-8084-exec-4] INFO  c.c.config.UserServiceClient - Forwarding Authorization header=Bearer eyJhbGciOiJIUzI1NiJ9.eyJzdWIiOiJlMjgxMGQ1MC1hYjMzLTQ5YzgtYjE5OC1kY2ZiYTNjY2VlY2MiLCJlbWFpbCI6ImE0Mmw3ZmN1b2ZAYndteWdhLmNvbSIsInVzZXJuYW1lIjoiQXNob2siLCJpYXQiOjE3ODE3NTg4NjMsImV4cCI6MTc4MTg0NTI2M30.iarkYeZoFSrYMeXxBqF5x6dQn2J4IkFYOfnRZEqTG1A
2026-06-18 10:34:50 [http-nio-8084-exec-4] INFO  c.c.config.UserServiceClient - Auth service raw response={success=true, message=User fetched successfully., data={id=e2810d50-ab33-49c8-b198-dcfba3cceecc, username=Ashok, email=a42l7fcuof@bwmyga.com, phoneNumber=+442079460018, active=true, createdAt=2026-06-18T10:30:34.603485}}
2026-06-18 10:34:50 [http-nio-8084-exec-4] INFO  c.c.config.UserServiceClient - data field={id=e2810d50-ab33-49c8-b198-dcfba3cceecc, username=Ashok, email=a42l7fcuof@bwmyga.com, phoneNumber=+442079460018, active=true, createdAt=2026-06-18T10:30:34.603485}
2026-06-18 10:34:50 [http-nio-8084-exec-4] INFO  c.c.config.UserServiceClient - data map keys=[id, username, email, phoneNumber, active, createdAt]
2026-06-18 10:34:50 [http-nio-8084-exec-4] INFO  c.c.config.UserServiceClient - Resolved userId=e2810d50-ab33-49c8-b198-dcfba3cceecc for username=Ashok
2026-06-18 10:34:50 [http-nio-8084-exec-4] INFO  c.c.service.impl.ChatServiceImpl - getChatsForUser userId=e2810d50-ab33-49c8-b198-dcfba3cceecc
2026-06-18 10:34:50 [http-nio-8084-exec-4] INFO  c.c.config.RequestLoggingFilter - ? GET /api/v1/chat/chats/username/Ashok | status=200 | 101ms
2026-06-18 10:35:20 [clientInboundChannel-60] DEBUG c.c.service.RedisCacheService - Marked online: Ashok
2026-06-18 10:35:20 [clientInboundChannel-60] DEBUG c.c.websocket.ChatWebSocketHandler - HEARTBEAT username=Ashok
2026-06-18 10:35:20 [http-nio-8084-exec-5] DEBUG c.c.security.JwtAuthenticationFilter - Processing request: GET /api/v1/chat/chats/username/Ashok
2026-06-18 10:35:20 [http-nio-8084-exec-5] DEBUG c.c.security.JwtAuthenticationFilter - Authenticated user [e2810d50-ab33-49c8-b198-dcfba3cceecc] for URI: /api/v1/chat/chats/username/Ashok
2026-06-18 10:35:20 [http-nio-8084-exec-5] INFO  c.c.config.RequestLoggingFilter - ? GET /api/v1/chat/chats/username/Ashok [IP: 0:0:0:0:0:0:0:1]
2026-06-18 10:35:20 [http-nio-8084-exec-5] INFO  c.c.controller.ChatController - GET /chats/username/Ashok
2026-06-18 10:35:20 [http-nio-8084-exec-5] INFO  c.c.service.impl.ChatServiceImpl - getChatsForUserByUsername username=Ashok
2026-06-18 10:35:20 [http-nio-8084-exec-5] INFO  c.c.config.UserServiceClient - Calling auth service for username=Ashok
2026-06-18 10:35:20 [http-nio-8084-exec-5] INFO  c.c.config.UserServiceClient - Forwarding Authorization header=Bearer eyJhbGciOiJIUzI1NiJ9.eyJzdWIiOiJlMjgxMGQ1MC1hYjMzLTQ5YzgtYjE5OC1kY2ZiYTNjY2VlY2MiLCJlbWFpbCI6ImE0Mmw3ZmN1b2ZAYndteWdhLmNvbSIsInVzZXJuYW1lIjoiQXNob2siLCJpYXQiOjE3ODE3NTg4NjMsImV4cCI6MTc4MTg0NTI2M30.iarkYeZoFSrYMeXxBqF5x6dQn2J4IkFYOfnRZEqTG1A
2026-06-18 10:35:20 [http-nio-8084-exec-5] INFO  c.c.config.UserServiceClient - Auth service raw response={success=true, message=User fetched successfully., data={id=e2810d50-ab33-49c8-b198-dcfba3cceecc, username=Ashok, email=a42l7fcuof@bwmyga.com, phoneNumber=+442079460018, active=true, createdAt=2026-06-18T10:30:34.603485}}
2026-06-18 10:35:20 [http-nio-8084-exec-5] INFO  c.c.config.UserServiceClient - data field={id=e2810d50-ab33-49c8-b198-dcfba3cceecc, username=Ashok, email=a42l7fcuof@bwmyga.com, phoneNumber=+442079460018, active=true, createdAt=2026-06-18T10:30:34.603485}
2026-06-18 10:35:20 [http-nio-8084-exec-5] INFO  c.c.config.UserServiceClient - data map keys=[id, username, email, phoneNumber, active, createdAt]
2026-06-18 10:35:20 [http-nio-8084-exec-5] INFO  c.c.config.UserServiceClient - Resolved userId=e2810d50-ab33-49c8-b198-dcfba3cceecc for username=Ashok
2026-06-18 10:35:20 [http-nio-8084-exec-5] INFO  c.c.service.impl.ChatServiceImpl - getChatsForUser userId=e2810d50-ab33-49c8-b198-dcfba3cceecc
2026-06-18 10:35:20 [http-nio-8084-exec-5] INFO  c.c.config.RequestLoggingFilter - ? GET /api/v1/chat/chats/username/Ashok | status=200 | 114ms
2026-06-18 10:35:43 [http-nio-8084-exec-1] DEBUG c.c.security.JwtAuthenticationFilter - Processing request: POST /api/v1/ai/chat
2026-06-18 10:35:43 [http-nio-8084-exec-1] DEBUG c.c.security.JwtAuthenticationFilter - Authenticated user [e2810d50-ab33-49c8-b198-dcfba3cceecc] for URI: /api/v1/ai/chat
2026-06-18 10:35:43 [http-nio-8084-exec-1] INFO  c.c.config.RequestLoggingFilter - ? POST /api/v1/ai/chat [IP: 0:0:0:0:0:0:0:1]
2026-06-18 10:35:44 [http-nio-8084-exec-1] ERROR c.c.ai.provider.GeminiAiProvider - Gemini API call failed: 503 Service Unavailable. This model is currently experiencing high demand. Spikes in demand are usually temporary. Please try again later.
org.apache.http.HttpException: 503 Service Unavailable. This model is currently experiencing high demand. Spikes in demand are usually temporary. Please try again later.
	at com.google.genai.HttpApiResponse.getEntity(HttpApiResponse.java:73)
	at com.google.genai.Models.privateGenerateContent(Models.java:3328)
	at com.google.genai.Models.generateContent(Models.java:3575)
	at com.chatservice.ai.provider.GeminiAiProvider.generate(GeminiAiProvider.java:71)
	at com.chatservice.ai.AiServiceImpl.generateAndPersist(AiServiceImpl.java:158)
	at com.chatservice.ai.AiServiceImpl.chat(AiServiceImpl.java:69)
	at java.base/jdk.internal.reflect.NativeMethodAccessorImpl.invoke0(Native Method)
	at java.base/jdk.internal.reflect.NativeMethodAccessorImpl.invoke(NativeMethodAccessorImpl.java:77)
	at java.base/jdk.internal.reflect.DelegatingMethodAccessorImpl.invoke(DelegatingMethodAccessorImpl.java:43)
	at java.base/java.lang.reflect.Method.invoke(Method.java:569)
	at org.springframework.aop.support.AopUtils.invokeJoinpointUsingReflection(AopUtils.java:351)
	at org.springframework.aop.framework.ReflectiveMethodInvocation.invokeJoinpoint(ReflectiveMethodInvocation.java:196)
	at org.springframework.aop.framework.ReflectiveMethodInvocation.proceed(ReflectiveMethodInvocation.java:163)
	at org.springframework.aop.framework.CglibAopProxy$CglibMethodInvocation.proceed(CglibAopProxy.java:765)
	at org.springframework.transaction.interceptor.TransactionInterceptor$1.proceedWithInvocation(TransactionInterceptor.java:123)
	at org.springframework.transaction.interceptor.TransactionAspectSupport.invokeWithinTransaction(TransactionAspectSupport.java:385)
	at org.springframework.transaction.interceptor.TransactionInterceptor.invoke(TransactionInterceptor.java:119)
	at org.springframework.aop.framework.ReflectiveMethodInvocation.proceed(ReflectiveMethodInvocation.java:184)
	at org.springframework.aop.framework.CglibAopProxy$CglibMethodInvocation.proceed(CglibAopProxy.java:765)
	at org.springframework.aop.framework.CglibAopProxy$DynamicAdvisedInterceptor.intercept(CglibAopProxy.java:717)
	at com.chatservice.ai.AiServiceImpl$$SpringCGLIB$$0.chat(<generated>)
	at com.chatservice.ai.AiController.chat(AiController.java:52)
	at java.base/jdk.internal.reflect.NativeMethodAccessorImpl.invoke0(Native Method)
	at java.base/jdk.internal.reflect.NativeMethodAccessorImpl.invoke(NativeMethodAccessorImpl.java:77)
	at java.base/jdk.internal.reflect.DelegatingMethodAccessorImpl.invoke(DelegatingMethodAccessorImpl.java:43)
	at java.base/java.lang.reflect.Method.invoke(Method.java:569)
	at org.springframework.web.method.support.InvocableHandlerMethod.doInvoke(InvocableHandlerMethod.java:259)
	at org.springframework.web.method.support.InvocableHandlerMethod.invokeForRequest(InvocableHandlerMethod.java:192)
	at org.springframework.web.servlet.mvc.method.annotation.ServletInvocableHandlerMethod.invokeAndHandle(ServletInvocableHandlerMethod.java:118)
	at org.springframework.web.servlet.mvc.method.annotation.RequestMappingHandlerAdapter.invokeHandlerMethod(RequestMappingHandlerAdapter.java:920)
	at org.springframework.web.servlet.mvc.method.annotation.RequestMappingHandlerAdapter.handleInternal(RequestMappingHandlerAdapter.java:830)
	at org.springframework.web.servlet.mvc.method.AbstractHandlerMethodAdapter.handle(AbstractHandlerMethodAdapter.java:87)
	at org.springframework.web.servlet.DispatcherServlet.doDispatch(DispatcherServlet.java:1089)
	at org.springframework.web.servlet.DispatcherServlet.doService(DispatcherServlet.java:979)
	at org.springframework.web.servlet.FrameworkServlet.processRequest(FrameworkServlet.java:1014)
	at org.springframework.web.servlet.FrameworkServlet.doPost(FrameworkServlet.java:914)
	at jakarta.servlet.http.HttpServlet.service(HttpServlet.java:590)
	at org.springframework.web.servlet.FrameworkServlet.service(FrameworkServlet.java:885)
	at jakarta.servlet.http.HttpServlet.service(HttpServlet.java:658)
	at org.apache.catalina.core.ApplicationFilterChain.internalDoFilter(ApplicationFilterChain.java:205)
	at org.apache.catalina.core.ApplicationFilterChain.doFilter(ApplicationFilterChain.java:149)
	at org.apache.tomcat.websocket.server.WsFilter.doFilter(WsFilter.java:51)
	at org.apache.catalina.core.ApplicationFilterChain.internalDoFilter(ApplicationFilterChain.java:174)
	at org.apache.catalina.core.ApplicationFilterChain.doFilter(ApplicationFilterChain.java:149)
	at org.springframework.web.filter.OncePerRequestFilter.doFilter(OncePerRequestFilter.java:110)
	at org.apache.catalina.core.ApplicationFilterChain.internalDoFilter(ApplicationFilterChain.java:174)
	at org.apache.catalina.core.ApplicationFilterChain.doFilter(ApplicationFilterChain.java:149)
	at org.springframework.web.filter.OncePerRequestFilter.doFilter(OncePerRequestFilter.java:110)
	at org.apache.catalina.core.ApplicationFilterChain.internalDoFilter(ApplicationFilterChain.java:174)
	at org.apache.catalina.core.ApplicationFilterChain.doFilter(ApplicationFilterChain.java:149)
	at com.chatservice.config.RequestLoggingFilter.doFilter(RequestLoggingFilter.java:35)
	at org.apache.catalina.core.ApplicationFilterChain.internalDoFilter(ApplicationFilterChain.java:174)
	at org.apache.catalina.core.ApplicationFilterChain.doFilter(ApplicationFilterChain.java:149)
	at org.springframework.web.filter.CompositeFilter$VirtualFilterChain.doFilter(CompositeFilter.java:108)
	at org.springframework.security.web.FilterChainProxy.lambda$doFilterInternal$3(FilterChainProxy.java:231)
	at org.springframework.security.web.FilterChainProxy$VirtualFilterChain.doFilter(FilterChainProxy.java:365)
	at org.springframework.security.web.access.intercept.AuthorizationFilter.doFilter(AuthorizationFilter.java:100)
	at org.springframework.security.web.FilterChainProxy$VirtualFilterChain.doFilter(FilterChainProxy.java:374)
	at org.springframework.security.web.access.ExceptionTranslationFilter.doFilter(ExceptionTranslationFilter.java:126)
	at org.springframework.security.web.access.ExceptionTranslationFilter.doFilter(ExceptionTranslationFilter.java:120)
	at org.springframework.security.web.FilterChainProxy$VirtualFilterChain.doFilter(FilterChainProxy.java:374)
	at org.springframework.security.web.session.SessionManagementFilter.doFilter(SessionManagementFilter.java:131)
	at org.springframework.security.web.session.SessionManagementFilter.doFilter(SessionManagementFilter.java:85)
	at org.springframework.security.web.FilterChainProxy$VirtualFilterChain.doFilter(FilterChainProxy.java:374)
	at org.springframework.security.web.authentication.AnonymousAuthenticationFilter.doFilter(AnonymousAuthenticationFilter.java:100)
	at org.springframework.security.web.FilterChainProxy$VirtualFilterChain.doFilter(FilterChainProxy.java:374)
	at org.springframework.security.web.servletapi.SecurityContextHolderAwareRequestFilter.doFilter(SecurityContextHolderAwareRequestFilter.java:179)
	at org.springframework.security.web.FilterChainProxy$VirtualFilterChain.doFilter(FilterChainProxy.java:374)
	at org.springframework.security.web.savedrequest.RequestCacheAwareFilter.doFilter(RequestCacheAwareFilter.java:63)
	at org.springframework.security.web.FilterChainProxy$VirtualFilterChain.doFilter(FilterChainProxy.java:374)
	at com.chatservice.security.JwtAuthenticationFilter.doFilterInternal(JwtAuthenticationFilter.java:61)
	at org.springframework.web.filter.OncePerRequestFilter.doFilter(OncePerRequestFilter.java:116)
	at org.springframework.security.web.FilterChainProxy$VirtualFilterChain.doFilter(FilterChainProxy.java:374)
	at com.chatservice.config.SecurityConfig$GatewayWhitelistFilter.doFilterInternal(SecurityConfig.java:88)
	at org.springframework.web.filter.OncePerRequestFilter.doFilter(OncePerRequestFilter.java:116)
	at org.springframework.security.web.FilterChainProxy$VirtualFilterChain.doFilter(FilterChainProxy.java:374)
	at org.springframework.security.web.authentication.logout.LogoutFilter.doFilter(LogoutFilter.java:107)
	at org.springframework.security.web.authentication.logout.LogoutFilter.doFilter(LogoutFilter.java:93)
	at org.springframework.security.web.FilterChainProxy$VirtualFilterChain.doFilter(FilterChainProxy.java:374)
	at org.springframework.web.filter.CorsFilter.doFilterInternal(CorsFilter.java:91)
	at org.springframework.web.filter.OncePerRequestFilter.doFilter(OncePerRequestFilter.java:116)
	at org.springframework.security.web.FilterChainProxy$VirtualFilterChain.doFilter(FilterChainProxy.java:374)
	at org.springframework.security.web.header.HeaderWriterFilter.doHeadersAfter(HeaderWriterFilter.java:90)
	at org.springframework.security.web.header.HeaderWriterFilter.doFilterInternal(HeaderWriterFilter.java:75)
	at org.springframework.web.filter.OncePerRequestFilter.doFilter(OncePerRequestFilter.java:116)
	at org.springframework.security.web.FilterChainProxy$VirtualFilterChain.doFilter(FilterChainProxy.java:374)
	at org.springframework.security.web.context.SecurityContextHolderFilter.doFilter(SecurityContextHolderFilter.java:82)
	at org.springframework.security.web.context.SecurityContextHolderFilter.doFilter(SecurityContextHolderFilter.java:69)
	at org.springframework.security.web.FilterChainProxy$VirtualFilterChain.doFilter(FilterChainProxy.java:374)
	at org.springframework.security.web.context.request.async.WebAsyncManagerIntegrationFilter.doFilterInternal(WebAsyncManagerIntegrationFilter.java:62)
	at org.springframework.web.filter.OncePerRequestFilter.doFilter(OncePerRequestFilter.java:116)
	at org.springframework.security.web.FilterChainProxy$VirtualFilterChain.doFilter(FilterChainProxy.java:374)
	at org.springframework.security.web.session.DisableEncodeUrlFilter.doFilterInternal(DisableEncodeUrlFilter.java:42)
	at org.springframework.web.filter.OncePerRequestFilter.doFilter(OncePerRequestFilter.java:116)
	at org.springframework.security.web.FilterChainProxy$VirtualFilterChain.doFilter(FilterChainProxy.java:374)
	at org.springframework.security.web.FilterChainProxy.doFilterInternal(FilterChainProxy.java:233)
	at org.springframework.security.web.FilterChainProxy.doFilter(FilterChainProxy.java:191)
	at org.springframework.web.filter.CompositeFilter$VirtualFilterChain.doFilter(CompositeFilter.java:113)
	at org.springframework.web.servlet.handler.HandlerMappingIntrospector.lambda$createCacheFilter$3(HandlerMappingIntrospector.java:195)
	at org.springframework.web.filter.CompositeFilter$VirtualFilterChain.doFilter(CompositeFilter.java:113)
	at org.springframework.web.filter.CompositeFilter.doFilter(CompositeFilter.java:74)
	at org.springframework.security.config.annotation.web.configuration.WebMvcSecurityConfiguration$CompositeFilterChainProxy.doFilter(WebMvcSecurityConfiguration.java:230)
	at org.springframework.web.filter.DelegatingFilterProxy.invokeDelegate(DelegatingFilterProxy.java:352)
	at org.springframework.web.filter.DelegatingFilterProxy.doFilter(DelegatingFilterProxy.java:268)
	at org.apache.catalina.core.ApplicationFilterChain.internalDoFilter(ApplicationFilterChain.java:174)
	at org.apache.catalina.core.ApplicationFilterChain.doFilter(ApplicationFilterChain.java:149)
	at org.springframework.web.filter.RequestContextFilter.doFilterInternal(RequestContextFilter.java:100)
	at org.springframework.web.filter.OncePerRequestFilter.doFilter(OncePerRequestFilter.java:116)
	at org.apache.catalina.core.ApplicationFilterChain.internalDoFilter(ApplicationFilterChain.java:174)
	at org.apache.catalina.core.ApplicationFilterChain.doFilter(ApplicationFilterChain.java:149)
	at org.springframework.web.filter.FormContentFilter.doFilterInternal(FormContentFilter.java:93)
	at org.springframework.web.filter.OncePerRequestFilter.doFilter(OncePerRequestFilter.java:116)
	at org.apache.catalina.core.ApplicationFilterChain.internalDoFilter(ApplicationFilterChain.java:174)
	at org.apache.catalina.core.ApplicationFilterChain.doFilter(ApplicationFilterChain.java:149)
	at org.springframework.web.filter.CharacterEncodingFilter.doFilterInternal(CharacterEncodingFilter.java:201)
	at org.springframework.web.filter.OncePerRequestFilter.doFilter(OncePerRequestFilter.java:116)
	at org.apache.catalina.core.ApplicationFilterChain.internalDoFilter(ApplicationFilterChain.java:174)
	at org.apache.catalina.core.ApplicationFilterChain.doFilter(ApplicationFilterChain.java:149)
	at org.apache.catalina.core.StandardWrapperValve.invoke(StandardWrapperValve.java:167)
	at org.apache.catalina.core.StandardContextValve.invoke(StandardContextValve.java:90)
	at org.apache.catalina.authenticator.AuthenticatorBase.invoke(AuthenticatorBase.java:482)
	at org.apache.catalina.core.StandardHostValve.invoke(StandardHostValve.java:115)
	at org.apache.catalina.valves.ErrorReportValve.invoke(ErrorReportValve.java:93)
	at org.apache.catalina.core.StandardEngineValve.invoke(StandardEngineValve.java:74)
	at org.apache.catalina.connector.CoyoteAdapter.service(CoyoteAdapter.java:344)
	at org.apache.coyote.http11.Http11Processor.service(Http11Processor.java:391)
	at org.apache.coyote.AbstractProcessorLight.process(AbstractProcessorLight.java:63)
	at org.apache.coyote.AbstractProtocol$ConnectionHandler.process(AbstractProtocol.java:896)
	at org.apache.tomcat.util.net.NioEndpoint$SocketProcessor.doRun(NioEndpoint.java:1744)
	at org.apache.tomcat.util.net.SocketProcessorBase.run(SocketProcessorBase.java:52)
	at org.apache.tomcat.util.threads.ThreadPoolExecutor.runWorker(ThreadPoolExecutor.java:1191)
	at org.apache.tomcat.util.threads.ThreadPoolExecutor$Worker.run(ThreadPoolExecutor.java:659)
	at org.apache.tomcat.util.threads.TaskThread$WrappingRunnable.run(TaskThread.java:63)
	at java.base/java.lang.Thread.run(Thread.java:840)
2026-06-18 10:35:45 [http-nio-8084-exec-1] ERROR c.c.exception.GlobalExceptionHandler - AiProviderException: AI provider request failed: 503 Service Unavailable. This model is currently experiencing high demand. Spikes in demand are usually temporary. Please try again later.
2026-06-18 10:35:45 [http-nio-8084-exec-1] INFO  c.c.config.RequestLoggingFilter - ? POST /api/v1/ai/chat | status=503 | 1258ms
2026-06-18 10:35:50 [clientInboundChannel-63] DEBUG c.c.service.RedisCacheService - Marked online: Ashok
2026-06-18 10:35:50 [clientInboundChannel-63] DEBUG c.c.websocket.ChatWebSocketHandler - HEARTBEAT username=Ashok
2026-06-18 10:35:50 [http-nio-8084-exec-9] DEBUG c.c.security.JwtAuthenticationFilter - Processing request: GET /api/v1/chat/chats/username/Ashok
2026-06-18 10:35:50 [http-nio-8084-exec-9] DEBUG c.c.security.JwtAuthenticationFilter - Authenticated user [e2810d50-ab33-49c8-b198-dcfba3cceecc] for URI: /api/v1/chat/chats/username/Ashok
2026-06-18 10:35:50 [http-nio-8084-exec-9] INFO  c.c.config.RequestLoggingFilter - ? GET /api/v1/chat/chats/username/Ashok [IP: 0:0:0:0:0:0:0:1]
2026-06-18 10:35:50 [http-nio-8084-exec-9] INFO  c.c.controller.ChatController - GET /chats/username/Ashok
2026-06-18 10:35:50 [http-nio-8084-exec-9] INFO  c.c.service.impl.ChatServiceImpl - getChatsForUserByUsername username=Ashok
2026-06-18 10:35:50 [http-nio-8084-exec-9] INFO  c.c.config.UserServiceClient - Calling auth service for username=Ashok
2026-06-18 10:35:50 [http-nio-8084-exec-9] INFO  c.c.config.UserServiceClient - Forwarding Authorization header=Bearer eyJhbGciOiJIUzI1NiJ9.eyJzdWIiOiJlMjgxMGQ1MC1hYjMzLTQ5YzgtYjE5OC1kY2ZiYTNjY2VlY2MiLCJlbWFpbCI6ImE0Mmw3ZmN1b2ZAYndteWdhLmNvbSIsInVzZXJuYW1lIjoiQXNob2siLCJpYXQiOjE3ODE3NTg4NjMsImV4cCI6MTc4MTg0NTI2M30.iarkYeZoFSrYMeXxBqF5x6dQn2J4IkFYOfnRZEqTG1A
2026-06-18 10:35:50 [http-nio-8084-exec-9] INFO  c.c.config.UserServiceClient - Auth service raw response={success=true, message=User fetched successfully., data={id=e2810d50-ab33-49c8-b198-dcfba3cceecc, username=Ashok, email=a42l7fcuof@bwmyga.com, phoneNumber=+442079460018, active=true, createdAt=2026-06-18T10:30:34.603485}}
2026-06-18 10:35:50 [http-nio-8084-exec-9] INFO  c.c.config.UserServiceClient - data field={id=e2810d50-ab33-49c8-b198-dcfba3cceecc, username=Ashok, email=a42l7fcuof@bwmyga.com, phoneNumber=+442079460018, active=true, createdAt=2026-06-18T10:30:34.603485}
2026-06-18 10:35:50 [http-nio-8084-exec-9] INFO  c.c.config.UserServiceClient - data map keys=[id, username, email, phoneNumber, active, createdAt]
2026-06-18 10:35:50 [http-nio-8084-exec-9] INFO  c.c.config.UserServiceClient - Resolved userId=e2810d50-ab33-49c8-b198-dcfba3cceecc for username=Ashok
2026-06-18 10:35:50 [http-nio-8084-exec-9] INFO  c.c.service.impl.ChatServiceImpl - getChatsForUser userId=e2810d50-ab33-49c8-b198-dcfba3cceecc
2026-06-18 10:35:50 [http-nio-8084-exec-9] INFO  c.c.config.RequestLoggingFilter - ? GET /api/v1/chat/chats/username/Ashok | status=200 | 63ms
2026-06-18 10:35:53 [http-nio-8084-exec-3] DEBUG c.c.security.JwtAuthenticationFilter - Processing request: GET /api/v1/ai/history
2026-06-18 10:35:53 [http-nio-8084-exec-3] DEBUG c.c.security.JwtAuthenticationFilter - Authenticated user [e2810d50-ab33-49c8-b198-dcfba3cceecc] for URI: /api/v1/ai/history
2026-06-18 10:35:53 [http-nio-8084-exec-3] INFO  c.c.config.RequestLoggingFilter - ? GET /api/v1/ai/history [IP: 0:0:0:0:0:0:0:1]
2026-06-18 10:35:53 [http-nio-8084-exec-3] INFO  c.c.config.RequestLoggingFilter - ? GET /api/v1/ai/history | status=200 | 12ms
2026-06-18 10:35:53 [http-nio-8084-exec-2] DEBUG c.c.security.JwtAuthenticationFilter - Processing request: GET /api/v1/ai/history
2026-06-18 10:35:53 [http-nio-8084-exec-2] DEBUG c.c.security.JwtAuthenticationFilter - Authenticated user [e2810d50-ab33-49c8-b198-dcfba3cceecc] for URI: /api/v1/ai/history
2026-06-18 10:35:53 [http-nio-8084-exec-2] INFO  c.c.config.RequestLoggingFilter - ? GET /api/v1/ai/history [IP: 0:0:0:0:0:0:0:1]
2026-06-18 10:35:53 [http-nio-8084-exec-2] INFO  c.c.config.RequestLoggingFilter - ? GET /api/v1/ai/history | status=200 | 8ms
2026-06-18 10:35:59 [http-nio-8084-exec-6] DEBUG c.c.security.JwtAuthenticationFilter - Processing request: POST /api/v1/ai/chat
2026-06-18 10:35:59 [http-nio-8084-exec-6] DEBUG c.c.security.JwtAuthenticationFilter - Authenticated user [e2810d50-ab33-49c8-b198-dcfba3cceecc] for URI: /api/v1/ai/chat
2026-06-18 10:35:59 [http-nio-8084-exec-6] INFO  c.c.config.RequestLoggingFilter - ? POST /api/v1/ai/chat [IP: 0:0:0:0:0:0:0:1]
2026-06-18 10:36:00 [http-nio-8084-exec-6] INFO  c.c.config.RequestLoggingFilter - ? POST /api/v1/ai/chat | status=200 | 1356ms
2026-06-18 10:36:20 [clientInboundChannel-66] DEBUG c.c.service.RedisCacheService - Marked online: Ashok
2026-06-18 10:36:20 [clientInboundChannel-66] DEBUG c.c.websocket.ChatWebSocketHandler - HEARTBEAT username=Ashok
2026-06-18 10:36:20 [http-nio-8084-exec-4] DEBUG c.c.security.JwtAuthenticationFilter - Processing request: GET /api/v1/chat/chats/username/Ashok
2026-06-18 10:36:20 [http-nio-8084-exec-4] DEBUG c.c.security.JwtAuthenticationFilter - Authenticated user [e2810d50-ab33-49c8-b198-dcfba3cceecc] for URI: /api/v1/chat/chats/username/Ashok
2026-06-18 10:36:20 [http-nio-8084-exec-4] INFO  c.c.config.RequestLoggingFilter - ? GET /api/v1/chat/chats/username/Ashok [IP: 0:0:0:0:0:0:0:1]
2026-06-18 10:36:20 [http-nio-8084-exec-4] INFO  c.c.controller.ChatController - GET /chats/username/Ashok
2026-06-18 10:36:20 [http-nio-8084-exec-4] INFO  c.c.service.impl.ChatServiceImpl - getChatsForUserByUsername username=Ashok
2026-06-18 10:36:20 [http-nio-8084-exec-4] INFO  c.c.config.UserServiceClient - Calling auth service for username=Ashok
2026-06-18 10:36:20 [http-nio-8084-exec-4] INFO  c.c.config.UserServiceClient - Forwarding Authorization header=Bearer eyJhbGciOiJIUzI1NiJ9.eyJzdWIiOiJlMjgxMGQ1MC1hYjMzLTQ5YzgtYjE5OC1kY2ZiYTNjY2VlY2MiLCJlbWFpbCI6ImE0Mmw3ZmN1b2ZAYndteWdhLmNvbSIsInVzZXJuYW1lIjoiQXNob2siLCJpYXQiOjE3ODE3NTg4NjMsImV4cCI6MTc4MTg0NTI2M30.iarkYeZoFSrYMeXxBqF5x6dQn2J4IkFYOfnRZEqTG1A
2026-06-18 10:36:20 [http-nio-8084-exec-4] INFO  c.c.config.UserServiceClient - Auth service raw response={success=true, message=User fetched successfully., data={id=e2810d50-ab33-49c8-b198-dcfba3cceecc, username=Ashok, email=a42l7fcuof@bwmyga.com, phoneNumber=+442079460018, active=true, createdAt=2026-06-18T10:30:34.603485}}
2026-06-18 10:36:20 [http-nio-8084-exec-4] INFO  c.c.config.UserServiceClient - data field={id=e2810d50-ab33-49c8-b198-dcfba3cceecc, username=Ashok, email=a42l7fcuof@bwmyga.com, phoneNumber=+442079460018, active=true, createdAt=2026-06-18T10:30:34.603485}
2026-06-18 10:36:20 [http-nio-8084-exec-4] INFO  c.c.config.UserServiceClient - data map keys=[id, username, email, phoneNumber, active, createdAt]
2026-06-18 10:36:20 [http-nio-8084-exec-4] INFO  c.c.config.UserServiceClient - Resolved userId=e2810d50-ab33-49c8-b198-dcfba3cceecc for username=Ashok
2026-06-18 10:36:20 [http-nio-8084-exec-4] INFO  c.c.service.impl.ChatServiceImpl - getChatsForUser userId=e2810d50-ab33-49c8-b198-dcfba3cceecc
2026-06-18 10:36:20 [http-nio-8084-exec-4] INFO  c.c.config.RequestLoggingFilter - ? GET /api/v1/chat/chats/username/Ashok | status=200 | 63ms
2026-06-18 10:36:47 [http-nio-8084-exec-10] DEBUG c.c.security.JwtAuthenticationFilter - Processing request: POST /api/v1/ai/chat
2026-06-18 10:36:47 [http-nio-8084-exec-10] DEBUG c.c.security.JwtAuthenticationFilter - Authenticated user [e2810d50-ab33-49c8-b198-dcfba3cceecc] for URI: /api/v1/ai/chat
2026-06-18 10:36:47 [http-nio-8084-exec-10] INFO  c.c.config.RequestLoggingFilter - ? POST /api/v1/ai/chat [IP: 0:0:0:0:0:0:0:1]
2026-06-18 10:36:48 [http-nio-8084-exec-10] INFO  c.c.config.RequestLoggingFilter - ? POST /api/v1/ai/chat | status=200 | 1542ms
2026-06-18 10:36:50 [clientInboundChannel-69] DEBUG c.c.service.RedisCacheService - Marked online: Ashok
2026-06-18 10:36:50 [clientInboundChannel-69] DEBUG c.c.websocket.ChatWebSocketHandler - HEARTBEAT username=Ashok
2026-06-18 10:36:50 [http-nio-8084-exec-1] DEBUG c.c.security.JwtAuthenticationFilter - Processing request: GET /api/v1/chat/chats/username/Ashok
2026-06-18 10:36:50 [http-nio-8084-exec-1] DEBUG c.c.security.JwtAuthenticationFilter - Authenticated user [e2810d50-ab33-49c8-b198-dcfba3cceecc] for URI: /api/v1/chat/chats/username/Ashok
2026-06-18 10:36:50 [http-nio-8084-exec-1] INFO  c.c.config.RequestLoggingFilter - ? GET /api/v1/chat/chats/username/Ashok [IP: 0:0:0:0:0:0:0:1]
2026-06-18 10:36:50 [http-nio-8084-exec-1] INFO  c.c.controller.ChatController - GET /chats/username/Ashok
2026-06-18 10:36:50 [http-nio-8084-exec-1] INFO  c.c.service.impl.ChatServiceImpl - getChatsForUserByUsername username=Ashok
2026-06-18 10:36:50 [http-nio-8084-exec-1] INFO  c.c.config.UserServiceClient - Calling auth service for username=Ashok
2026-06-18 10:36:50 [http-nio-8084-exec-1] INFO  c.c.config.UserServiceClient - Forwarding Authorization header=Bearer eyJhbGciOiJIUzI1NiJ9.eyJzdWIiOiJlMjgxMGQ1MC1hYjMzLTQ5YzgtYjE5OC1kY2ZiYTNjY2VlY2MiLCJlbWFpbCI6ImE0Mmw3ZmN1b2ZAYndteWdhLmNvbSIsInVzZXJuYW1lIjoiQXNob2siLCJpYXQiOjE3ODE3NTg4NjMsImV4cCI6MTc4MTg0NTI2M30.iarkYeZoFSrYMeXxBqF5x6dQn2J4IkFYOfnRZEqTG1A
2026-06-18 10:36:50 [http-nio-8084-exec-1] INFO  c.c.config.UserServiceClient - Auth service raw response={success=true, message=User fetched successfully., data={id=e2810d50-ab33-49c8-b198-dcfba3cceecc, username=Ashok, email=a42l7fcuof@bwmyga.com, phoneNumber=+442079460018, active=true, createdAt=2026-06-18T10:30:34.603485}}
2026-06-18 10:36:50 [http-nio-8084-exec-1] INFO  c.c.config.UserServiceClient - data field={id=e2810d50-ab33-49c8-b198-dcfba3cceecc, username=Ashok, email=a42l7fcuof@bwmyga.com, phoneNumber=+442079460018, active=true, createdAt=2026-06-18T10:30:34.603485}
2026-06-18 10:36:50 [http-nio-8084-exec-1] INFO  c.c.config.UserServiceClient - data map keys=[id, username, email, phoneNumber, active, createdAt]
2026-06-18 10:36:50 [http-nio-8084-exec-1] INFO  c.c.config.UserServiceClient - Resolved userId=e2810d50-ab33-49c8-b198-dcfba3cceecc for username=Ashok
2026-06-18 10:36:50 [http-nio-8084-exec-1] INFO  c.c.service.impl.ChatServiceImpl - getChatsForUser userId=e2810d50-ab33-49c8-b198-dcfba3cceecc
2026-06-18 10:36:50 [http-nio-8084-exec-1] INFO  c.c.config.RequestLoggingFilter - ? GET /api/v1/chat/chats/username/Ashok | status=200 | 68ms
2026-06-18 10:37:20 [clientInboundChannel-72] DEBUG c.c.service.RedisCacheService - Marked online: Ashok
2026-06-18 10:37:20 [clientInboundChannel-72] DEBUG c.c.websocket.ChatWebSocketHandler - HEARTBEAT username=Ashok
2026-06-18 10:37:20 [http-nio-8084-exec-9] DEBUG c.c.security.JwtAuthenticationFilter - Processing request: GET /api/v1/chat/chats/username/Ashok
2026-06-18 10:37:20 [http-nio-8084-exec-9] DEBUG c.c.security.JwtAuthenticationFilter - Authenticated user [e2810d50-ab33-49c8-b198-dcfba3cceecc] for URI: /api/v1/chat/chats/username/Ashok
2026-06-18 10:37:20 [http-nio-8084-exec-9] INFO  c.c.config.RequestLoggingFilter - ? GET /api/v1/chat/chats/username/Ashok [IP: 0:0:0:0:0:0:0:1]
2026-06-18 10:37:20 [http-nio-8084-exec-9] INFO  c.c.controller.ChatController - GET /chats/username/Ashok
2026-06-18 10:37:20 [http-nio-8084-exec-9] INFO  c.c.service.impl.ChatServiceImpl - getChatsForUserByUsername username=Ashok
2026-06-18 10:37:20 [http-nio-8084-exec-9] INFO  c.c.config.UserServiceClient - Calling auth service for username=Ashok
2026-06-18 10:37:20 [http-nio-8084-exec-9] INFO  c.c.config.UserServiceClient - Forwarding Authorization header=Bearer eyJhbGciOiJIUzI1NiJ9.eyJzdWIiOiJlMjgxMGQ1MC1hYjMzLTQ5YzgtYjE5OC1kY2ZiYTNjY2VlY2MiLCJlbWFpbCI6ImE0Mmw3ZmN1b2ZAYndteWdhLmNvbSIsInVzZXJuYW1lIjoiQXNob2siLCJpYXQiOjE3ODE3NTg4NjMsImV4cCI6MTc4MTg0NTI2M30.iarkYeZoFSrYMeXxBqF5x6dQn2J4IkFYOfnRZEqTG1A
2026-06-18 10:37:20 [org.springframework.kafka.KafkaListenerEndpointContainer#2-0-C-1] INFO  o.apache.kafka.clients.NetworkClient - [Consumer clientId=consumer-chat-service-group-1, groupId=chat-service-group] Node -1 disconnected.
2026-06-18 10:37:20 [org.springframework.kafka.KafkaListenerEndpointContainer#0-0-C-1] INFO  o.apache.kafka.clients.NetworkClient - [Consumer clientId=consumer-chat-service-group-2, groupId=chat-service-group] Node -1 disconnected.
2026-06-18 10:37:20 [http-nio-8084-exec-9] INFO  c.c.config.UserServiceClient - Auth service raw response={success=true, message=User fetched successfully., data={id=e2810d50-ab33-49c8-b198-dcfba3cceecc, username=Ashok, email=a42l7fcuof@bwmyga.com, phoneNumber=+442079460018, active=true, createdAt=2026-06-18T10:30:34.603485}}
2026-06-18 10:37:20 [http-nio-8084-exec-9] INFO  c.c.config.UserServiceClient - data field={id=e2810d50-ab33-49c8-b198-dcfba3cceecc, username=Ashok, email=a42l7fcuof@bwmyga.com, phoneNumber=+442079460018, active=true, createdAt=2026-06-18T10:30:34.603485}
2026-06-18 10:37:20 [http-nio-8084-exec-9] INFO  c.c.config.UserServiceClient - data map keys=[id, username, email, phoneNumber, active, createdAt]
2026-06-18 10:37:20 [http-nio-8084-exec-9] INFO  c.c.config.UserServiceClient - Resolved userId=e2810d50-ab33-49c8-b198-dcfba3cceecc for username=Ashok
2026-06-18 10:37:20 [http-nio-8084-exec-9] INFO  c.c.service.impl.ChatServiceImpl - getChatsForUser userId=e2810d50-ab33-49c8-b198-dcfba3cceecc
2026-06-18 10:37:20 [http-nio-8084-exec-9] INFO  c.c.config.RequestLoggingFilter - ? GET /api/v1/chat/chats/username/Ashok | status=200 | 95ms
2026-06-18 10:37:20 [org.springframework.kafka.KafkaListenerEndpointContainer#1-0-C-1] INFO  o.apache.kafka.clients.NetworkClient - [Consumer clientId=consumer-chat-service-group-3, groupId=chat-service-group] Node -1 disconnected.
2026-06-18 10:37:50 [clientInboundChannel-75] DEBUG c.c.service.RedisCacheService - Marked online: Ashok
2026-06-18 10:37:50 [clientInboundChannel-75] DEBUG c.c.websocket.ChatWebSocketHandler - HEARTBEAT username=Ashok
2026-06-18 10:37:50 [http-nio-8084-exec-2] DEBUG c.c.security.JwtAuthenticationFilter - Processing request: GET /api/v1/chat/chats/username/Ashok
2026-06-18 10:37:50 [http-nio-8084-exec-2] DEBUG c.c.security.JwtAuthenticationFilter - Authenticated user [e2810d50-ab33-49c8-b198-dcfba3cceecc] for URI: /api/v1/chat/chats/username/Ashok
2026-06-18 10:37:50 [http-nio-8084-exec-2] INFO  c.c.config.RequestLoggingFilter - ? GET /api/v1/chat/chats/username/Ashok [IP: 0:0:0:0:0:0:0:1]
2026-06-18 10:37:50 [http-nio-8084-exec-2] INFO  c.c.controller.ChatController - GET /chats/username/Ashok
2026-06-18 10:37:50 [http-nio-8084-exec-2] INFO  c.c.service.impl.ChatServiceImpl - getChatsForUserByUsername username=Ashok
2026-06-18 10:37:50 [http-nio-8084-exec-2] INFO  c.c.config.UserServiceClient - Calling auth service for username=Ashok
2026-06-18 10:37:50 [http-nio-8084-exec-2] INFO  c.c.config.UserServiceClient - Forwarding Authorization header=Bearer eyJhbGciOiJIUzI1NiJ9.eyJzdWIiOiJlMjgxMGQ1MC1hYjMzLTQ5YzgtYjE5OC1kY2ZiYTNjY2VlY2MiLCJlbWFpbCI6ImE0Mmw3ZmN1b2ZAYndteWdhLmNvbSIsInVzZXJuYW1lIjoiQXNob2siLCJpYXQiOjE3ODE3NTg4NjMsImV4cCI6MTc4MTg0NTI2M30.iarkYeZoFSrYMeXxBqF5x6dQn2J4IkFYOfnRZEqTG1A
2026-06-18 10:37:50 [http-nio-8084-exec-2] INFO  c.c.config.UserServiceClient - Auth service raw response={success=true, message=User fetched successfully., data={id=e2810d50-ab33-49c8-b198-dcfba3cceecc, username=Ashok, email=a42l7fcuof@bwmyga.com, phoneNumber=+442079460018, active=true, createdAt=2026-06-18T10:30:34.603485}}
2026-06-18 10:37:50 [http-nio-8084-exec-2] INFO  c.c.config.UserServiceClient - data field={id=e2810d50-ab33-49c8-b198-dcfba3cceecc, username=Ashok, email=a42l7fcuof@bwmyga.com, phoneNumber=+442079460018, active=true, createdAt=2026-06-18T10:30:34.603485}
2026-06-18 10:37:50 [http-nio-8084-exec-2] INFO  c.c.config.UserServiceClient - data map keys=[id, username, email, phoneNumber, active, createdAt]
2026-06-18 10:37:50 [http-nio-8084-exec-2] INFO  c.c.config.UserServiceClient - Resolved userId=e2810d50-ab33-49c8-b198-dcfba3cceecc for username=Ashok
2026-06-18 10:37:50 [http-nio-8084-exec-2] INFO  c.c.service.impl.ChatServiceImpl - getChatsForUser userId=e2810d50-ab33-49c8-b198-dcfba3cceecc
2026-06-18 10:37:50 [http-nio-8084-exec-2] INFO  c.c.config.RequestLoggingFilter - ? GET /api/v1/chat/chats/username/Ashok | status=200 | 74ms
2026-06-18 10:38:19 [AsyncResolver-bootstrap-executor-0] INFO  c.n.d.s.r.aws.ConfigClusterResolver - Resolving eureka endpoints via configuration
2026-06-18 10:38:20 [clientInboundChannel-78] DEBUG c.c.service.RedisCacheService - Marked online: Ashok
2026-06-18 10:38:20 [clientInboundChannel-78] DEBUG c.c.websocket.ChatWebSocketHandler - HEARTBEAT username=Ashok
2026-06-18 10:38:20 [http-nio-8084-exec-7] DEBUG c.c.security.JwtAuthenticationFilter - Processing request: GET /api/v1/chat/chats/username/Ashok
2026-06-18 10:38:20 [http-nio-8084-exec-7] DEBUG c.c.security.JwtAuthenticationFilter - Authenticated user [e2810d50-ab33-49c8-b198-dcfba3cceecc] for URI: /api/v1/chat/chats/username/Ashok
2026-06-18 10:38:20 [http-nio-8084-exec-7] INFO  c.c.config.RequestLoggingFilter - ? GET /api/v1/chat/chats/username/Ashok [IP: 0:0:0:0:0:0:0:1]
2026-06-18 10:38:20 [http-nio-8084-exec-7] INFO  c.c.controller.ChatController - GET /chats/username/Ashok
2026-06-18 10:38:20 [http-nio-8084-exec-7] INFO  c.c.service.impl.ChatServiceImpl - getChatsForUserByUsername username=Ashok
2026-06-18 10:38:20 [http-nio-8084-exec-7] INFO  c.c.config.UserServiceClient - Calling auth service for username=Ashok
2026-06-18 10:38:20 [http-nio-8084-exec-7] INFO  c.c.config.UserServiceClient - Forwarding Authorization header=Bearer eyJhbGciOiJIUzI1NiJ9.eyJzdWIiOiJlMjgxMGQ1MC1hYjMzLTQ5YzgtYjE5OC1kY2ZiYTNjY2VlY2MiLCJlbWFpbCI6ImE0Mmw3ZmN1b2ZAYndteWdhLmNvbSIsInVzZXJuYW1lIjoiQXNob2siLCJpYXQiOjE3ODE3NTg4NjMsImV4cCI6MTc4MTg0NTI2M30.iarkYeZoFSrYMeXxBqF5x6dQn2J4IkFYOfnRZEqTG1A
2026-06-18 10:38:20 [http-nio-8084-exec-7] INFO  c.c.config.UserServiceClient - Auth service raw response={success=true, message=User fetched successfully., data={id=e2810d50-ab33-49c8-b198-dcfba3cceecc, username=Ashok, email=a42l7fcuof@bwmyga.com, phoneNumber=+442079460018, active=true, createdAt=2026-06-18T10:30:34.603485}}
2026-06-18 10:38:20 [http-nio-8084-exec-7] INFO  c.c.config.UserServiceClient - data field={id=e2810d50-ab33-49c8-b198-dcfba3cceecc, username=Ashok, email=a42l7fcuof@bwmyga.com, phoneNumber=+442079460018, active=true, createdAt=2026-06-18T10:30:34.603485}
2026-06-18 10:38:20 [http-nio-8084-exec-7] INFO  c.c.config.UserServiceClient - data map keys=[id, username, email, phoneNumber, active, createdAt]
2026-06-18 10:38:20 [http-nio-8084-exec-7] INFO  c.c.config.UserServiceClient - Resolved userId=e2810d50-ab33-49c8-b198-dcfba3cceecc for username=Ashok
2026-06-18 10:38:20 [http-nio-8084-exec-7] INFO  c.c.service.impl.ChatServiceImpl - getChatsForUser userId=e2810d50-ab33-49c8-b198-dcfba3cceecc
2026-06-18 10:38:20 [http-nio-8084-exec-7] INFO  c.c.config.RequestLoggingFilter - ? GET /api/v1/chat/chats/username/Ashok | status=200 | 96ms
2026-06-18 10:38:50 [clientInboundChannel-81] DEBUG c.c.service.RedisCacheService - Marked online: Ashok
2026-06-18 10:38:50 [clientInboundChannel-81] DEBUG c.c.websocket.ChatWebSocketHandler - HEARTBEAT username=Ashok
2026-06-18 10:38:50 [http-nio-8084-exec-10] DEBUG c.c.security.JwtAuthenticationFilter - Processing request: GET /api/v1/chat/chats/username/Ashok
2026-06-18 10:38:50 [http-nio-8084-exec-10] DEBUG c.c.security.JwtAuthenticationFilter - Authenticated user [e2810d50-ab33-49c8-b198-dcfba3cceecc] for URI: /api/v1/chat/chats/username/Ashok
2026-06-18 10:38:50 [http-nio-8084-exec-10] INFO  c.c.config.RequestLoggingFilter - ? GET /api/v1/chat/chats/username/Ashok [IP: 0:0:0:0:0:0:0:1]
2026-06-18 10:38:50 [http-nio-8084-exec-10] INFO  c.c.controller.ChatController - GET /chats/username/Ashok
2026-06-18 10:38:50 [http-nio-8084-exec-10] INFO  c.c.service.impl.ChatServiceImpl - getChatsForUserByUsername username=Ashok
2026-06-18 10:38:50 [http-nio-8084-exec-10] INFO  c.c.config.UserServiceClient - Calling auth service for username=Ashok
2026-06-18 10:38:50 [http-nio-8084-exec-10] INFO  c.c.config.UserServiceClient - Forwarding Authorization header=Bearer eyJhbGciOiJIUzI1NiJ9.eyJzdWIiOiJlMjgxMGQ1MC1hYjMzLTQ5YzgtYjE5OC1kY2ZiYTNjY2VlY2MiLCJlbWFpbCI6ImE0Mmw3ZmN1b2ZAYndteWdhLmNvbSIsInVzZXJuYW1lIjoiQXNob2siLCJpYXQiOjE3ODE3NTg4NjMsImV4cCI6MTc4MTg0NTI2M30.iarkYeZoFSrYMeXxBqF5x6dQn2J4IkFYOfnRZEqTG1A
2026-06-18 10:38:50 [http-nio-8084-exec-10] INFO  c.c.config.UserServiceClient - Auth service raw response={success=true, message=User fetched successfully., data={id=e2810d50-ab33-49c8-b198-dcfba3cceecc, username=Ashok, email=a42l7fcuof@bwmyga.com, phoneNumber=+442079460018, active=true, createdAt=2026-06-18T10:30:34.603485}}
2026-06-18 10:38:50 [http-nio-8084-exec-10] INFO  c.c.config.UserServiceClient - data field={id=e2810d50-ab33-49c8-b198-dcfba3cceecc, username=Ashok, email=a42l7fcuof@bwmyga.com, phoneNumber=+442079460018, active=true, createdAt=2026-06-18T10:30:34.603485}
2026-06-18 10:38:50 [http-nio-8084-exec-10] INFO  c.c.config.UserServiceClient - data map keys=[id, username, email, phoneNumber, active, createdAt]
2026-06-18 10:38:50 [http-nio-8084-exec-10] INFO  c.c.config.UserServiceClient - Resolved userId=e2810d50-ab33-49c8-b198-dcfba3cceecc for username=Ashok
2026-06-18 10:38:50 [http-nio-8084-exec-10] INFO  c.c.service.impl.ChatServiceImpl - getChatsForUser userId=e2810d50-ab33-49c8-b198-dcfba3cceecc
2026-06-18 10:38:50 [http-nio-8084-exec-10] INFO  c.c.config.RequestLoggingFilter - ? GET /api/v1/chat/chats/username/Ashok | status=200 | 137ms
2026-06-18 10:38:57 [http-nio-8084-exec-5] DEBUG c.c.security.JwtAuthenticationFilter - Processing request: POST /api/v1/ai/chat
2026-06-18 10:38:57 [http-nio-8084-exec-5] DEBUG c.c.security.JwtAuthenticationFilter - Authenticated user [e2810d50-ab33-49c8-b198-dcfba3cceecc] for URI: /api/v1/ai/chat
2026-06-18 10:38:57 [http-nio-8084-exec-5] INFO  c.c.config.RequestLoggingFilter - ? POST /api/v1/ai/chat [IP: 0:0:0:0:0:0:0:1]
2026-06-18 10:38:58 [http-nio-8084-exec-5] INFO  c.c.config.RequestLoggingFilter - ? POST /api/v1/ai/chat | status=200 | 1358ms
2026-06-18 10:39:07 [http-nio-8084-exec-1] DEBUG c.c.security.JwtAuthenticationFilter - Processing request: POST /api/v1/ai/chat
2026-06-18 10:39:07 [http-nio-8084-exec-1] DEBUG c.c.security.JwtAuthenticationFilter - Authenticated user [e2810d50-ab33-49c8-b198-dcfba3cceecc] for URI: /api/v1/ai/chat
2026-06-18 10:39:07 [http-nio-8084-exec-1] INFO  c.c.config.RequestLoggingFilter - ? POST /api/v1/ai/chat [IP: 0:0:0:0:0:0:0:1]
2026-06-18 10:39:09 [http-nio-8084-exec-1] INFO  c.c.config.RequestLoggingFilter - ? POST /api/v1/ai/chat | status=200 | 1616ms
2026-06-18 10:39:20 [clientInboundChannel-84] DEBUG c.c.service.RedisCacheService - Marked online: Ashok
2026-06-18 10:39:20 [clientInboundChannel-84] DEBUG c.c.websocket.ChatWebSocketHandler - HEARTBEAT username=Ashok
2026-06-18 10:39:20 [http-nio-8084-exec-9] DEBUG c.c.security.JwtAuthenticationFilter - Processing request: GET /api/v1/chat/chats/username/Ashok
2026-06-18 10:39:20 [http-nio-8084-exec-9] DEBUG c.c.security.JwtAuthenticationFilter - Authenticated user [e2810d50-ab33-49c8-b198-dcfba3cceecc] for URI: /api/v1/chat/chats/username/Ashok
2026-06-18 10:39:20 [http-nio-8084-exec-9] INFO  c.c.config.RequestLoggingFilter - ? GET /api/v1/chat/chats/username/Ashok [IP: 0:0:0:0:0:0:0:1]
2026-06-18 10:39:20 [http-nio-8084-exec-9] INFO  c.c.controller.ChatController - GET /chats/username/Ashok
2026-06-18 10:39:20 [http-nio-8084-exec-9] INFO  c.c.service.impl.ChatServiceImpl - getChatsForUserByUsername username=Ashok
2026-06-18 10:39:20 [http-nio-8084-exec-9] INFO  c.c.config.UserServiceClient - Calling auth service for username=Ashok
2026-06-18 10:39:20 [http-nio-8084-exec-9] INFO  c.c.config.UserServiceClient - Forwarding Authorization header=Bearer eyJhbGciOiJIUzI1NiJ9.eyJzdWIiOiJlMjgxMGQ1MC1hYjMzLTQ5YzgtYjE5OC1kY2ZiYTNjY2VlY2MiLCJlbWFpbCI6ImE0Mmw3ZmN1b2ZAYndteWdhLmNvbSIsInVzZXJuYW1lIjoiQXNob2siLCJpYXQiOjE3ODE3NTg4NjMsImV4cCI6MTc4MTg0NTI2M30.iarkYeZoFSrYMeXxBqF5x6dQn2J4IkFYOfnRZEqTG1A
2026-06-18 10:39:20 [http-nio-8084-exec-9] INFO  c.c.config.UserServiceClient - Auth service raw response={success=true, message=User fetched successfully., data={id=e2810d50-ab33-49c8-b198-dcfba3cceecc, username=Ashok, email=a42l7fcuof@bwmyga.com, phoneNumber=+442079460018, active=true, createdAt=2026-06-18T10:30:34.603485}}
2026-06-18 10:39:20 [http-nio-8084-exec-9] INFO  c.c.config.UserServiceClient - data field={id=e2810d50-ab33-49c8-b198-dcfba3cceecc, username=Ashok, email=a42l7fcuof@bwmyga.com, phoneNumber=+442079460018, active=true, createdAt=2026-06-18T10:30:34.603485}
2026-06-18 10:39:20 [http-nio-8084-exec-9] INFO  c.c.config.UserServiceClient - data map keys=[id, username, email, phoneNumber, active, createdAt]
2026-06-18 10:39:20 [http-nio-8084-exec-9] INFO  c.c.config.UserServiceClient - Resolved userId=e2810d50-ab33-49c8-b198-dcfba3cceecc for username=Ashok
2026-06-18 10:39:20 [http-nio-8084-exec-9] INFO  c.c.service.impl.ChatServiceImpl - getChatsForUser userId=e2810d50-ab33-49c8-b198-dcfba3cceecc
2026-06-18 10:39:20 [http-nio-8084-exec-9] INFO  c.c.config.RequestLoggingFilter - ? GET /api/v1/chat/chats/username/Ashok | status=200 | 53ms
2026-06-18 10:39:42 [http-nio-8084-exec-3] DEBUG c.c.security.JwtAuthenticationFilter - Processing request: GET /ws
2026-06-18 10:39:42 [http-nio-8084-exec-3] INFO  c.c.config.RequestLoggingFilter - ? GET /ws [IP: 0:0:0:0:0:0:0:1]
2026-06-18 10:39:42 [http-nio-8084-exec-3] INFO  c.c.config.RequestLoggingFilter - ? GET /ws | status=101 | 5ms
2026-06-18 10:39:50 [clientInboundChannel-90] DEBUG c.c.service.RedisCacheService - Marked online: Ashok
2026-06-18 10:39:50 [clientInboundChannel-90] DEBUG c.c.websocket.ChatWebSocketHandler - HEARTBEAT username=Ashok
2026-06-18 10:39:50 [http-nio-8084-exec-7] DEBUG c.c.security.JwtAuthenticationFilter - Processing request: GET /api/v1/chat/chats/username/Ashok
2026-06-18 10:39:50 [http-nio-8084-exec-7] DEBUG c.c.security.JwtAuthenticationFilter - Authenticated user [e2810d50-ab33-49c8-b198-dcfba3cceecc] for URI: /api/v1/chat/chats/username/Ashok
2026-06-18 10:39:50 [http-nio-8084-exec-7] INFO  c.c.config.RequestLoggingFilter - ? GET /api/v1/chat/chats/username/Ashok [IP: 0:0:0:0:0:0:0:1]
2026-06-18 10:39:50 [http-nio-8084-exec-7] INFO  c.c.controller.ChatController - GET /chats/username/Ashok
2026-06-18 10:39:50 [http-nio-8084-exec-7] INFO  c.c.service.impl.ChatServiceImpl - getChatsForUserByUsername username=Ashok
2026-06-18 10:39:50 [http-nio-8084-exec-7] INFO  c.c.config.UserServiceClient - Calling auth service for username=Ashok
2026-06-18 10:39:50 [http-nio-8084-exec-7] INFO  c.c.config.UserServiceClient - Forwarding Authorization header=Bearer eyJhbGciOiJIUzI1NiJ9.eyJzdWIiOiJlMjgxMGQ1MC1hYjMzLTQ5YzgtYjE5OC1kY2ZiYTNjY2VlY2MiLCJlbWFpbCI6ImE0Mmw3ZmN1b2ZAYndteWdhLmNvbSIsInVzZXJuYW1lIjoiQXNob2siLCJpYXQiOjE3ODE3NTg4NjMsImV4cCI6MTc4MTg0NTI2M30.iarkYeZoFSrYMeXxBqF5x6dQn2J4IkFYOfnRZEqTG1A
2026-06-18 10:39:50 [http-nio-8084-exec-7] INFO  c.c.config.UserServiceClient - Auth service raw response={success=true, message=User fetched successfully., data={id=e2810d50-ab33-49c8-b198-dcfba3cceecc, username=Ashok, email=a42l7fcuof@bwmyga.com, phoneNumber=+442079460018, active=true, createdAt=2026-06-18T10:30:34.603485}}
2026-06-18 10:39:50 [http-nio-8084-exec-7] INFO  c.c.config.UserServiceClient - data field={id=e2810d50-ab33-49c8-b198-dcfba3cceecc, username=Ashok, email=a42l7fcuof@bwmyga.com, phoneNumber=+442079460018, active=true, createdAt=2026-06-18T10:30:34.603485}
2026-06-18 10:39:50 [http-nio-8084-exec-7] INFO  c.c.config.UserServiceClient - data map keys=[id, username, email, phoneNumber, active, createdAt]
2026-06-18 10:39:50 [http-nio-8084-exec-7] INFO  c.c.config.UserServiceClient - Resolved userId=e2810d50-ab33-49c8-b198-dcfba3cceecc for username=Ashok
2026-06-18 10:39:50 [http-nio-8084-exec-7] INFO  c.c.service.impl.ChatServiceImpl - getChatsForUser userId=e2810d50-ab33-49c8-b198-dcfba3cceecc
2026-06-18 10:39:50 [http-nio-8084-exec-7] INFO  c.c.config.RequestLoggingFilter - ? GET /api/v1/chat/chats/username/Ashok | status=200 | 81ms
2026-06-18 10:40:20 [clientInboundChannel-93] DEBUG c.c.service.RedisCacheService - Marked online: Ashok
2026-06-18 10:40:20 [clientInboundChannel-93] DEBUG c.c.websocket.ChatWebSocketHandler - HEARTBEAT username=Ashok
2026-06-18 10:40:20 [http-nio-8084-exec-10] DEBUG c.c.security.JwtAuthenticationFilter - Processing request: GET /api/v1/chat/chats/username/Ashok
2026-06-18 10:40:20 [http-nio-8084-exec-10] DEBUG c.c.security.JwtAuthenticationFilter - Authenticated user [e2810d50-ab33-49c8-b198-dcfba3cceecc] for URI: /api/v1/chat/chats/username/Ashok
2026-06-18 10:40:20 [http-nio-8084-exec-10] INFO  c.c.config.RequestLoggingFilter - ? GET /api/v1/chat/chats/username/Ashok [IP: 0:0:0:0:0:0:0:1]
2026-06-18 10:40:20 [http-nio-8084-exec-10] INFO  c.c.controller.ChatController - GET /chats/username/Ashok
2026-06-18 10:40:20 [http-nio-8084-exec-10] INFO  c.c.service.impl.ChatServiceImpl - getChatsForUserByUsername username=Ashok
2026-06-18 10:40:20 [http-nio-8084-exec-10] INFO  c.c.config.UserServiceClient - Calling auth service for username=Ashok
2026-06-18 10:40:20 [http-nio-8084-exec-10] INFO  c.c.config.UserServiceClient - Forwarding Authorization header=Bearer eyJhbGciOiJIUzI1NiJ9.eyJzdWIiOiJlMjgxMGQ1MC1hYjMzLTQ5YzgtYjE5OC1kY2ZiYTNjY2VlY2MiLCJlbWFpbCI6ImE0Mmw3ZmN1b2ZAYndteWdhLmNvbSIsInVzZXJuYW1lIjoiQXNob2siLCJpYXQiOjE3ODE3NTg4NjMsImV4cCI6MTc4MTg0NTI2M30.iarkYeZoFSrYMeXxBqF5x6dQn2J4IkFYOfnRZEqTG1A
2026-06-18 10:40:20 [http-nio-8084-exec-10] INFO  c.c.config.UserServiceClient - Auth service raw response={success=true, message=User fetched successfully., data={id=e2810d50-ab33-49c8-b198-dcfba3cceecc, username=Ashok, email=a42l7fcuof@bwmyga.com, phoneNumber=+442079460018, active=true, createdAt=2026-06-18T10:30:34.603485}}
2026-06-18 10:40:20 [http-nio-8084-exec-10] INFO  c.c.config.UserServiceClient - data field={id=e2810d50-ab33-49c8-b198-dcfba3cceecc, username=Ashok, email=a42l7fcuof@bwmyga.com, phoneNumber=+442079460018, active=true, createdAt=2026-06-18T10:30:34.603485}
2026-06-18 10:40:20 [http-nio-8084-exec-10] INFO  c.c.config.UserServiceClient - data map keys=[id, username, email, phoneNumber, active, createdAt]
2026-06-18 10:40:20 [http-nio-8084-exec-10] INFO  c.c.config.UserServiceClient - Resolved userId=e2810d50-ab33-49c8-b198-dcfba3cceecc for username=Ashok
2026-06-18 10:40:20 [http-nio-8084-exec-10] INFO  c.c.service.impl.ChatServiceImpl - getChatsForUser userId=e2810d50-ab33-49c8-b198-dcfba3cceecc
2026-06-18 10:40:20 [http-nio-8084-exec-10] INFO  c.c.config.RequestLoggingFilter - ? GET /api/v1/chat/chats/username/Ashok | status=200 | 113ms
2026-06-18 10:40:21 [http-nio-8084-exec-8] DEBUG c.c.security.JwtAuthenticationFilter - Processing request: GET /api/v1/chat/presence/online
2026-06-18 10:40:21 [http-nio-8084-exec-8] DEBUG c.c.security.JwtAuthenticationFilter - Authenticated user [68e922f9-7fd7-443b-bcd7-1a9d7978d3b8] for URI: /api/v1/chat/presence/online
2026-06-18 10:40:21 [http-nio-8084-exec-9] DEBUG c.c.security.JwtAuthenticationFilter - Processing request: GET /api/v1/chat/chats/username/Syam
2026-06-18 10:40:21 [http-nio-8084-exec-8] INFO  c.c.config.RequestLoggingFilter - ? GET /api/v1/chat/presence/online [IP: 0:0:0:0:0:0:0:1]
2026-06-18 10:40:21 [http-nio-8084-exec-8] INFO  c.c.config.RequestLoggingFilter - ? GET /api/v1/chat/presence/online | status=200 | 1ms
2026-06-18 10:40:21 [http-nio-8084-exec-9] DEBUG c.c.security.JwtAuthenticationFilter - Authenticated user [68e922f9-7fd7-443b-bcd7-1a9d7978d3b8] for URI: /api/v1/chat/chats/username/Syam
2026-06-18 10:40:21 [http-nio-8084-exec-9] INFO  c.c.config.RequestLoggingFilter - ? GET /api/v1/chat/chats/username/Syam [IP: 0:0:0:0:0:0:0:1]
2026-06-18 10:40:21 [http-nio-8084-exec-9] INFO  c.c.controller.ChatController - GET /chats/username/Syam
2026-06-18 10:40:21 [http-nio-8084-exec-9] INFO  c.c.service.impl.ChatServiceImpl - getChatsForUserByUsername username=Syam
2026-06-18 10:40:21 [http-nio-8084-exec-9] INFO  c.c.config.UserServiceClient - Calling auth service for username=Syam
2026-06-18 10:40:21 [http-nio-8084-exec-9] INFO  c.c.config.UserServiceClient - Forwarding Authorization header=Bearer eyJhbGciOiJIUzI1NiJ9.eyJzdWIiOiI2OGU5MjJmOS03ZmQ3LTQ0M2ItYmNkNy0xYTlkNzk3OGQzYjgiLCJlbWFpbCI6ImtzNnMwcjR0cmdAb3pzYWlwLmNvbSIsInVzZXJuYW1lIjoiU3lhbSIsImlhdCI6MTc4MTc1OTQyMSwiZXhwIjoxNzgxODQ1ODIxfQ.07QjmoqT10FS3X9Uo0T4xYcX7Gxi1aiKHB7rAaOtRT8
2026-06-18 10:40:21 [http-nio-8084-exec-3] DEBUG c.c.security.JwtAuthenticationFilter - Processing request: GET /api/v1/chat/presence/online
2026-06-18 10:40:21 [http-nio-8084-exec-3] DEBUG c.c.security.JwtAuthenticationFilter - Authenticated user [68e922f9-7fd7-443b-bcd7-1a9d7978d3b8] for URI: /api/v1/chat/presence/online
2026-06-18 10:40:22 [http-nio-8084-exec-3] INFO  c.c.config.RequestLoggingFilter - ? GET /api/v1/chat/presence/online [IP: 0:0:0:0:0:0:0:1]
2026-06-18 10:40:22 [http-nio-8084-exec-3] INFO  c.c.config.RequestLoggingFilter - ? GET /api/v1/chat/presence/online | status=200 | 4ms
2026-06-18 10:40:22 [http-nio-8084-exec-9] INFO  c.c.config.UserServiceClient - Auth service raw response={success=true, message=User fetched successfully., data={id=68e922f9-7fd7-443b-bcd7-1a9d7978d3b8, username=Syam, email=ks6s0r4trg@ozsaip.com, phoneNumber=+919929756225, active=true, createdAt=2026-06-18T10:40:04.514932}}
2026-06-18 10:40:22 [http-nio-8084-exec-9] INFO  c.c.config.UserServiceClient - data field={id=68e922f9-7fd7-443b-bcd7-1a9d7978d3b8, username=Syam, email=ks6s0r4trg@ozsaip.com, phoneNumber=+919929756225, active=true, createdAt=2026-06-18T10:40:04.514932}
2026-06-18 10:40:22 [http-nio-8084-exec-9] INFO  c.c.config.UserServiceClient - data map keys=[id, username, email, phoneNumber, active, createdAt]
2026-06-18 10:40:22 [http-nio-8084-exec-9] INFO  c.c.config.UserServiceClient - Resolved userId=68e922f9-7fd7-443b-bcd7-1a9d7978d3b8 for username=Syam
2026-06-18 10:40:22 [http-nio-8084-exec-9] INFO  c.c.service.impl.ChatServiceImpl - getChatsForUser userId=68e922f9-7fd7-443b-bcd7-1a9d7978d3b8
2026-06-18 10:40:22 [http-nio-8084-exec-9] INFO  c.c.config.RequestLoggingFilter - ? GET /api/v1/chat/chats/username/Syam | status=200 | 278ms
2026-06-18 10:40:22 [http-nio-8084-exec-2] DEBUG c.c.security.JwtAuthenticationFilter - Processing request: GET /api/v1/chat/chats/username/Syam
2026-06-18 10:40:22 [http-nio-8084-exec-2] DEBUG c.c.security.JwtAuthenticationFilter - Authenticated user [68e922f9-7fd7-443b-bcd7-1a9d7978d3b8] for URI: /api/v1/chat/chats/username/Syam
2026-06-18 10:40:22 [http-nio-8084-exec-2] INFO  c.c.config.RequestLoggingFilter - ? GET /api/v1/chat/chats/username/Syam [IP: 0:0:0:0:0:0:0:1]
2026-06-18 10:40:22 [http-nio-8084-exec-2] INFO  c.c.controller.ChatController - GET /chats/username/Syam
2026-06-18 10:40:22 [http-nio-8084-exec-2] INFO  c.c.service.impl.ChatServiceImpl - getChatsForUserByUsername username=Syam
2026-06-18 10:40:22 [http-nio-8084-exec-2] INFO  c.c.config.UserServiceClient - Calling auth service for username=Syam
2026-06-18 10:40:22 [http-nio-8084-exec-2] INFO  c.c.config.UserServiceClient - Forwarding Authorization header=Bearer eyJhbGciOiJIUzI1NiJ9.eyJzdWIiOiI2OGU5MjJmOS03ZmQ3LTQ0M2ItYmNkNy0xYTlkNzk3OGQzYjgiLCJlbWFpbCI6ImtzNnMwcjR0cmdAb3pzYWlwLmNvbSIsInVzZXJuYW1lIjoiU3lhbSIsImlhdCI6MTc4MTc1OTQyMSwiZXhwIjoxNzgxODQ1ODIxfQ.07QjmoqT10FS3X9Uo0T4xYcX7Gxi1aiKHB7rAaOtRT8
2026-06-18 10:40:22 [http-nio-8084-exec-2] INFO  c.c.config.UserServiceClient - Auth service raw response={success=true, message=User fetched successfully., data={id=68e922f9-7fd7-443b-bcd7-1a9d7978d3b8, username=Syam, email=ks6s0r4trg@ozsaip.com, phoneNumber=+919929756225, active=true, createdAt=2026-06-18T10:40:04.514932}}
2026-06-18 10:40:22 [http-nio-8084-exec-2] INFO  c.c.config.UserServiceClient - data field={id=68e922f9-7fd7-443b-bcd7-1a9d7978d3b8, username=Syam, email=ks6s0r4trg@ozsaip.com, phoneNumber=+919929756225, active=true, createdAt=2026-06-18T10:40:04.514932}
2026-06-18 10:40:22 [http-nio-8084-exec-2] INFO  c.c.config.UserServiceClient - data map keys=[id, username, email, phoneNumber, active, createdAt]
2026-06-18 10:40:22 [http-nio-8084-exec-2] INFO  c.c.config.UserServiceClient - Resolved userId=68e922f9-7fd7-443b-bcd7-1a9d7978d3b8 for username=Syam
2026-06-18 10:40:22 [http-nio-8084-exec-2] INFO  c.c.service.impl.ChatServiceImpl - getChatsForUser userId=68e922f9-7fd7-443b-bcd7-1a9d7978d3b8
2026-06-18 10:40:22 [http-nio-8084-exec-2] INFO  c.c.config.RequestLoggingFilter - ? GET /api/v1/chat/chats/username/Syam | status=200 | 114ms
2026-06-18 10:40:39 [http-nio-8084-exec-6] DEBUG c.c.security.JwtAuthenticationFilter - Processing request: GET /api/v1/chat/chats/username/Syam
2026-06-18 10:40:39 [http-nio-8084-exec-6] DEBUG c.c.security.JwtAuthenticationFilter - Authenticated user [68e922f9-7fd7-443b-bcd7-1a9d7978d3b8] for URI: /api/v1/chat/chats/username/Syam
2026-06-18 10:40:39 [http-nio-8084-exec-6] INFO  c.c.config.RequestLoggingFilter - ? GET /api/v1/chat/chats/username/Syam [IP: 0:0:0:0:0:0:0:1]
2026-06-18 10:40:39 [http-nio-8084-exec-6] INFO  c.c.controller.ChatController - GET /chats/username/Syam
2026-06-18 10:40:39 [http-nio-8084-exec-6] INFO  c.c.service.impl.ChatServiceImpl - getChatsForUserByUsername username=Syam
2026-06-18 10:40:39 [http-nio-8084-exec-6] INFO  c.c.config.UserServiceClient - Calling auth service for username=Syam
2026-06-18 10:40:39 [http-nio-8084-exec-6] INFO  c.c.config.UserServiceClient - Forwarding Authorization header=Bearer eyJhbGciOiJIUzI1NiJ9.eyJzdWIiOiI2OGU5MjJmOS03ZmQ3LTQ0M2ItYmNkNy0xYTlkNzk3OGQzYjgiLCJlbWFpbCI6ImtzNnMwcjR0cmdAb3pzYWlwLmNvbSIsInVzZXJuYW1lIjoiU3lhbSIsImlhdCI6MTc4MTc1OTQyMSwiZXhwIjoxNzgxODQ1ODIxfQ.07QjmoqT10FS3X9Uo0T4xYcX7Gxi1aiKHB7rAaOtRT8
2026-06-18 10:40:39 [http-nio-8084-exec-6] INFO  c.c.config.UserServiceClient - Auth service raw response={success=true, message=User fetched successfully., data={id=68e922f9-7fd7-443b-bcd7-1a9d7978d3b8, username=Syam, email=ks6s0r4trg@ozsaip.com, phoneNumber=+919929756225, active=true, createdAt=2026-06-18T10:40:04.514932}}
2026-06-18 10:40:39 [http-nio-8084-exec-6] INFO  c.c.config.UserServiceClient - data field={id=68e922f9-7fd7-443b-bcd7-1a9d7978d3b8, username=Syam, email=ks6s0r4trg@ozsaip.com, phoneNumber=+919929756225, active=true, createdAt=2026-06-18T10:40:04.514932}
2026-06-18 10:40:39 [http-nio-8084-exec-6] INFO  c.c.config.UserServiceClient - data map keys=[id, username, email, phoneNumber, active, createdAt]
2026-06-18 10:40:39 [http-nio-8084-exec-6] INFO  c.c.config.UserServiceClient - Resolved userId=68e922f9-7fd7-443b-bcd7-1a9d7978d3b8 for username=Syam
2026-06-18 10:40:39 [http-nio-8084-exec-6] INFO  c.c.service.impl.ChatServiceImpl - getChatsForUser userId=68e922f9-7fd7-443b-bcd7-1a9d7978d3b8
2026-06-18 10:40:39 [http-nio-8084-exec-6] INFO  c.c.config.RequestLoggingFilter - ? GET /api/v1/chat/chats/username/Syam | status=200 | 51ms
2026-06-18 10:40:42 [http-nio-8084-exec-3] DEBUG c.c.security.JwtAuthenticationFilter - Processing request: POST /api/v1/chat/chats/private
2026-06-18 10:40:42 [http-nio-8084-exec-3] DEBUG c.c.security.JwtAuthenticationFilter - Authenticated user [68e922f9-7fd7-443b-bcd7-1a9d7978d3b8] for URI: /api/v1/chat/chats/private
2026-06-18 10:40:42 [http-nio-8084-exec-3] INFO  c.c.config.RequestLoggingFilter - ? POST /api/v1/chat/chats/private [IP: 0:0:0:0:0:0:0:1]
2026-06-18 10:40:42 [http-nio-8084-exec-3] INFO  c.c.controller.ChatController - POST /chats/private sender=68e922f9-7fd7-443b-bcd7-1a9d7978d3b8
2026-06-18 10:40:42 [http-nio-8084-exec-3] INFO  c.c.config.UserServiceClient - Calling auth service for username=Ashok
2026-06-18 10:40:42 [http-nio-8084-exec-3] INFO  c.c.config.UserServiceClient - Forwarding Authorization header=Bearer eyJhbGciOiJIUzI1NiJ9.eyJzdWIiOiI2OGU5MjJmOS03ZmQ3LTQ0M2ItYmNkNy0xYTlkNzk3OGQzYjgiLCJlbWFpbCI6ImtzNnMwcjR0cmdAb3pzYWlwLmNvbSIsInVzZXJuYW1lIjoiU3lhbSIsImlhdCI6MTc4MTc1OTQyMSwiZXhwIjoxNzgxODQ1ODIxfQ.07QjmoqT10FS3X9Uo0T4xYcX7Gxi1aiKHB7rAaOtRT8
2026-06-18 10:40:43 [http-nio-8084-exec-3] INFO  c.c.config.UserServiceClient - Auth service raw response={success=true, message=User fetched successfully., data={id=e2810d50-ab33-49c8-b198-dcfba3cceecc, username=Ashok, email=a42l7fcuof@bwmyga.com, phoneNumber=+442079460018, active=true, createdAt=2026-06-18T10:30:34.603485}}
2026-06-18 10:40:43 [http-nio-8084-exec-3] INFO  c.c.config.UserServiceClient - data field={id=e2810d50-ab33-49c8-b198-dcfba3cceecc, username=Ashok, email=a42l7fcuof@bwmyga.com, phoneNumber=+442079460018, active=true, createdAt=2026-06-18T10:30:34.603485}
2026-06-18 10:40:43 [http-nio-8084-exec-3] INFO  c.c.config.UserServiceClient - data map keys=[id, username, email, phoneNumber, active, createdAt]
2026-06-18 10:40:43 [http-nio-8084-exec-3] INFO  c.c.config.UserServiceClient - Resolved userId=e2810d50-ab33-49c8-b198-dcfba3cceecc for username=Ashok
2026-06-18 10:40:43 [http-nio-8084-exec-3] INFO  c.c.service.impl.ChatServiceImpl - sendPrivateMessage sender=68e922f9-7fd7-443b-bcd7-1a9d7978d3b8 receiver=e2810d50-ab33-49c8-b198-dcfba3cceecc
2026-06-18 10:40:43 [http-nio-8084-exec-3] INFO  c.c.service.impl.ChatServiceImpl - Created new private chat 1cb6cdde-72be-47c7-a984-50b1e724931e between 68e922f9-7fd7-443b-bcd7-1a9d7978d3b8 and e2810d50-ab33-49c8-b198-dcfba3cceecc
2026-06-18 10:40:43 [http-nio-8084-exec-3] DEBUG c.c.service.RedisCacheService - Evicted cache for chatId=1cb6cdde-72be-47c7-a984-50b1e724931e
2026-06-18 10:40:43 [http-nio-8084-exec-3] INFO  o.a.k.c.producer.ProducerConfig - ProducerConfig values: 
	acks = -1
	auto.include.jmx.reporter = true
	batch.size = 16384
	bootstrap.servers = [localhost:9092]
	buffer.memory = 33554432
	client.dns.lookup = use_all_dns_ips
	client.id = producer-1
	compression.type = none
	connections.max.idle.ms = 540000
	delivery.timeout.ms = 120000
	enable.idempotence = true
	interceptor.classes = []
	key.serializer = class org.apache.kafka.common.serialization.StringSerializer
	linger.ms = 0
	max.block.ms = 60000
	max.in.flight.requests.per.connection = 5
	max.request.size = 1048576
	metadata.max.age.ms = 300000
	metadata.max.idle.ms = 300000
	metric.reporters = []
	metrics.num.samples = 2
	metrics.recording.level = INFO
	metrics.sample.window.ms = 30000
	partitioner.adaptive.partitioning.enable = true
	partitioner.availability.timeout.ms = 0
	partitioner.class = null
	partitioner.ignore.keys = false
	receive.buffer.bytes = 32768
	reconnect.backoff.max.ms = 1000
	reconnect.backoff.ms = 50
	request.timeout.ms = 30000
	retries = 3
	retry.backoff.ms = 100
	sasl.client.callback.handler.class = null
	sasl.jaas.config = null
	sasl.kerberos.kinit.cmd = /usr/bin/kinit
	sasl.kerberos.min.time.before.relogin = 60000
	sasl.kerberos.service.name = null
	sasl.kerberos.ticket.renew.jitter = 0.05
	sasl.kerberos.ticket.renew.window.factor = 0.8
	sasl.login.callback.handler.class = null
	sasl.login.class = null
	sasl.login.connect.timeout.ms = null
	sasl.login.read.timeout.ms = null
	sasl.login.refresh.buffer.seconds = 300
	sasl.login.refresh.min.period.seconds = 60
	sasl.login.refresh.window.factor = 0.8
	sasl.login.refresh.window.jitter = 0.05
	sasl.login.retry.backoff.max.ms = 10000
	sasl.login.retry.backoff.ms = 100
	sasl.mechanism = GSSAPI
	sasl.oauthbearer.clock.skew.seconds = 30
	sasl.oauthbearer.expected.audience = null
	sasl.oauthbearer.expected.issuer = null
	sasl.oauthbearer.jwks.endpoint.refresh.ms = 3600000
	sasl.oauthbearer.jwks.endpoint.retry.backoff.max.ms = 10000
	sasl.oauthbearer.jwks.endpoint.retry.backoff.ms = 100
	sasl.oauthbearer.jwks.endpoint.url = null
	sasl.oauthbearer.scope.claim.name = scope
	sasl.oauthbearer.sub.claim.name = sub
	sasl.oauthbearer.token.endpoint.url = null
	security.protocol = PLAINTEXT
	security.providers = null
	send.buffer.bytes = 131072
	socket.connection.setup.timeout.max.ms = 30000
	socket.connection.setup.timeout.ms = 10000
	ssl.cipher.suites = null
	ssl.enabled.protocols = [TLSv1.2, TLSv1.3]
	ssl.endpoint.identification.algorithm = https
	ssl.engine.factory.class = null
	ssl.key.password = null
	ssl.keymanager.algorithm = SunX509
	ssl.keystore.certificate.chain = null
	ssl.keystore.key = null
	ssl.keystore.location = null
	ssl.keystore.password = null
	ssl.keystore.type = JKS
	ssl.protocol = TLSv1.3
	ssl.provider = null
	ssl.secure.random.implementation = null
	ssl.trustmanager.algorithm = PKIX
	ssl.truststore.certificates = null
	ssl.truststore.location = null
	ssl.truststore.password = null
	ssl.truststore.type = JKS
	transaction.timeout.ms = 60000
	transactional.id = null
	value.serializer = class org.apache.kafka.common.serialization.StringSerializer

2026-06-18 10:40:43 [http-nio-8084-exec-3] INFO  o.a.k.clients.producer.KafkaProducer - [Producer clientId=producer-1] Instantiated an idempotent producer.
2026-06-18 10:40:43 [http-nio-8084-exec-3] INFO  o.a.kafka.common.utils.AppInfoParser - Kafka version: 3.6.1
2026-06-18 10:40:43 [http-nio-8084-exec-3] INFO  o.a.kafka.common.utils.AppInfoParser - Kafka commitId: 5e3c2b738d253ff5
2026-06-18 10:40:43 [http-nio-8084-exec-3] INFO  o.a.kafka.common.utils.AppInfoParser - Kafka startTimeMs: 1781759443225
2026-06-18 10:40:43 [kafka-producer-network-thread | producer-1] INFO  org.apache.kafka.clients.Metadata - [Producer clientId=producer-1] Cluster ID: wolyDQQhSWKU6CUaBOYRWA
2026-06-18 10:40:43 [http-nio-8084-exec-3] DEBUG c.c.kafka.ChatKafkaProducer - Kafka ? topic=chat.message.sent key=1cb6cdde-72be-47c7-a984-50b1e724931e payload={"senderId":"68e922f9-7fd7-443b-bcd7-1a9d7978d3b8","messageId":"54cc1e56-f7fa-4357-8f26-0c0aac5dd3a5","chatId":"1cb6cdde-72be-47c7-a984-50b1e724931e","event":"MESSAGE_SENT"}
2026-06-18 10:40:43 [http-nio-8084-exec-3] INFO  c.c.service.impl.ChatServiceImpl - Private realtime message 54cc1e56-f7fa-4357-8f26-0c0aac5dd3a5 sent in chat 1cb6cdde-72be-47c7-a984-50b1e724931e
2026-06-18 10:40:43 [http-nio-8084-exec-3] INFO  c.c.config.RequestLoggingFilter - ? POST /api/v1/chat/chats/private | status=201 | 383ms
2026-06-18 10:40:43 [http-nio-8084-exec-2] DEBUG c.c.security.JwtAuthenticationFilter - Processing request: GET /api/v1/chat/chats/1cb6cdde-72be-47c7-a984-50b1e724931e/messages
2026-06-18 10:40:43 [http-nio-8084-exec-6] DEBUG c.c.security.JwtAuthenticationFilter - Processing request: GET /api/v1/chat/chats/1cb6cdde-72be-47c7-a984-50b1e724931e/wallpaper
2026-06-18 10:40:43 [http-nio-8084-exec-2] DEBUG c.c.security.JwtAuthenticationFilter - Authenticated user [68e922f9-7fd7-443b-bcd7-1a9d7978d3b8] for URI: /api/v1/chat/chats/1cb6cdde-72be-47c7-a984-50b1e724931e/messages
2026-06-18 10:40:43 [http-nio-8084-exec-2] INFO  c.c.config.RequestLoggingFilter - ? GET /api/v1/chat/chats/1cb6cdde-72be-47c7-a984-50b1e724931e/messages [IP: 0:0:0:0:0:0:0:1]
2026-06-18 10:40:43 [http-nio-8084-exec-2] INFO  c.c.controller.ChatController - GET /chats/1cb6cdde-72be-47c7-a984-50b1e724931e/messages userId=68e922f9-7fd7-443b-bcd7-1a9d7978d3b8
2026-06-18 10:40:43 [http-nio-8084-exec-2] INFO  c.c.service.impl.ChatServiceImpl - getChatMessages chatId=1cb6cdde-72be-47c7-a984-50b1e724931e userId=68e922f9-7fd7-443b-bcd7-1a9d7978d3b8
2026-06-18 10:40:43 [http-nio-8084-exec-6] DEBUG c.c.security.JwtAuthenticationFilter - Authenticated user [68e922f9-7fd7-443b-bcd7-1a9d7978d3b8] for URI: /api/v1/chat/chats/1cb6cdde-72be-47c7-a984-50b1e724931e/wallpaper
2026-06-18 10:40:43 [http-nio-8084-exec-6] INFO  c.c.config.RequestLoggingFilter - ? GET /api/v1/chat/chats/1cb6cdde-72be-47c7-a984-50b1e724931e/wallpaper [IP: 0:0:0:0:0:0:0:1]
2026-06-18 10:40:43 [http-nio-8084-exec-7] DEBUG c.c.security.JwtAuthenticationFilter - Processing request: POST /api/v1/chat/chats/1cb6cdde-72be-47c7-a984-50b1e724931e/read
2026-06-18 10:40:43 [http-nio-8084-exec-6] INFO  c.c.config.RequestLoggingFilter - ? GET /api/v1/chat/chats/1cb6cdde-72be-47c7-a984-50b1e724931e/wallpaper | status=200 | 15ms
2026-06-18 10:40:43 [http-nio-8084-exec-2] INFO  c.c.config.RequestLoggingFilter - ? GET /api/v1/chat/chats/1cb6cdde-72be-47c7-a984-50b1e724931e/messages | status=200 | 34ms
2026-06-18 10:40:43 [http-nio-8084-exec-7] DEBUG c.c.security.JwtAuthenticationFilter - Authenticated user [68e922f9-7fd7-443b-bcd7-1a9d7978d3b8] for URI: /api/v1/chat/chats/1cb6cdde-72be-47c7-a984-50b1e724931e/read
2026-06-18 10:40:43 [http-nio-8084-exec-7] INFO  c.c.config.RequestLoggingFilter - ? POST /api/v1/chat/chats/1cb6cdde-72be-47c7-a984-50b1e724931e/read [IP: 0:0:0:0:0:0:0:1]
2026-06-18 10:40:43 [http-nio-8084-exec-7] DEBUG c.c.service.RedisCacheService - Evicted cache for chatId=1cb6cdde-72be-47c7-a984-50b1e724931e
2026-06-18 10:40:43 [http-nio-8084-exec-7] INFO  c.c.service.impl.ChatServiceImpl - Marked 0 messages READ in chat 1cb6cdde-72be-47c7-a984-50b1e724931e for user 68e922f9-7fd7-443b-bcd7-1a9d7978d3b8
2026-06-18 10:40:43 [http-nio-8084-exec-7] INFO  c.c.config.RequestLoggingFilter - ? POST /api/v1/chat/chats/1cb6cdde-72be-47c7-a984-50b1e724931e/read | status=200 | 57ms
2026-06-18 10:40:43 [kafka-producer-network-thread | producer-1] INFO  o.a.k.c.p.i.TransactionManager - [Producer clientId=producer-1] ProducerId set to 21000 with epoch 0
2026-06-18 10:40:46 [http-nio-8084-exec-10] DEBUG c.c.service.RedisCacheService - Marked offline: Ashok lastSeen=2026-06-18T05:10:46.523039800Z
2026-06-18 10:40:46 [http-nio-8084-exec-10] INFO  c.c.websocket.PresenceEventListener - PRESENCE DISCONNECT username=Ashok lastSeen=2026-06-18T05:10:46.523039800Z
2026-06-18 10:40:46 [http-nio-8084-exec-5] DEBUG c.c.security.JwtAuthenticationFilter - Processing request: GET /ws
2026-06-18 10:40:46 [http-nio-8084-exec-5] INFO  c.c.config.RequestLoggingFilter - ? GET /ws [IP: 0:0:0:0:0:0:0:1]
2026-06-18 10:40:46 [http-nio-8084-exec-5] INFO  c.c.config.RequestLoggingFilter - ? GET /ws | status=101 | 2ms
2026-06-18 10:40:46 [http-nio-8084-exec-1] INFO  c.chatservice.config.WebSocketConfig - WebSocket CONNECT authenticated username=Ashok
2026-06-18 10:40:46 [clientOutboundChannel-13] DEBUG c.c.service.RedisCacheService - Marked online: Ashok
2026-06-18 10:40:46 [clientOutboundChannel-13] INFO  c.c.websocket.PresenceEventListener - PRESENCE CONNECT  username=Ashok session=a74fcab3-61da-2b7e-3237-199209968c7c
2026-06-18 10:40:46 [http-nio-8084-exec-8] DEBUG c.c.security.JwtAuthenticationFilter - Processing request: GET /api/v1/chat/chats/username/Ashok
2026-06-18 10:40:46 [http-nio-8084-exec-8] DEBUG c.c.security.JwtAuthenticationFilter - Authenticated user [e2810d50-ab33-49c8-b198-dcfba3cceecc] for URI: /api/v1/chat/chats/username/Ashok
2026-06-18 10:40:46 [http-nio-8084-exec-8] INFO  c.c.config.RequestLoggingFilter - ? GET /api/v1/chat/chats/username/Ashok [IP: 0:0:0:0:0:0:0:1]
2026-06-18 10:40:46 [http-nio-8084-exec-8] INFO  c.c.controller.ChatController - GET /chats/username/Ashok
2026-06-18 10:40:46 [http-nio-8084-exec-8] INFO  c.c.service.impl.ChatServiceImpl - getChatsForUserByUsername username=Ashok
2026-06-18 10:40:46 [http-nio-8084-exec-8] INFO  c.c.config.UserServiceClient - Calling auth service for username=Ashok
2026-06-18 10:40:46 [http-nio-8084-exec-8] INFO  c.c.config.UserServiceClient - Forwarding Authorization header=Bearer eyJhbGciOiJIUzI1NiJ9.eyJzdWIiOiJlMjgxMGQ1MC1hYjMzLTQ5YzgtYjE5OC1kY2ZiYTNjY2VlY2MiLCJlbWFpbCI6ImE0Mmw3ZmN1b2ZAYndteWdhLmNvbSIsInVzZXJuYW1lIjoiQXNob2siLCJpYXQiOjE3ODE3NTg4NjMsImV4cCI6MTc4MTg0NTI2M30.iarkYeZoFSrYMeXxBqF5x6dQn2J4IkFYOfnRZEqTG1A
2026-06-18 10:40:46 [http-nio-8084-exec-9] DEBUG c.c.security.JwtAuthenticationFilter - Processing request: GET /api/v1/chat/presence/online
2026-06-18 10:40:46 [http-nio-8084-exec-9] DEBUG c.c.security.JwtAuthenticationFilter - Authenticated user [e2810d50-ab33-49c8-b198-dcfba3cceecc] for URI: /api/v1/chat/presence/online
2026-06-18 10:40:46 [http-nio-8084-exec-9] INFO  c.c.config.RequestLoggingFilter - ? GET /api/v1/chat/presence/online [IP: 0:0:0:0:0:0:0:1]
2026-06-18 10:40:46 [http-nio-8084-exec-9] INFO  c.c.config.RequestLoggingFilter - ? GET /api/v1/chat/presence/online | status=200 | 6ms
2026-06-18 10:40:47 [http-nio-8084-exec-8] INFO  c.c.config.UserServiceClient - Auth service raw response={success=true, message=User fetched successfully., data={id=e2810d50-ab33-49c8-b198-dcfba3cceecc, username=Ashok, email=a42l7fcuof@bwmyga.com, phoneNumber=+442079460018, active=true, createdAt=2026-06-18T10:30:34.603485}}
2026-06-18 10:40:47 [http-nio-8084-exec-8] INFO  c.c.config.UserServiceClient - data field={id=e2810d50-ab33-49c8-b198-dcfba3cceecc, username=Ashok, email=a42l7fcuof@bwmyga.com, phoneNumber=+442079460018, active=true, createdAt=2026-06-18T10:30:34.603485}
2026-06-18 10:40:47 [http-nio-8084-exec-8] INFO  c.c.config.UserServiceClient - data map keys=[id, username, email, phoneNumber, active, createdAt]
2026-06-18 10:40:47 [http-nio-8084-exec-8] INFO  c.c.config.UserServiceClient - Resolved userId=e2810d50-ab33-49c8-b198-dcfba3cceecc for username=Ashok
2026-06-18 10:40:47 [http-nio-8084-exec-8] INFO  c.c.service.impl.ChatServiceImpl - getChatsForUser userId=e2810d50-ab33-49c8-b198-dcfba3cceecc
2026-06-18 10:40:47 [http-nio-8084-exec-8] INFO  c.c.config.RequestLoggingFilter - ? GET /api/v1/chat/chats/username/Ashok | status=200 | 193ms
2026-06-18 10:40:47 [http-nio-8084-exec-2] DEBUG c.c.security.JwtAuthenticationFilter - Processing request: GET /api/v1/chat/chats/username/Ashok
2026-06-18 10:40:47 [http-nio-8084-exec-2] DEBUG c.c.security.JwtAuthenticationFilter - Authenticated user [e2810d50-ab33-49c8-b198-dcfba3cceecc] for URI: /api/v1/chat/chats/username/Ashok
2026-06-18 10:40:47 [http-nio-8084-exec-2] INFO  c.c.config.RequestLoggingFilter - ? GET /api/v1/chat/chats/username/Ashok [IP: 0:0:0:0:0:0:0:1]
2026-06-18 10:40:47 [http-nio-8084-exec-2] INFO  c.c.controller.ChatController - GET /chats/username/Ashok
2026-06-18 10:40:47 [http-nio-8084-exec-2] INFO  c.c.service.impl.ChatServiceImpl - getChatsForUserByUsername username=Ashok
2026-06-18 10:40:47 [http-nio-8084-exec-2] INFO  c.c.config.UserServiceClient - Calling auth service for username=Ashok
2026-06-18 10:40:47 [http-nio-8084-exec-2] INFO  c.c.config.UserServiceClient - Forwarding Authorization header=Bearer eyJhbGciOiJIUzI1NiJ9.eyJzdWIiOiJlMjgxMGQ1MC1hYjMzLTQ5YzgtYjE5OC1kY2ZiYTNjY2VlY2MiLCJlbWFpbCI6ImE0Mmw3ZmN1b2ZAYndteWdhLmNvbSIsInVzZXJuYW1lIjoiQXNob2siLCJpYXQiOjE3ODE3NTg4NjMsImV4cCI6MTc4MTg0NTI2M30.iarkYeZoFSrYMeXxBqF5x6dQn2J4IkFYOfnRZEqTG1A
2026-06-18 10:40:47 [http-nio-8084-exec-2] INFO  c.c.config.UserServiceClient - Auth service raw response={success=true, message=User fetched successfully., data={id=e2810d50-ab33-49c8-b198-dcfba3cceecc, username=Ashok, email=a42l7fcuof@bwmyga.com, phoneNumber=+442079460018, active=true, createdAt=2026-06-18T10:30:34.603485}}
2026-06-18 10:40:47 [http-nio-8084-exec-2] INFO  c.c.config.UserServiceClient - data field={id=e2810d50-ab33-49c8-b198-dcfba3cceecc, username=Ashok, email=a42l7fcuof@bwmyga.com, phoneNumber=+442079460018, active=true, createdAt=2026-06-18T10:30:34.603485}
2026-06-18 10:40:47 [http-nio-8084-exec-2] INFO  c.c.config.UserServiceClient - data map keys=[id, username, email, phoneNumber, active, createdAt]
2026-06-18 10:40:47 [http-nio-8084-exec-2] INFO  c.c.config.UserServiceClient - Resolved userId=e2810d50-ab33-49c8-b198-dcfba3cceecc for username=Ashok
2026-06-18 10:40:47 [http-nio-8084-exec-2] INFO  c.c.service.impl.ChatServiceImpl - getChatsForUser userId=e2810d50-ab33-49c8-b198-dcfba3cceecc
2026-06-18 10:40:47 [http-nio-8084-exec-2] INFO  c.c.config.RequestLoggingFilter - ? GET /api/v1/chat/chats/username/Ashok | status=200 | 63ms
2026-06-18 10:40:48 [http-nio-8084-exec-7] DEBUG c.c.security.JwtAuthenticationFilter - Processing request: GET /api/v1/chat/chats/1cb6cdde-72be-47c7-a984-50b1e724931e/messages
2026-06-18 10:40:48 [http-nio-8084-exec-4] DEBUG c.c.security.JwtAuthenticationFilter - Processing request: GET /api/v1/chat/chats/1cb6cdde-72be-47c7-a984-50b1e724931e/wallpaper
2026-06-18 10:40:48 [http-nio-8084-exec-7] DEBUG c.c.security.JwtAuthenticationFilter - Authenticated user [e2810d50-ab33-49c8-b198-dcfba3cceecc] for URI: /api/v1/chat/chats/1cb6cdde-72be-47c7-a984-50b1e724931e/messages
2026-06-18 10:40:48 [http-nio-8084-exec-7] INFO  c.c.config.RequestLoggingFilter - ? GET /api/v1/chat/chats/1cb6cdde-72be-47c7-a984-50b1e724931e/messages [IP: 0:0:0:0:0:0:0:1]
2026-06-18 10:40:48 [http-nio-8084-exec-7] INFO  c.c.controller.ChatController - GET /chats/1cb6cdde-72be-47c7-a984-50b1e724931e/messages userId=e2810d50-ab33-49c8-b198-dcfba3cceecc
2026-06-18 10:40:48 [http-nio-8084-exec-7] INFO  c.c.service.impl.ChatServiceImpl - getChatMessages chatId=1cb6cdde-72be-47c7-a984-50b1e724931e userId=e2810d50-ab33-49c8-b198-dcfba3cceecc
2026-06-18 10:40:48 [http-nio-8084-exec-10] DEBUG c.c.security.JwtAuthenticationFilter - Processing request: POST /api/v1/chat/chats/1cb6cdde-72be-47c7-a984-50b1e724931e/read
2026-06-18 10:40:48 [http-nio-8084-exec-4] DEBUG c.c.security.JwtAuthenticationFilter - Authenticated user [e2810d50-ab33-49c8-b198-dcfba3cceecc] for URI: /api/v1/chat/chats/1cb6cdde-72be-47c7-a984-50b1e724931e/wallpaper
2026-06-18 10:40:48 [http-nio-8084-exec-4] INFO  c.c.config.RequestLoggingFilter - ? GET /api/v1/chat/chats/1cb6cdde-72be-47c7-a984-50b1e724931e/wallpaper [IP: 0:0:0:0:0:0:0:1]
2026-06-18 10:40:48 [http-nio-8084-exec-10] DEBUG c.c.security.JwtAuthenticationFilter - Authenticated user [e2810d50-ab33-49c8-b198-dcfba3cceecc] for URI: /api/v1/chat/chats/1cb6cdde-72be-47c7-a984-50b1e724931e/read
2026-06-18 10:40:48 [http-nio-8084-exec-7] INFO  c.c.config.RequestLoggingFilter - ? GET /api/v1/chat/chats/1cb6cdde-72be-47c7-a984-50b1e724931e/messages | status=200 | 10ms
2026-06-18 10:40:48 [http-nio-8084-exec-10] INFO  c.c.config.RequestLoggingFilter - ? POST /api/v1/chat/chats/1cb6cdde-72be-47c7-a984-50b1e724931e/read [IP: 0:0:0:0:0:0:0:1]
2026-06-18 10:40:48 [http-nio-8084-exec-4] INFO  c.c.config.RequestLoggingFilter - ? GET /api/v1/chat/chats/1cb6cdde-72be-47c7-a984-50b1e724931e/wallpaper | status=200 | 5ms
2026-06-18 10:40:48 [http-nio-8084-exec-10] DEBUG c.c.kafka.ChatKafkaProducer - Kafka ? topic=chat.message.read key=1cb6cdde-72be-47c7-a984-50b1e724931e payload={"readerId":"e2810d50-ab33-49c8-b198-dcfba3cceecc","messageId":"54cc1e56-f7fa-4357-8f26-0c0aac5dd3a5","chatId":"1cb6cdde-72be-47c7-a984-50b1e724931e","event":"MESSAGE_READ"}
2026-06-18 10:40:48 [http-nio-8084-exec-10] DEBUG c.c.service.RedisCacheService - Evicted cache for chatId=1cb6cdde-72be-47c7-a984-50b1e724931e
2026-06-18 10:40:48 [http-nio-8084-exec-10] INFO  c.c.service.impl.ChatServiceImpl - Marked 1 messages READ in chat 1cb6cdde-72be-47c7-a984-50b1e724931e for user e2810d50-ab33-49c8-b198-dcfba3cceecc
2026-06-18 10:40:48 [http-nio-8084-exec-10] INFO  c.c.config.RequestLoggingFilter - ? POST /api/v1/chat/chats/1cb6cdde-72be-47c7-a984-50b1e724931e/read | status=200 | 58ms
2026-06-18 10:40:48 [org.springframework.kafka.KafkaListenerEndpointContainer#1-0-C-1] INFO  c.c.kafka.ChatKafkaConsumer - Message 54cc1e56-f7fa-4357-8f26-0c0aac5dd3a5 marked READ in chat 1cb6cdde-72be-47c7-a984-50b1e724931e
2026-06-18 10:40:49 [http-nio-8084-exec-1] DEBUG c.c.security.JwtAuthenticationFilter - Processing request: GET /ws
2026-06-18 10:40:49 [http-nio-8084-exec-1] INFO  c.c.config.RequestLoggingFilter - ? GET /ws [IP: 0:0:0:0:0:0:0:1]
2026-06-18 10:40:49 [http-nio-8084-exec-1] INFO  c.c.config.RequestLoggingFilter - ? GET /ws | status=101 | 3ms
2026-06-18 10:40:49 [http-nio-8084-exec-3] INFO  c.chatservice.config.WebSocketConfig - WebSocket CONNECT authenticated username=Syam
2026-06-18 10:40:49 [clientOutboundChannel-18] DEBUG c.c.service.RedisCacheService - Marked online: Syam
2026-06-18 10:40:49 [clientOutboundChannel-18] INFO  c.c.websocket.PresenceEventListener - PRESENCE CONNECT  username=Syam session=fd1c2793-a671-b23b-bfa2-bd1423ace4b0
2026-06-18 10:40:49 [http-nio-8084-exec-6] DEBUG c.c.security.JwtAuthenticationFilter - Processing request: GET /api/v1/chat/chats/username/Syam
2026-06-18 10:40:49 [http-nio-8084-exec-6] DEBUG c.c.security.JwtAuthenticationFilter - Authenticated user [68e922f9-7fd7-443b-bcd7-1a9d7978d3b8] for URI: /api/v1/chat/chats/username/Syam
2026-06-18 10:40:49 [http-nio-8084-exec-6] INFO  c.c.config.RequestLoggingFilter - ? GET /api/v1/chat/chats/username/Syam [IP: 0:0:0:0:0:0:0:1]
2026-06-18 10:40:50 [http-nio-8084-exec-6] INFO  c.c.controller.ChatController - GET /chats/username/Syam
2026-06-18 10:40:50 [http-nio-8084-exec-6] INFO  c.c.service.impl.ChatServiceImpl - getChatsForUserByUsername username=Syam
2026-06-18 10:40:50 [http-nio-8084-exec-6] INFO  c.c.config.UserServiceClient - Calling auth service for username=Syam
2026-06-18 10:40:50 [http-nio-8084-exec-2] DEBUG c.c.security.JwtAuthenticationFilter - Processing request: GET /api/v1/chat/chats/1cb6cdde-72be-47c7-a984-50b1e724931e/wallpaper
2026-06-18 10:40:50 [http-nio-8084-exec-6] INFO  c.c.config.UserServiceClient - Forwarding Authorization header=Bearer eyJhbGciOiJIUzI1NiJ9.eyJzdWIiOiI2OGU5MjJmOS03ZmQ3LTQ0M2ItYmNkNy0xYTlkNzk3OGQzYjgiLCJlbWFpbCI6ImtzNnMwcjR0cmdAb3pzYWlwLmNvbSIsInVzZXJuYW1lIjoiU3lhbSIsImlhdCI6MTc4MTc1OTQyMSwiZXhwIjoxNzgxODQ1ODIxfQ.07QjmoqT10FS3X9Uo0T4xYcX7Gxi1aiKHB7rAaOtRT8
2026-06-18 10:40:50 [http-nio-8084-exec-2] DEBUG c.c.security.JwtAuthenticationFilter - Authenticated user [68e922f9-7fd7-443b-bcd7-1a9d7978d3b8] for URI: /api/v1/chat/chats/1cb6cdde-72be-47c7-a984-50b1e724931e/wallpaper
2026-06-18 10:40:50 [http-nio-8084-exec-2] INFO  c.c.config.RequestLoggingFilter - ? GET /api/v1/chat/chats/1cb6cdde-72be-47c7-a984-50b1e724931e/wallpaper [IP: 0:0:0:0:0:0:0:1]
2026-06-18 10:40:50 [http-nio-8084-exec-2] INFO  c.c.config.RequestLoggingFilter - ? GET /api/v1/chat/chats/1cb6cdde-72be-47c7-a984-50b1e724931e/wallpaper | status=200 | 12ms
2026-06-18 10:40:50 [http-nio-8084-exec-7] DEBUG c.c.security.JwtAuthenticationFilter - Processing request: GET /api/v1/chat/chats/1cb6cdde-72be-47c7-a984-50b1e724931e/messages
2026-06-18 10:40:50 [http-nio-8084-exec-7] DEBUG c.c.security.JwtAuthenticationFilter - Authenticated user [68e922f9-7fd7-443b-bcd7-1a9d7978d3b8] for URI: /api/v1/chat/chats/1cb6cdde-72be-47c7-a984-50b1e724931e/messages
2026-06-18 10:40:50 [http-nio-8084-exec-7] INFO  c.c.config.RequestLoggingFilter - ? GET /api/v1/chat/chats/1cb6cdde-72be-47c7-a984-50b1e724931e/messages [IP: 0:0:0:0:0:0:0:1]
2026-06-18 10:40:50 [http-nio-8084-exec-7] INFO  c.c.controller.ChatController - GET /chats/1cb6cdde-72be-47c7-a984-50b1e724931e/messages userId=68e922f9-7fd7-443b-bcd7-1a9d7978d3b8
2026-06-18 10:40:50 [http-nio-8084-exec-7] INFO  c.c.service.impl.ChatServiceImpl - getChatMessages chatId=1cb6cdde-72be-47c7-a984-50b1e724931e userId=68e922f9-7fd7-443b-bcd7-1a9d7978d3b8
2026-06-18 10:40:50 [http-nio-8084-exec-7] INFO  c.c.config.RequestLoggingFilter - ? GET /api/v1/chat/chats/1cb6cdde-72be-47c7-a984-50b1e724931e/messages | status=200 | 25ms
2026-06-18 10:40:50 [http-nio-8084-exec-4] DEBUG c.c.security.JwtAuthenticationFilter - Processing request: POST /api/v1/chat/chats/1cb6cdde-72be-47c7-a984-50b1e724931e/read
2026-06-18 10:40:50 [http-nio-8084-exec-4] DEBUG c.c.security.JwtAuthenticationFilter - Authenticated user [68e922f9-7fd7-443b-bcd7-1a9d7978d3b8] for URI: /api/v1/chat/chats/1cb6cdde-72be-47c7-a984-50b1e724931e/read
2026-06-18 10:40:50 [http-nio-8084-exec-4] INFO  c.c.config.RequestLoggingFilter - ? POST /api/v1/chat/chats/1cb6cdde-72be-47c7-a984-50b1e724931e/read [IP: 0:0:0:0:0:0:0:1]
2026-06-18 10:40:50 [http-nio-8084-exec-6] INFO  c.c.config.UserServiceClient - Auth service raw response={success=true, message=User fetched successfully., data={id=68e922f9-7fd7-443b-bcd7-1a9d7978d3b8, username=Syam, email=ks6s0r4trg@ozsaip.com, phoneNumber=+919929756225, active=true, createdAt=2026-06-18T10:40:04.514932}}
2026-06-18 10:40:50 [http-nio-8084-exec-10] DEBUG c.c.security.JwtAuthenticationFilter - Processing request: GET /api/v1/chat/presence/online
2026-06-18 10:40:50 [http-nio-8084-exec-6] INFO  c.c.config.UserServiceClient - data field={id=68e922f9-7fd7-443b-bcd7-1a9d7978d3b8, username=Syam, email=ks6s0r4trg@ozsaip.com, phoneNumber=+919929756225, active=true, createdAt=2026-06-18T10:40:04.514932}
2026-06-18 10:40:50 [http-nio-8084-exec-4] DEBUG c.c.service.RedisCacheService - Evicted cache for chatId=1cb6cdde-72be-47c7-a984-50b1e724931e
2026-06-18 10:40:50 [http-nio-8084-exec-4] INFO  c.c.service.impl.ChatServiceImpl - Marked 0 messages READ in chat 1cb6cdde-72be-47c7-a984-50b1e724931e for user 68e922f9-7fd7-443b-bcd7-1a9d7978d3b8
2026-06-18 10:40:50 [http-nio-8084-exec-6] INFO  c.c.config.UserServiceClient - data map keys=[id, username, email, phoneNumber, active, createdAt]
2026-06-18 10:40:50 [http-nio-8084-exec-6] INFO  c.c.config.UserServiceClient - Resolved userId=68e922f9-7fd7-443b-bcd7-1a9d7978d3b8 for username=Syam
2026-06-18 10:40:50 [http-nio-8084-exec-4] INFO  c.c.config.RequestLoggingFilter - ? POST /api/v1/chat/chats/1cb6cdde-72be-47c7-a984-50b1e724931e/read | status=200 | 96ms
2026-06-18 10:40:50 [http-nio-8084-exec-6] INFO  c.c.service.impl.ChatServiceImpl - getChatsForUser userId=68e922f9-7fd7-443b-bcd7-1a9d7978d3b8
2026-06-18 10:40:50 [http-nio-8084-exec-6] INFO  c.c.config.RequestLoggingFilter - ? GET /api/v1/chat/chats/username/Syam | status=200 | 313ms
2026-06-18 10:40:50 [http-nio-8084-exec-10] DEBUG c.c.security.JwtAuthenticationFilter - Authenticated user [68e922f9-7fd7-443b-bcd7-1a9d7978d3b8] for URI: /api/v1/chat/presence/online
2026-06-18 10:40:50 [http-nio-8084-exec-10] INFO  c.c.config.RequestLoggingFilter - ? GET /api/v1/chat/presence/online [IP: 0:0:0:0:0:0:0:1]
2026-06-18 10:40:50 [http-nio-8084-exec-10] INFO  c.c.config.RequestLoggingFilter - ? GET /api/v1/chat/presence/online | status=200 | 11ms
2026-06-18 10:40:50 [http-nio-8084-exec-5] DEBUG c.c.security.JwtAuthenticationFilter - Processing request: GET /api/v1/chat/chats/1cb6cdde-72be-47c7-a984-50b1e724931e/wallpaper
2026-06-18 10:40:50 [http-nio-8084-exec-1] DEBUG c.c.security.JwtAuthenticationFilter - Processing request: GET /api/v1/chat/chats/1cb6cdde-72be-47c7-a984-50b1e724931e/messages
2026-06-18 10:40:50 [http-nio-8084-exec-5] DEBUG c.c.security.JwtAuthenticationFilter - Authenticated user [68e922f9-7fd7-443b-bcd7-1a9d7978d3b8] for URI: /api/v1/chat/chats/1cb6cdde-72be-47c7-a984-50b1e724931e/wallpaper
2026-06-18 10:40:50 [http-nio-8084-exec-1] DEBUG c.c.security.JwtAuthenticationFilter - Authenticated user [68e922f9-7fd7-443b-bcd7-1a9d7978d3b8] for URI: /api/v1/chat/chats/1cb6cdde-72be-47c7-a984-50b1e724931e/messages
2026-06-18 10:40:50 [http-nio-8084-exec-1] INFO  c.c.config.RequestLoggingFilter - ? GET /api/v1/chat/chats/1cb6cdde-72be-47c7-a984-50b1e724931e/messages [IP: 0:0:0:0:0:0:0:1]
2026-06-18 10:40:50 [http-nio-8084-exec-5] INFO  c.c.config.RequestLoggingFilter - ? GET /api/v1/chat/chats/1cb6cdde-72be-47c7-a984-50b1e724931e/wallpaper [IP: 0:0:0:0:0:0:0:1]
2026-06-18 10:40:50 [http-nio-8084-exec-1] INFO  c.c.controller.ChatController - GET /chats/1cb6cdde-72be-47c7-a984-50b1e724931e/messages userId=68e922f9-7fd7-443b-bcd7-1a9d7978d3b8
2026-06-18 10:40:50 [http-nio-8084-exec-1] INFO  c.c.service.impl.ChatServiceImpl - getChatMessages chatId=1cb6cdde-72be-47c7-a984-50b1e724931e userId=68e922f9-7fd7-443b-bcd7-1a9d7978d3b8
2026-06-18 10:40:50 [http-nio-8084-exec-5] INFO  c.c.config.RequestLoggingFilter - ? GET /api/v1/chat/chats/1cb6cdde-72be-47c7-a984-50b1e724931e/wallpaper | status=200 | 8ms
2026-06-18 10:40:50 [http-nio-8084-exec-1] INFO  c.c.config.RequestLoggingFilter - ? GET /api/v1/chat/chats/1cb6cdde-72be-47c7-a984-50b1e724931e/messages | status=200 | 11ms
2026-06-18 10:40:50 [http-nio-8084-exec-3] DEBUG c.c.security.JwtAuthenticationFilter - Processing request: GET /api/v1/chat/chats/username/Syam
2026-06-18 10:40:50 [http-nio-8084-exec-3] DEBUG c.c.security.JwtAuthenticationFilter - Authenticated user [68e922f9-7fd7-443b-bcd7-1a9d7978d3b8] for URI: /api/v1/chat/chats/username/Syam
2026-06-18 10:40:50 [http-nio-8084-exec-3] INFO  c.c.config.RequestLoggingFilter - ? GET /api/v1/chat/chats/username/Syam [IP: 0:0:0:0:0:0:0:1]
2026-06-18 10:40:50 [http-nio-8084-exec-3] INFO  c.c.controller.ChatController - GET /chats/username/Syam
2026-06-18 10:40:50 [http-nio-8084-exec-3] INFO  c.c.service.impl.ChatServiceImpl - getChatsForUserByUsername username=Syam
2026-06-18 10:40:50 [http-nio-8084-exec-3] INFO  c.c.config.UserServiceClient - Calling auth service for username=Syam
2026-06-18 10:40:50 [http-nio-8084-exec-3] INFO  c.c.config.UserServiceClient - Forwarding Authorization header=Bearer eyJhbGciOiJIUzI1NiJ9.eyJzdWIiOiI2OGU5MjJmOS03ZmQ3LTQ0M2ItYmNkNy0xYTlkNzk3OGQzYjgiLCJlbWFpbCI6ImtzNnMwcjR0cmdAb3pzYWlwLmNvbSIsInVzZXJuYW1lIjoiU3lhbSIsImlhdCI6MTc4MTc1OTQyMSwiZXhwIjoxNzgxODQ1ODIxfQ.07QjmoqT10FS3X9Uo0T4xYcX7Gxi1aiKHB7rAaOtRT8
2026-06-18 10:40:50 [http-nio-8084-exec-3] INFO  c.c.config.UserServiceClient - Auth service raw response={success=true, message=User fetched successfully., data={id=68e922f9-7fd7-443b-bcd7-1a9d7978d3b8, username=Syam, email=ks6s0r4trg@ozsaip.com, phoneNumber=+919929756225, active=true, createdAt=2026-06-18T10:40:04.514932}}
2026-06-18 10:40:50 [http-nio-8084-exec-3] INFO  c.c.config.UserServiceClient - data field={id=68e922f9-7fd7-443b-bcd7-1a9d7978d3b8, username=Syam, email=ks6s0r4trg@ozsaip.com, phoneNumber=+919929756225, active=true, createdAt=2026-06-18T10:40:04.514932}
2026-06-18 10:40:50 [http-nio-8084-exec-3] INFO  c.c.config.UserServiceClient - data map keys=[id, username, email, phoneNumber, active, createdAt]
2026-06-18 10:40:50 [http-nio-8084-exec-3] INFO  c.c.config.UserServiceClient - Resolved userId=68e922f9-7fd7-443b-bcd7-1a9d7978d3b8 for username=Syam
2026-06-18 10:40:50 [http-nio-8084-exec-3] INFO  c.c.service.impl.ChatServiceImpl - getChatsForUser userId=68e922f9-7fd7-443b-bcd7-1a9d7978d3b8
2026-06-18 10:40:50 [http-nio-8084-exec-3] INFO  c.c.config.RequestLoggingFilter - ? GET /api/v1/chat/chats/username/Syam | status=200 | 108ms
2026-06-18 10:40:53 [http-nio-8084-exec-10] DEBUG c.c.security.JwtAuthenticationFilter - Processing request: POST /api/v1/chat/chats/private
2026-06-18 10:40:53 [http-nio-8084-exec-10] DEBUG c.c.security.JwtAuthenticationFilter - Authenticated user [e2810d50-ab33-49c8-b198-dcfba3cceecc] for URI: /api/v1/chat/chats/private
2026-06-18 10:40:53 [http-nio-8084-exec-10] INFO  c.c.config.RequestLoggingFilter - ? POST /api/v1/chat/chats/private [IP: 0:0:0:0:0:0:0:1]
2026-06-18 10:40:53 [http-nio-8084-exec-10] INFO  c.c.controller.ChatController - POST /chats/private sender=e2810d50-ab33-49c8-b198-dcfba3cceecc
2026-06-18 10:40:53 [http-nio-8084-exec-10] INFO  c.c.config.UserServiceClient - Calling auth service for username=Syam
2026-06-18 10:40:53 [http-nio-8084-exec-10] INFO  c.c.config.UserServiceClient - Forwarding Authorization header=Bearer eyJhbGciOiJIUzI1NiJ9.eyJzdWIiOiJlMjgxMGQ1MC1hYjMzLTQ5YzgtYjE5OC1kY2ZiYTNjY2VlY2MiLCJlbWFpbCI6ImE0Mmw3ZmN1b2ZAYndteWdhLmNvbSIsInVzZXJuYW1lIjoiQXNob2siLCJpYXQiOjE3ODE3NTg4NjMsImV4cCI6MTc4MTg0NTI2M30.iarkYeZoFSrYMeXxBqF5x6dQn2J4IkFYOfnRZEqTG1A
2026-06-18 10:40:54 [http-nio-8084-exec-10] INFO  c.c.config.UserServiceClient - Auth service raw response={success=true, message=User fetched successfully., data={id=68e922f9-7fd7-443b-bcd7-1a9d7978d3b8, username=Syam, email=ks6s0r4trg@ozsaip.com, phoneNumber=+919929756225, active=true, createdAt=2026-06-18T10:40:04.514932}}
2026-06-18 10:40:54 [http-nio-8084-exec-10] INFO  c.c.config.UserServiceClient - data field={id=68e922f9-7fd7-443b-bcd7-1a9d7978d3b8, username=Syam, email=ks6s0r4trg@ozsaip.com, phoneNumber=+919929756225, active=true, createdAt=2026-06-18T10:40:04.514932}
2026-06-18 10:40:54 [http-nio-8084-exec-10] INFO  c.c.config.UserServiceClient - data map keys=[id, username, email, phoneNumber, active, createdAt]
2026-06-18 10:40:54 [http-nio-8084-exec-10] INFO  c.c.config.UserServiceClient - Resolved userId=68e922f9-7fd7-443b-bcd7-1a9d7978d3b8 for username=Syam
2026-06-18 10:40:54 [http-nio-8084-exec-10] INFO  c.c.service.impl.ChatServiceImpl - sendPrivateMessage sender=e2810d50-ab33-49c8-b198-dcfba3cceecc receiver=68e922f9-7fd7-443b-bcd7-1a9d7978d3b8
2026-06-18 10:40:54 [http-nio-8084-exec-10] DEBUG c.c.service.RedisCacheService - Evicted cache for chatId=1cb6cdde-72be-47c7-a984-50b1e724931e
2026-06-18 10:40:54 [http-nio-8084-exec-10] DEBUG c.c.kafka.ChatKafkaProducer - Kafka ? topic=chat.message.sent key=1cb6cdde-72be-47c7-a984-50b1e724931e payload={"senderId":"e2810d50-ab33-49c8-b198-dcfba3cceecc","messageId":"67cfc681-7206-4257-a60f-8643a11c76f9","chatId":"1cb6cdde-72be-47c7-a984-50b1e724931e","event":"MESSAGE_SENT"}
2026-06-18 10:40:54 [http-nio-8084-exec-10] INFO  c.c.service.impl.ChatServiceImpl - Private realtime message 67cfc681-7206-4257-a60f-8643a11c76f9 sent in chat 1cb6cdde-72be-47c7-a984-50b1e724931e
2026-06-18 10:40:54 [http-nio-8084-exec-10] INFO  c.c.config.RequestLoggingFilter - ? POST /api/v1/chat/chats/private | status=201 | 110ms
2026-06-18 10:40:55 [http-nio-8084-exec-1] DEBUG c.c.security.JwtAuthenticationFilter - Processing request: GET /api/v1/ai/history
2026-06-18 10:40:55 [http-nio-8084-exec-1] DEBUG c.c.security.JwtAuthenticationFilter - Authenticated user [e2810d50-ab33-49c8-b198-dcfba3cceecc] for URI: /api/v1/ai/history
2026-06-18 10:40:55 [http-nio-8084-exec-1] INFO  c.c.config.RequestLoggingFilter - ? GET /api/v1/ai/history [IP: 0:0:0:0:0:0:0:1]
2026-06-18 10:40:55 [http-nio-8084-exec-1] INFO  c.c.config.RequestLoggingFilter - ? GET /api/v1/ai/history | status=200 | 7ms
2026-06-18 10:40:55 [http-nio-8084-exec-3] DEBUG c.c.security.JwtAuthenticationFilter - Processing request: GET /api/v1/ai/history
2026-06-18 10:40:55 [http-nio-8084-exec-3] DEBUG c.c.security.JwtAuthenticationFilter - Authenticated user [e2810d50-ab33-49c8-b198-dcfba3cceecc] for URI: /api/v1/ai/history
2026-06-18 10:40:55 [http-nio-8084-exec-3] INFO  c.c.config.RequestLoggingFilter - ? GET /api/v1/ai/history [IP: 0:0:0:0:0:0:0:1]
2026-06-18 10:40:55 [http-nio-8084-exec-3] INFO  c.c.config.RequestLoggingFilter - ? GET /api/v1/ai/history | status=200 | 8ms
2026-06-18 10:41:16 [clientInboundChannel-103] DEBUG c.c.service.RedisCacheService - Marked online: Ashok
2026-06-18 10:41:16 [clientInboundChannel-103] DEBUG c.c.websocket.ChatWebSocketHandler - HEARTBEAT username=Ashok
2026-06-18 10:41:16 [http-nio-8084-exec-8] DEBUG c.c.security.JwtAuthenticationFilter - Processing request: GET /api/v1/chat/chats/username/Ashok
2026-06-18 10:41:16 [http-nio-8084-exec-8] DEBUG c.c.security.JwtAuthenticationFilter - Authenticated user [e2810d50-ab33-49c8-b198-dcfba3cceecc] for URI: /api/v1/chat/chats/username/Ashok
2026-06-18 10:41:16 [http-nio-8084-exec-8] INFO  c.c.config.RequestLoggingFilter - ? GET /api/v1/chat/chats/username/Ashok [IP: 0:0:0:0:0:0:0:1]
2026-06-18 10:41:16 [http-nio-8084-exec-8] INFO  c.c.controller.ChatController - GET /chats/username/Ashok
2026-06-18 10:41:16 [http-nio-8084-exec-8] INFO  c.c.service.impl.ChatServiceImpl - getChatsForUserByUsername username=Ashok
2026-06-18 10:41:16 [http-nio-8084-exec-8] INFO  c.c.config.UserServiceClient - Calling auth service for username=Ashok
2026-06-18 10:41:16 [http-nio-8084-exec-8] INFO  c.c.config.UserServiceClient - Forwarding Authorization header=Bearer eyJhbGciOiJIUzI1NiJ9.eyJzdWIiOiJlMjgxMGQ1MC1hYjMzLTQ5YzgtYjE5OC1kY2ZiYTNjY2VlY2MiLCJlbWFpbCI6ImE0Mmw3ZmN1b2ZAYndteWdhLmNvbSIsInVzZXJuYW1lIjoiQXNob2siLCJpYXQiOjE3ODE3NTg4NjMsImV4cCI6MTc4MTg0NTI2M30.iarkYeZoFSrYMeXxBqF5x6dQn2J4IkFYOfnRZEqTG1A
2026-06-18 10:41:16 [http-nio-8084-exec-8] INFO  c.c.config.UserServiceClient - Auth service raw response={success=true, message=User fetched successfully., data={id=e2810d50-ab33-49c8-b198-dcfba3cceecc, username=Ashok, email=a42l7fcuof@bwmyga.com, phoneNumber=+442079460018, active=true, createdAt=2026-06-18T10:30:34.603485}}
2026-06-18 10:41:16 [http-nio-8084-exec-8] INFO  c.c.config.UserServiceClient - data field={id=e2810d50-ab33-49c8-b198-dcfba3cceecc, username=Ashok, email=a42l7fcuof@bwmyga.com, phoneNumber=+442079460018, active=true, createdAt=2026-06-18T10:30:34.603485}
2026-06-18 10:41:16 [http-nio-8084-exec-8] INFO  c.c.config.UserServiceClient - data map keys=[id, username, email, phoneNumber, active, createdAt]
2026-06-18 10:41:16 [http-nio-8084-exec-8] INFO  c.c.config.UserServiceClient - Resolved userId=e2810d50-ab33-49c8-b198-dcfba3cceecc for username=Ashok
2026-06-18 10:41:16 [http-nio-8084-exec-8] INFO  c.c.service.impl.ChatServiceImpl - getChatsForUser userId=e2810d50-ab33-49c8-b198-dcfba3cceecc
2026-06-18 10:41:16 [http-nio-8084-exec-8] INFO  c.c.config.RequestLoggingFilter - ? GET /api/v1/chat/chats/username/Ashok | status=200 | 64ms
2026-06-18 10:41:19 [clientInboundChannel-100] DEBUG c.c.service.RedisCacheService - Marked online: Syam
2026-06-18 10:41:19 [clientInboundChannel-100] DEBUG c.c.websocket.ChatWebSocketHandler - HEARTBEAT username=Syam
2026-06-18 10:41:19 [http-nio-8084-exec-7] DEBUG c.c.security.JwtAuthenticationFilter - Processing request: GET /api/v1/chat/chats/username/Syam
2026-06-18 10:41:19 [http-nio-8084-exec-7] DEBUG c.c.security.JwtAuthenticationFilter - Authenticated user [68e922f9-7fd7-443b-bcd7-1a9d7978d3b8] for URI: /api/v1/chat/chats/username/Syam
2026-06-18 10:41:19 [http-nio-8084-exec-7] INFO  c.c.config.RequestLoggingFilter - ? GET /api/v1/chat/chats/username/Syam [IP: 0:0:0:0:0:0:0:1]
2026-06-18 10:41:19 [http-nio-8084-exec-7] INFO  c.c.controller.ChatController - GET /chats/username/Syam
2026-06-18 10:41:19 [http-nio-8084-exec-7] INFO  c.c.service.impl.ChatServiceImpl - getChatsForUserByUsername username=Syam
2026-06-18 10:41:19 [http-nio-8084-exec-7] INFO  c.c.config.UserServiceClient - Calling auth service for username=Syam
2026-06-18 10:41:19 [http-nio-8084-exec-7] INFO  c.c.config.UserServiceClient - Forwarding Authorization header=Bearer eyJhbGciOiJIUzI1NiJ9.eyJzdWIiOiI2OGU5MjJmOS03ZmQ3LTQ0M2ItYmNkNy0xYTlkNzk3OGQzYjgiLCJlbWFpbCI6ImtzNnMwcjR0cmdAb3pzYWlwLmNvbSIsInVzZXJuYW1lIjoiU3lhbSIsImlhdCI6MTc4MTc1OTQyMSwiZXhwIjoxNzgxODQ1ODIxfQ.07QjmoqT10FS3X9Uo0T4xYcX7Gxi1aiKHB7rAaOtRT8
2026-06-18 10:41:19 [http-nio-8084-exec-7] INFO  c.c.config.UserServiceClient - Auth service raw response={success=true, message=User fetched successfully., data={id=68e922f9-7fd7-443b-bcd7-1a9d7978d3b8, username=Syam, email=ks6s0r4trg@ozsaip.com, phoneNumber=+919929756225, active=true, createdAt=2026-06-18T10:40:04.514932}}
2026-06-18 10:41:19 [http-nio-8084-exec-7] INFO  c.c.config.UserServiceClient - data field={id=68e922f9-7fd7-443b-bcd7-1a9d7978d3b8, username=Syam, email=ks6s0r4trg@ozsaip.com, phoneNumber=+919929756225, active=true, createdAt=2026-06-18T10:40:04.514932}
2026-06-18 10:41:19 [http-nio-8084-exec-7] INFO  c.c.config.UserServiceClient - data map keys=[id, username, email, phoneNumber, active, createdAt]
2026-06-18 10:41:19 [http-nio-8084-exec-7] INFO  c.c.config.UserServiceClient - Resolved userId=68e922f9-7fd7-443b-bcd7-1a9d7978d3b8 for username=Syam
2026-06-18 10:41:19 [http-nio-8084-exec-7] INFO  c.c.service.impl.ChatServiceImpl - getChatsForUser userId=68e922f9-7fd7-443b-bcd7-1a9d7978d3b8
2026-06-18 10:41:19 [http-nio-8084-exec-7] INFO  c.c.config.RequestLoggingFilter - ? GET /api/v1/chat/chats/username/Syam | status=200 | 60ms
2026-06-18 10:41:27 [http-nio-8084-exec-4] DEBUG c.c.security.JwtAuthenticationFilter - Processing request: POST /api/v1/ai/chat
2026-06-18 10:41:27 [http-nio-8084-exec-4] DEBUG c.c.security.JwtAuthenticationFilter - Authenticated user [e2810d50-ab33-49c8-b198-dcfba3cceecc] for URI: /api/v1/ai/chat
2026-06-18 10:41:27 [http-nio-8084-exec-4] INFO  c.c.config.RequestLoggingFilter - ? POST /api/v1/ai/chat [IP: 0:0:0:0:0:0:0:1]
2026-06-18 10:41:29 [http-nio-8084-exec-4] INFO  c.c.config.RequestLoggingFilter - ? POST /api/v1/ai/chat | status=200 | 2195ms
2026-06-18 10:41:46 [clientInboundChannel-95] DEBUG c.c.service.RedisCacheService - Marked online: Ashok
2026-06-18 10:41:46 [clientInboundChannel-95] DEBUG c.c.websocket.ChatWebSocketHandler - HEARTBEAT username=Ashok
2026-06-18 10:41:46 [http-nio-8084-exec-5] DEBUG c.c.security.JwtAuthenticationFilter - Processing request: GET /api/v1/chat/chats/username/Ashok
2026-06-18 10:41:46 [http-nio-8084-exec-5] DEBUG c.c.security.JwtAuthenticationFilter - Authenticated user [e2810d50-ab33-49c8-b198-dcfba3cceecc] for URI: /api/v1/chat/chats/username/Ashok
2026-06-18 10:41:46 [http-nio-8084-exec-5] INFO  c.c.config.RequestLoggingFilter - ? GET /api/v1/chat/chats/username/Ashok [IP: 0:0:0:0:0:0:0:1]
2026-06-18 10:41:46 [http-nio-8084-exec-5] INFO  c.c.controller.ChatController - GET /chats/username/Ashok
2026-06-18 10:41:46 [http-nio-8084-exec-5] INFO  c.c.service.impl.ChatServiceImpl - getChatsForUserByUsername username=Ashok
2026-06-18 10:41:46 [http-nio-8084-exec-5] INFO  c.c.config.UserServiceClient - Calling auth service for username=Ashok
2026-06-18 10:41:46 [http-nio-8084-exec-5] INFO  c.c.config.UserServiceClient - Forwarding Authorization header=Bearer eyJhbGciOiJIUzI1NiJ9.eyJzdWIiOiJlMjgxMGQ1MC1hYjMzLTQ5YzgtYjE5OC1kY2ZiYTNjY2VlY2MiLCJlbWFpbCI6ImE0Mmw3ZmN1b2ZAYndteWdhLmNvbSIsInVzZXJuYW1lIjoiQXNob2siLCJpYXQiOjE3ODE3NTg4NjMsImV4cCI6MTc4MTg0NTI2M30.iarkYeZoFSrYMeXxBqF5x6dQn2J4IkFYOfnRZEqTG1A
2026-06-18 10:41:46 [http-nio-8084-exec-5] INFO  c.c.config.UserServiceClient - Auth service raw response={success=true, message=User fetched successfully., data={id=e2810d50-ab33-49c8-b198-dcfba3cceecc, username=Ashok, email=a42l7fcuof@bwmyga.com, phoneNumber=+442079460018, active=true, createdAt=2026-06-18T10:30:34.603485}}
2026-06-18 10:41:46 [http-nio-8084-exec-5] INFO  c.c.config.UserServiceClient - data field={id=e2810d50-ab33-49c8-b198-dcfba3cceecc, username=Ashok, email=a42l7fcuof@bwmyga.com, phoneNumber=+442079460018, active=true, createdAt=2026-06-18T10:30:34.603485}
2026-06-18 10:41:46 [http-nio-8084-exec-5] INFO  c.c.config.UserServiceClient - data map keys=[id, username, email, phoneNumber, active, createdAt]
2026-06-18 10:41:46 [http-nio-8084-exec-5] INFO  c.c.config.UserServiceClient - Resolved userId=e2810d50-ab33-49c8-b198-dcfba3cceecc for username=Ashok
2026-06-18 10:41:46 [http-nio-8084-exec-5] INFO  c.c.service.impl.ChatServiceImpl - getChatsForUser userId=e2810d50-ab33-49c8-b198-dcfba3cceecc
2026-06-18 10:41:46 [http-nio-8084-exec-5] INFO  c.c.config.RequestLoggingFilter - ? GET /api/v1/chat/chats/username/Ashok | status=200 | 33ms
2026-06-18 10:41:49 [clientInboundChannel-90] DEBUG c.c.service.RedisCacheService - Marked online: Syam
2026-06-18 10:41:49 [clientInboundChannel-90] DEBUG c.c.websocket.ChatWebSocketHandler - HEARTBEAT username=Syam
2026-06-18 10:41:49 [http-nio-8084-exec-1] DEBUG c.c.security.JwtAuthenticationFilter - Processing request: GET /api/v1/chat/chats/username/Syam
2026-06-18 10:41:49 [http-nio-8084-exec-1] DEBUG c.c.security.JwtAuthenticationFilter - Authenticated user [68e922f9-7fd7-443b-bcd7-1a9d7978d3b8] for URI: /api/v1/chat/chats/username/Syam
2026-06-18 10:41:49 [http-nio-8084-exec-1] INFO  c.c.config.RequestLoggingFilter - ? GET /api/v1/chat/chats/username/Syam [IP: 0:0:0:0:0:0:0:1]
2026-06-18 10:41:49 [http-nio-8084-exec-1] INFO  c.c.controller.ChatController - GET /chats/username/Syam
2026-06-18 10:41:49 [http-nio-8084-exec-1] INFO  c.c.service.impl.ChatServiceImpl - getChatsForUserByUsername username=Syam
2026-06-18 10:41:49 [http-nio-8084-exec-1] INFO  c.c.config.UserServiceClient - Calling auth service for username=Syam
2026-06-18 10:41:49 [http-nio-8084-exec-1] INFO  c.c.config.UserServiceClient - Forwarding Authorization header=Bearer eyJhbGciOiJIUzI1NiJ9.eyJzdWIiOiI2OGU5MjJmOS03ZmQ3LTQ0M2ItYmNkNy0xYTlkNzk3OGQzYjgiLCJlbWFpbCI6ImtzNnMwcjR0cmdAb3pzYWlwLmNvbSIsInVzZXJuYW1lIjoiU3lhbSIsImlhdCI6MTc4MTc1OTQyMSwiZXhwIjoxNzgxODQ1ODIxfQ.07QjmoqT10FS3X9Uo0T4xYcX7Gxi1aiKHB7rAaOtRT8
2026-06-18 10:41:49 [http-nio-8084-exec-1] INFO  c.c.config.UserServiceClient - Auth service raw response={success=true, message=User fetched successfully., data={id=68e922f9-7fd7-443b-bcd7-1a9d7978d3b8, username=Syam, email=ks6s0r4trg@ozsaip.com, phoneNumber=+919929756225, active=true, createdAt=2026-06-18T10:40:04.514932}}
2026-06-18 10:41:49 [http-nio-8084-exec-1] INFO  c.c.config.UserServiceClient - data field={id=68e922f9-7fd7-443b-bcd7-1a9d7978d3b8, username=Syam, email=ks6s0r4trg@ozsaip.com, phoneNumber=+919929756225, active=true, createdAt=2026-06-18T10:40:04.514932}
2026-06-18 10:41:49 [http-nio-8084-exec-1] INFO  c.c.config.UserServiceClient - data map keys=[id, username, email, phoneNumber, active, createdAt]
2026-06-18 10:41:49 [http-nio-8084-exec-1] INFO  c.c.config.UserServiceClient - Resolved userId=68e922f9-7fd7-443b-bcd7-1a9d7978d3b8 for username=Syam
2026-06-18 10:41:49 [http-nio-8084-exec-1] INFO  c.c.service.impl.ChatServiceImpl - getChatsForUser userId=68e922f9-7fd7-443b-bcd7-1a9d7978d3b8
2026-06-18 10:41:49 [http-nio-8084-exec-1] INFO  c.c.config.RequestLoggingFilter - ? GET /api/v1/chat/chats/username/Syam | status=200 | 63ms
2026-06-18 10:42:17 [clientInboundChannel-104] DEBUG c.c.service.RedisCacheService - Marked online: Ashok
2026-06-18 10:42:17 [clientInboundChannel-104] DEBUG c.c.websocket.ChatWebSocketHandler - HEARTBEAT username=Ashok
2026-06-18 10:42:17 [http-nio-8084-exec-9] DEBUG c.c.security.JwtAuthenticationFilter - Processing request: GET /api/v1/chat/chats/username/Ashok
2026-06-18 10:42:17 [http-nio-8084-exec-9] DEBUG c.c.security.JwtAuthenticationFilter - Authenticated user [e2810d50-ab33-49c8-b198-dcfba3cceecc] for URI: /api/v1/chat/chats/username/Ashok
2026-06-18 10:42:17 [http-nio-8084-exec-9] INFO  c.c.config.RequestLoggingFilter - ? GET /api/v1/chat/chats/username/Ashok [IP: 0:0:0:0:0:0:0:1]
2026-06-18 10:42:17 [http-nio-8084-exec-9] INFO  c.c.controller.ChatController - GET /chats/username/Ashok
2026-06-18 10:42:17 [http-nio-8084-exec-9] INFO  c.c.service.impl.ChatServiceImpl - getChatsForUserByUsername username=Ashok
2026-06-18 10:42:17 [http-nio-8084-exec-9] INFO  c.c.config.UserServiceClient - Calling auth service for username=Ashok
2026-06-18 10:42:17 [http-nio-8084-exec-9] INFO  c.c.config.UserServiceClient - Forwarding Authorization header=Bearer eyJhbGciOiJIUzI1NiJ9.eyJzdWIiOiJlMjgxMGQ1MC1hYjMzLTQ5YzgtYjE5OC1kY2ZiYTNjY2VlY2MiLCJlbWFpbCI6ImE0Mmw3ZmN1b2ZAYndteWdhLmNvbSIsInVzZXJuYW1lIjoiQXNob2siLCJpYXQiOjE3ODE3NTg4NjMsImV4cCI6MTc4MTg0NTI2M30.iarkYeZoFSrYMeXxBqF5x6dQn2J4IkFYOfnRZEqTG1A
2026-06-18 10:42:17 [http-nio-8084-exec-9] INFO  c.c.config.UserServiceClient - Auth service raw response={success=true, message=User fetched successfully., data={id=e2810d50-ab33-49c8-b198-dcfba3cceecc, username=Ashok, email=a42l7fcuof@bwmyga.com, phoneNumber=+442079460018, active=true, createdAt=2026-06-18T10:30:34.603485}}
2026-06-18 10:42:17 [http-nio-8084-exec-9] INFO  c.c.config.UserServiceClient - data field={id=e2810d50-ab33-49c8-b198-dcfba3cceecc, username=Ashok, email=a42l7fcuof@bwmyga.com, phoneNumber=+442079460018, active=true, createdAt=2026-06-18T10:30:34.603485}
2026-06-18 10:42:17 [http-nio-8084-exec-9] INFO  c.c.config.UserServiceClient - data map keys=[id, username, email, phoneNumber, active, createdAt]
2026-06-18 10:42:17 [http-nio-8084-exec-9] INFO  c.c.config.UserServiceClient - Resolved userId=e2810d50-ab33-49c8-b198-dcfba3cceecc for username=Ashok
2026-06-18 10:42:17 [http-nio-8084-exec-9] INFO  c.c.service.impl.ChatServiceImpl - getChatsForUser userId=e2810d50-ab33-49c8-b198-dcfba3cceecc
2026-06-18 10:42:17 [http-nio-8084-exec-9] INFO  c.c.config.RequestLoggingFilter - ? GET /api/v1/chat/chats/username/Ashok | status=200 | 103ms
2026-06-18 10:42:19 [clientInboundChannel-107] DEBUG c.c.service.RedisCacheService - Marked online: Syam
2026-06-18 10:42:19 [clientInboundChannel-107] DEBUG c.c.websocket.ChatWebSocketHandler - HEARTBEAT username=Syam
2026-06-18 10:42:19 [http-nio-8084-exec-2] DEBUG c.c.security.JwtAuthenticationFilter - Processing request: GET /api/v1/chat/chats/username/Syam
2026-06-18 10:42:19 [http-nio-8084-exec-2] DEBUG c.c.security.JwtAuthenticationFilter - Authenticated user [68e922f9-7fd7-443b-bcd7-1a9d7978d3b8] for URI: /api/v1/chat/chats/username/Syam
2026-06-18 10:42:19 [http-nio-8084-exec-2] INFO  c.c.config.RequestLoggingFilter - ? GET /api/v1/chat/chats/username/Syam [IP: 0:0:0:0:0:0:0:1]
2026-06-18 10:42:19 [http-nio-8084-exec-2] INFO  c.c.controller.ChatController - GET /chats/username/Syam
2026-06-18 10:42:19 [http-nio-8084-exec-2] INFO  c.c.service.impl.ChatServiceImpl - getChatsForUserByUsername username=Syam
2026-06-18 10:42:19 [http-nio-8084-exec-2] INFO  c.c.config.UserServiceClient - Calling auth service for username=Syam
2026-06-18 10:42:19 [http-nio-8084-exec-2] INFO  c.c.config.UserServiceClient - Forwarding Authorization header=Bearer eyJhbGciOiJIUzI1NiJ9.eyJzdWIiOiI2OGU5MjJmOS03ZmQ3LTQ0M2ItYmNkNy0xYTlkNzk3OGQzYjgiLCJlbWFpbCI6ImtzNnMwcjR0cmdAb3pzYWlwLmNvbSIsInVzZXJuYW1lIjoiU3lhbSIsImlhdCI6MTc4MTc1OTQyMSwiZXhwIjoxNzgxODQ1ODIxfQ.07QjmoqT10FS3X9Uo0T4xYcX7Gxi1aiKHB7rAaOtRT8
2026-06-18 10:42:19 [http-nio-8084-exec-2] INFO  c.c.config.UserServiceClient - Auth service raw response={success=true, message=User fetched successfully., data={id=68e922f9-7fd7-443b-bcd7-1a9d7978d3b8, username=Syam, email=ks6s0r4trg@ozsaip.com, phoneNumber=+919929756225, active=true, createdAt=2026-06-18T10:40:04.514932}}
2026-06-18 10:42:19 [http-nio-8084-exec-2] INFO  c.c.config.UserServiceClient - data field={id=68e922f9-7fd7-443b-bcd7-1a9d7978d3b8, username=Syam, email=ks6s0r4trg@ozsaip.com, phoneNumber=+919929756225, active=true, createdAt=2026-06-18T10:40:04.514932}
2026-06-18 10:42:19 [http-nio-8084-exec-2] INFO  c.c.config.UserServiceClient - data map keys=[id, username, email, phoneNumber, active, createdAt]
2026-06-18 10:42:19 [http-nio-8084-exec-2] INFO  c.c.config.UserServiceClient - Resolved userId=68e922f9-7fd7-443b-bcd7-1a9d7978d3b8 for username=Syam
2026-06-18 10:42:19 [http-nio-8084-exec-2] INFO  c.c.service.impl.ChatServiceImpl - getChatsForUser userId=68e922f9-7fd7-443b-bcd7-1a9d7978d3b8
2026-06-18 10:42:19 [http-nio-8084-exec-2] INFO  c.c.config.RequestLoggingFilter - ? GET /api/v1/chat/chats/username/Syam | status=200 | 66ms
2026-06-18 10:42:47 [clientInboundChannel-110] DEBUG c.c.service.RedisCacheService - Marked online: Ashok
2026-06-18 10:42:47 [clientInboundChannel-110] DEBUG c.c.websocket.ChatWebSocketHandler - HEARTBEAT username=Ashok
2026-06-18 10:42:47 [http-nio-8084-exec-6] DEBUG c.c.security.JwtAuthenticationFilter - Processing request: GET /api/v1/chat/chats/username/Ashok
2026-06-18 10:42:47 [http-nio-8084-exec-6] DEBUG c.c.security.JwtAuthenticationFilter - Authenticated user [e2810d50-ab33-49c8-b198-dcfba3cceecc] for URI: /api/v1/chat/chats/username/Ashok
2026-06-18 10:42:47 [http-nio-8084-exec-6] INFO  c.c.config.RequestLoggingFilter - ? GET /api/v1/chat/chats/username/Ashok [IP: 0:0:0:0:0:0:0:1]
2026-06-18 10:42:47 [http-nio-8084-exec-6] INFO  c.c.controller.ChatController - GET /chats/username/Ashok
2026-06-18 10:42:47 [http-nio-8084-exec-6] INFO  c.c.service.impl.ChatServiceImpl - getChatsForUserByUsername username=Ashok
2026-06-18 10:42:47 [http-nio-8084-exec-6] INFO  c.c.config.UserServiceClient - Calling auth service for username=Ashok
2026-06-18 10:42:47 [http-nio-8084-exec-6] INFO  c.c.config.UserServiceClient - Forwarding Authorization header=Bearer eyJhbGciOiJIUzI1NiJ9.eyJzdWIiOiJlMjgxMGQ1MC1hYjMzLTQ5YzgtYjE5OC1kY2ZiYTNjY2VlY2MiLCJlbWFpbCI6ImE0Mmw3ZmN1b2ZAYndteWdhLmNvbSIsInVzZXJuYW1lIjoiQXNob2siLCJpYXQiOjE3ODE3NTg4NjMsImV4cCI6MTc4MTg0NTI2M30.iarkYeZoFSrYMeXxBqF5x6dQn2J4IkFYOfnRZEqTG1A
2026-06-18 10:42:47 [http-nio-8084-exec-6] INFO  c.c.config.UserServiceClient - Auth service raw response={success=true, message=User fetched successfully., data={id=e2810d50-ab33-49c8-b198-dcfba3cceecc, username=Ashok, email=a42l7fcuof@bwmyga.com, phoneNumber=+442079460018, active=true, createdAt=2026-06-18T10:30:34.603485}}
2026-06-18 10:42:47 [http-nio-8084-exec-6] INFO  c.c.config.UserServiceClient - data field={id=e2810d50-ab33-49c8-b198-dcfba3cceecc, username=Ashok, email=a42l7fcuof@bwmyga.com, phoneNumber=+442079460018, active=true, createdAt=2026-06-18T10:30:34.603485}
2026-06-18 10:42:47 [http-nio-8084-exec-6] INFO  c.c.config.UserServiceClient - data map keys=[id, username, email, phoneNumber, active, createdAt]
2026-06-18 10:42:47 [http-nio-8084-exec-6] INFO  c.c.config.UserServiceClient - Resolved userId=e2810d50-ab33-49c8-b198-dcfba3cceecc for username=Ashok
2026-06-18 10:42:47 [http-nio-8084-exec-6] INFO  c.c.service.impl.ChatServiceImpl - getChatsForUser userId=e2810d50-ab33-49c8-b198-dcfba3cceecc
2026-06-18 10:42:47 [http-nio-8084-exec-6] INFO  c.c.config.RequestLoggingFilter - ? GET /api/v1/chat/chats/username/Ashok | status=200 | 53ms
2026-06-18 10:42:49 [clientInboundChannel-113] DEBUG c.c.service.RedisCacheService - Marked online: Syam
2026-06-18 10:42:49 [clientInboundChannel-113] DEBUG c.c.websocket.ChatWebSocketHandler - HEARTBEAT username=Syam
2026-06-18 10:42:49 [http-nio-8084-exec-10] DEBUG c.c.security.JwtAuthenticationFilter - Processing request: GET /api/v1/chat/chats/username/Syam
2026-06-18 10:42:49 [http-nio-8084-exec-10] DEBUG c.c.security.JwtAuthenticationFilter - Authenticated user [68e922f9-7fd7-443b-bcd7-1a9d7978d3b8] for URI: /api/v1/chat/chats/username/Syam
2026-06-18 10:42:49 [http-nio-8084-exec-10] INFO  c.c.config.RequestLoggingFilter - ? GET /api/v1/chat/chats/username/Syam [IP: 0:0:0:0:0:0:0:1]
2026-06-18 10:42:49 [http-nio-8084-exec-10] INFO  c.c.controller.ChatController - GET /chats/username/Syam
2026-06-18 10:42:49 [http-nio-8084-exec-10] INFO  c.c.service.impl.ChatServiceImpl - getChatsForUserByUsername username=Syam
2026-06-18 10:42:49 [http-nio-8084-exec-10] INFO  c.c.config.UserServiceClient - Calling auth service for username=Syam
2026-06-18 10:42:49 [http-nio-8084-exec-10] INFO  c.c.config.UserServiceClient - Forwarding Authorization header=Bearer eyJhbGciOiJIUzI1NiJ9.eyJzdWIiOiI2OGU5MjJmOS03ZmQ3LTQ0M2ItYmNkNy0xYTlkNzk3OGQzYjgiLCJlbWFpbCI6ImtzNnMwcjR0cmdAb3pzYWlwLmNvbSIsInVzZXJuYW1lIjoiU3lhbSIsImlhdCI6MTc4MTc1OTQyMSwiZXhwIjoxNzgxODQ1ODIxfQ.07QjmoqT10FS3X9Uo0T4xYcX7Gxi1aiKHB7rAaOtRT8
2026-06-18 10:42:49 [http-nio-8084-exec-10] INFO  c.c.config.UserServiceClient - Auth service raw response={success=true, message=User fetched successfully., data={id=68e922f9-7fd7-443b-bcd7-1a9d7978d3b8, username=Syam, email=ks6s0r4trg@ozsaip.com, phoneNumber=+919929756225, active=true, createdAt=2026-06-18T10:40:04.514932}}
2026-06-18 10:42:49 [http-nio-8084-exec-10] INFO  c.c.config.UserServiceClient - data field={id=68e922f9-7fd7-443b-bcd7-1a9d7978d3b8, username=Syam, email=ks6s0r4trg@ozsaip.com, phoneNumber=+919929756225, active=true, createdAt=2026-06-18T10:40:04.514932}
2026-06-18 10:42:49 [http-nio-8084-exec-10] INFO  c.c.config.UserServiceClient - data map keys=[id, username, email, phoneNumber, active, createdAt]
2026-06-18 10:42:49 [http-nio-8084-exec-10] INFO  c.c.config.UserServiceClient - Resolved userId=68e922f9-7fd7-443b-bcd7-1a9d7978d3b8 for username=Syam
2026-06-18 10:42:49 [http-nio-8084-exec-10] INFO  c.c.service.impl.ChatServiceImpl - getChatsForUser userId=68e922f9-7fd7-443b-bcd7-1a9d7978d3b8
2026-06-18 10:42:49 [http-nio-8084-exec-10] INFO  c.c.config.RequestLoggingFilter - ? GET /api/v1/chat/chats/username/Syam | status=200 | 53ms
2026-06-18 10:43:17 [clientInboundChannel-116] DEBUG c.c.service.RedisCacheService - Marked online: Ashok
2026-06-18 10:43:17 [clientInboundChannel-116] DEBUG c.c.websocket.ChatWebSocketHandler - HEARTBEAT username=Ashok
2026-06-18 10:43:17 [http-nio-8084-exec-3] DEBUG c.c.security.JwtAuthenticationFilter - Processing request: GET /api/v1/chat/chats/username/Ashok
2026-06-18 10:43:17 [http-nio-8084-exec-3] DEBUG c.c.security.JwtAuthenticationFilter - Authenticated user [e2810d50-ab33-49c8-b198-dcfba3cceecc] for URI: /api/v1/chat/chats/username/Ashok
2026-06-18 10:43:17 [http-nio-8084-exec-3] INFO  c.c.config.RequestLoggingFilter - ? GET /api/v1/chat/chats/username/Ashok [IP: 0:0:0:0:0:0:0:1]
2026-06-18 10:43:17 [http-nio-8084-exec-3] INFO  c.c.controller.ChatController - GET /chats/username/Ashok
2026-06-18 10:43:17 [http-nio-8084-exec-3] INFO  c.c.service.impl.ChatServiceImpl - getChatsForUserByUsername username=Ashok
2026-06-18 10:43:17 [http-nio-8084-exec-3] INFO  c.c.config.UserServiceClient - Calling auth service for username=Ashok
2026-06-18 10:43:17 [http-nio-8084-exec-3] INFO  c.c.config.UserServiceClient - Forwarding Authorization header=Bearer eyJhbGciOiJIUzI1NiJ9.eyJzdWIiOiJlMjgxMGQ1MC1hYjMzLTQ5YzgtYjE5OC1kY2ZiYTNjY2VlY2MiLCJlbWFpbCI6ImE0Mmw3ZmN1b2ZAYndteWdhLmNvbSIsInVzZXJuYW1lIjoiQXNob2siLCJpYXQiOjE3ODE3NTg4NjMsImV4cCI6MTc4MTg0NTI2M30.iarkYeZoFSrYMeXxBqF5x6dQn2J4IkFYOfnRZEqTG1A
2026-06-18 10:43:17 [http-nio-8084-exec-3] INFO  c.c.config.UserServiceClient - Auth service raw response={success=true, message=User fetched successfully., data={id=e2810d50-ab33-49c8-b198-dcfba3cceecc, username=Ashok, email=a42l7fcuof@bwmyga.com, phoneNumber=+442079460018, active=true, createdAt=2026-06-18T10:30:34.603485}}
2026-06-18 10:43:17 [http-nio-8084-exec-3] INFO  c.c.config.UserServiceClient - data field={id=e2810d50-ab33-49c8-b198-dcfba3cceecc, username=Ashok, email=a42l7fcuof@bwmyga.com, phoneNumber=+442079460018, active=true, createdAt=2026-06-18T10:30:34.603485}
2026-06-18 10:43:17 [http-nio-8084-exec-3] INFO  c.c.config.UserServiceClient - data map keys=[id, username, email, phoneNumber, active, createdAt]
2026-06-18 10:43:17 [http-nio-8084-exec-3] INFO  c.c.config.UserServiceClient - Resolved userId=e2810d50-ab33-49c8-b198-dcfba3cceecc for username=Ashok
2026-06-18 10:43:17 [http-nio-8084-exec-3] INFO  c.c.service.impl.ChatServiceImpl - getChatsForUser userId=e2810d50-ab33-49c8-b198-dcfba3cceecc
2026-06-18 10:43:17 [http-nio-8084-exec-3] INFO  c.c.config.RequestLoggingFilter - ? GET /api/v1/chat/chats/username/Ashok | status=200 | 99ms
2026-06-18 10:43:19 [AsyncResolver-bootstrap-executor-0] INFO  c.n.d.s.r.aws.ConfigClusterResolver - Resolving eureka endpoints via configuration
2026-06-18 10:43:19 [clientInboundChannel-119] DEBUG c.c.service.RedisCacheService - Marked online: Syam
2026-06-18 10:43:19 [clientInboundChannel-119] DEBUG c.c.websocket.ChatWebSocketHandler - HEARTBEAT username=Syam
2026-06-18 10:43:19 [http-nio-8084-exec-8] DEBUG c.c.security.JwtAuthenticationFilter - Processing request: GET /api/v1/chat/chats/username/Syam
2026-06-18 10:43:19 [http-nio-8084-exec-8] DEBUG c.c.security.JwtAuthenticationFilter - Authenticated user [68e922f9-7fd7-443b-bcd7-1a9d7978d3b8] for URI: /api/v1/chat/chats/username/Syam
2026-06-18 10:43:19 [http-nio-8084-exec-8] INFO  c.c.config.RequestLoggingFilter - ? GET /api/v1/chat/chats/username/Syam [IP: 0:0:0:0:0:0:0:1]
2026-06-18 10:43:19 [http-nio-8084-exec-8] INFO  c.c.controller.ChatController - GET /chats/username/Syam
2026-06-18 10:43:19 [http-nio-8084-exec-8] INFO  c.c.service.impl.ChatServiceImpl - getChatsForUserByUsername username=Syam
2026-06-18 10:43:19 [http-nio-8084-exec-8] INFO  c.c.config.UserServiceClient - Calling auth service for username=Syam
2026-06-18 10:43:19 [http-nio-8084-exec-8] INFO  c.c.config.UserServiceClient - Forwarding Authorization header=Bearer eyJhbGciOiJIUzI1NiJ9.eyJzdWIiOiI2OGU5MjJmOS03ZmQ3LTQ0M2ItYmNkNy0xYTlkNzk3OGQzYjgiLCJlbWFpbCI6ImtzNnMwcjR0cmdAb3pzYWlwLmNvbSIsInVzZXJuYW1lIjoiU3lhbSIsImlhdCI6MTc4MTc1OTQyMSwiZXhwIjoxNzgxODQ1ODIxfQ.07QjmoqT10FS3X9Uo0T4xYcX7Gxi1aiKHB7rAaOtRT8
2026-06-18 10:43:19 [http-nio-8084-exec-8] INFO  c.c.config.UserServiceClient - Auth service raw response={success=true, message=User fetched successfully., data={id=68e922f9-7fd7-443b-bcd7-1a9d7978d3b8, username=Syam, email=ks6s0r4trg@ozsaip.com, phoneNumber=+919929756225, active=true, createdAt=2026-06-18T10:40:04.514932}}
2026-06-18 10:43:19 [http-nio-8084-exec-8] INFO  c.c.config.UserServiceClient - data field={id=68e922f9-7fd7-443b-bcd7-1a9d7978d3b8, username=Syam, email=ks6s0r4trg@ozsaip.com, phoneNumber=+919929756225, active=true, createdAt=2026-06-18T10:40:04.514932}
2026-06-18 10:43:19 [http-nio-8084-exec-8] INFO  c.c.config.UserServiceClient - data map keys=[id, username, email, phoneNumber, active, createdAt]
2026-06-18 10:43:19 [http-nio-8084-exec-8] INFO  c.c.config.UserServiceClient - Resolved userId=68e922f9-7fd7-443b-bcd7-1a9d7978d3b8 for username=Syam
2026-06-18 10:43:19 [http-nio-8084-exec-8] INFO  c.c.service.impl.ChatServiceImpl - getChatsForUser userId=68e922f9-7fd7-443b-bcd7-1a9d7978d3b8
2026-06-18 10:43:19 [http-nio-8084-exec-8] INFO  c.c.config.RequestLoggingFilter - ? GET /api/v1/chat/chats/username/Syam | status=200 | 62ms
2026-06-18 10:43:47 [clientInboundChannel-122] DEBUG c.c.service.RedisCacheService - Marked online: Ashok
2026-06-18 10:43:47 [clientInboundChannel-122] DEBUG c.c.websocket.ChatWebSocketHandler - HEARTBEAT username=Ashok
2026-06-18 10:43:47 [http-nio-8084-exec-7] DEBUG c.c.security.JwtAuthenticationFilter - Processing request: GET /api/v1/chat/chats/username/Ashok
2026-06-18 10:43:47 [http-nio-8084-exec-7] DEBUG c.c.security.JwtAuthenticationFilter - Authenticated user [e2810d50-ab33-49c8-b198-dcfba3cceecc] for URI: /api/v1/chat/chats/username/Ashok
2026-06-18 10:43:47 [http-nio-8084-exec-7] INFO  c.c.config.RequestLoggingFilter - ? GET /api/v1/chat/chats/username/Ashok [IP: 0:0:0:0:0:0:0:1]
2026-06-18 10:43:47 [http-nio-8084-exec-7] INFO  c.c.controller.ChatController - GET /chats/username/Ashok
2026-06-18 10:43:47 [http-nio-8084-exec-7] INFO  c.c.service.impl.ChatServiceImpl - getChatsForUserByUsername username=Ashok
2026-06-18 10:43:47 [http-nio-8084-exec-7] INFO  c.c.config.UserServiceClient - Calling auth service for username=Ashok
2026-06-18 10:43:47 [http-nio-8084-exec-7] INFO  c.c.config.UserServiceClient - Forwarding Authorization header=Bearer eyJhbGciOiJIUzI1NiJ9.eyJzdWIiOiJlMjgxMGQ1MC1hYjMzLTQ5YzgtYjE5OC1kY2ZiYTNjY2VlY2MiLCJlbWFpbCI6ImE0Mmw3ZmN1b2ZAYndteWdhLmNvbSIsInVzZXJuYW1lIjoiQXNob2siLCJpYXQiOjE3ODE3NTg4NjMsImV4cCI6MTc4MTg0NTI2M30.iarkYeZoFSrYMeXxBqF5x6dQn2J4IkFYOfnRZEqTG1A
2026-06-18 10:43:47 [http-nio-8084-exec-7] INFO  c.c.config.UserServiceClient - Auth service raw response={success=true, message=User fetched successfully., data={id=e2810d50-ab33-49c8-b198-dcfba3cceecc, username=Ashok, email=a42l7fcuof@bwmyga.com, phoneNumber=+442079460018, active=true, createdAt=2026-06-18T10:30:34.603485}}
2026-06-18 10:43:47 [http-nio-8084-exec-7] INFO  c.c.config.UserServiceClient - data field={id=e2810d50-ab33-49c8-b198-dcfba3cceecc, username=Ashok, email=a42l7fcuof@bwmyga.com, phoneNumber=+442079460018, active=true, createdAt=2026-06-18T10:30:34.603485}
2026-06-18 10:43:47 [http-nio-8084-exec-7] INFO  c.c.config.UserServiceClient - data map keys=[id, username, email, phoneNumber, active, createdAt]
2026-06-18 10:43:47 [http-nio-8084-exec-7] INFO  c.c.config.UserServiceClient - Resolved userId=e2810d50-ab33-49c8-b198-dcfba3cceecc for username=Ashok
2026-06-18 10:43:47 [http-nio-8084-exec-7] INFO  c.c.service.impl.ChatServiceImpl - getChatsForUser userId=e2810d50-ab33-49c8-b198-dcfba3cceecc
2026-06-18 10:43:47 [http-nio-8084-exec-7] INFO  c.c.config.RequestLoggingFilter - ? GET /api/v1/chat/chats/username/Ashok | status=200 | 68ms
2026-06-18 10:43:49 [clientInboundChannel-125] DEBUG c.c.service.RedisCacheService - Marked online: Syam
2026-06-18 10:43:49 [clientInboundChannel-125] DEBUG c.c.websocket.ChatWebSocketHandler - HEARTBEAT username=Syam
2026-06-18 10:43:49 [http-nio-8084-exec-6] DEBUG c.c.security.JwtAuthenticationFilter - Processing request: GET /api/v1/chat/chats/username/Syam
2026-06-18 10:43:49 [http-nio-8084-exec-6] DEBUG c.c.security.JwtAuthenticationFilter - Authenticated user [68e922f9-7fd7-443b-bcd7-1a9d7978d3b8] for URI: /api/v1/chat/chats/username/Syam
2026-06-18 10:43:49 [http-nio-8084-exec-6] INFO  c.c.config.RequestLoggingFilter - ? GET /api/v1/chat/chats/username/Syam [IP: 0:0:0:0:0:0:0:1]
2026-06-18 10:43:49 [http-nio-8084-exec-6] INFO  c.c.controller.ChatController - GET /chats/username/Syam
2026-06-18 10:43:49 [http-nio-8084-exec-6] INFO  c.c.service.impl.ChatServiceImpl - getChatsForUserByUsername username=Syam
2026-06-18 10:43:49 [http-nio-8084-exec-6] INFO  c.c.config.UserServiceClient - Calling auth service for username=Syam
2026-06-18 10:43:49 [http-nio-8084-exec-6] INFO  c.c.config.UserServiceClient - Forwarding Authorization header=Bearer eyJhbGciOiJIUzI1NiJ9.eyJzdWIiOiI2OGU5MjJmOS03ZmQ3LTQ0M2ItYmNkNy0xYTlkNzk3OGQzYjgiLCJlbWFpbCI6ImtzNnMwcjR0cmdAb3pzYWlwLmNvbSIsInVzZXJuYW1lIjoiU3lhbSIsImlhdCI6MTc4MTc1OTQyMSwiZXhwIjoxNzgxODQ1ODIxfQ.07QjmoqT10FS3X9Uo0T4xYcX7Gxi1aiKHB7rAaOtRT8
2026-06-18 10:43:49 [http-nio-8084-exec-6] INFO  c.c.config.UserServiceClient - Auth service raw response={success=true, message=User fetched successfully., data={id=68e922f9-7fd7-443b-bcd7-1a9d7978d3b8, username=Syam, email=ks6s0r4trg@ozsaip.com, phoneNumber=+919929756225, active=true, createdAt=2026-06-18T10:40:04.514932}}
2026-06-18 10:43:49 [http-nio-8084-exec-6] INFO  c.c.config.UserServiceClient - data field={id=68e922f9-7fd7-443b-bcd7-1a9d7978d3b8, username=Syam, email=ks6s0r4trg@ozsaip.com, phoneNumber=+919929756225, active=true, createdAt=2026-06-18T10:40:04.514932}
2026-06-18 10:43:49 [http-nio-8084-exec-6] INFO  c.c.config.UserServiceClient - data map keys=[id, username, email, phoneNumber, active, createdAt]
2026-06-18 10:43:49 [http-nio-8084-exec-6] INFO  c.c.config.UserServiceClient - Resolved userId=68e922f9-7fd7-443b-bcd7-1a9d7978d3b8 for username=Syam
2026-06-18 10:43:49 [http-nio-8084-exec-6] INFO  c.c.service.impl.ChatServiceImpl - getChatsForUser userId=68e922f9-7fd7-443b-bcd7-1a9d7978d3b8
2026-06-18 10:43:49 [http-nio-8084-exec-6] INFO  c.c.config.RequestLoggingFilter - ? GET /api/v1/chat/chats/username/Syam | status=200 | 83ms
2026-06-18 10:43:56 [http-nio-8084-exec-5] DEBUG c.c.security.JwtAuthenticationFilter - Processing request: POST /api/v1/ai/chat
2026-06-18 10:43:56 [http-nio-8084-exec-5] DEBUG c.c.security.JwtAuthenticationFilter - Authenticated user [e2810d50-ab33-49c8-b198-dcfba3cceecc] for URI: /api/v1/ai/chat
2026-06-18 10:43:56 [http-nio-8084-exec-5] INFO  c.c.config.RequestLoggingFilter - ? POST /api/v1/ai/chat [IP: 0:0:0:0:0:0:0:1]
2026-06-18 10:43:59 [http-nio-8084-exec-5] INFO  c.c.config.RequestLoggingFilter - ? POST /api/v1/ai/chat | status=200 | 3120ms
2026-06-18 10:44:17 [clientInboundChannel-128] DEBUG c.c.service.RedisCacheService - Marked online: Ashok
2026-06-18 10:44:17 [clientInboundChannel-128] DEBUG c.c.websocket.ChatWebSocketHandler - HEARTBEAT username=Ashok
2026-06-18 10:44:17 [http-nio-8084-exec-1] DEBUG c.c.security.JwtAuthenticationFilter - Processing request: GET /api/v1/chat/chats/username/Ashok
2026-06-18 10:44:17 [http-nio-8084-exec-1] DEBUG c.c.security.JwtAuthenticationFilter - Authenticated user [e2810d50-ab33-49c8-b198-dcfba3cceecc] for URI: /api/v1/chat/chats/username/Ashok
2026-06-18 10:44:17 [http-nio-8084-exec-1] INFO  c.c.config.RequestLoggingFilter - ? GET /api/v1/chat/chats/username/Ashok [IP: 0:0:0:0:0:0:0:1]
2026-06-18 10:44:17 [http-nio-8084-exec-1] INFO  c.c.controller.ChatController - GET /chats/username/Ashok
2026-06-18 10:44:17 [http-nio-8084-exec-1] INFO  c.c.service.impl.ChatServiceImpl - getChatsForUserByUsername username=Ashok
2026-06-18 10:44:17 [http-nio-8084-exec-1] INFO  c.c.config.UserServiceClient - Calling auth service for username=Ashok
2026-06-18 10:44:17 [http-nio-8084-exec-1] INFO  c.c.config.UserServiceClient - Forwarding Authorization header=Bearer eyJhbGciOiJIUzI1NiJ9.eyJzdWIiOiJlMjgxMGQ1MC1hYjMzLTQ5YzgtYjE5OC1kY2ZiYTNjY2VlY2MiLCJlbWFpbCI6ImE0Mmw3ZmN1b2ZAYndteWdhLmNvbSIsInVzZXJuYW1lIjoiQXNob2siLCJpYXQiOjE3ODE3NTg4NjMsImV4cCI6MTc4MTg0NTI2M30.iarkYeZoFSrYMeXxBqF5x6dQn2J4IkFYOfnRZEqTG1A
2026-06-18 10:44:17 [http-nio-8084-exec-1] INFO  c.c.config.UserServiceClient - Auth service raw response={success=true, message=User fetched successfully., data={id=e2810d50-ab33-49c8-b198-dcfba3cceecc, username=Ashok, email=a42l7fcuof@bwmyga.com, phoneNumber=+442079460018, active=true, createdAt=2026-06-18T10:30:34.603485}}
2026-06-18 10:44:17 [http-nio-8084-exec-1] INFO  c.c.config.UserServiceClient - data field={id=e2810d50-ab33-49c8-b198-dcfba3cceecc, username=Ashok, email=a42l7fcuof@bwmyga.com, phoneNumber=+442079460018, active=true, createdAt=2026-06-18T10:30:34.603485}
2026-06-18 10:44:17 [http-nio-8084-exec-1] INFO  c.c.config.UserServiceClient - data map keys=[id, username, email, phoneNumber, active, createdAt]
2026-06-18 10:44:17 [http-nio-8084-exec-1] INFO  c.c.config.UserServiceClient - Resolved userId=e2810d50-ab33-49c8-b198-dcfba3cceecc for username=Ashok
2026-06-18 10:44:17 [http-nio-8084-exec-1] INFO  c.c.service.impl.ChatServiceImpl - getChatsForUser userId=e2810d50-ab33-49c8-b198-dcfba3cceecc
2026-06-18 10:44:17 [http-nio-8084-exec-1] INFO  c.c.config.RequestLoggingFilter - ? GET /api/v1/chat/chats/username/Ashok | status=200 | 100ms
2026-06-18 10:44:20 [clientInboundChannel-131] DEBUG c.c.service.RedisCacheService - Marked online: Syam
2026-06-18 10:44:20 [clientInboundChannel-131] DEBUG c.c.websocket.ChatWebSocketHandler - HEARTBEAT username=Syam
2026-06-18 10:44:20 [http-nio-8084-exec-9] DEBUG c.c.security.JwtAuthenticationFilter - Processing request: GET /api/v1/chat/chats/username/Syam
2026-06-18 10:44:20 [http-nio-8084-exec-9] DEBUG c.c.security.JwtAuthenticationFilter - Authenticated user [68e922f9-7fd7-443b-bcd7-1a9d7978d3b8] for URI: /api/v1/chat/chats/username/Syam
2026-06-18 10:44:20 [http-nio-8084-exec-9] INFO  c.c.config.RequestLoggingFilter - ? GET /api/v1/chat/chats/username/Syam [IP: 0:0:0:0:0:0:0:1]
2026-06-18 10:44:20 [http-nio-8084-exec-9] INFO  c.c.controller.ChatController - GET /chats/username/Syam
2026-06-18 10:44:20 [http-nio-8084-exec-9] INFO  c.c.service.impl.ChatServiceImpl - getChatsForUserByUsername username=Syam
2026-06-18 10:44:20 [http-nio-8084-exec-9] INFO  c.c.config.UserServiceClient - Calling auth service for username=Syam
2026-06-18 10:44:20 [http-nio-8084-exec-9] INFO  c.c.config.UserServiceClient - Forwarding Authorization header=Bearer eyJhbGciOiJIUzI1NiJ9.eyJzdWIiOiI2OGU5MjJmOS03ZmQ3LTQ0M2ItYmNkNy0xYTlkNzk3OGQzYjgiLCJlbWFpbCI6ImtzNnMwcjR0cmdAb3pzYWlwLmNvbSIsInVzZXJuYW1lIjoiU3lhbSIsImlhdCI6MTc4MTc1OTQyMSwiZXhwIjoxNzgxODQ1ODIxfQ.07QjmoqT10FS3X9Uo0T4xYcX7Gxi1aiKHB7rAaOtRT8
2026-06-18 10:44:20 [http-nio-8084-exec-9] INFO  c.c.config.UserServiceClient - Auth service raw response={success=true, message=User fetched successfully., data={id=68e922f9-7fd7-443b-bcd7-1a9d7978d3b8, username=Syam, email=ks6s0r4trg@ozsaip.com, phoneNumber=+919929756225, active=true, createdAt=2026-06-18T10:40:04.514932}}
2026-06-18 10:44:20 [http-nio-8084-exec-9] INFO  c.c.config.UserServiceClient - data field={id=68e922f9-7fd7-443b-bcd7-1a9d7978d3b8, username=Syam, email=ks6s0r4trg@ozsaip.com, phoneNumber=+919929756225, active=true, createdAt=2026-06-18T10:40:04.514932}
2026-06-18 10:44:20 [http-nio-8084-exec-9] INFO  c.c.config.UserServiceClient - data map keys=[id, username, email, phoneNumber, active, createdAt]
2026-06-18 10:44:20 [http-nio-8084-exec-9] INFO  c.c.config.UserServiceClient - Resolved userId=68e922f9-7fd7-443b-bcd7-1a9d7978d3b8 for username=Syam
2026-06-18 10:44:20 [http-nio-8084-exec-9] INFO  c.c.service.impl.ChatServiceImpl - getChatsForUser userId=68e922f9-7fd7-443b-bcd7-1a9d7978d3b8
2026-06-18 10:44:20 [http-nio-8084-exec-9] INFO  c.c.config.RequestLoggingFilter - ? GET /api/v1/chat/chats/username/Syam | status=200 | 89ms
2026-06-18 10:44:46 [clientInboundChannel-134] DEBUG c.c.service.RedisCacheService - Marked online: Ashok
2026-06-18 10:44:46 [clientInboundChannel-134] DEBUG c.c.websocket.ChatWebSocketHandler - HEARTBEAT username=Ashok
2026-06-18 10:44:46 [http-nio-8084-exec-2] DEBUG c.c.security.JwtAuthenticationFilter - Processing request: GET /api/v1/chat/chats/username/Ashok
2026-06-18 10:44:46 [http-nio-8084-exec-2] DEBUG c.c.security.JwtAuthenticationFilter - Authenticated user [e2810d50-ab33-49c8-b198-dcfba3cceecc] for URI: /api/v1/chat/chats/username/Ashok
2026-06-18 10:44:46 [http-nio-8084-exec-2] INFO  c.c.config.RequestLoggingFilter - ? GET /api/v1/chat/chats/username/Ashok [IP: 0:0:0:0:0:0:0:1]
2026-06-18 10:44:46 [http-nio-8084-exec-2] INFO  c.c.controller.ChatController - GET /chats/username/Ashok
2026-06-18 10:44:46 [http-nio-8084-exec-2] INFO  c.c.service.impl.ChatServiceImpl - getChatsForUserByUsername username=Ashok
2026-06-18 10:44:46 [http-nio-8084-exec-2] INFO  c.c.config.UserServiceClient - Calling auth service for username=Ashok
2026-06-18 10:44:46 [http-nio-8084-exec-2] INFO  c.c.config.UserServiceClient - Forwarding Authorization header=Bearer eyJhbGciOiJIUzI1NiJ9.eyJzdWIiOiJlMjgxMGQ1MC1hYjMzLTQ5YzgtYjE5OC1kY2ZiYTNjY2VlY2MiLCJlbWFpbCI6ImE0Mmw3ZmN1b2ZAYndteWdhLmNvbSIsInVzZXJuYW1lIjoiQXNob2siLCJpYXQiOjE3ODE3NTg4NjMsImV4cCI6MTc4MTg0NTI2M30.iarkYeZoFSrYMeXxBqF5x6dQn2J4IkFYOfnRZEqTG1A
2026-06-18 10:44:46 [http-nio-8084-exec-2] INFO  c.c.config.UserServiceClient - Auth service raw response={success=true, message=User fetched successfully., data={id=e2810d50-ab33-49c8-b198-dcfba3cceecc, username=Ashok, email=a42l7fcuof@bwmyga.com, phoneNumber=+442079460018, active=true, createdAt=2026-06-18T10:30:34.603485}}
2026-06-18 10:44:46 [http-nio-8084-exec-2] INFO  c.c.config.UserServiceClient - data field={id=e2810d50-ab33-49c8-b198-dcfba3cceecc, username=Ashok, email=a42l7fcuof@bwmyga.com, phoneNumber=+442079460018, active=true, createdAt=2026-06-18T10:30:34.603485}
2026-06-18 10:44:46 [http-nio-8084-exec-2] INFO  c.c.config.UserServiceClient - data map keys=[id, username, email, phoneNumber, active, createdAt]
2026-06-18 10:44:46 [http-nio-8084-exec-2] INFO  c.c.config.UserServiceClient - Resolved userId=e2810d50-ab33-49c8-b198-dcfba3cceecc for username=Ashok
2026-06-18 10:44:46 [http-nio-8084-exec-2] INFO  c.c.service.impl.ChatServiceImpl - getChatsForUser userId=e2810d50-ab33-49c8-b198-dcfba3cceecc
2026-06-18 10:44:46 [http-nio-8084-exec-2] INFO  c.c.config.RequestLoggingFilter - ? GET /api/v1/chat/chats/username/Ashok | status=200 | 58ms
2026-06-18 10:44:49 [clientInboundChannel-137] DEBUG c.c.service.RedisCacheService - Marked online: Syam
2026-06-18 10:44:49 [clientInboundChannel-137] DEBUG c.c.websocket.ChatWebSocketHandler - HEARTBEAT username=Syam
2026-06-18 10:44:49 [http-nio-8084-exec-4] DEBUG c.c.security.JwtAuthenticationFilter - Processing request: GET /api/v1/chat/chats/username/Syam
2026-06-18 10:44:49 [http-nio-8084-exec-4] DEBUG c.c.security.JwtAuthenticationFilter - Authenticated user [68e922f9-7fd7-443b-bcd7-1a9d7978d3b8] for URI: /api/v1/chat/chats/username/Syam
2026-06-18 10:44:49 [http-nio-8084-exec-4] INFO  c.c.config.RequestLoggingFilter - ? GET /api/v1/chat/chats/username/Syam [IP: 0:0:0:0:0:0:0:1]
2026-06-18 10:44:49 [http-nio-8084-exec-4] INFO  c.c.controller.ChatController - GET /chats/username/Syam
2026-06-18 10:44:49 [http-nio-8084-exec-4] INFO  c.c.service.impl.ChatServiceImpl - getChatsForUserByUsername username=Syam
2026-06-18 10:44:49 [http-nio-8084-exec-4] INFO  c.c.config.UserServiceClient - Calling auth service for username=Syam
2026-06-18 10:44:49 [http-nio-8084-exec-4] INFO  c.c.config.UserServiceClient - Forwarding Authorization header=Bearer eyJhbGciOiJIUzI1NiJ9.eyJzdWIiOiI2OGU5MjJmOS03ZmQ3LTQ0M2ItYmNkNy0xYTlkNzk3OGQzYjgiLCJlbWFpbCI6ImtzNnMwcjR0cmdAb3pzYWlwLmNvbSIsInVzZXJuYW1lIjoiU3lhbSIsImlhdCI6MTc4MTc1OTQyMSwiZXhwIjoxNzgxODQ1ODIxfQ.07QjmoqT10FS3X9Uo0T4xYcX7Gxi1aiKHB7rAaOtRT8
2026-06-18 10:44:49 [http-nio-8084-exec-4] INFO  c.c.config.UserServiceClient - Auth service raw response={success=true, message=User fetched successfully., data={id=68e922f9-7fd7-443b-bcd7-1a9d7978d3b8, username=Syam, email=ks6s0r4trg@ozsaip.com, phoneNumber=+919929756225, active=true, createdAt=2026-06-18T10:40:04.514932}}
2026-06-18 10:44:49 [http-nio-8084-exec-4] INFO  c.c.config.UserServiceClient - data field={id=68e922f9-7fd7-443b-bcd7-1a9d7978d3b8, username=Syam, email=ks6s0r4trg@ozsaip.com, phoneNumber=+919929756225, active=true, createdAt=2026-06-18T10:40:04.514932}
2026-06-18 10:44:49 [http-nio-8084-exec-4] INFO  c.c.config.UserServiceClient - data map keys=[id, username, email, phoneNumber, active, createdAt]
2026-06-18 10:44:49 [http-nio-8084-exec-4] INFO  c.c.config.UserServiceClient - Resolved userId=68e922f9-7fd7-443b-bcd7-1a9d7978d3b8 for username=Syam
2026-06-18 10:44:49 [http-nio-8084-exec-4] INFO  c.c.service.impl.ChatServiceImpl - getChatsForUser userId=68e922f9-7fd7-443b-bcd7-1a9d7978d3b8
2026-06-18 10:44:49 [http-nio-8084-exec-4] INFO  c.c.config.RequestLoggingFilter - ? GET /api/v1/chat/chats/username/Syam | status=200 | 84ms
2026-06-18 10:45:16 [clientInboundChannel-140] DEBUG c.c.service.RedisCacheService - Marked online: Ashok
2026-06-18 10:45:16 [clientInboundChannel-140] DEBUG c.c.websocket.ChatWebSocketHandler - HEARTBEAT username=Ashok
2026-06-18 10:45:16 [http-nio-8084-exec-5] DEBUG c.c.security.JwtAuthenticationFilter - Processing request: GET /api/v1/chat/chats/username/Ashok
2026-06-18 10:45:16 [http-nio-8084-exec-5] DEBUG c.c.security.JwtAuthenticationFilter - Authenticated user [e2810d50-ab33-49c8-b198-dcfba3cceecc] for URI: /api/v1/chat/chats/username/Ashok
2026-06-18 10:45:16 [http-nio-8084-exec-5] INFO  c.c.config.RequestLoggingFilter - ? GET /api/v1/chat/chats/username/Ashok [IP: 0:0:0:0:0:0:0:1]
2026-06-18 10:45:16 [http-nio-8084-exec-5] INFO  c.c.controller.ChatController - GET /chats/username/Ashok
2026-06-18 10:45:16 [http-nio-8084-exec-5] INFO  c.c.service.impl.ChatServiceImpl - getChatsForUserByUsername username=Ashok
2026-06-18 10:45:16 [http-nio-8084-exec-5] INFO  c.c.config.UserServiceClient - Calling auth service for username=Ashok
2026-06-18 10:45:16 [http-nio-8084-exec-5] INFO  c.c.config.UserServiceClient - Forwarding Authorization header=Bearer eyJhbGciOiJIUzI1NiJ9.eyJzdWIiOiJlMjgxMGQ1MC1hYjMzLTQ5YzgtYjE5OC1kY2ZiYTNjY2VlY2MiLCJlbWFpbCI6ImE0Mmw3ZmN1b2ZAYndteWdhLmNvbSIsInVzZXJuYW1lIjoiQXNob2siLCJpYXQiOjE3ODE3NTg4NjMsImV4cCI6MTc4MTg0NTI2M30.iarkYeZoFSrYMeXxBqF5x6dQn2J4IkFYOfnRZEqTG1A
2026-06-18 10:45:16 [http-nio-8084-exec-5] INFO  c.c.config.UserServiceClient - Auth service raw response={success=true, message=User fetched successfully., data={id=e2810d50-ab33-49c8-b198-dcfba3cceecc, username=Ashok, email=a42l7fcuof@bwmyga.com, phoneNumber=+442079460018, active=true, createdAt=2026-06-18T10:30:34.603485}}
2026-06-18 10:45:16 [http-nio-8084-exec-5] INFO  c.c.config.UserServiceClient - data field={id=e2810d50-ab33-49c8-b198-dcfba3cceecc, username=Ashok, email=a42l7fcuof@bwmyga.com, phoneNumber=+442079460018, active=true, createdAt=2026-06-18T10:30:34.603485}
2026-06-18 10:45:16 [http-nio-8084-exec-5] INFO  c.c.config.UserServiceClient - data map keys=[id, username, email, phoneNumber, active, createdAt]
2026-06-18 10:45:16 [http-nio-8084-exec-5] INFO  c.c.config.UserServiceClient - Resolved userId=e2810d50-ab33-49c8-b198-dcfba3cceecc for username=Ashok
2026-06-18 10:45:16 [http-nio-8084-exec-5] INFO  c.c.service.impl.ChatServiceImpl - getChatsForUser userId=e2810d50-ab33-49c8-b198-dcfba3cceecc
2026-06-18 10:45:16 [http-nio-8084-exec-5] INFO  c.c.config.RequestLoggingFilter - ? GET /api/v1/chat/chats/username/Ashok | status=200 | 65ms
2026-06-18 10:45:19 [clientInboundChannel-143] DEBUG c.c.service.RedisCacheService - Marked online: Syam
2026-06-18 10:45:19 [clientInboundChannel-143] DEBUG c.c.websocket.ChatWebSocketHandler - HEARTBEAT username=Syam
2026-06-18 10:45:19 [http-nio-8084-exec-1] DEBUG c.c.security.JwtAuthenticationFilter - Processing request: GET /api/v1/chat/chats/username/Syam
2026-06-18 10:45:19 [http-nio-8084-exec-1] DEBUG c.c.security.JwtAuthenticationFilter - Authenticated user [68e922f9-7fd7-443b-bcd7-1a9d7978d3b8] for URI: /api/v1/chat/chats/username/Syam
2026-06-18 10:45:19 [http-nio-8084-exec-1] INFO  c.c.config.RequestLoggingFilter - ? GET /api/v1/chat/chats/username/Syam [IP: 0:0:0:0:0:0:0:1]
2026-06-18 10:45:19 [http-nio-8084-exec-1] INFO  c.c.controller.ChatController - GET /chats/username/Syam
2026-06-18 10:45:19 [http-nio-8084-exec-1] INFO  c.c.service.impl.ChatServiceImpl - getChatsForUserByUsername username=Syam
2026-06-18 10:45:19 [http-nio-8084-exec-1] INFO  c.c.config.UserServiceClient - Calling auth service for username=Syam
2026-06-18 10:45:19 [http-nio-8084-exec-1] INFO  c.c.config.UserServiceClient - Forwarding Authorization header=Bearer eyJhbGciOiJIUzI1NiJ9.eyJzdWIiOiI2OGU5MjJmOS03ZmQ3LTQ0M2ItYmNkNy0xYTlkNzk3OGQzYjgiLCJlbWFpbCI6ImtzNnMwcjR0cmdAb3pzYWlwLmNvbSIsInVzZXJuYW1lIjoiU3lhbSIsImlhdCI6MTc4MTc1OTQyMSwiZXhwIjoxNzgxODQ1ODIxfQ.07QjmoqT10FS3X9Uo0T4xYcX7Gxi1aiKHB7rAaOtRT8
2026-06-18 10:45:19 [http-nio-8084-exec-1] INFO  c.c.config.UserServiceClient - Auth service raw response={success=true, message=User fetched successfully., data={id=68e922f9-7fd7-443b-bcd7-1a9d7978d3b8, username=Syam, email=ks6s0r4trg@ozsaip.com, phoneNumber=+919929756225, active=true, createdAt=2026-06-18T10:40:04.514932}}
2026-06-18 10:45:19 [http-nio-8084-exec-1] INFO  c.c.config.UserServiceClient - data field={id=68e922f9-7fd7-443b-bcd7-1a9d7978d3b8, username=Syam, email=ks6s0r4trg@ozsaip.com, phoneNumber=+919929756225, active=true, createdAt=2026-06-18T10:40:04.514932}
2026-06-18 10:45:19 [http-nio-8084-exec-1] INFO  c.c.config.UserServiceClient - data map keys=[id, username, email, phoneNumber, active, createdAt]
2026-06-18 10:45:19 [http-nio-8084-exec-1] INFO  c.c.config.UserServiceClient - Resolved userId=68e922f9-7fd7-443b-bcd7-1a9d7978d3b8 for username=Syam
2026-06-18 10:45:19 [http-nio-8084-exec-1] INFO  c.c.service.impl.ChatServiceImpl - getChatsForUser userId=68e922f9-7fd7-443b-bcd7-1a9d7978d3b8
2026-06-18 10:45:19 [http-nio-8084-exec-1] INFO  c.c.config.RequestLoggingFilter - ? GET /api/v1/chat/chats/username/Syam | status=200 | 66ms
2026-06-18 10:45:27 [http-nio-8084-exec-3] DEBUG c.c.security.JwtAuthenticationFilter - Processing request: GET /api/v1/ai/history
2026-06-18 10:45:27 [http-nio-8084-exec-3] DEBUG c.c.security.JwtAuthenticationFilter - Authenticated user [e2810d50-ab33-49c8-b198-dcfba3cceecc] for URI: /api/v1/ai/history
2026-06-18 10:45:27 [http-nio-8084-exec-3] INFO  c.c.config.RequestLoggingFilter - ? GET /api/v1/ai/history [IP: 0:0:0:0:0:0:0:1]
2026-06-18 10:45:27 [http-nio-8084-exec-3] INFO  c.c.config.RequestLoggingFilter - ? GET /api/v1/ai/history | status=200 | 6ms
2026-06-18 10:45:27 [http-nio-8084-exec-9] DEBUG c.c.security.JwtAuthenticationFilter - Processing request: GET /api/v1/ai/history
2026-06-18 10:45:27 [http-nio-8084-exec-9] DEBUG c.c.security.JwtAuthenticationFilter - Authenticated user [e2810d50-ab33-49c8-b198-dcfba3cceecc] for URI: /api/v1/ai/history
2026-06-18 10:45:27 [http-nio-8084-exec-9] INFO  c.c.config.RequestLoggingFilter - ? GET /api/v1/ai/history [IP: 0:0:0:0:0:0:0:1]
2026-06-18 10:45:27 [http-nio-8084-exec-9] INFO  c.c.config.RequestLoggingFilter - ? GET /api/v1/ai/history | status=200 | 9ms
2026-06-18 10:45:28 [http-nio-8084-exec-2] DEBUG c.c.security.JwtAuthenticationFilter - Processing request: GET /api/v1/ai/history
2026-06-18 10:45:28 [http-nio-8084-exec-2] DEBUG c.c.security.JwtAuthenticationFilter - Authenticated user [68e922f9-7fd7-443b-bcd7-1a9d7978d3b8] for URI: /api/v1/ai/history
2026-06-18 10:45:28 [http-nio-8084-exec-2] INFO  c.c.config.RequestLoggingFilter - ? GET /api/v1/ai/history [IP: 0:0:0:0:0:0:0:1]
2026-06-18 10:45:28 [http-nio-8084-exec-2] WARN  c.c.exception.GlobalExceptionHandler - ConversationNotFound: No conversation found.
2026-06-18 10:45:28 [http-nio-8084-exec-2] INFO  c.c.config.RequestLoggingFilter - ? GET /api/v1/ai/history | status=404 | 3ms
2026-06-18 10:45:28 [http-nio-8084-exec-7] DEBUG c.c.security.JwtAuthenticationFilter - Processing request: GET /api/v1/ai/history
2026-06-18 10:45:28 [http-nio-8084-exec-7] DEBUG c.c.security.JwtAuthenticationFilter - Authenticated user [68e922f9-7fd7-443b-bcd7-1a9d7978d3b8] for URI: /api/v1/ai/history
2026-06-18 10:45:28 [http-nio-8084-exec-7] INFO  c.c.config.RequestLoggingFilter - ? GET /api/v1/ai/history [IP: 0:0:0:0:0:0:0:1]
2026-06-18 10:45:28 [http-nio-8084-exec-7] WARN  c.c.exception.GlobalExceptionHandler - ConversationNotFound: No conversation found.
2026-06-18 10:45:28 [http-nio-8084-exec-7] INFO  c.c.config.RequestLoggingFilter - ? GET /api/v1/ai/history | status=404 | 3ms
2026-06-18 10:45:43 [kafka-producer-network-thread | producer-1] INFO  org.apache.kafka.clients.Metadata - [Producer clientId=producer-1] Resetting the last seen epoch of partition chat.message.sent-0 to 0 since the associated topicId changed from null to wnrLFINtQ921T464VsQf4w
2026-06-18 10:45:43 [kafka-producer-network-thread | producer-1] INFO  org.apache.kafka.clients.Metadata - [Producer clientId=producer-1] Resetting the last seen epoch of partition chat.message.sent-1 to 0 since the associated topicId changed from null to wnrLFINtQ921T464VsQf4w
2026-06-18 10:45:43 [kafka-producer-network-thread | producer-1] INFO  org.apache.kafka.clients.Metadata - [Producer clientId=producer-1] Resetting the last seen epoch of partition chat.message.sent-2 to 0 since the associated topicId changed from null to wnrLFINtQ921T464VsQf4w
2026-06-18 10:45:47 [clientInboundChannel-149] DEBUG c.c.service.RedisCacheService - Marked online: Ashok
2026-06-18 10:45:47 [clientInboundChannel-149] DEBUG c.c.websocket.ChatWebSocketHandler - HEARTBEAT username=Ashok
2026-06-18 10:45:47 [http-nio-8084-exec-6] DEBUG c.c.security.JwtAuthenticationFilter - Processing request: GET /api/v1/chat/chats/username/Ashok
2026-06-18 10:45:47 [http-nio-8084-exec-6] DEBUG c.c.security.JwtAuthenticationFilter - Authenticated user [e2810d50-ab33-49c8-b198-dcfba3cceecc] for URI: /api/v1/chat/chats/username/Ashok
2026-06-18 10:45:47 [http-nio-8084-exec-6] INFO  c.c.config.RequestLoggingFilter - ? GET /api/v1/chat/chats/username/Ashok [IP: 0:0:0:0:0:0:0:1]
2026-06-18 10:45:47 [http-nio-8084-exec-6] INFO  c.c.controller.ChatController - GET /chats/username/Ashok
2026-06-18 10:45:47 [http-nio-8084-exec-6] INFO  c.c.service.impl.ChatServiceImpl - getChatsForUserByUsername username=Ashok
2026-06-18 10:45:47 [http-nio-8084-exec-6] INFO  c.c.config.UserServiceClient - Calling auth service for username=Ashok
2026-06-18 10:45:47 [http-nio-8084-exec-6] INFO  c.c.config.UserServiceClient - Forwarding Authorization header=Bearer eyJhbGciOiJIUzI1NiJ9.eyJzdWIiOiJlMjgxMGQ1MC1hYjMzLTQ5YzgtYjE5OC1kY2ZiYTNjY2VlY2MiLCJlbWFpbCI6ImE0Mmw3ZmN1b2ZAYndteWdhLmNvbSIsInVzZXJuYW1lIjoiQXNob2siLCJpYXQiOjE3ODE3NTg4NjMsImV4cCI6MTc4MTg0NTI2M30.iarkYeZoFSrYMeXxBqF5x6dQn2J4IkFYOfnRZEqTG1A
2026-06-18 10:45:47 [http-nio-8084-exec-6] INFO  c.c.config.UserServiceClient - Auth service raw response={success=true, message=User fetched successfully., data={id=e2810d50-ab33-49c8-b198-dcfba3cceecc, username=Ashok, email=a42l7fcuof@bwmyga.com, phoneNumber=+442079460018, active=true, createdAt=2026-06-18T10:30:34.603485}}
2026-06-18 10:45:47 [http-nio-8084-exec-6] INFO  c.c.config.UserServiceClient - data field={id=e2810d50-ab33-49c8-b198-dcfba3cceecc, username=Ashok, email=a42l7fcuof@bwmyga.com, phoneNumber=+442079460018, active=true, createdAt=2026-06-18T10:30:34.603485}
2026-06-18 10:45:47 [http-nio-8084-exec-6] INFO  c.c.config.UserServiceClient - data map keys=[id, username, email, phoneNumber, active, createdAt]
2026-06-18 10:45:47 [http-nio-8084-exec-6] INFO  c.c.config.UserServiceClient - Resolved userId=e2810d50-ab33-49c8-b198-dcfba3cceecc for username=Ashok
2026-06-18 10:45:47 [http-nio-8084-exec-6] INFO  c.c.service.impl.ChatServiceImpl - getChatsForUser userId=e2810d50-ab33-49c8-b198-dcfba3cceecc
2026-06-18 10:45:47 [http-nio-8084-exec-6] INFO  c.c.config.RequestLoggingFilter - ? GET /api/v1/chat/chats/username/Ashok | status=200 | 25ms
2026-06-18 10:45:50 [clientInboundChannel-152] DEBUG c.c.service.RedisCacheService - Marked online: Syam
2026-06-18 10:45:50 [clientInboundChannel-152] DEBUG c.c.websocket.ChatWebSocketHandler - HEARTBEAT username=Syam
2026-06-18 10:45:50 [http-nio-8084-exec-10] DEBUG c.c.security.JwtAuthenticationFilter - Processing request: GET /api/v1/chat/chats/username/Syam
2026-06-18 10:45:50 [http-nio-8084-exec-10] DEBUG c.c.security.JwtAuthenticationFilter - Authenticated user [68e922f9-7fd7-443b-bcd7-1a9d7978d3b8] for URI: /api/v1/chat/chats/username/Syam
2026-06-18 10:45:50 [http-nio-8084-exec-10] INFO  c.c.config.RequestLoggingFilter - ? GET /api/v1/chat/chats/username/Syam [IP: 0:0:0:0:0:0:0:1]
2026-06-18 10:45:50 [http-nio-8084-exec-10] INFO  c.c.controller.ChatController - GET /chats/username/Syam
2026-06-18 10:45:50 [http-nio-8084-exec-10] INFO  c.c.service.impl.ChatServiceImpl - getChatsForUserByUsername username=Syam
2026-06-18 10:45:50 [http-nio-8084-exec-10] INFO  c.c.config.UserServiceClient - Calling auth service for username=Syam
2026-06-18 10:45:50 [http-nio-8084-exec-10] INFO  c.c.config.UserServiceClient - Forwarding Authorization header=Bearer eyJhbGciOiJIUzI1NiJ9.eyJzdWIiOiI2OGU5MjJmOS03ZmQ3LTQ0M2ItYmNkNy0xYTlkNzk3OGQzYjgiLCJlbWFpbCI6ImtzNnMwcjR0cmdAb3pzYWlwLmNvbSIsInVzZXJuYW1lIjoiU3lhbSIsImlhdCI6MTc4MTc1OTQyMSwiZXhwIjoxNzgxODQ1ODIxfQ.07QjmoqT10FS3X9Uo0T4xYcX7Gxi1aiKHB7rAaOtRT8
2026-06-18 10:45:50 [http-nio-8084-exec-10] INFO  c.c.config.UserServiceClient - Auth service raw response={success=true, message=User fetched successfully., data={id=68e922f9-7fd7-443b-bcd7-1a9d7978d3b8, username=Syam, email=ks6s0r4trg@ozsaip.com, phoneNumber=+919929756225, active=true, createdAt=2026-06-18T10:40:04.514932}}
2026-06-18 10:45:50 [http-nio-8084-exec-10] INFO  c.c.config.UserServiceClient - data field={id=68e922f9-7fd7-443b-bcd7-1a9d7978d3b8, username=Syam, email=ks6s0r4trg@ozsaip.com, phoneNumber=+919929756225, active=true, createdAt=2026-06-18T10:40:04.514932}
2026-06-18 10:45:50 [http-nio-8084-exec-10] INFO  c.c.config.UserServiceClient - data map keys=[id, username, email, phoneNumber, active, createdAt]
2026-06-18 10:45:50 [http-nio-8084-exec-10] INFO  c.c.config.UserServiceClient - Resolved userId=68e922f9-7fd7-443b-bcd7-1a9d7978d3b8 for username=Syam
2026-06-18 10:45:50 [http-nio-8084-exec-10] INFO  c.c.service.impl.ChatServiceImpl - getChatsForUser userId=68e922f9-7fd7-443b-bcd7-1a9d7978d3b8
2026-06-18 10:45:50 [http-nio-8084-exec-10] INFO  c.c.config.RequestLoggingFilter - ? GET /api/v1/chat/chats/username/Syam | status=200 | 25ms
2026-06-18 10:46:04 [http-nio-8084-exec-1] DEBUG c.c.service.RedisCacheService - Marked offline: Ashok lastSeen=2026-06-18T05:16:04.746432Z
2026-06-18 10:46:04 [http-nio-8084-exec-1] INFO  c.c.websocket.PresenceEventListener - PRESENCE DISCONNECT username=Ashok lastSeen=2026-06-18T05:16:04.746432Z
2026-06-18 10:46:06 [http-nio-8084-exec-3] DEBUG c.c.service.RedisCacheService - Marked offline: Syam lastSeen=2026-06-18T05:16:06.757966Z
2026-06-18 10:46:06 [http-nio-8084-exec-3] INFO  c.c.websocket.PresenceEventListener - PRESENCE DISCONNECT username=Syam lastSeen=2026-06-18T05:16:06.757966Z
