2026-05-09 11:38:15.710 INFO  [api-gateway] [main] c.c.gateway.ApiGatewayApplication : Starting ApiGatewayApplication using Java 25.0.2 with PID 18136 (C:\Users\ADMIN\Documents\workspace-spring-tools-for-eclipse-5.1.1.RELEASE\Api-Gateway\target\classes started by ADMIN in C:\Users\ADMIN\Documents\workspace-spring-tools-for-eclipse-5.1.1.RELEASE\Api-Gateway)
2026-05-09 11:38:15.711 DEBUG [api-gateway] [main] c.c.gateway.ApiGatewayApplication : Running with Spring Boot v3.3.0, Spring v6.1.8
2026-05-09 11:38:15.712 INFO  [api-gateway] [main] c.c.gateway.ApiGatewayApplication : No active profile set, falling back to 1 default profile: "default"
2026-05-09 11:38:16.545 INFO  [api-gateway] [main] o.s.d.r.c.RepositoryConfigurationDelegate : Multiple Spring Data modules found, entering strict repository configuration mode
2026-05-09 11:38:16.548 INFO  [api-gateway] [main] o.s.d.r.c.RepositoryConfigurationDelegate : Bootstrapping Spring Data Redis repositories in DEFAULT mode.
2026-05-09 11:38:16.574 INFO  [api-gateway] [main] o.s.d.r.c.RepositoryConfigurationDelegate : Finished Spring Data repository scanning in 11 ms. Found 0 Redis repository interfaces.
2026-05-09 11:38:16.708 INFO  [api-gateway] [main] o.s.cloud.context.scope.GenericScope : BeanFactory id=436b87c6-fc87-3642-9ebc-9709335c5382
2026-05-09 11:38:16.760 WARN  [api-gateway] [main] o.s.c.s.PostProcessorRegistrationDelegate$BeanPostProcessorChecker : Bean 'org.springframework.cloud.client.loadbalancer.LoadBalancerAutoConfiguration$DeferringLoadBalancerInterceptorConfig' of type [org.springframework.cloud.client.loadbalancer.LoadBalancerAutoConfiguration$DeferringLoadBalancerInterceptorConfig] is not eligible for getting processed by all BeanPostProcessors (for example: not eligible for auto-proxying). The currently created BeanPostProcessor [lbRestClientPostProcessor] is declared through a non-static factory method on that class; consider declaring it as static instead.
2026-05-09 11:38:16.762 WARN  [api-gateway] [main] o.s.c.s.PostProcessorRegistrationDelegate$BeanPostProcessorChecker : Bean 'deferringLoadBalancerInterceptor' of type [org.springframework.cloud.client.loadbalancer.DeferringLoadBalancerInterceptor] is not eligible for getting processed by all BeanPostProcessors (for example: not eligible for auto-proxying). Is this bean getting eagerly injected into a currently created BeanPostProcessor [lbRestClientPostProcessor]? Check the corresponding BeanPostProcessor declaration and its dependencies.
2026-05-09 11:38:16.764 WARN  [api-gateway] [main] o.s.c.s.PostProcessorRegistrationDelegate$BeanPostProcessorChecker : Bean 'org.springframework.cloud.client.loadbalancer.reactive.LoadBalancerBeanPostProcessorAutoConfiguration' of type [org.springframework.cloud.client.loadbalancer.reactive.LoadBalancerBeanPostProcessorAutoConfiguration] is not eligible for getting processed by all BeanPostProcessors (for example: not eligible for auto-proxying). The currently created BeanPostProcessor [loadBalancerWebClientBuilderBeanPostProcessor] is declared through a non-static factory method on that class; consider declaring it as static instead.
2026-05-09 11:38:16.765 WARN  [api-gateway] [main] o.s.c.s.PostProcessorRegistrationDelegate$BeanPostProcessorChecker : Bean 'org.springframework.cloud.client.loadbalancer.reactive.LoadBalancerBeanPostProcessorAutoConfiguration$ReactorDeferringLoadBalancerFilterConfig' of type [org.springframework.cloud.client.loadbalancer.reactive.LoadBalancerBeanPostProcessorAutoConfiguration$ReactorDeferringLoadBalancerFilterConfig] is not eligible for getting processed by all BeanPostProcessors (for example: not eligible for auto-proxying). Is this bean getting eagerly injected into a currently created BeanPostProcessor [loadBalancerWebClientBuilderBeanPostProcessor]? Check the corresponding BeanPostProcessor declaration and its dependencies.
2026-05-09 11:38:16.766 WARN  [api-gateway] [main] o.s.c.s.PostProcessorRegistrationDelegate$BeanPostProcessorChecker : Bean 'reactorDeferringLoadBalancerExchangeFilterFunction' of type [org.springframework.cloud.client.loadbalancer.reactive.DeferringLoadBalancerExchangeFilterFunction] is not eligible for getting processed by all BeanPostProcessors (for example: not eligible for auto-proxying). Is this bean getting eagerly injected into a currently created BeanPostProcessor [loadBalancerWebClientBuilderBeanPostProcessor]? Check the corresponding BeanPostProcessor declaration and its dependencies.
2026-05-09 11:38:16.927 WARN  [api-gateway] [main] o.s.b.w.r.c.AnnotationConfigReactiveWebServerApplicationContext : Exception encountered during context initialization - cancelling refresh attempt: org.springframework.beans.factory.BeanCreationException: Error creating bean with name 'gatewayConfig': Injection of autowired dependencies failed
2026-05-09 11:38:16.943 INFO  [api-gateway] [main] o.s.b.a.l.ConditionEvaluationReportLogger : 

Error starting ApplicationContext. To display the condition evaluation report re-run your application with 'debug' enabled.
2026-05-09 11:38:16.957 ERROR [api-gateway] [main] o.s.boot.SpringApplication : Application run failed
org.springframework.beans.factory.BeanCreationException: Error creating bean with name 'gatewayConfig': Injection of autowired dependencies failed
	at org.springframework.beans.factory.annotation.AutowiredAnnotationBeanPostProcessor.postProcessProperties(AutowiredAnnotationBeanPostProcessor.java:514)
	at org.springframework.beans.factory.support.AbstractAutowireCapableBeanFactory.populateBean(AbstractAutowireCapableBeanFactory.java:1421)
	at org.springframework.beans.factory.support.AbstractAutowireCapableBeanFactory.doCreateBean(AbstractAutowireCapableBeanFactory.java:599)
	at org.springframework.beans.factory.support.AbstractAutowireCapableBeanFactory.createBean(AbstractAutowireCapableBeanFactory.java:522)
	at org.springframework.beans.factory.support.AbstractBeanFactory.lambda$doGetBean$0(AbstractBeanFactory.java:337)
	at org.springframework.beans.factory.support.DefaultSingletonBeanRegistry.getSingleton(DefaultSingletonBeanRegistry.java:234)
	at org.springframework.beans.factory.support.AbstractBeanFactory.doGetBean(AbstractBeanFactory.java:335)
	at org.springframework.beans.factory.support.AbstractBeanFactory.getBean(AbstractBeanFactory.java:200)
	at org.springframework.beans.factory.support.DefaultListableBeanFactory.preInstantiateSingletons(DefaultListableBeanFactory.java:975)
	at org.springframework.context.support.AbstractApplicationContext.finishBeanFactoryInitialization(AbstractApplicationContext.java:962)
	at org.springframework.context.support.AbstractApplicationContext.refresh(AbstractApplicationContext.java:624)
	at org.springframework.boot.web.reactive.context.ReactiveWebServerApplicationContext.refresh(ReactiveWebServerApplicationContext.java:66)
	at org.springframework.boot.SpringApplication.refresh(SpringApplication.java:754)
	at org.springframework.boot.SpringApplication.refreshContext(SpringApplication.java:456)
	at org.springframework.boot.SpringApplication.run(SpringApplication.java:335)
	at org.springframework.boot.SpringApplication.run(SpringApplication.java:1363)
	at org.springframework.boot.SpringApplication.run(SpringApplication.java:1352)
	at com.chatapp.gateway.ApiGatewayApplication.main(ApiGatewayApplication.java:31)
Caused by: java.lang.IllegalArgumentException: Could not resolve placeholder 'gateway.public-paths' in value "${gateway.public-paths}"
	at org.springframework.util.PropertyPlaceholderHelper.parseStringValue(PropertyPlaceholderHelper.java:180)
	at org.springframework.util.PropertyPlaceholderHelper.replacePlaceholders(PropertyPlaceholderHelper.java:126)
	at org.springframework.core.env.AbstractPropertyResolver.doResolvePlaceholders(AbstractPropertyResolver.java:239)
	at org.springframework.core.env.AbstractPropertyResolver.resolveRequiredPlaceholders(AbstractPropertyResolver.java:210)
	at org.springframework.context.support.PropertySourcesPlaceholderConfigurer.lambda$processProperties$0(PropertySourcesPlaceholderConfigurer.java:200)
	at org.springframework.beans.factory.support.AbstractBeanFactory.resolveEmbeddedValue(AbstractBeanFactory.java:964)
	at org.springframework.beans.factory.support.DefaultListableBeanFactory.doResolveDependency(DefaultListableBeanFactory.java:1374)
	at org.springframework.beans.factory.support.DefaultListableBeanFactory.resolveDependency(DefaultListableBeanFactory.java:1353)
	at org.springframework.beans.factory.annotation.AutowiredAnnotationBeanPostProcessor$AutowiredFieldElement.resolveFieldValue(AutowiredAnnotationBeanPostProcessor.java:784)
	at org.springframework.beans.factory.annotation.AutowiredAnnotationBeanPostProcessor$AutowiredFieldElement.inject(AutowiredAnnotationBeanPostProcessor.java:767)
	at org.springframework.beans.factory.annotation.InjectionMetadata.inject(InjectionMetadata.java:145)
	at org.springframework.beans.factory.annotation.AutowiredAnnotationBeanPostProcessor.postProcessProperties(AutowiredAnnotationBeanPostProcessor.java:508)
	... 17 common frames omitted
2026-05-09 11:42:14.042 INFO  [api-gateway] [main] c.c.gateway.ApiGatewayApplication : Starting ApiGatewayApplication using Java 25.0.2 with PID 22292 (C:\Users\ADMIN\Documents\workspace-spring-tools-for-eclipse-5.1.1.RELEASE\Api-Gateway\target\classes started by ADMIN in C:\Users\ADMIN\Documents\workspace-spring-tools-for-eclipse-5.1.1.RELEASE\Api-Gateway)
2026-05-09 11:42:14.044 DEBUG [api-gateway] [main] c.c.gateway.ApiGatewayApplication : Running with Spring Boot v3.3.0, Spring v6.1.8
2026-05-09 11:42:14.045 INFO  [api-gateway] [main] c.c.gateway.ApiGatewayApplication : No active profile set, falling back to 1 default profile: "default"
2026-05-09 11:42:14.860 INFO  [api-gateway] [main] o.s.d.r.c.RepositoryConfigurationDelegate : Multiple Spring Data modules found, entering strict repository configuration mode
2026-05-09 11:42:14.863 INFO  [api-gateway] [main] o.s.d.r.c.RepositoryConfigurationDelegate : Bootstrapping Spring Data Redis repositories in DEFAULT mode.
2026-05-09 11:42:14.887 INFO  [api-gateway] [main] o.s.d.r.c.RepositoryConfigurationDelegate : Finished Spring Data repository scanning in 11 ms. Found 0 Redis repository interfaces.
2026-05-09 11:42:15.041 INFO  [api-gateway] [main] o.s.cloud.context.scope.GenericScope : BeanFactory id=436b87c6-fc87-3642-9ebc-9709335c5382
2026-05-09 11:42:15.112 WARN  [api-gateway] [main] o.s.c.s.PostProcessorRegistrationDelegate$BeanPostProcessorChecker : Bean 'org.springframework.cloud.client.loadbalancer.LoadBalancerAutoConfiguration$DeferringLoadBalancerInterceptorConfig' of type [org.springframework.cloud.client.loadbalancer.LoadBalancerAutoConfiguration$DeferringLoadBalancerInterceptorConfig] is not eligible for getting processed by all BeanPostProcessors (for example: not eligible for auto-proxying). The currently created BeanPostProcessor [lbRestClientPostProcessor] is declared through a non-static factory method on that class; consider declaring it as static instead.
2026-05-09 11:42:15.115 WARN  [api-gateway] [main] o.s.c.s.PostProcessorRegistrationDelegate$BeanPostProcessorChecker : Bean 'deferringLoadBalancerInterceptor' of type [org.springframework.cloud.client.loadbalancer.DeferringLoadBalancerInterceptor] is not eligible for getting processed by all BeanPostProcessors (for example: not eligible for auto-proxying). Is this bean getting eagerly injected into a currently created BeanPostProcessor [lbRestClientPostProcessor]? Check the corresponding BeanPostProcessor declaration and its dependencies.
2026-05-09 11:42:15.119 WARN  [api-gateway] [main] o.s.c.s.PostProcessorRegistrationDelegate$BeanPostProcessorChecker : Bean 'org.springframework.cloud.client.loadbalancer.reactive.LoadBalancerBeanPostProcessorAutoConfiguration' of type [org.springframework.cloud.client.loadbalancer.reactive.LoadBalancerBeanPostProcessorAutoConfiguration] is not eligible for getting processed by all BeanPostProcessors (for example: not eligible for auto-proxying). The currently created BeanPostProcessor [loadBalancerWebClientBuilderBeanPostProcessor] is declared through a non-static factory method on that class; consider declaring it as static instead.
2026-05-09 11:42:15.121 WARN  [api-gateway] [main] o.s.c.s.PostProcessorRegistrationDelegate$BeanPostProcessorChecker : Bean 'org.springframework.cloud.client.loadbalancer.reactive.LoadBalancerBeanPostProcessorAutoConfiguration$ReactorDeferringLoadBalancerFilterConfig' of type [org.springframework.cloud.client.loadbalancer.reactive.LoadBalancerBeanPostProcessorAutoConfiguration$ReactorDeferringLoadBalancerFilterConfig] is not eligible for getting processed by all BeanPostProcessors (for example: not eligible for auto-proxying). Is this bean getting eagerly injected into a currently created BeanPostProcessor [loadBalancerWebClientBuilderBeanPostProcessor]? Check the corresponding BeanPostProcessor declaration and its dependencies.
2026-05-09 11:42:15.122 WARN  [api-gateway] [main] o.s.c.s.PostProcessorRegistrationDelegate$BeanPostProcessorChecker : Bean 'reactorDeferringLoadBalancerExchangeFilterFunction' of type [org.springframework.cloud.client.loadbalancer.reactive.DeferringLoadBalancerExchangeFilterFunction] is not eligible for getting processed by all BeanPostProcessors (for example: not eligible for auto-proxying). Is this bean getting eagerly injected into a currently created BeanPostProcessor [loadBalancerWebClientBuilderBeanPostProcessor]? Check the corresponding BeanPostProcessor declaration and its dependencies.
2026-05-09 11:42:16.125 INFO  [api-gateway] [main] o.s.c.g.r.RouteDefinitionRouteLocator : Loaded RoutePredicateFactory [After]
2026-05-09 11:42:16.125 INFO  [api-gateway] [main] o.s.c.g.r.RouteDefinitionRouteLocator : Loaded RoutePredicateFactory [Before]
2026-05-09 11:42:16.125 INFO  [api-gateway] [main] o.s.c.g.r.RouteDefinitionRouteLocator : Loaded RoutePredicateFactory [Between]
2026-05-09 11:42:16.125 INFO  [api-gateway] [main] o.s.c.g.r.RouteDefinitionRouteLocator : Loaded RoutePredicateFactory [Cookie]
2026-05-09 11:42:16.125 INFO  [api-gateway] [main] o.s.c.g.r.RouteDefinitionRouteLocator : Loaded RoutePredicateFactory [Header]
2026-05-09 11:42:16.125 INFO  [api-gateway] [main] o.s.c.g.r.RouteDefinitionRouteLocator : Loaded RoutePredicateFactory [Host]
2026-05-09 11:42:16.125 INFO  [api-gateway] [main] o.s.c.g.r.RouteDefinitionRouteLocator : Loaded RoutePredicateFactory [Method]
2026-05-09 11:42:16.125 INFO  [api-gateway] [main] o.s.c.g.r.RouteDefinitionRouteLocator : Loaded RoutePredicateFactory [Path]
2026-05-09 11:42:16.125 INFO  [api-gateway] [main] o.s.c.g.r.RouteDefinitionRouteLocator : Loaded RoutePredicateFactory [Query]
2026-05-09 11:42:16.125 INFO  [api-gateway] [main] o.s.c.g.r.RouteDefinitionRouteLocator : Loaded RoutePredicateFactory [ReadBody]
2026-05-09 11:42:16.125 INFO  [api-gateway] [main] o.s.c.g.r.RouteDefinitionRouteLocator : Loaded RoutePredicateFactory [RemoteAddr]
2026-05-09 11:42:16.125 INFO  [api-gateway] [main] o.s.c.g.r.RouteDefinitionRouteLocator : Loaded RoutePredicateFactory [XForwardedRemoteAddr]
2026-05-09 11:42:16.126 INFO  [api-gateway] [main] o.s.c.g.r.RouteDefinitionRouteLocator : Loaded RoutePredicateFactory [Weight]
2026-05-09 11:42:16.126 INFO  [api-gateway] [main] o.s.c.g.r.RouteDefinitionRouteLocator : Loaded RoutePredicateFactory [CloudFoundryRouteService]
2026-05-09 11:42:16.341 INFO  [api-gateway] [main] o.s.b.a.e.web.EndpointLinksResolver : Exposing 5 endpoints beneath base path '/actuator'
2026-05-09 11:42:16.531 INFO  [api-gateway] [main] o.s.c.n.e.c.DiscoveryClientOptionalArgsConfiguration : Eureka HTTP Client uses RestTemplate.
2026-05-09 11:42:16.548 WARN  [api-gateway] [main] o.s.c.l.c.LoadBalancerCacheAutoConfiguration$LoadBalancerCaffeineWarnLogger : Spring Cloud LoadBalancer is currently working with the default cache. While this cache implementation is useful for development and tests, it's recommended to use Caffeine cache in production.You can switch to using Caffeine cache, by adding it and org.springframework.cache.caffeine.CaffeineCacheManager to the classpath.
2026-05-09 11:42:16.597 INFO  [api-gateway] [main] o.s.c.n.eureka.InstanceInfoFactory : Setting initial instance status as: STARTING
2026-05-09 11:42:16.628 INFO  [api-gateway] [main] c.netflix.discovery.DiscoveryClient : Initializing Eureka in region us-east-1
2026-05-09 11:42:16.633 INFO  [api-gateway] [main] c.n.d.s.r.aws.ConfigClusterResolver : Resolving eureka endpoints via configuration
2026-05-09 11:42:16.655 INFO  [api-gateway] [main] c.netflix.discovery.DiscoveryClient : Disable delta property : false
2026-05-09 11:42:16.655 INFO  [api-gateway] [main] c.netflix.discovery.DiscoveryClient : Single vip registry refresh property : null
2026-05-09 11:42:16.655 INFO  [api-gateway] [main] c.netflix.discovery.DiscoveryClient : Force full registry fetch : false
2026-05-09 11:42:16.655 INFO  [api-gateway] [main] c.netflix.discovery.DiscoveryClient : Application is null : false
2026-05-09 11:42:16.655 INFO  [api-gateway] [main] c.netflix.discovery.DiscoveryClient : Registered Applications size is zero : true
2026-05-09 11:42:16.655 INFO  [api-gateway] [main] c.netflix.discovery.DiscoveryClient : Application version is -1: true
2026-05-09 11:42:16.655 INFO  [api-gateway] [main] c.netflix.discovery.DiscoveryClient : Getting all instance registry info from the eureka server
2026-05-09 11:42:16.907 INFO  [api-gateway] [main] c.n.d.s.t.d.RedirectingEurekaHttpClient : Request execution error. endpoint=DefaultEndpoint{ serviceUrl='http://localhost:8761/eureka/}, exception=I/O error on GET request for "http://localhost:8761/eureka/apps/": Connect to http://localhost:8761 [localhost/127.0.0.1, localhost/0:0:0:0:0:0:0:1] failed: Connection refused: getsockopt stacktrace=org.springframework.web.client.ResourceAccessException: I/O error on GET request for "http://localhost:8761/eureka/apps/": Connect to http://localhost:8761 [localhost/127.0.0.1, localhost/0:0:0:0:0:0:0:1] failed: Connection refused: getsockopt
	at org.springframework.web.client.RestTemplate.createResourceAccessException(RestTemplate.java:915)
	at org.springframework.web.client.RestTemplate.doExecute(RestTemplate.java:895)
	at org.springframework.web.client.RestTemplate.execute(RestTemplate.java:790)
	at org.springframework.web.client.RestTemplate.exchange(RestTemplate.java:672)
	at org.springframework.cloud.netflix.eureka.http.RestTemplateEurekaHttpClient.getApplicationsInternal(RestTemplateEurekaHttpClient.java:145)
	at org.springframework.cloud.netflix.eureka.http.RestTemplateEurekaHttpClient.getApplications(RestTemplateEurekaHttpClient.java:135)
	at com.netflix.discovery.shared.transport.decorator.EurekaHttpClientDecorator$6.execute(EurekaHttpClientDecorator.java:137)
	at com.netflix.discovery.shared.transport.decorator.RedirectingEurekaHttpClient.executeOnNewServer(RedirectingEurekaHttpClient.java:121)
	at com.netflix.discovery.shared.transport.decorator.RedirectingEurekaHttpClient.execute(RedirectingEurekaHttpClient.java:80)
	at com.netflix.discovery.shared.transport.decorator.EurekaHttpClientDecorator.getApplications(EurekaHttpClientDecorator.java:134)
	at com.netflix.discovery.shared.transport.decorator.EurekaHttpClientDecorator$6.execute(EurekaHttpClientDecorator.java:137)
	at com.netflix.discovery.shared.transport.decorator.RetryableEurekaHttpClient.execute(RetryableEurekaHttpClient.java:120)
	at com.netflix.discovery.shared.transport.decorator.EurekaHttpClientDecorator.getApplications(EurekaHttpClientDecorator.java:134)
	at com.netflix.discovery.shared.transport.decorator.EurekaHttpClientDecorator$6.execute(EurekaHttpClientDecorator.java:137)
	at com.netflix.discovery.shared.transport.decorator.SessionedEurekaHttpClient.execute(SessionedEurekaHttpClient.java:77)
	at com.netflix.discovery.shared.transport.decorator.EurekaHttpClientDecorator.getApplications(EurekaHttpClientDecorator.java:134)
	at com.netflix.discovery.DiscoveryClient.getAndStoreFullRegistry(DiscoveryClient.java:1045)
	at com.netflix.discovery.DiscoveryClient.fetchRegistry(DiscoveryClient.java:958)
	at com.netflix.discovery.DiscoveryClient.<init>(DiscoveryClient.java:396)
	at com.netflix.discovery.DiscoveryClient.<init>(DiscoveryClient.java:247)
	at com.netflix.discovery.DiscoveryClient.<init>(DiscoveryClient.java:242)
	at org.springframework.cloud.netflix.eureka.CloudEurekaClient.<init>(CloudEurekaClient.java:68)
	at org.springframework.cloud.netflix.eureka.EurekaClientAutoConfiguration$RefreshableEurekaClientConfiguration.eurekaClient(EurekaClientAutoConfiguration.java:321)
	at java.base/jdk.internal.reflect.DirectMethodHandleAccessor.invoke(DirectMethodHandleAccessor.java:104)
	at java.base/java.lang.reflect.Method.invoke(Method.java:565)
	at org.springframework.beans.factory.support.SimpleInstantiationStrategy.instantiate(SimpleInstantiationStrategy.java:140)
	at org.springframework.beans.factory.support.ConstructorResolver.instantiate(ConstructorResolver.java:644)
	at org.springframework.beans.factory.support.ConstructorResolver.instantiateUsingFactoryMethod(ConstructorResolver.java:636)
	at org.springframework.beans.factory.support.AbstractAutowireCapableBeanFactory.instantiateUsingFactoryMethod(AbstractAutowireCapableBeanFactory.java:1337)
	at org.springframework.beans.factory.support.AbstractAutowireCapableBeanFactory.createBeanInstance(AbstractAutowireCapableBeanFactory.java:1167)
	at org.springframework.beans.factory.support.AbstractAutowireCapableBeanFactory.doCreateBean(AbstractAutowireCapableBeanFactory.java:562)
	at org.springframework.beans.factory.support.AbstractAutowireCapableBeanFactory.createBean(AbstractAutowireCapableBeanFactory.java:522)
	at org.springframework.beans.factory.support.AbstractBeanFactory.lambda$doGetBean$1(AbstractBeanFactory.java:376)
	at org.springframework.cloud.context.scope.GenericScope$BeanLifecycleWrapper.getBean(GenericScope.java:375)
	at org.springframework.cloud.context.scope.GenericScope.get(GenericScope.java:179)
	at org.springframework.beans.factory.support.AbstractBeanFactory.doGetBean(AbstractBeanFactory.java:373)
	at org.springframework.beans.factory.support.AbstractBeanFactory.getBean(AbstractBeanFactory.java:200)
	at org.springframework.aop.target.SimpleBeanTargetSource.getTarget(SimpleBeanTargetSource.java:35)
	at org.springframework.cloud.netflix.eureka.serviceregistry.EurekaRegistration.getTargetObject(EurekaRegistration.java:128)
	at org.springframework.cloud.netflix.eureka.serviceregistry.EurekaRegistration.getEurekaClient(EurekaRegistration.java:116)
	at java.base/jdk.internal.reflect.DirectMethodHandleAccessor.invoke(DirectMethodHandleAccessor.java:104)
	at java.base/java.lang.reflect.Method.invoke(Method.java:565)
	at org.springframework.util.ReflectionUtils.invokeMethod(ReflectionUtils.java:281)
	at org.springframework.cloud.context.scope.GenericScope$LockedScopedProxyFactoryBean.invoke(GenericScope.java:482)
	at org.springframework.aop.framework.ReflectiveMethodInvocation.proceed(ReflectiveMethodInvocation.java:184)
	at org.springframework.aop.framework.CglibAopProxy$CglibMethodInvocation.proceed(CglibAopProxy.java:768)
	at org.springframework.aop.framework.CglibAopProxy$DynamicAdvisedInterceptor.intercept(CglibAopProxy.java:720)
	at org.springframework.cloud.netflix.eureka.serviceregistry.EurekaRegistration$$SpringCGLIB$$0.getEurekaClient(<generated>)
	at org.springframework.cloud.netflix.eureka.serviceregistry.EurekaServiceRegistry.maybeInitializeClient(EurekaServiceRegistry.java:83)
	at org.springframework.cloud.netflix.eureka.serviceregistry.EurekaServiceRegistry.register(EurekaServiceRegistry.java:66)
	at org.springframework.cloud.netflix.eureka.serviceregistry.EurekaAutoServiceRegistration.start(EurekaAutoServiceRegistration.java:89)
	at org.springframework.context.support.DefaultLifecycleProcessor.doStart(DefaultLifecycleProcessor.java:288)
	at org.springframework.context.support.DefaultLifecycleProcessor$LifecycleGroup.start(DefaultLifecycleProcessor.java:471)
	at java.base/java.lang.Iterable.forEach(Iterable.java:75)
	at org.springframework.context.support.DefaultLifecycleProcessor.startBeans(DefaultLifecycleProcessor.java:260)
	at org.springframework.context.support.DefaultLifecycleProcessor.onRefresh(DefaultLifecycleProcessor.java:205)
	at org.springframework.context.support.AbstractApplicationContext.finishRefresh(AbstractApplicationContext.java:981)
	at org.springframework.context.support.AbstractApplicationContext.refresh(AbstractApplicationContext.java:627)
	at org.springframework.boot.web.reactive.context.ReactiveWebServerApplicationContext.refresh(ReactiveWebServerApplicationContext.java:66)
	at org.springframework.boot.SpringApplication.refresh(SpringApplication.java:754)
	at org.springframework.boot.SpringApplication.refreshContext(SpringApplication.java:456)
	at org.springframework.boot.SpringApplication.run(SpringApplication.java:335)
	at org.springframework.boot.SpringApplication.run(SpringApplication.java:1363)
	at org.springframework.boot.SpringApplication.run(SpringApplication.java:1352)
	at com.chatapp.gateway.ApiGatewayApplication.main(ApiGatewayApplication.java:31)
Caused by: org.apache.hc.client5.http.HttpHostConnectException: Connect to http://localhost:8761 [localhost/127.0.0.1, localhost/0:0:0:0:0:0:0:1] failed: Connection refused: getsockopt
	at java.base/sun.nio.ch.Net.pollConnect(Native Method)
	at java.base/sun.nio.ch.Net.pollConnectNow(Net.java:639)
	at java.base/sun.nio.ch.NioSocketImpl.timedFinishConnect(NioSocketImpl.java:543)
	at java.base/sun.nio.ch.NioSocketImpl.connect(NioSocketImpl.java:594)
	at java.base/java.net.SocksSocketImpl.connect(SocksSocketImpl.java:284)
	at java.base/java.net.Socket.connect(Socket.java:659)
	at org.apache.hc.client5.http.socket.PlainConnectionSocketFactory.lambda$connectSocket$0(PlainConnectionSocketFactory.java:91)
	at java.base/java.security.AccessController.doPrivileged(AccessController.java:251)
	at org.apache.hc.client5.http.socket.PlainConnectionSocketFactory.connectSocket(PlainConnectionSocketFactory.java:90)
	at org.apache.hc.client5.http.socket.ConnectionSocketFactory.connectSocket(ConnectionSocketFactory.java:123)
	at org.apache.hc.client5.http.impl.io.DefaultHttpClientConnectionOperator.connect(DefaultHttpClientConnectionOperator.java:189)
	at org.apache.hc.client5.http.impl.io.PoolingHttpClientConnectionManager.connect(PoolingHttpClientConnectionManager.java:450)
	at org.apache.hc.client5.http.impl.classic.InternalExecRuntime.connectEndpoint(InternalExecRuntime.java:162)
	at org.apache.hc.client5.http.impl.classic.InternalExecRuntime.connectEndpoint(InternalExecRuntime.java:172)
	at org.apache.hc.client5.http.impl.classic.ConnectExec.execute(ConnectExec.java:142)
	at org.apache.hc.client5.http.impl.classic.ExecChainElement.execute(ExecChainElement.java:51)
	at org.apache.hc.client5.http.impl.classic.ProtocolExec.execute(ProtocolExec.java:192)
	at org.apache.hc.client5.http.impl.classic.ExecChainElement.execute(ExecChainElement.java:51)
	at org.apache.hc.client5.http.impl.classic.HttpRequestRetryExec.execute(HttpRequestRetryExec.java:113)
	at org.apache.hc.client5.http.impl.classic.ExecChainElement.execute(ExecChainElement.java:51)
	at org.apache.hc.client5.http.impl.classic.ContentCompressionExec.execute(ContentCompressionExec.java:152)
	at org.apache.hc.client5.http.impl.classic.ExecChainElement.execute(ExecChainElement.java:51)
	at org.apache.hc.client5.http.impl.classic.RedirectExec.execute(RedirectExec.java:116)
	at org.apache.hc.client5.http.impl.classic.ExecChainElement.execute(ExecChainElement.java:51)
	at org.apache.hc.client5.http.impl.classic.InternalHttpClient.doExecute(InternalHttpClient.java:170)
	at org.apache.hc.client5.http.impl.classic.CloseableHttpClient.execute(CloseableHttpClient.java:87)
	at org.apache.hc.client5.http.impl.classic.CloseableHttpClient.execute(CloseableHttpClient.java:55)
	at org.apache.hc.client5.http.classic.HttpClient.executeOpen(HttpClient.java:183)
	at org.springframework.http.client.HttpComponentsClientHttpRequest.executeInternal(HttpComponentsClientHttpRequest.java:99)
	at org.springframework.http.client.AbstractStreamingClientHttpRequest.executeInternal(AbstractStreamingClientHttpRequest.java:70)
	at org.springframework.http.client.AbstractClientHttpRequest.execute(AbstractClientHttpRequest.java:66)
	at org.springframework.http.client.InterceptingClientHttpRequest$InterceptingRequestExecution.execute(InterceptingClientHttpRequest.java:112)
	at org.springframework.cloud.netflix.eureka.http.RestTemplateTransportClientFactory.lambda$restTemplate$3(RestTemplateTransportClientFactory.java:170)
	at org.springframework.http.client.InterceptingClientHttpRequest$InterceptingRequestExecution.execute(InterceptingClientHttpRequest.java:88)
	at org.springframework.http.client.InterceptingClientHttpRequest.executeInternal(InterceptingClientHttpRequest.java:72)
	at org.springframework.http.client.AbstractBufferingClientHttpRequest.executeInternal(AbstractBufferingClientHttpRequest.java:48)
	at org.springframework.http.client.AbstractClientHttpRequest.execute(AbstractClientHttpRequest.java:66)
	at org.springframework.web.client.RestTemplate.doExecute(RestTemplate.java:889)
	... 63 more

2026-05-09 11:42:16.908 WARN  [api-gateway] [main] c.n.d.s.t.d.RetryableEurekaHttpClient : Request execution failed with message: I/O error on GET request for "http://localhost:8761/eureka/apps/": Connect to http://localhost:8761 [localhost/127.0.0.1, localhost/0:0:0:0:0:0:0:1] failed: Connection refused: getsockopt
2026-05-09 11:42:16.908 INFO  [api-gateway] [main] c.netflix.discovery.DiscoveryClient : DiscoveryClient_API-GATEWAY/api-gateway:8080 - was unable to refresh its cache! This periodic background refresh will be retried in 30 seconds. status = Cannot execute request on any known server stacktrace = com.netflix.discovery.shared.transport.TransportException: Cannot execute request on any known server
	at com.netflix.discovery.shared.transport.decorator.RetryableEurekaHttpClient.execute(RetryableEurekaHttpClient.java:112)
	at com.netflix.discovery.shared.transport.decorator.EurekaHttpClientDecorator.getApplications(EurekaHttpClientDecorator.java:134)
	at com.netflix.discovery.shared.transport.decorator.EurekaHttpClientDecorator$6.execute(EurekaHttpClientDecorator.java:137)
	at com.netflix.discovery.shared.transport.decorator.SessionedEurekaHttpClient.execute(SessionedEurekaHttpClient.java:77)
	at com.netflix.discovery.shared.transport.decorator.EurekaHttpClientDecorator.getApplications(EurekaHttpClientDecorator.java:134)
	at com.netflix.discovery.DiscoveryClient.getAndStoreFullRegistry(DiscoveryClient.java:1045)
	at com.netflix.discovery.DiscoveryClient.fetchRegistry(DiscoveryClient.java:958)
	at com.netflix.discovery.DiscoveryClient.<init>(DiscoveryClient.java:396)
	at com.netflix.discovery.DiscoveryClient.<init>(DiscoveryClient.java:247)
	at com.netflix.discovery.DiscoveryClient.<init>(DiscoveryClient.java:242)
	at org.springframework.cloud.netflix.eureka.CloudEurekaClient.<init>(CloudEurekaClient.java:68)
	at org.springframework.cloud.netflix.eureka.EurekaClientAutoConfiguration$RefreshableEurekaClientConfiguration.eurekaClient(EurekaClientAutoConfiguration.java:321)
	at java.base/jdk.internal.reflect.DirectMethodHandleAccessor.invoke(DirectMethodHandleAccessor.java:104)
	at java.base/java.lang.reflect.Method.invoke(Method.java:565)
	at org.springframework.beans.factory.support.SimpleInstantiationStrategy.instantiate(SimpleInstantiationStrategy.java:140)
	at org.springframework.beans.factory.support.ConstructorResolver.instantiate(ConstructorResolver.java:644)
	at org.springframework.beans.factory.support.ConstructorResolver.instantiateUsingFactoryMethod(ConstructorResolver.java:636)
	at org.springframework.beans.factory.support.AbstractAutowireCapableBeanFactory.instantiateUsingFactoryMethod(AbstractAutowireCapableBeanFactory.java:1337)
	at org.springframework.beans.factory.support.AbstractAutowireCapableBeanFactory.createBeanInstance(AbstractAutowireCapableBeanFactory.java:1167)
	at org.springframework.beans.factory.support.AbstractAutowireCapableBeanFactory.doCreateBean(AbstractAutowireCapableBeanFactory.java:562)
	at org.springframework.beans.factory.support.AbstractAutowireCapableBeanFactory.createBean(AbstractAutowireCapableBeanFactory.java:522)
	at org.springframework.beans.factory.support.AbstractBeanFactory.lambda$doGetBean$1(AbstractBeanFactory.java:376)
	at org.springframework.cloud.context.scope.GenericScope$BeanLifecycleWrapper.getBean(GenericScope.java:375)
	at org.springframework.cloud.context.scope.GenericScope.get(GenericScope.java:179)
	at org.springframework.beans.factory.support.AbstractBeanFactory.doGetBean(AbstractBeanFactory.java:373)
	at org.springframework.beans.factory.support.AbstractBeanFactory.getBean(AbstractBeanFactory.java:200)
	at org.springframework.aop.target.SimpleBeanTargetSource.getTarget(SimpleBeanTargetSource.java:35)
	at org.springframework.cloud.netflix.eureka.serviceregistry.EurekaRegistration.getTargetObject(EurekaRegistration.java:128)
	at org.springframework.cloud.netflix.eureka.serviceregistry.EurekaRegistration.getEurekaClient(EurekaRegistration.java:116)
	at java.base/jdk.internal.reflect.DirectMethodHandleAccessor.invoke(DirectMethodHandleAccessor.java:104)
	at java.base/java.lang.reflect.Method.invoke(Method.java:565)
	at org.springframework.util.ReflectionUtils.invokeMethod(ReflectionUtils.java:281)
	at org.springframework.cloud.context.scope.GenericScope$LockedScopedProxyFactoryBean.invoke(GenericScope.java:482)
	at org.springframework.aop.framework.ReflectiveMethodInvocation.proceed(ReflectiveMethodInvocation.java:184)
	at org.springframework.aop.framework.CglibAopProxy$CglibMethodInvocation.proceed(CglibAopProxy.java:768)
	at org.springframework.aop.framework.CglibAopProxy$DynamicAdvisedInterceptor.intercept(CglibAopProxy.java:720)
	at org.springframework.cloud.netflix.eureka.serviceregistry.EurekaRegistration$$SpringCGLIB$$0.getEurekaClient(<generated>)
	at org.springframework.cloud.netflix.eureka.serviceregistry.EurekaServiceRegistry.maybeInitializeClient(EurekaServiceRegistry.java:83)
	at org.springframework.cloud.netflix.eureka.serviceregistry.EurekaServiceRegistry.register(EurekaServiceRegistry.java:66)
	at org.springframework.cloud.netflix.eureka.serviceregistry.EurekaAutoServiceRegistration.start(EurekaAutoServiceRegistration.java:89)
	at org.springframework.context.support.DefaultLifecycleProcessor.doStart(DefaultLifecycleProcessor.java:288)
	at org.springframework.context.support.DefaultLifecycleProcessor$LifecycleGroup.start(DefaultLifecycleProcessor.java:471)
	at java.base/java.lang.Iterable.forEach(Iterable.java:75)
	at org.springframework.context.support.DefaultLifecycleProcessor.startBeans(DefaultLifecycleProcessor.java:260)
	at org.springframework.context.support.DefaultLifecycleProcessor.onRefresh(DefaultLifecycleProcessor.java:205)
	at org.springframework.context.support.AbstractApplicationContext.finishRefresh(AbstractApplicationContext.java:981)
	at org.springframework.context.support.AbstractApplicationContext.refresh(AbstractApplicationContext.java:627)
	at org.springframework.boot.web.reactive.context.ReactiveWebServerApplicationContext.refresh(ReactiveWebServerApplicationContext.java:66)
	at org.springframework.boot.SpringApplication.refresh(SpringApplication.java:754)
	at org.springframework.boot.SpringApplication.refreshContext(SpringApplication.java:456)
	at org.springframework.boot.SpringApplication.run(SpringApplication.java:335)
	at org.springframework.boot.SpringApplication.run(SpringApplication.java:1363)
	at org.springframework.boot.SpringApplication.run(SpringApplication.java:1352)
	at com.chatapp.gateway.ApiGatewayApplication.main(ApiGatewayApplication.java:31)

2026-05-09 11:42:16.909 INFO  [api-gateway] [main] c.netflix.discovery.DiscoveryClient : Initial registry fetch from primary servers failed
2026-05-09 11:42:16.909 WARN  [api-gateway] [main] c.netflix.discovery.DiscoveryClient : Using default backup registry implementation which does not do anything.
2026-05-09 11:42:16.909 INFO  [api-gateway] [main] c.netflix.discovery.DiscoveryClient : Initial registry fetch from backup servers failed
2026-05-09 11:42:16.910 INFO  [api-gateway] [main] c.netflix.discovery.DiscoveryClient : Starting heartbeat executor: renew interval is: 30
2026-05-09 11:42:16.912 INFO  [api-gateway] [main] c.n.discovery.InstanceInfoReplicator : InstanceInfoReplicator onDemand update allowed rate per min is 4
2026-05-09 11:42:16.917 INFO  [api-gateway] [main] c.netflix.discovery.DiscoveryClient : Discovery Client initialized at timestamp 1778307136915 with initial instances count: 0
2026-05-09 11:42:16.919 INFO  [api-gateway] [main] o.s.c.n.e.s.EurekaServiceRegistry : Registering application API-GATEWAY with eureka with status UP
2026-05-09 11:42:16.920 INFO  [api-gateway] [main] c.netflix.discovery.DiscoveryClient : Saw local status change event StatusChangeEvent [timestamp=1778307136920, current=UP, previous=STARTING]
2026-05-09 11:42:16.921 INFO  [api-gateway] [DiscoveryClient-InstanceInfoReplicator-0] c.netflix.discovery.DiscoveryClient : DiscoveryClient_API-GATEWAY/api-gateway:8080: registering service...
2026-05-09 11:42:16.967 INFO  [api-gateway] [DiscoveryClient-InstanceInfoReplicator-0] c.n.d.s.t.d.RedirectingEurekaHttpClient : Request execution error. endpoint=DefaultEndpoint{ serviceUrl='http://localhost:8761/eureka/}, exception=I/O error on POST request for "http://localhost:8761/eureka/apps/API-GATEWAY": Connect to http://localhost:8761 [localhost/127.0.0.1, localhost/0:0:0:0:0:0:0:1] failed: Connection refused: getsockopt stacktrace=org.springframework.web.client.ResourceAccessException: I/O error on POST request for "http://localhost:8761/eureka/apps/API-GATEWAY": Connect to http://localhost:8761 [localhost/127.0.0.1, localhost/0:0:0:0:0:0:0:1] failed: Connection refused: getsockopt
	at org.springframework.web.client.RestTemplate.createResourceAccessException(RestTemplate.java:915)
	at org.springframework.web.client.RestTemplate.doExecute(RestTemplate.java:895)
	at org.springframework.web.client.RestTemplate.execute(RestTemplate.java:790)
	at org.springframework.web.client.RestTemplate.exchange(RestTemplate.java:672)
	at org.springframework.cloud.netflix.eureka.http.RestTemplateEurekaHttpClient.register(RestTemplateEurekaHttpClient.java:77)
	at com.netflix.discovery.shared.transport.decorator.EurekaHttpClientDecorator$1.execute(EurekaHttpClientDecorator.java:59)
	at com.netflix.discovery.shared.transport.decorator.RedirectingEurekaHttpClient.executeOnNewServer(RedirectingEurekaHttpClient.java:121)
	at com.netflix.discovery.shared.transport.decorator.RedirectingEurekaHttpClient.execute(RedirectingEurekaHttpClient.java:80)
	at com.netflix.discovery.shared.transport.decorator.EurekaHttpClientDecorator.register(EurekaHttpClientDecorator.java:56)
	at com.netflix.discovery.shared.transport.decorator.EurekaHttpClientDecorator$1.execute(EurekaHttpClientDecorator.java:59)
	at com.netflix.discovery.shared.transport.decorator.RetryableEurekaHttpClient.execute(RetryableEurekaHttpClient.java:120)
	at com.netflix.discovery.shared.transport.decorator.EurekaHttpClientDecorator.register(EurekaHttpClientDecorator.java:56)
	at com.netflix.discovery.shared.transport.decorator.EurekaHttpClientDecorator$1.execute(EurekaHttpClientDecorator.java:59)
	at com.netflix.discovery.shared.transport.decorator.SessionedEurekaHttpClient.execute(SessionedEurekaHttpClient.java:77)
	at com.netflix.discovery.shared.transport.decorator.EurekaHttpClientDecorator.register(EurekaHttpClientDecorator.java:56)
	at com.netflix.discovery.DiscoveryClient.register(DiscoveryClient.java:820)
	at com.netflix.discovery.InstanceInfoReplicator.run(InstanceInfoReplicator.java:121)
	at com.netflix.discovery.InstanceInfoReplicator$1.run(InstanceInfoReplicator.java:101)
	at java.base/java.util.concurrent.Executors$RunnableAdapter.call(Executors.java:545)
	at java.base/java.util.concurrent.FutureTask.run(FutureTask.java:328)
	at java.base/java.util.concurrent.ScheduledThreadPoolExecutor$ScheduledFutureTask.run(ScheduledThreadPoolExecutor.java:309)
	at java.base/java.util.concurrent.ThreadPoolExecutor.runWorker(ThreadPoolExecutor.java:1090)
	at java.base/java.util.concurrent.ThreadPoolExecutor$Worker.run(ThreadPoolExecutor.java:614)
	at java.base/java.lang.Thread.run(Thread.java:1474)
Caused by: org.apache.hc.client5.http.HttpHostConnectException: Connect to http://localhost:8761 [localhost/127.0.0.1, localhost/0:0:0:0:0:0:0:1] failed: Connection refused: getsockopt
	at java.base/sun.nio.ch.Net.pollConnect(Native Method)
	at java.base/sun.nio.ch.Net.pollConnectNow(Net.java:639)
	at java.base/sun.nio.ch.NioSocketImpl.timedFinishConnect(NioSocketImpl.java:543)
	at java.base/sun.nio.ch.NioSocketImpl.connect(NioSocketImpl.java:594)
	at java.base/java.net.SocksSocketImpl.connect(SocksSocketImpl.java:284)
	at java.base/java.net.Socket.connect(Socket.java:659)
	at org.apache.hc.client5.http.socket.PlainConnectionSocketFactory.lambda$connectSocket$0(PlainConnectionSocketFactory.java:91)
	at java.base/java.security.AccessController.doPrivileged(AccessController.java:251)
	at org.apache.hc.client5.http.socket.PlainConnectionSocketFactory.connectSocket(PlainConnectionSocketFactory.java:90)
	at org.apache.hc.client5.http.socket.ConnectionSocketFactory.connectSocket(ConnectionSocketFactory.java:123)
	at org.apache.hc.client5.http.impl.io.DefaultHttpClientConnectionOperator.connect(DefaultHttpClientConnectionOperator.java:189)
	at org.apache.hc.client5.http.impl.io.PoolingHttpClientConnectionManager.connect(PoolingHttpClientConnectionManager.java:450)
	at org.apache.hc.client5.http.impl.classic.InternalExecRuntime.connectEndpoint(InternalExecRuntime.java:162)
	at org.apache.hc.client5.http.impl.classic.InternalExecRuntime.connectEndpoint(InternalExecRuntime.java:172)
	at org.apache.hc.client5.http.impl.classic.ConnectExec.execute(ConnectExec.java:142)
	at org.apache.hc.client5.http.impl.classic.ExecChainElement.execute(ExecChainElement.java:51)
	at org.apache.hc.client5.http.impl.classic.ProtocolExec.execute(ProtocolExec.java:192)
	at org.apache.hc.client5.http.impl.classic.ExecChainElement.execute(ExecChainElement.java:51)
	at org.apache.hc.client5.http.impl.classic.HttpRequestRetryExec.execute(HttpRequestRetryExec.java:113)
	at org.apache.hc.client5.http.impl.classic.ExecChainElement.execute(ExecChainElement.java:51)
	at org.apache.hc.client5.http.impl.classic.ContentCompressionExec.execute(ContentCompressionExec.java:152)
	at org.apache.hc.client5.http.impl.classic.ExecChainElement.execute(ExecChainElement.java:51)
	at org.apache.hc.client5.http.impl.classic.RedirectExec.execute(RedirectExec.java:116)
	at org.apache.hc.client5.http.impl.classic.ExecChainElement.execute(ExecChainElement.java:51)
	at org.apache.hc.client5.http.impl.classic.InternalHttpClient.doExecute(InternalHttpClient.java:170)
	at org.apache.hc.client5.http.impl.classic.CloseableHttpClient.execute(CloseableHttpClient.java:87)
	at org.apache.hc.client5.http.impl.classic.CloseableHttpClient.execute(CloseableHttpClient.java:55)
	at org.apache.hc.client5.http.classic.HttpClient.executeOpen(HttpClient.java:183)
	at org.springframework.http.client.HttpComponentsClientHttpRequest.executeInternal(HttpComponentsClientHttpRequest.java:99)
	at org.springframework.http.client.AbstractStreamingClientHttpRequest.executeInternal(AbstractStreamingClientHttpRequest.java:70)
	at org.springframework.http.client.AbstractClientHttpRequest.execute(AbstractClientHttpRequest.java:66)
	at org.springframework.http.client.InterceptingClientHttpRequest$InterceptingRequestExecution.execute(InterceptingClientHttpRequest.java:112)
	at org.springframework.cloud.netflix.eureka.http.RestTemplateTransportClientFactory.lambda$restTemplate$3(RestTemplateTransportClientFactory.java:170)
	at org.springframework.http.client.InterceptingClientHttpRequest$InterceptingRequestExecution.execute(InterceptingClientHttpRequest.java:88)
	at org.springframework.http.client.InterceptingClientHttpRequest.executeInternal(InterceptingClientHttpRequest.java:72)
	at org.springframework.http.client.AbstractBufferingClientHttpRequest.executeInternal(AbstractBufferingClientHttpRequest.java:48)
	at org.springframework.http.client.AbstractClientHttpRequest.execute(AbstractClientHttpRequest.java:66)
	at org.springframework.web.client.RestTemplate.doExecute(RestTemplate.java:889)
	... 22 more

2026-05-09 11:42:16.968 WARN  [api-gateway] [DiscoveryClient-InstanceInfoReplicator-0] c.n.d.s.t.d.RetryableEurekaHttpClient : Request execution failed with message: I/O error on POST request for "http://localhost:8761/eureka/apps/API-GATEWAY": Connect to http://localhost:8761 [localhost/127.0.0.1, localhost/0:0:0:0:0:0:0:1] failed: Connection refused: getsockopt
2026-05-09 11:42:16.968 WARN  [api-gateway] [DiscoveryClient-InstanceInfoReplicator-0] c.netflix.discovery.DiscoveryClient : DiscoveryClient_API-GATEWAY/api-gateway:8080 - registration failed Cannot execute request on any known server
com.netflix.discovery.shared.transport.TransportException: Cannot execute request on any known server
	at com.netflix.discovery.shared.transport.decorator.RetryableEurekaHttpClient.execute(RetryableEurekaHttpClient.java:112)
	at com.netflix.discovery.shared.transport.decorator.EurekaHttpClientDecorator.register(EurekaHttpClientDecorator.java:56)
	at com.netflix.discovery.shared.transport.decorator.EurekaHttpClientDecorator$1.execute(EurekaHttpClientDecorator.java:59)
	at com.netflix.discovery.shared.transport.decorator.SessionedEurekaHttpClient.execute(SessionedEurekaHttpClient.java:77)
	at com.netflix.discovery.shared.transport.decorator.EurekaHttpClientDecorator.register(EurekaHttpClientDecorator.java:56)
	at com.netflix.discovery.DiscoveryClient.register(DiscoveryClient.java:820)
	at com.netflix.discovery.InstanceInfoReplicator.run(InstanceInfoReplicator.java:121)
	at com.netflix.discovery.InstanceInfoReplicator$1.run(InstanceInfoReplicator.java:101)
	at java.base/java.util.concurrent.Executors$RunnableAdapter.call(Executors.java:545)
	at java.base/java.util.concurrent.FutureTask.run(FutureTask.java:328)
	at java.base/java.util.concurrent.ScheduledThreadPoolExecutor$ScheduledFutureTask.run(ScheduledThreadPoolExecutor.java:309)
	at java.base/java.util.concurrent.ThreadPoolExecutor.runWorker(ThreadPoolExecutor.java:1090)
	at java.base/java.util.concurrent.ThreadPoolExecutor$Worker.run(ThreadPoolExecutor.java:614)
	at java.base/java.lang.Thread.run(Thread.java:1474)
2026-05-09 11:42:16.969 WARN  [api-gateway] [DiscoveryClient-InstanceInfoReplicator-0] c.n.discovery.InstanceInfoReplicator : There was a problem with the instance info replicator
com.netflix.discovery.shared.transport.TransportException: Cannot execute request on any known server
	at com.netflix.discovery.shared.transport.decorator.RetryableEurekaHttpClient.execute(RetryableEurekaHttpClient.java:112)
	at com.netflix.discovery.shared.transport.decorator.EurekaHttpClientDecorator.register(EurekaHttpClientDecorator.java:56)
	at com.netflix.discovery.shared.transport.decorator.EurekaHttpClientDecorator$1.execute(EurekaHttpClientDecorator.java:59)
	at com.netflix.discovery.shared.transport.decorator.SessionedEurekaHttpClient.execute(SessionedEurekaHttpClient.java:77)
	at com.netflix.discovery.shared.transport.decorator.EurekaHttpClientDecorator.register(EurekaHttpClientDecorator.java:56)
	at com.netflix.discovery.DiscoveryClient.register(DiscoveryClient.java:820)
	at com.netflix.discovery.InstanceInfoReplicator.run(InstanceInfoReplicator.java:121)
	at com.netflix.discovery.InstanceInfoReplicator$1.run(InstanceInfoReplicator.java:101)
	at java.base/java.util.concurrent.Executors$RunnableAdapter.call(Executors.java:545)
	at java.base/java.util.concurrent.FutureTask.run(FutureTask.java:328)
	at java.base/java.util.concurrent.ScheduledThreadPoolExecutor$ScheduledFutureTask.run(ScheduledThreadPoolExecutor.java:309)
	at java.base/java.util.concurrent.ThreadPoolExecutor.runWorker(ThreadPoolExecutor.java:1090)
	at java.base/java.util.concurrent.ThreadPoolExecutor$Worker.run(ThreadPoolExecutor.java:614)
	at java.base/java.lang.Thread.run(Thread.java:1474)
2026-05-09 11:42:16.966 ERROR [api-gateway] [main] o.s.c.g.route.CachingRouteLocator : Refresh routes error !!!
org.springframework.expression.spel.SpelEvaluationException: EL1005E: Type cannot be found 'java.time.Instant'
	at org.springframework.expression.spel.support.SimpleEvaluationContext.lambda$static$0(SimpleEvaluationContext.java:103)
	at org.springframework.expression.spel.ExpressionState.findType(ExpressionState.java:181)
	at org.springframework.expression.spel.ast.TypeReference.getValueInternal(TypeReference.java:70)
	at org.springframework.expression.spel.ast.CompoundExpression.getValueRef(CompoundExpression.java:60)
	at org.springframework.expression.spel.ast.CompoundExpression.getValueInternal(CompoundExpression.java:96)
	at org.springframework.expression.spel.ast.SpelNodeImpl.getValue(SpelNodeImpl.java:114)
	at org.springframework.expression.spel.standard.SpelExpression.getValue(SpelExpression.java:273)
	at org.springframework.cloud.gateway.support.ShortcutConfigurable.getValue(ShortcutConfigurable.java:72)
	at org.springframework.cloud.gateway.support.ShortcutConfigurable$ShortcutType$1.normalize(ShortcutConfigurable.java:109)
	at org.springframework.cloud.gateway.support.ConfigurationService$ConfigurableBuilder.normalizeProperties(ConfigurationService.java:140)
	at org.springframework.cloud.gateway.support.ConfigurationService$AbstractBuilder.bind(ConfigurationService.java:241)
	at org.springframework.cloud.gateway.route.RouteDefinitionRouteLocator.loadGatewayFilters(RouteDefinitionRouteLocator.java:159)
	at org.springframework.cloud.gateway.route.RouteDefinitionRouteLocator.getFilters(RouteDefinitionRouteLocator.java:186)
	at org.springframework.cloud.gateway.route.RouteDefinitionRouteLocator.convertToRoute(RouteDefinitionRouteLocator.java:132)
	at reactor.core.publisher.FluxMap$MapSubscriber.onNext(FluxMap.java:106)
	at reactor.core.publisher.FluxFlatMap$FlatMapMain.tryEmitScalar(FluxFlatMap.java:492)
	at reactor.core.publisher.FluxFlatMap$FlatMapMain.onNext(FluxFlatMap.java:424)
	at reactor.core.publisher.FluxMergeSequential$MergeSequentialMain.drain(FluxMergeSequential.java:439)
	at reactor.core.publisher.FluxMergeSequential$MergeSequentialMain.innerComplete(FluxMergeSequential.java:335)
	at reactor.core.publisher.FluxMergeSequential$MergeSequentialInner.onSubscribe(FluxMergeSequential.java:559)
	at reactor.core.publisher.FluxIterable.subscribe(FluxIterable.java:201)
	at reactor.core.publisher.FluxIterable.subscribe(FluxIterable.java:83)
	at reactor.core.publisher.Flux.subscribe(Flux.java:8840)
	at reactor.core.publisher.FluxMergeSequential$MergeSequentialMain.onNext(FluxMergeSequential.java:237)
	at reactor.core.publisher.FluxIterable$IterableSubscription.slowPath(FluxIterable.java:335)
	at reactor.core.publisher.FluxIterable$IterableSubscription.request(FluxIterable.java:294)
	at reactor.core.publisher.FluxMergeSequential$MergeSequentialMain.onSubscribe(FluxMergeSequential.java:198)
	at reactor.core.publisher.FluxIterable.subscribe(FluxIterable.java:201)
	at reactor.core.publisher.FluxIterable.subscribe(FluxIterable.java:83)
	at reactor.core.publisher.Flux.subscribe(Flux.java:8840)
	at reactor.core.publisher.FluxMergeSequential$MergeSequentialMain.onNext(FluxMergeSequential.java:237)
	at reactor.core.publisher.FluxIterable$IterableSubscription.slowPath(FluxIterable.java:335)
	at reactor.core.publisher.FluxIterable$IterableSubscription.request(FluxIterable.java:294)
	at reactor.core.publisher.FluxMergeSequential$MergeSequentialMain.onSubscribe(FluxMergeSequential.java:198)
	at reactor.core.publisher.FluxIterable.subscribe(FluxIterable.java:201)
	at reactor.core.publisher.FluxIterable.subscribe(FluxIterable.java:83)
	at reactor.core.publisher.Mono.subscribe(Mono.java:4568)
	at reactor.core.publisher.Mono.subscribeWith(Mono.java:4634)
	at reactor.core.publisher.Mono.subscribe(Mono.java:4534)
	at reactor.core.publisher.Mono.subscribe(Mono.java:4470)
	at reactor.core.publisher.Mono.subscribe(Mono.java:4442)
	at org.springframework.cloud.gateway.route.CachingRouteLocator.onApplicationEvent(CachingRouteLocator.java:98)
	at org.springframework.cloud.gateway.route.CachingRouteLocator.onApplicationEvent(CachingRouteLocator.java:42)
	at org.springframework.context.event.SimpleApplicationEventMulticaster.doInvokeListener(SimpleApplicationEventMulticaster.java:185)
	at org.springframework.context.event.SimpleApplicationEventMulticaster.invokeListener(SimpleApplicationEventMulticaster.java:178)
	at org.springframework.context.event.SimpleApplicationEventMulticaster.multicastEvent(SimpleApplicationEventMulticaster.java:156)
	at org.springframework.context.support.AbstractApplicationContext.publishEvent(AbstractApplicationContext.java:451)
	at org.springframework.context.support.AbstractApplicationContext.publishEvent(AbstractApplicationContext.java:384)
	at org.springframework.cloud.gateway.route.RouteRefreshListener.reset(RouteRefreshListener.java:73)
	at org.springframework.cloud.gateway.route.RouteRefreshListener.onApplicationEvent(RouteRefreshListener.java:54)
	at org.springframework.context.event.SimpleApplicationEventMulticaster.doInvokeListener(SimpleApplicationEventMulticaster.java:185)
	at org.springframework.context.event.SimpleApplicationEventMulticaster.invokeListener(SimpleApplicationEventMulticaster.java:178)
	at org.springframework.context.event.SimpleApplicationEventMulticaster.multicastEvent(SimpleApplicationEventMulticaster.java:156)
	at org.springframework.context.support.AbstractApplicationContext.publishEvent(AbstractApplicationContext.java:451)
	at org.springframework.context.support.AbstractApplicationContext.publishEvent(AbstractApplicationContext.java:384)
	at org.springframework.cloud.netflix.eureka.serviceregistry.EurekaAutoServiceRegistration.start(EurekaAutoServiceRegistration.java:91)
	at org.springframework.context.support.DefaultLifecycleProcessor.doStart(DefaultLifecycleProcessor.java:288)
	at org.springframework.context.support.DefaultLifecycleProcessor$LifecycleGroup.start(DefaultLifecycleProcessor.java:471)
	at java.base/java.lang.Iterable.forEach(Iterable.java:75)
	at org.springframework.context.support.DefaultLifecycleProcessor.startBeans(DefaultLifecycleProcessor.java:260)
	at org.springframework.context.support.DefaultLifecycleProcessor.onRefresh(DefaultLifecycleProcessor.java:205)
	at org.springframework.context.support.AbstractApplicationContext.finishRefresh(AbstractApplicationContext.java:981)
	at org.springframework.context.support.AbstractApplicationContext.refresh(AbstractApplicationContext.java:627)
	at org.springframework.boot.web.reactive.context.ReactiveWebServerApplicationContext.refresh(ReactiveWebServerApplicationContext.java:66)
	at org.springframework.boot.SpringApplication.refresh(SpringApplication.java:754)
	at org.springframework.boot.SpringApplication.refreshContext(SpringApplication.java:456)
	at org.springframework.boot.SpringApplication.run(SpringApplication.java:335)
	at org.springframework.boot.SpringApplication.run(SpringApplication.java:1363)
	at org.springframework.boot.SpringApplication.run(SpringApplication.java:1352)
	at com.chatapp.gateway.ApiGatewayApplication.main(ApiGatewayApplication.java:31)
2026-05-09 11:42:16.981 WARN  [api-gateway] [main] o.s.b.w.r.c.AnnotationConfigReactiveWebServerApplicationContext : Exception encountered during context initialization - cancelling refresh attempt: org.springframework.context.ApplicationContextException: Failed to start bean 'eurekaAutoServiceRegistration'
2026-05-09 11:42:16.993 INFO  [api-gateway] [main] c.netflix.discovery.DiscoveryClient : Shutting down DiscoveryClient ...
2026-05-09 11:42:19.997 INFO  [api-gateway] [main] c.netflix.discovery.DiscoveryClient : Unregistering ...
2026-05-09 11:42:20.007 INFO  [api-gateway] [main] c.n.d.s.t.d.RedirectingEurekaHttpClient : Request execution error. endpoint=DefaultEndpoint{ serviceUrl='http://localhost:8761/eureka/}, exception=I/O error on DELETE request for "http://localhost:8761/eureka/apps/API-GATEWAY/api-gateway:8080": Connect to http://localhost:8761 [localhost/127.0.0.1, localhost/0:0:0:0:0:0:0:1] failed: Connection refused: getsockopt stacktrace=org.springframework.web.client.ResourceAccessException: I/O error on DELETE request for "http://localhost:8761/eureka/apps/API-GATEWAY/api-gateway:8080": Connect to http://localhost:8761 [localhost/127.0.0.1, localhost/0:0:0:0:0:0:0:1] failed: Connection refused: getsockopt
	at org.springframework.web.client.RestTemplate.createResourceAccessException(RestTemplate.java:915)
	at org.springframework.web.client.RestTemplate.doExecute(RestTemplate.java:895)
	at org.springframework.web.client.RestTemplate.execute(RestTemplate.java:790)
	at org.springframework.web.client.RestTemplate.exchange(RestTemplate.java:672)
	at org.springframework.cloud.netflix.eureka.http.RestTemplateEurekaHttpClient.cancel(RestTemplateEurekaHttpClient.java:87)
	at com.netflix.discovery.shared.transport.decorator.EurekaHttpClientDecorator$2.execute(EurekaHttpClientDecorator.java:74)
	at com.netflix.discovery.shared.transport.decorator.RedirectingEurekaHttpClient.executeOnNewServer(RedirectingEurekaHttpClient.java:121)
	at com.netflix.discovery.shared.transport.decorator.RedirectingEurekaHttpClient.execute(RedirectingEurekaHttpClient.java:80)
	at com.netflix.discovery.shared.transport.decorator.EurekaHttpClientDecorator.cancel(EurekaHttpClientDecorator.java:71)
	at com.netflix.discovery.shared.transport.decorator.EurekaHttpClientDecorator$2.execute(EurekaHttpClientDecorator.java:74)
	at com.netflix.discovery.shared.transport.decorator.RetryableEurekaHttpClient.execute(RetryableEurekaHttpClient.java:120)
	at com.netflix.discovery.shared.transport.decorator.EurekaHttpClientDecorator.cancel(EurekaHttpClientDecorator.java:71)
	at com.netflix.discovery.shared.transport.decorator.EurekaHttpClientDecorator$2.execute(EurekaHttpClientDecorator.java:74)
	at com.netflix.discovery.shared.transport.decorator.SessionedEurekaHttpClient.execute(SessionedEurekaHttpClient.java:77)
	at com.netflix.discovery.shared.transport.decorator.EurekaHttpClientDecorator.cancel(EurekaHttpClientDecorator.java:71)
	at com.netflix.discovery.DiscoveryClient.unregister(DiscoveryClient.java:916)
	at com.netflix.discovery.DiscoveryClient.shutdown(DiscoveryClient.java:892)
	at java.base/jdk.internal.reflect.DirectMethodHandleAccessor.invoke(DirectMethodHandleAccessor.java:104)
	at java.base/java.lang.reflect.Method.invoke(Method.java:565)
	at org.springframework.beans.factory.annotation.InitDestroyAnnotationBeanPostProcessor$LifecycleMethod.invoke(InitDestroyAnnotationBeanPostProcessor.java:457)
	at org.springframework.beans.factory.annotation.InitDestroyAnnotationBeanPostProcessor$LifecycleMetadata.invokeDestroyMethods(InitDestroyAnnotationBeanPostProcessor.java:415)
	at org.springframework.beans.factory.annotation.InitDestroyAnnotationBeanPostProcessor.postProcessBeforeDestruction(InitDestroyAnnotationBeanPostProcessor.java:239)
	at org.springframework.beans.factory.support.DisposableBeanAdapter.destroy(DisposableBeanAdapter.java:202)
	at org.springframework.beans.factory.support.DisposableBeanAdapter.run(DisposableBeanAdapter.java:195)
	at org.springframework.cloud.context.scope.GenericScope$BeanLifecycleWrapper.destroy(GenericScope.java:389)
	at org.springframework.cloud.context.scope.GenericScope.destroy(GenericScope.java:136)
	at org.springframework.beans.factory.support.DisposableBeanAdapter.destroy(DisposableBeanAdapter.java:211)
	at org.springframework.beans.factory.support.DefaultSingletonBeanRegistry.destroyBean(DefaultSingletonBeanRegistry.java:587)
	at org.springframework.beans.factory.support.DefaultSingletonBeanRegistry.destroySingleton(DefaultSingletonBeanRegistry.java:559)
	at org.springframework.beans.factory.support.DefaultListableBeanFactory.destroySingleton(DefaultListableBeanFactory.java:1202)
	at org.springframework.beans.factory.support.DefaultSingletonBeanRegistry.destroySingletons(DefaultSingletonBeanRegistry.java:520)
	at org.springframework.beans.factory.support.DefaultListableBeanFactory.destroySingletons(DefaultListableBeanFactory.java:1195)
	at org.springframework.context.support.AbstractApplicationContext.destroyBeans(AbstractApplicationContext.java:1186)
	at org.springframework.context.support.AbstractApplicationContext.refresh(AbstractApplicationContext.java:637)
	at org.springframework.boot.web.reactive.context.ReactiveWebServerApplicationContext.refresh(ReactiveWebServerApplicationContext.java:66)
	at org.springframework.boot.SpringApplication.refresh(SpringApplication.java:754)
	at org.springframework.boot.SpringApplication.refreshContext(SpringApplication.java:456)
	at org.springframework.boot.SpringApplication.run(SpringApplication.java:335)
	at org.springframework.boot.SpringApplication.run(SpringApplication.java:1363)
	at org.springframework.boot.SpringApplication.run(SpringApplication.java:1352)
	at com.chatapp.gateway.ApiGatewayApplication.main(ApiGatewayApplication.java:31)
Caused by: org.apache.hc.client5.http.HttpHostConnectException: Connect to http://localhost:8761 [localhost/127.0.0.1, localhost/0:0:0:0:0:0:0:1] failed: Connection refused: getsockopt
	at java.base/sun.nio.ch.Net.pollConnect(Native Method)
	at java.base/sun.nio.ch.Net.pollConnectNow(Net.java:639)
	at java.base/sun.nio.ch.NioSocketImpl.timedFinishConnect(NioSocketImpl.java:543)
	at java.base/sun.nio.ch.NioSocketImpl.connect(NioSocketImpl.java:594)
	at java.base/java.net.SocksSocketImpl.connect(SocksSocketImpl.java:284)
	at java.base/java.net.Socket.connect(Socket.java:659)
	at org.apache.hc.client5.http.socket.PlainConnectionSocketFactory.lambda$connectSocket$0(PlainConnectionSocketFactory.java:91)
	at java.base/java.security.AccessController.doPrivileged(AccessController.java:251)
	at org.apache.hc.client5.http.socket.PlainConnectionSocketFactory.connectSocket(PlainConnectionSocketFactory.java:90)
	at org.apache.hc.client5.http.socket.ConnectionSocketFactory.connectSocket(ConnectionSocketFactory.java:123)
	at org.apache.hc.client5.http.impl.io.DefaultHttpClientConnectionOperator.connect(DefaultHttpClientConnectionOperator.java:189)
	at org.apache.hc.client5.http.impl.io.PoolingHttpClientConnectionManager.connect(PoolingHttpClientConnectionManager.java:450)
	at org.apache.hc.client5.http.impl.classic.InternalExecRuntime.connectEndpoint(InternalExecRuntime.java:162)
	at org.apache.hc.client5.http.impl.classic.InternalExecRuntime.connectEndpoint(InternalExecRuntime.java:172)
	at org.apache.hc.client5.http.impl.classic.ConnectExec.execute(ConnectExec.java:142)
	at org.apache.hc.client5.http.impl.classic.ExecChainElement.execute(ExecChainElement.java:51)
	at org.apache.hc.client5.http.impl.classic.ProtocolExec.execute(ProtocolExec.java:192)
	at org.apache.hc.client5.http.impl.classic.ExecChainElement.execute(ExecChainElement.java:51)
	at org.apache.hc.client5.http.impl.classic.HttpRequestRetryExec.execute(HttpRequestRetryExec.java:113)
	at org.apache.hc.client5.http.impl.classic.ExecChainElement.execute(ExecChainElement.java:51)
	at org.apache.hc.client5.http.impl.classic.ContentCompressionExec.execute(ContentCompressionExec.java:152)
	at org.apache.hc.client5.http.impl.classic.ExecChainElement.execute(ExecChainElement.java:51)
	at org.apache.hc.client5.http.impl.classic.RedirectExec.execute(RedirectExec.java:116)
	at org.apache.hc.client5.http.impl.classic.ExecChainElement.execute(ExecChainElement.java:51)
	at org.apache.hc.client5.http.impl.classic.InternalHttpClient.doExecute(InternalHttpClient.java:170)
	at org.apache.hc.client5.http.impl.classic.CloseableHttpClient.execute(CloseableHttpClient.java:87)
	at org.apache.hc.client5.http.impl.classic.CloseableHttpClient.execute(CloseableHttpClient.java:55)
	at org.apache.hc.client5.http.classic.HttpClient.executeOpen(HttpClient.java:183)
	at org.springframework.http.client.HttpComponentsClientHttpRequest.executeInternal(HttpComponentsClientHttpRequest.java:99)
	at org.springframework.http.client.AbstractStreamingClientHttpRequest.executeInternal(AbstractStreamingClientHttpRequest.java:70)
	at org.springframework.http.client.AbstractClientHttpRequest.execute(AbstractClientHttpRequest.java:66)
	at org.springframework.http.client.InterceptingClientHttpRequest$InterceptingRequestExecution.execute(InterceptingClientHttpRequest.java:112)
	at org.springframework.cloud.netflix.eureka.http.RestTemplateTransportClientFactory.lambda$restTemplate$3(RestTemplateTransportClientFactory.java:170)
	at org.springframework.http.client.InterceptingClientHttpRequest$InterceptingRequestExecution.execute(InterceptingClientHttpRequest.java:88)
	at org.springframework.http.client.InterceptingClientHttpRequest.executeInternal(InterceptingClientHttpRequest.java:72)
	at org.springframework.http.client.AbstractBufferingClientHttpRequest.executeInternal(AbstractBufferingClientHttpRequest.java:48)
	at org.springframework.http.client.AbstractClientHttpRequest.execute(AbstractClientHttpRequest.java:66)
	at org.springframework.web.client.RestTemplate.doExecute(RestTemplate.java:889)
	... 39 more

2026-05-09 11:42:20.007 WARN  [api-gateway] [main] c.n.d.s.t.d.RetryableEurekaHttpClient : Request execution failed with message: I/O error on DELETE request for "http://localhost:8761/eureka/apps/API-GATEWAY/api-gateway:8080": Connect to http://localhost:8761 [localhost/127.0.0.1, localhost/0:0:0:0:0:0:0:1] failed: Connection refused: getsockopt
2026-05-09 11:42:20.007 ERROR [api-gateway] [main] c.netflix.discovery.DiscoveryClient : DiscoveryClient_API-GATEWAY/api-gateway:8080 - de-registration failedCannot execute request on any known server
com.netflix.discovery.shared.transport.TransportException: Cannot execute request on any known server
	at com.netflix.discovery.shared.transport.decorator.RetryableEurekaHttpClient.execute(RetryableEurekaHttpClient.java:112)
	at com.netflix.discovery.shared.transport.decorator.EurekaHttpClientDecorator.cancel(EurekaHttpClientDecorator.java:71)
	at com.netflix.discovery.shared.transport.decorator.EurekaHttpClientDecorator$2.execute(EurekaHttpClientDecorator.java:74)
	at com.netflix.discovery.shared.transport.decorator.SessionedEurekaHttpClient.execute(SessionedEurekaHttpClient.java:77)
	at com.netflix.discovery.shared.transport.decorator.EurekaHttpClientDecorator.cancel(EurekaHttpClientDecorator.java:71)
	at com.netflix.discovery.DiscoveryClient.unregister(DiscoveryClient.java:916)
	at com.netflix.discovery.DiscoveryClient.shutdown(DiscoveryClient.java:892)
	at java.base/jdk.internal.reflect.DirectMethodHandleAccessor.invoke(DirectMethodHandleAccessor.java:104)
	at java.base/java.lang.reflect.Method.invoke(Method.java:565)
	at org.springframework.beans.factory.annotation.InitDestroyAnnotationBeanPostProcessor$LifecycleMethod.invoke(InitDestroyAnnotationBeanPostProcessor.java:457)
	at org.springframework.beans.factory.annotation.InitDestroyAnnotationBeanPostProcessor$LifecycleMetadata.invokeDestroyMethods(InitDestroyAnnotationBeanPostProcessor.java:415)
	at org.springframework.beans.factory.annotation.InitDestroyAnnotationBeanPostProcessor.postProcessBeforeDestruction(InitDestroyAnnotationBeanPostProcessor.java:239)
	at org.springframework.beans.factory.support.DisposableBeanAdapter.destroy(DisposableBeanAdapter.java:202)
	at org.springframework.beans.factory.support.DisposableBeanAdapter.run(DisposableBeanAdapter.java:195)
	at org.springframework.cloud.context.scope.GenericScope$BeanLifecycleWrapper.destroy(GenericScope.java:389)
	at org.springframework.cloud.context.scope.GenericScope.destroy(GenericScope.java:136)
	at org.springframework.beans.factory.support.DisposableBeanAdapter.destroy(DisposableBeanAdapter.java:211)
	at org.springframework.beans.factory.support.DefaultSingletonBeanRegistry.destroyBean(DefaultSingletonBeanRegistry.java:587)
	at org.springframework.beans.factory.support.DefaultSingletonBeanRegistry.destroySingleton(DefaultSingletonBeanRegistry.java:559)
	at org.springframework.beans.factory.support.DefaultListableBeanFactory.destroySingleton(DefaultListableBeanFactory.java:1202)
	at org.springframework.beans.factory.support.DefaultSingletonBeanRegistry.destroySingletons(DefaultSingletonBeanRegistry.java:520)
	at org.springframework.beans.factory.support.DefaultListableBeanFactory.destroySingletons(DefaultListableBeanFactory.java:1195)
	at org.springframework.context.support.AbstractApplicationContext.destroyBeans(AbstractApplicationContext.java:1186)
	at org.springframework.context.support.AbstractApplicationContext.refresh(AbstractApplicationContext.java:637)
	at org.springframework.boot.web.reactive.context.ReactiveWebServerApplicationContext.refresh(ReactiveWebServerApplicationContext.java:66)
	at org.springframework.boot.SpringApplication.refresh(SpringApplication.java:754)
	at org.springframework.boot.SpringApplication.refreshContext(SpringApplication.java:456)
	at org.springframework.boot.SpringApplication.run(SpringApplication.java:335)
	at org.springframework.boot.SpringApplication.run(SpringApplication.java:1363)
	at org.springframework.boot.SpringApplication.run(SpringApplication.java:1352)
	at com.chatapp.gateway.ApiGatewayApplication.main(ApiGatewayApplication.java:31)
2026-05-09 11:42:20.011 INFO  [api-gateway] [main] c.netflix.discovery.DiscoveryClient : Completed shut down of DiscoveryClient
2026-05-09 11:42:20.023 INFO  [api-gateway] [main] o.s.b.a.l.ConditionEvaluationReportLogger : 

Error starting ApplicationContext. To display the condition evaluation report re-run your application with 'debug' enabled.
2026-05-09 11:42:20.035 ERROR [api-gateway] [main] o.s.boot.SpringApplication : Application run failed
org.springframework.context.ApplicationContextException: Failed to start bean 'eurekaAutoServiceRegistration'
	at org.springframework.context.support.DefaultLifecycleProcessor.doStart(DefaultLifecycleProcessor.java:291)
	at org.springframework.context.support.DefaultLifecycleProcessor$LifecycleGroup.start(DefaultLifecycleProcessor.java:471)
	at java.base/java.lang.Iterable.forEach(Iterable.java:75)
	at org.springframework.context.support.DefaultLifecycleProcessor.startBeans(DefaultLifecycleProcessor.java:260)
	at org.springframework.context.support.DefaultLifecycleProcessor.onRefresh(DefaultLifecycleProcessor.java:205)
	at org.springframework.context.support.AbstractApplicationContext.finishRefresh(AbstractApplicationContext.java:981)
	at org.springframework.context.support.AbstractApplicationContext.refresh(AbstractApplicationContext.java:627)
	at org.springframework.boot.web.reactive.context.ReactiveWebServerApplicationContext.refresh(ReactiveWebServerApplicationContext.java:66)
	at org.springframework.boot.SpringApplication.refresh(SpringApplication.java:754)
	at org.springframework.boot.SpringApplication.refreshContext(SpringApplication.java:456)
	at org.springframework.boot.SpringApplication.run(SpringApplication.java:335)
	at org.springframework.boot.SpringApplication.run(SpringApplication.java:1363)
	at org.springframework.boot.SpringApplication.run(SpringApplication.java:1352)
	at com.chatapp.gateway.ApiGatewayApplication.main(ApiGatewayApplication.java:31)
Caused by: org.springframework.expression.spel.SpelEvaluationException: EL1005E: Type cannot be found 'java.time.Instant'
	at org.springframework.expression.spel.support.SimpleEvaluationContext.lambda$static$0(SimpleEvaluationContext.java:103)
	at org.springframework.expression.spel.ExpressionState.findType(ExpressionState.java:181)
	at org.springframework.expression.spel.ast.TypeReference.getValueInternal(TypeReference.java:70)
	at org.springframework.expression.spel.ast.CompoundExpression.getValueRef(CompoundExpression.java:60)
	at org.springframework.expression.spel.ast.CompoundExpression.getValueInternal(CompoundExpression.java:96)
	at org.springframework.expression.spel.ast.SpelNodeImpl.getValue(SpelNodeImpl.java:114)
	at org.springframework.expression.spel.standard.SpelExpression.getValue(SpelExpression.java:273)
	at org.springframework.cloud.gateway.support.ShortcutConfigurable.getValue(ShortcutConfigurable.java:72)
	at org.springframework.cloud.gateway.support.ShortcutConfigurable$ShortcutType$1.normalize(ShortcutConfigurable.java:109)
	at org.springframework.cloud.gateway.support.ConfigurationService$ConfigurableBuilder.normalizeProperties(ConfigurationService.java:140)
	at org.springframework.cloud.gateway.support.ConfigurationService$AbstractBuilder.bind(ConfigurationService.java:241)
	at org.springframework.cloud.gateway.route.RouteDefinitionRouteLocator.loadGatewayFilters(RouteDefinitionRouteLocator.java:159)
	at org.springframework.cloud.gateway.route.RouteDefinitionRouteLocator.getFilters(RouteDefinitionRouteLocator.java:186)
	at org.springframework.cloud.gateway.route.RouteDefinitionRouteLocator.convertToRoute(RouteDefinitionRouteLocator.java:132)
	at reactor.core.publisher.FluxMap$MapSubscriber.onNext(FluxMap.java:106)
	at reactor.core.publisher.FluxFlatMap$FlatMapMain.tryEmitScalar(FluxFlatMap.java:492)
	at reactor.core.publisher.FluxFlatMap$FlatMapMain.onNext(FluxFlatMap.java:424)
	at reactor.core.publisher.FluxMergeSequential$MergeSequentialMain.drain(FluxMergeSequential.java:439)
	at reactor.core.publisher.FluxMergeSequential$MergeSequentialMain.innerComplete(FluxMergeSequential.java:335)
	at reactor.core.publisher.FluxMergeSequential$MergeSequentialInner.onSubscribe(FluxMergeSequential.java:559)
	at reactor.core.publisher.FluxIterable.subscribe(FluxIterable.java:201)
	at reactor.core.publisher.FluxIterable.subscribe(FluxIterable.java:83)
	at reactor.core.publisher.Flux.subscribe(Flux.java:8840)
	at reactor.core.publisher.FluxMergeSequential$MergeSequentialMain.onNext(FluxMergeSequential.java:237)
	at reactor.core.publisher.FluxIterable$IterableSubscription.slowPath(FluxIterable.java:335)
	at reactor.core.publisher.FluxIterable$IterableSubscription.request(FluxIterable.java:294)
	at reactor.core.publisher.FluxMergeSequential$MergeSequentialMain.onSubscribe(FluxMergeSequential.java:198)
	at reactor.core.publisher.FluxIterable.subscribe(FluxIterable.java:201)
	at reactor.core.publisher.FluxIterable.subscribe(FluxIterable.java:83)
	at reactor.core.publisher.Flux.subscribe(Flux.java:8840)
	at reactor.core.publisher.FluxMergeSequential$MergeSequentialMain.onNext(FluxMergeSequential.java:237)
	at reactor.core.publisher.FluxIterable$IterableSubscription.slowPath(FluxIterable.java:335)
	at reactor.core.publisher.FluxIterable$IterableSubscription.request(FluxIterable.java:294)
	at reactor.core.publisher.FluxMergeSequential$MergeSequentialMain.onSubscribe(FluxMergeSequential.java:198)
	at reactor.core.publisher.FluxIterable.subscribe(FluxIterable.java:201)
	at reactor.core.publisher.FluxIterable.subscribe(FluxIterable.java:83)
	at reactor.core.publisher.InternalFluxOperator.subscribe(InternalFluxOperator.java:68)
	at reactor.core.publisher.FluxDefer.subscribe(FluxDefer.java:54)
	at reactor.core.publisher.Flux.subscribe(Flux.java:8840)
	at reactor.core.publisher.Flux.blockLast(Flux.java:2816)
	at org.springframework.cloud.gateway.filter.WeightCalculatorWebFilter.lambda$onApplicationEvent$3(WeightCalculatorWebFilter.java:156)
	at org.springframework.beans.factory.support.DefaultListableBeanFactory$DependencyObjectProvider.ifAvailable(DefaultListableBeanFactory.java:2126)
	at org.springframework.cloud.gateway.filter.WeightCalculatorWebFilter.onApplicationEvent(WeightCalculatorWebFilter.java:156)
	at org.springframework.context.event.SimpleApplicationEventMulticaster.doInvokeListener(SimpleApplicationEventMulticaster.java:185)
	at org.springframework.context.event.SimpleApplicationEventMulticaster.invokeListener(SimpleApplicationEventMulticaster.java:178)
	at org.springframework.context.event.SimpleApplicationEventMulticaster.multicastEvent(SimpleApplicationEventMulticaster.java:156)
	at org.springframework.context.support.AbstractApplicationContext.publishEvent(AbstractApplicationContext.java:451)
	at org.springframework.context.support.AbstractApplicationContext.publishEvent(AbstractApplicationContext.java:384)
	at org.springframework.cloud.gateway.route.RouteRefreshListener.reset(RouteRefreshListener.java:73)
	at org.springframework.cloud.gateway.route.RouteRefreshListener.onApplicationEvent(RouteRefreshListener.java:54)
	at org.springframework.context.event.SimpleApplicationEventMulticaster.doInvokeListener(SimpleApplicationEventMulticaster.java:185)
	at org.springframework.context.event.SimpleApplicationEventMulticaster.invokeListener(SimpleApplicationEventMulticaster.java:178)
	at org.springframework.context.event.SimpleApplicationEventMulticaster.multicastEvent(SimpleApplicationEventMulticaster.java:156)
	at org.springframework.context.support.AbstractApplicationContext.publishEvent(AbstractApplicationContext.java:451)
	at org.springframework.context.support.AbstractApplicationContext.publishEvent(AbstractApplicationContext.java:384)
	at org.springframework.cloud.netflix.eureka.serviceregistry.EurekaAutoServiceRegistration.start(EurekaAutoServiceRegistration.java:91)
	at org.springframework.context.support.DefaultLifecycleProcessor.doStart(DefaultLifecycleProcessor.java:288)
	... 13 common frames omitted
	Suppressed: java.lang.Exception: #block terminated with an error
		at reactor.core.publisher.BlockingSingleSubscriber.blockingGet(BlockingSingleSubscriber.java:104)
		at reactor.core.publisher.Flux.blockLast(Flux.java:2817)
		... 30 common frames omitted
2026-05-09 11:44:53.340 INFO  [api-gateway] [main] c.c.gateway.ApiGatewayApplication : Starting ApiGatewayApplication using Java 25.0.2 with PID 17540 (C:\Users\ADMIN\Documents\workspace-spring-tools-for-eclipse-5.1.1.RELEASE\Api-Gateway\target\classes started by ADMIN in C:\Users\ADMIN\Documents\workspace-spring-tools-for-eclipse-5.1.1.RELEASE\Api-Gateway)
2026-05-09 11:44:53.341 DEBUG [api-gateway] [main] c.c.gateway.ApiGatewayApplication : Running with Spring Boot v3.3.0, Spring v6.1.8
2026-05-09 11:44:53.342 INFO  [api-gateway] [main] c.c.gateway.ApiGatewayApplication : No active profile set, falling back to 1 default profile: "default"
2026-05-09 11:44:54.170 INFO  [api-gateway] [main] o.s.d.r.c.RepositoryConfigurationDelegate : Multiple Spring Data modules found, entering strict repository configuration mode
2026-05-09 11:44:54.173 INFO  [api-gateway] [main] o.s.d.r.c.RepositoryConfigurationDelegate : Bootstrapping Spring Data Redis repositories in DEFAULT mode.
2026-05-09 11:44:54.206 INFO  [api-gateway] [main] o.s.d.r.c.RepositoryConfigurationDelegate : Finished Spring Data repository scanning in 12 ms. Found 0 Redis repository interfaces.
2026-05-09 11:44:54.381 INFO  [api-gateway] [main] o.s.cloud.context.scope.GenericScope : BeanFactory id=436b87c6-fc87-3642-9ebc-9709335c5382
2026-05-09 11:44:54.452 WARN  [api-gateway] [main] o.s.c.s.PostProcessorRegistrationDelegate$BeanPostProcessorChecker : Bean 'org.springframework.cloud.client.loadbalancer.LoadBalancerAutoConfiguration$DeferringLoadBalancerInterceptorConfig' of type [org.springframework.cloud.client.loadbalancer.LoadBalancerAutoConfiguration$DeferringLoadBalancerInterceptorConfig] is not eligible for getting processed by all BeanPostProcessors (for example: not eligible for auto-proxying). The currently created BeanPostProcessor [lbRestClientPostProcessor] is declared through a non-static factory method on that class; consider declaring it as static instead.
2026-05-09 11:44:54.455 WARN  [api-gateway] [main] o.s.c.s.PostProcessorRegistrationDelegate$BeanPostProcessorChecker : Bean 'deferringLoadBalancerInterceptor' of type [org.springframework.cloud.client.loadbalancer.DeferringLoadBalancerInterceptor] is not eligible for getting processed by all BeanPostProcessors (for example: not eligible for auto-proxying). Is this bean getting eagerly injected into a currently created BeanPostProcessor [lbRestClientPostProcessor]? Check the corresponding BeanPostProcessor declaration and its dependencies.
2026-05-09 11:44:54.456 WARN  [api-gateway] [main] o.s.c.s.PostProcessorRegistrationDelegate$BeanPostProcessorChecker : Bean 'org.springframework.cloud.client.loadbalancer.reactive.LoadBalancerBeanPostProcessorAutoConfiguration' of type [org.springframework.cloud.client.loadbalancer.reactive.LoadBalancerBeanPostProcessorAutoConfiguration] is not eligible for getting processed by all BeanPostProcessors (for example: not eligible for auto-proxying). The currently created BeanPostProcessor [loadBalancerWebClientBuilderBeanPostProcessor] is declared through a non-static factory method on that class; consider declaring it as static instead.
2026-05-09 11:44:54.457 WARN  [api-gateway] [main] o.s.c.s.PostProcessorRegistrationDelegate$BeanPostProcessorChecker : Bean 'org.springframework.cloud.client.loadbalancer.reactive.LoadBalancerBeanPostProcessorAutoConfiguration$ReactorDeferringLoadBalancerFilterConfig' of type [org.springframework.cloud.client.loadbalancer.reactive.LoadBalancerBeanPostProcessorAutoConfiguration$ReactorDeferringLoadBalancerFilterConfig] is not eligible for getting processed by all BeanPostProcessors (for example: not eligible for auto-proxying). Is this bean getting eagerly injected into a currently created BeanPostProcessor [loadBalancerWebClientBuilderBeanPostProcessor]? Check the corresponding BeanPostProcessor declaration and its dependencies.
2026-05-09 11:44:54.458 WARN  [api-gateway] [main] o.s.c.s.PostProcessorRegistrationDelegate$BeanPostProcessorChecker : Bean 'reactorDeferringLoadBalancerExchangeFilterFunction' of type [org.springframework.cloud.client.loadbalancer.reactive.DeferringLoadBalancerExchangeFilterFunction] is not eligible for getting processed by all BeanPostProcessors (for example: not eligible for auto-proxying). Is this bean getting eagerly injected into a currently created BeanPostProcessor [loadBalancerWebClientBuilderBeanPostProcessor]? Check the corresponding BeanPostProcessor declaration and its dependencies.
2026-05-09 11:44:55.287 INFO  [api-gateway] [main] o.s.c.g.r.RouteDefinitionRouteLocator : Loaded RoutePredicateFactory [After]
2026-05-09 11:44:55.287 INFO  [api-gateway] [main] o.s.c.g.r.RouteDefinitionRouteLocator : Loaded RoutePredicateFactory [Before]
2026-05-09 11:44:55.287 INFO  [api-gateway] [main] o.s.c.g.r.RouteDefinitionRouteLocator : Loaded RoutePredicateFactory [Between]
2026-05-09 11:44:55.287 INFO  [api-gateway] [main] o.s.c.g.r.RouteDefinitionRouteLocator : Loaded RoutePredicateFactory [Cookie]
2026-05-09 11:44:55.287 INFO  [api-gateway] [main] o.s.c.g.r.RouteDefinitionRouteLocator : Loaded RoutePredicateFactory [Header]
2026-05-09 11:44:55.287 INFO  [api-gateway] [main] o.s.c.g.r.RouteDefinitionRouteLocator : Loaded RoutePredicateFactory [Host]
2026-05-09 11:44:55.287 INFO  [api-gateway] [main] o.s.c.g.r.RouteDefinitionRouteLocator : Loaded RoutePredicateFactory [Method]
2026-05-09 11:44:55.288 INFO  [api-gateway] [main] o.s.c.g.r.RouteDefinitionRouteLocator : Loaded RoutePredicateFactory [Path]
2026-05-09 11:44:55.288 INFO  [api-gateway] [main] o.s.c.g.r.RouteDefinitionRouteLocator : Loaded RoutePredicateFactory [Query]
2026-05-09 11:44:55.288 INFO  [api-gateway] [main] o.s.c.g.r.RouteDefinitionRouteLocator : Loaded RoutePredicateFactory [ReadBody]
2026-05-09 11:44:55.288 INFO  [api-gateway] [main] o.s.c.g.r.RouteDefinitionRouteLocator : Loaded RoutePredicateFactory [RemoteAddr]
2026-05-09 11:44:55.288 INFO  [api-gateway] [main] o.s.c.g.r.RouteDefinitionRouteLocator : Loaded RoutePredicateFactory [XForwardedRemoteAddr]
2026-05-09 11:44:55.288 INFO  [api-gateway] [main] o.s.c.g.r.RouteDefinitionRouteLocator : Loaded RoutePredicateFactory [Weight]
2026-05-09 11:44:55.288 INFO  [api-gateway] [main] o.s.c.g.r.RouteDefinitionRouteLocator : Loaded RoutePredicateFactory [CloudFoundryRouteService]
2026-05-09 11:44:55.541 INFO  [api-gateway] [main] o.s.b.a.e.web.EndpointLinksResolver : Exposing 5 endpoints beneath base path '/actuator'
2026-05-09 11:44:55.746 INFO  [api-gateway] [main] o.s.c.n.e.c.DiscoveryClientOptionalArgsConfiguration : Eureka HTTP Client uses RestTemplate.
2026-05-09 11:44:55.763 WARN  [api-gateway] [main] o.s.c.l.c.LoadBalancerCacheAutoConfiguration$LoadBalancerCaffeineWarnLogger : Spring Cloud LoadBalancer is currently working with the default cache. While this cache implementation is useful for development and tests, it's recommended to use Caffeine cache in production.You can switch to using Caffeine cache, by adding it and org.springframework.cache.caffeine.CaffeineCacheManager to the classpath.
2026-05-09 11:44:55.815 INFO  [api-gateway] [main] o.s.c.n.eureka.InstanceInfoFactory : Setting initial instance status as: STARTING
2026-05-09 11:44:55.839 INFO  [api-gateway] [main] c.netflix.discovery.DiscoveryClient : Initializing Eureka in region us-east-1
2026-05-09 11:44:55.843 INFO  [api-gateway] [main] c.n.d.s.r.aws.ConfigClusterResolver : Resolving eureka endpoints via configuration
2026-05-09 11:44:55.863 INFO  [api-gateway] [main] c.netflix.discovery.DiscoveryClient : Disable delta property : false
2026-05-09 11:44:55.863 INFO  [api-gateway] [main] c.netflix.discovery.DiscoveryClient : Single vip registry refresh property : null
2026-05-09 11:44:55.863 INFO  [api-gateway] [main] c.netflix.discovery.DiscoveryClient : Force full registry fetch : false
2026-05-09 11:44:55.863 INFO  [api-gateway] [main] c.netflix.discovery.DiscoveryClient : Application is null : false
2026-05-09 11:44:55.864 INFO  [api-gateway] [main] c.netflix.discovery.DiscoveryClient : Registered Applications size is zero : true
2026-05-09 11:44:55.864 INFO  [api-gateway] [main] c.netflix.discovery.DiscoveryClient : Application version is -1: true
2026-05-09 11:44:55.864 INFO  [api-gateway] [main] c.netflix.discovery.DiscoveryClient : Getting all instance registry info from the eureka server
2026-05-09 11:44:56.232 INFO  [api-gateway] [main] c.netflix.discovery.DiscoveryClient : The response status is 200
2026-05-09 11:44:56.233 INFO  [api-gateway] [main] c.netflix.discovery.DiscoveryClient : Starting heartbeat executor: renew interval is: 30
2026-05-09 11:44:56.235 INFO  [api-gateway] [main] c.n.discovery.InstanceInfoReplicator : InstanceInfoReplicator onDemand update allowed rate per min is 4
2026-05-09 11:44:56.239 INFO  [api-gateway] [main] c.netflix.discovery.DiscoveryClient : Discovery Client initialized at timestamp 1778307296239 with initial instances count: 0
2026-05-09 11:44:56.241 INFO  [api-gateway] [main] o.s.c.n.e.s.EurekaServiceRegistry : Registering application API-GATEWAY with eureka with status UP
2026-05-09 11:44:56.242 INFO  [api-gateway] [main] c.netflix.discovery.DiscoveryClient : Saw local status change event StatusChangeEvent [timestamp=1778307296242, current=UP, previous=STARTING]
2026-05-09 11:44:56.243 INFO  [api-gateway] [DiscoveryClient-InstanceInfoReplicator-0] c.netflix.discovery.DiscoveryClient : DiscoveryClient_API-GATEWAY/api-gateway:8080: registering service...
2026-05-09 11:44:56.304 ERROR [api-gateway] [main] o.s.c.g.route.CachingRouteLocator : Refresh routes error !!!
java.lang.IllegalArgumentException: Unable to find GatewayFilterFactory with name CircuitBreaker
	at org.springframework.cloud.gateway.route.RouteDefinitionRouteLocator.loadGatewayFilters(RouteDefinitionRouteLocator.java:145)
	at org.springframework.cloud.gateway.route.RouteDefinitionRouteLocator.getFilters(RouteDefinitionRouteLocator.java:192)
	at org.springframework.cloud.gateway.route.RouteDefinitionRouteLocator.convertToRoute(RouteDefinitionRouteLocator.java:132)
	at reactor.core.publisher.FluxMap$MapSubscriber.onNext(FluxMap.java:106)
	at reactor.core.publisher.FluxFlatMap$FlatMapMain.tryEmitScalar(FluxFlatMap.java:492)
	at reactor.core.publisher.FluxFlatMap$FlatMapMain.onNext(FluxFlatMap.java:424)
	at reactor.core.publisher.FluxMergeSequential$MergeSequentialMain.drain(FluxMergeSequential.java:439)
	at reactor.core.publisher.FluxMergeSequential$MergeSequentialMain.innerComplete(FluxMergeSequential.java:335)
	at reactor.core.publisher.FluxMergeSequential$MergeSequentialInner.onSubscribe(FluxMergeSequential.java:559)
	at reactor.core.publisher.FluxIterable.subscribe(FluxIterable.java:201)
	at reactor.core.publisher.FluxIterable.subscribe(FluxIterable.java:83)
	at reactor.core.publisher.Flux.subscribe(Flux.java:8840)
	at reactor.core.publisher.FluxMergeSequential$MergeSequentialMain.onNext(FluxMergeSequential.java:237)
	at reactor.core.publisher.FluxIterable$IterableSubscription.slowPath(FluxIterable.java:335)
	at reactor.core.publisher.FluxIterable$IterableSubscription.request(FluxIterable.java:294)
	at reactor.core.publisher.FluxMergeSequential$MergeSequentialMain.onSubscribe(FluxMergeSequential.java:198)
	at reactor.core.publisher.FluxIterable.subscribe(FluxIterable.java:201)
	at reactor.core.publisher.FluxIterable.subscribe(FluxIterable.java:83)
	at reactor.core.publisher.Flux.subscribe(Flux.java:8840)
	at reactor.core.publisher.FluxMergeSequential$MergeSequentialMain.onNext(FluxMergeSequential.java:237)
	at reactor.core.publisher.FluxIterable$IterableSubscription.slowPath(FluxIterable.java:335)
	at reactor.core.publisher.FluxIterable$IterableSubscription.request(FluxIterable.java:294)
	at reactor.core.publisher.FluxMergeSequential$MergeSequentialMain.onSubscribe(FluxMergeSequential.java:198)
	at reactor.core.publisher.FluxIterable.subscribe(FluxIterable.java:201)
	at reactor.core.publisher.FluxIterable.subscribe(FluxIterable.java:83)
	at reactor.core.publisher.Mono.subscribe(Mono.java:4568)
	at reactor.core.publisher.Mono.subscribeWith(Mono.java:4634)
	at reactor.core.publisher.Mono.subscribe(Mono.java:4534)
	at reactor.core.publisher.Mono.subscribe(Mono.java:4470)
	at reactor.core.publisher.Mono.subscribe(Mono.java:4442)
	at org.springframework.cloud.gateway.route.CachingRouteLocator.onApplicationEvent(CachingRouteLocator.java:98)
	at org.springframework.cloud.gateway.route.CachingRouteLocator.onApplicationEvent(CachingRouteLocator.java:42)
	at org.springframework.context.event.SimpleApplicationEventMulticaster.doInvokeListener(SimpleApplicationEventMulticaster.java:185)
	at org.springframework.context.event.SimpleApplicationEventMulticaster.invokeListener(SimpleApplicationEventMulticaster.java:178)
	at org.springframework.context.event.SimpleApplicationEventMulticaster.multicastEvent(SimpleApplicationEventMulticaster.java:156)
	at org.springframework.context.support.AbstractApplicationContext.publishEvent(AbstractApplicationContext.java:451)
	at org.springframework.context.support.AbstractApplicationContext.publishEvent(AbstractApplicationContext.java:384)
	at org.springframework.cloud.gateway.route.RouteRefreshListener.reset(RouteRefreshListener.java:73)
	at org.springframework.cloud.gateway.route.RouteRefreshListener.onApplicationEvent(RouteRefreshListener.java:54)
	at org.springframework.context.event.SimpleApplicationEventMulticaster.doInvokeListener(SimpleApplicationEventMulticaster.java:185)
	at org.springframework.context.event.SimpleApplicationEventMulticaster.invokeListener(SimpleApplicationEventMulticaster.java:178)
	at org.springframework.context.event.SimpleApplicationEventMulticaster.multicastEvent(SimpleApplicationEventMulticaster.java:156)
	at org.springframework.context.support.AbstractApplicationContext.publishEvent(AbstractApplicationContext.java:451)
	at org.springframework.context.support.AbstractApplicationContext.publishEvent(AbstractApplicationContext.java:384)
	at org.springframework.cloud.netflix.eureka.serviceregistry.EurekaAutoServiceRegistration.start(EurekaAutoServiceRegistration.java:91)
	at org.springframework.context.support.DefaultLifecycleProcessor.doStart(DefaultLifecycleProcessor.java:288)
	at org.springframework.context.support.DefaultLifecycleProcessor$LifecycleGroup.start(DefaultLifecycleProcessor.java:471)
	at java.base/java.lang.Iterable.forEach(Iterable.java:75)
	at org.springframework.context.support.DefaultLifecycleProcessor.startBeans(DefaultLifecycleProcessor.java:260)
	at org.springframework.context.support.DefaultLifecycleProcessor.onRefresh(DefaultLifecycleProcessor.java:205)
	at org.springframework.context.support.AbstractApplicationContext.finishRefresh(AbstractApplicationContext.java:981)
	at org.springframework.context.support.AbstractApplicationContext.refresh(AbstractApplicationContext.java:627)
	at org.springframework.boot.web.reactive.context.ReactiveWebServerApplicationContext.refresh(ReactiveWebServerApplicationContext.java:66)
	at org.springframework.boot.SpringApplication.refresh(SpringApplication.java:754)
	at org.springframework.boot.SpringApplication.refreshContext(SpringApplication.java:456)
	at org.springframework.boot.SpringApplication.run(SpringApplication.java:335)
	at org.springframework.boot.SpringApplication.run(SpringApplication.java:1363)
	at org.springframework.boot.SpringApplication.run(SpringApplication.java:1352)
	at com.chatapp.gateway.ApiGatewayApplication.main(ApiGatewayApplication.java:31)
2026-05-09 11:44:56.320 WARN  [api-gateway] [main] o.s.b.w.r.c.AnnotationConfigReactiveWebServerApplicationContext : Exception encountered during context initialization - cancelling refresh attempt: org.springframework.context.ApplicationContextException: Failed to start bean 'eurekaAutoServiceRegistration'
2026-05-09 11:44:56.331 INFO  [api-gateway] [main] c.netflix.discovery.DiscoveryClient : Shutting down DiscoveryClient ...
2026-05-09 11:44:56.332 INFO  [api-gateway] [DiscoveryClient-InstanceInfoReplicator-0] c.netflix.discovery.DiscoveryClient : DiscoveryClient_API-GATEWAY/api-gateway:8080 - registration status: 204
2026-05-09 11:44:56.333 INFO  [api-gateway] [main] c.netflix.discovery.DiscoveryClient : Unregistering ...
2026-05-09 11:44:56.345 INFO  [api-gateway] [main] c.netflix.discovery.DiscoveryClient : DiscoveryClient_API-GATEWAY/api-gateway:8080 - deregister  status: 200
2026-05-09 11:44:56.350 INFO  [api-gateway] [main] c.netflix.discovery.DiscoveryClient : Completed shut down of DiscoveryClient
2026-05-09 11:44:56.360 INFO  [api-gateway] [main] o.s.b.a.l.ConditionEvaluationReportLogger : 

Error starting ApplicationContext. To display the condition evaluation report re-run your application with 'debug' enabled.
2026-05-09 11:44:56.373 ERROR [api-gateway] [main] o.s.boot.SpringApplication : Application run failed
org.springframework.context.ApplicationContextException: Failed to start bean 'eurekaAutoServiceRegistration'
	at org.springframework.context.support.DefaultLifecycleProcessor.doStart(DefaultLifecycleProcessor.java:291)
	at org.springframework.context.support.DefaultLifecycleProcessor$LifecycleGroup.start(DefaultLifecycleProcessor.java:471)
	at java.base/java.lang.Iterable.forEach(Iterable.java:75)
	at org.springframework.context.support.DefaultLifecycleProcessor.startBeans(DefaultLifecycleProcessor.java:260)
	at org.springframework.context.support.DefaultLifecycleProcessor.onRefresh(DefaultLifecycleProcessor.java:205)
	at org.springframework.context.support.AbstractApplicationContext.finishRefresh(AbstractApplicationContext.java:981)
	at org.springframework.context.support.AbstractApplicationContext.refresh(AbstractApplicationContext.java:627)
	at org.springframework.boot.web.reactive.context.ReactiveWebServerApplicationContext.refresh(ReactiveWebServerApplicationContext.java:66)
	at org.springframework.boot.SpringApplication.refresh(SpringApplication.java:754)
	at org.springframework.boot.SpringApplication.refreshContext(SpringApplication.java:456)
	at org.springframework.boot.SpringApplication.run(SpringApplication.java:335)
	at org.springframework.boot.SpringApplication.run(SpringApplication.java:1363)
	at org.springframework.boot.SpringApplication.run(SpringApplication.java:1352)
	at com.chatapp.gateway.ApiGatewayApplication.main(ApiGatewayApplication.java:31)
Caused by: java.lang.IllegalArgumentException: Unable to find GatewayFilterFactory with name CircuitBreaker
	at org.springframework.cloud.gateway.route.RouteDefinitionRouteLocator.loadGatewayFilters(RouteDefinitionRouteLocator.java:145)
	at org.springframework.cloud.gateway.route.RouteDefinitionRouteLocator.getFilters(RouteDefinitionRouteLocator.java:192)
	at org.springframework.cloud.gateway.route.RouteDefinitionRouteLocator.convertToRoute(RouteDefinitionRouteLocator.java:132)
	at reactor.core.publisher.FluxMap$MapSubscriber.onNext(FluxMap.java:106)
	at reactor.core.publisher.FluxFlatMap$FlatMapMain.tryEmitScalar(FluxFlatMap.java:492)
	at reactor.core.publisher.FluxFlatMap$FlatMapMain.onNext(FluxFlatMap.java:424)
	at reactor.core.publisher.FluxMergeSequential$MergeSequentialMain.drain(FluxMergeSequential.java:439)
	at reactor.core.publisher.FluxMergeSequential$MergeSequentialMain.innerComplete(FluxMergeSequential.java:335)
	at reactor.core.publisher.FluxMergeSequential$MergeSequentialInner.onSubscribe(FluxMergeSequential.java:559)
	at reactor.core.publisher.FluxIterable.subscribe(FluxIterable.java:201)
	at reactor.core.publisher.FluxIterable.subscribe(FluxIterable.java:83)
	at reactor.core.publisher.Flux.subscribe(Flux.java:8840)
	at reactor.core.publisher.FluxMergeSequential$MergeSequentialMain.onNext(FluxMergeSequential.java:237)
	at reactor.core.publisher.FluxIterable$IterableSubscription.slowPath(FluxIterable.java:335)
	at reactor.core.publisher.FluxIterable$IterableSubscription.request(FluxIterable.java:294)
	at reactor.core.publisher.FluxMergeSequential$MergeSequentialMain.onSubscribe(FluxMergeSequential.java:198)
	at reactor.core.publisher.FluxIterable.subscribe(FluxIterable.java:201)
	at reactor.core.publisher.FluxIterable.subscribe(FluxIterable.java:83)
	at reactor.core.publisher.Flux.subscribe(Flux.java:8840)
	at reactor.core.publisher.FluxMergeSequential$MergeSequentialMain.onNext(FluxMergeSequential.java:237)
	at reactor.core.publisher.FluxIterable$IterableSubscription.slowPath(FluxIterable.java:335)
	at reactor.core.publisher.FluxIterable$IterableSubscription.request(FluxIterable.java:294)
	at reactor.core.publisher.FluxMergeSequential$MergeSequentialMain.onSubscribe(FluxMergeSequential.java:198)
	at reactor.core.publisher.FluxIterable.subscribe(FluxIterable.java:201)
	at reactor.core.publisher.FluxIterable.subscribe(FluxIterable.java:83)
	at reactor.core.publisher.InternalFluxOperator.subscribe(InternalFluxOperator.java:68)
	at reactor.core.publisher.FluxDefer.subscribe(FluxDefer.java:54)
	at reactor.core.publisher.Flux.subscribe(Flux.java:8840)
	at reactor.core.publisher.Flux.blockLast(Flux.java:2816)
	at org.springframework.cloud.gateway.filter.WeightCalculatorWebFilter.lambda$onApplicationEvent$3(WeightCalculatorWebFilter.java:156)
	at org.springframework.beans.factory.support.DefaultListableBeanFactory$DependencyObjectProvider.ifAvailable(DefaultListableBeanFactory.java:2126)
	at org.springframework.cloud.gateway.filter.WeightCalculatorWebFilter.onApplicationEvent(WeightCalculatorWebFilter.java:156)
	at org.springframework.context.event.SimpleApplicationEventMulticaster.doInvokeListener(SimpleApplicationEventMulticaster.java:185)
	at org.springframework.context.event.SimpleApplicationEventMulticaster.invokeListener(SimpleApplicationEventMulticaster.java:178)
	at org.springframework.context.event.SimpleApplicationEventMulticaster.multicastEvent(SimpleApplicationEventMulticaster.java:156)
	at org.springframework.context.support.AbstractApplicationContext.publishEvent(AbstractApplicationContext.java:451)
	at org.springframework.context.support.AbstractApplicationContext.publishEvent(AbstractApplicationContext.java:384)
	at org.springframework.cloud.gateway.route.RouteRefreshListener.reset(RouteRefreshListener.java:73)
	at org.springframework.cloud.gateway.route.RouteRefreshListener.onApplicationEvent(RouteRefreshListener.java:54)
	at org.springframework.context.event.SimpleApplicationEventMulticaster.doInvokeListener(SimpleApplicationEventMulticaster.java:185)
	at org.springframework.context.event.SimpleApplicationEventMulticaster.invokeListener(SimpleApplicationEventMulticaster.java:178)
	at org.springframework.context.event.SimpleApplicationEventMulticaster.multicastEvent(SimpleApplicationEventMulticaster.java:156)
	at org.springframework.context.support.AbstractApplicationContext.publishEvent(AbstractApplicationContext.java:451)
	at org.springframework.context.support.AbstractApplicationContext.publishEvent(AbstractApplicationContext.java:384)
	at org.springframework.cloud.netflix.eureka.serviceregistry.EurekaAutoServiceRegistration.start(EurekaAutoServiceRegistration.java:91)
	at org.springframework.context.support.DefaultLifecycleProcessor.doStart(DefaultLifecycleProcessor.java:288)
	... 13 common frames omitted
	Suppressed: java.lang.Exception: #block terminated with an error
		at reactor.core.publisher.BlockingSingleSubscriber.blockingGet(BlockingSingleSubscriber.java:104)
		at reactor.core.publisher.Flux.blockLast(Flux.java:2817)
		... 30 common frames omitted
2026-05-09 11:46:04.385 INFO  [api-gateway] [main] c.c.gateway.ApiGatewayApplication : Starting ApiGatewayApplication using Java 25.0.2 with PID 8016 (C:\Users\ADMIN\Documents\workspace-spring-tools-for-eclipse-5.1.1.RELEASE\Api-Gateway\target\classes started by ADMIN in C:\Users\ADMIN\Documents\workspace-spring-tools-for-eclipse-5.1.1.RELEASE\Api-Gateway)
2026-05-09 11:46:04.386 DEBUG [api-gateway] [main] c.c.gateway.ApiGatewayApplication : Running with Spring Boot v3.3.0, Spring v6.1.8
2026-05-09 11:46:04.388 INFO  [api-gateway] [main] c.c.gateway.ApiGatewayApplication : No active profile set, falling back to 1 default profile: "default"
2026-05-09 11:46:05.246 INFO  [api-gateway] [main] o.s.d.r.c.RepositoryConfigurationDelegate : Multiple Spring Data modules found, entering strict repository configuration mode
2026-05-09 11:46:05.249 INFO  [api-gateway] [main] o.s.d.r.c.RepositoryConfigurationDelegate : Bootstrapping Spring Data Redis repositories in DEFAULT mode.
2026-05-09 11:46:05.275 INFO  [api-gateway] [main] o.s.d.r.c.RepositoryConfigurationDelegate : Finished Spring Data repository scanning in 13 ms. Found 0 Redis repository interfaces.
2026-05-09 11:46:05.545 INFO  [api-gateway] [main] o.s.cloud.context.scope.GenericScope : BeanFactory id=2c502ea6-c4a2-304a-b300-a36611a4f1ae
2026-05-09 11:46:05.604 WARN  [api-gateway] [main] o.s.c.s.PostProcessorRegistrationDelegate$BeanPostProcessorChecker : Bean 'org.springframework.cloud.client.loadbalancer.LoadBalancerAutoConfiguration$DeferringLoadBalancerInterceptorConfig' of type [org.springframework.cloud.client.loadbalancer.LoadBalancerAutoConfiguration$DeferringLoadBalancerInterceptorConfig] is not eligible for getting processed by all BeanPostProcessors (for example: not eligible for auto-proxying). The currently created BeanPostProcessor [lbRestClientPostProcessor] is declared through a non-static factory method on that class; consider declaring it as static instead.
2026-05-09 11:46:05.606 WARN  [api-gateway] [main] o.s.c.s.PostProcessorRegistrationDelegate$BeanPostProcessorChecker : Bean 'deferringLoadBalancerInterceptor' of type [org.springframework.cloud.client.loadbalancer.DeferringLoadBalancerInterceptor] is not eligible for getting processed by all BeanPostProcessors (for example: not eligible for auto-proxying). Is this bean getting eagerly injected into a currently created BeanPostProcessor [lbRestClientPostProcessor]? Check the corresponding BeanPostProcessor declaration and its dependencies.
2026-05-09 11:46:05.607 WARN  [api-gateway] [main] o.s.c.s.PostProcessorRegistrationDelegate$BeanPostProcessorChecker : Bean 'org.springframework.cloud.client.loadbalancer.reactive.LoadBalancerBeanPostProcessorAutoConfiguration' of type [org.springframework.cloud.client.loadbalancer.reactive.LoadBalancerBeanPostProcessorAutoConfiguration] is not eligible for getting processed by all BeanPostProcessors (for example: not eligible for auto-proxying). The currently created BeanPostProcessor [loadBalancerWebClientBuilderBeanPostProcessor] is declared through a non-static factory method on that class; consider declaring it as static instead.
2026-05-09 11:46:05.608 WARN  [api-gateway] [main] o.s.c.s.PostProcessorRegistrationDelegate$BeanPostProcessorChecker : Bean 'org.springframework.cloud.client.loadbalancer.reactive.LoadBalancerBeanPostProcessorAutoConfiguration$ReactorDeferringLoadBalancerFilterConfig' of type [org.springframework.cloud.client.loadbalancer.reactive.LoadBalancerBeanPostProcessorAutoConfiguration$ReactorDeferringLoadBalancerFilterConfig] is not eligible for getting processed by all BeanPostProcessors (for example: not eligible for auto-proxying). Is this bean getting eagerly injected into a currently created BeanPostProcessor [loadBalancerWebClientBuilderBeanPostProcessor]? Check the corresponding BeanPostProcessor declaration and its dependencies.
2026-05-09 11:46:05.609 WARN  [api-gateway] [main] o.s.c.s.PostProcessorRegistrationDelegate$BeanPostProcessorChecker : Bean 'reactorDeferringLoadBalancerExchangeFilterFunction' of type [org.springframework.cloud.client.loadbalancer.reactive.DeferringLoadBalancerExchangeFilterFunction] is not eligible for getting processed by all BeanPostProcessors (for example: not eligible for auto-proxying). Is this bean getting eagerly injected into a currently created BeanPostProcessor [loadBalancerWebClientBuilderBeanPostProcessor]? Check the corresponding BeanPostProcessor declaration and its dependencies.
2026-05-09 11:46:06.577 INFO  [api-gateway] [main] o.s.c.g.r.RouteDefinitionRouteLocator : Loaded RoutePredicateFactory [After]
2026-05-09 11:46:06.577 INFO  [api-gateway] [main] o.s.c.g.r.RouteDefinitionRouteLocator : Loaded RoutePredicateFactory [Before]
2026-05-09 11:46:06.577 INFO  [api-gateway] [main] o.s.c.g.r.RouteDefinitionRouteLocator : Loaded RoutePredicateFactory [Between]
2026-05-09 11:46:06.577 INFO  [api-gateway] [main] o.s.c.g.r.RouteDefinitionRouteLocator : Loaded RoutePredicateFactory [Cookie]
2026-05-09 11:46:06.577 INFO  [api-gateway] [main] o.s.c.g.r.RouteDefinitionRouteLocator : Loaded RoutePredicateFactory [Header]
2026-05-09 11:46:06.579 INFO  [api-gateway] [main] o.s.c.g.r.RouteDefinitionRouteLocator : Loaded RoutePredicateFactory [Host]
2026-05-09 11:46:06.579 INFO  [api-gateway] [main] o.s.c.g.r.RouteDefinitionRouteLocator : Loaded RoutePredicateFactory [Method]
2026-05-09 11:46:06.579 INFO  [api-gateway] [main] o.s.c.g.r.RouteDefinitionRouteLocator : Loaded RoutePredicateFactory [Path]
2026-05-09 11:46:06.579 INFO  [api-gateway] [main] o.s.c.g.r.RouteDefinitionRouteLocator : Loaded RoutePredicateFactory [Query]
2026-05-09 11:46:06.579 INFO  [api-gateway] [main] o.s.c.g.r.RouteDefinitionRouteLocator : Loaded RoutePredicateFactory [ReadBody]
2026-05-09 11:46:06.579 INFO  [api-gateway] [main] o.s.c.g.r.RouteDefinitionRouteLocator : Loaded RoutePredicateFactory [RemoteAddr]
2026-05-09 11:46:06.579 INFO  [api-gateway] [main] o.s.c.g.r.RouteDefinitionRouteLocator : Loaded RoutePredicateFactory [XForwardedRemoteAddr]
2026-05-09 11:46:06.579 INFO  [api-gateway] [main] o.s.c.g.r.RouteDefinitionRouteLocator : Loaded RoutePredicateFactory [Weight]
2026-05-09 11:46:06.579 INFO  [api-gateway] [main] o.s.c.g.r.RouteDefinitionRouteLocator : Loaded RoutePredicateFactory [CloudFoundryRouteService]
2026-05-09 11:46:06.837 INFO  [api-gateway] [main] o.s.b.a.e.web.EndpointLinksResolver : Exposing 5 endpoints beneath base path '/actuator'
2026-05-09 11:46:07.061 INFO  [api-gateway] [main] o.s.c.n.e.c.DiscoveryClientOptionalArgsConfiguration : Eureka HTTP Client uses RestTemplate.
2026-05-09 11:46:07.078 WARN  [api-gateway] [main] o.s.c.l.c.LoadBalancerCacheAutoConfiguration$LoadBalancerCaffeineWarnLogger : Spring Cloud LoadBalancer is currently working with the default cache. While this cache implementation is useful for development and tests, it's recommended to use Caffeine cache in production.You can switch to using Caffeine cache, by adding it and org.springframework.cache.caffeine.CaffeineCacheManager to the classpath.
2026-05-09 11:46:07.127 INFO  [api-gateway] [main] o.s.c.n.eureka.InstanceInfoFactory : Setting initial instance status as: STARTING
2026-05-09 11:46:07.153 INFO  [api-gateway] [main] c.netflix.discovery.DiscoveryClient : Initializing Eureka in region us-east-1
2026-05-09 11:46:07.157 INFO  [api-gateway] [main] c.n.d.s.r.aws.ConfigClusterResolver : Resolving eureka endpoints via configuration
2026-05-09 11:46:07.172 INFO  [api-gateway] [main] c.netflix.discovery.DiscoveryClient : Disable delta property : false
2026-05-09 11:46:07.173 INFO  [api-gateway] [main] c.netflix.discovery.DiscoveryClient : Single vip registry refresh property : null
2026-05-09 11:46:07.173 INFO  [api-gateway] [main] c.netflix.discovery.DiscoveryClient : Force full registry fetch : false
2026-05-09 11:46:07.173 INFO  [api-gateway] [main] c.netflix.discovery.DiscoveryClient : Application is null : false
2026-05-09 11:46:07.173 INFO  [api-gateway] [main] c.netflix.discovery.DiscoveryClient : Registered Applications size is zero : true
2026-05-09 11:46:07.173 INFO  [api-gateway] [main] c.netflix.discovery.DiscoveryClient : Application version is -1: true
2026-05-09 11:46:07.173 INFO  [api-gateway] [main] c.netflix.discovery.DiscoveryClient : Getting all instance registry info from the eureka server
2026-05-09 11:46:07.430 INFO  [api-gateway] [main] c.netflix.discovery.DiscoveryClient : The response status is 200
2026-05-09 11:46:07.432 INFO  [api-gateway] [main] c.netflix.discovery.DiscoveryClient : Starting heartbeat executor: renew interval is: 30
2026-05-09 11:46:07.434 INFO  [api-gateway] [main] c.n.discovery.InstanceInfoReplicator : InstanceInfoReplicator onDemand update allowed rate per min is 4
2026-05-09 11:46:07.437 INFO  [api-gateway] [main] c.netflix.discovery.DiscoveryClient : Discovery Client initialized at timestamp 1778307367437 with initial instances count: 0
2026-05-09 11:46:07.439 INFO  [api-gateway] [main] o.s.c.n.e.s.EurekaServiceRegistry : Registering application API-GATEWAY with eureka with status UP
2026-05-09 11:46:07.440 INFO  [api-gateway] [main] c.netflix.discovery.DiscoveryClient : Saw local status change event StatusChangeEvent [timestamp=1778307367440, current=UP, previous=STARTING]
2026-05-09 11:46:07.442 INFO  [api-gateway] [DiscoveryClient-InstanceInfoReplicator-0] c.netflix.discovery.DiscoveryClient : DiscoveryClient_API-GATEWAY/api-gateway:8080: registering service...
2026-05-09 11:46:07.477 INFO  [api-gateway] [DiscoveryClient-InstanceInfoReplicator-0] c.netflix.discovery.DiscoveryClient : DiscoveryClient_API-GATEWAY/api-gateway:8080 - registration status: 204
2026-05-09 11:46:07.520 DEBUG [api-gateway] [main] o.s.c.g.filter.GatewayMetricsFilter : New routes count: 5
2026-05-09 11:46:07.572 INFO  [api-gateway] [main] o.s.b.w.e.netty.NettyWebServer : Netty started on port 8080 (http)
2026-05-09 11:46:07.573 INFO  [api-gateway] [main] o.s.c.n.e.s.EurekaAutoServiceRegistration : Updating port to 8080
2026-05-09 11:46:07.608 DEBUG [api-gateway] [main] o.s.c.g.filter.GatewayMetricsFilter : New routes count: 5
2026-05-09 11:46:07.610 INFO  [api-gateway] [main] c.c.gateway.ApiGatewayApplication : Started ApiGatewayApplication in 3.662 seconds (process running for 4.305)
2026-05-09 11:46:07.612 INFO  [api-gateway] [main] c.c.gateway.ApiGatewayApplication : ════════════════════════════════════════════════════
2026-05-09 11:46:07.613 INFO  [api-gateway] [main] c.c.gateway.ApiGatewayApplication :   API Gateway started successfully
2026-05-09 11:46:07.613 INFO  [api-gateway] [main] c.c.gateway.ApiGatewayApplication :   Entry point  → http://localhost:8080
2026-05-09 11:46:07.613 INFO  [api-gateway] [main] c.c.gateway.ApiGatewayApplication :   Health       → http://localhost:8080/actuator/health
2026-05-09 11:46:07.613 INFO  [api-gateway] [main] c.c.gateway.ApiGatewayApplication :   Routes       → http://localhost:8080/actuator/gateway/routes
2026-05-09 11:46:07.613 INFO  [api-gateway] [main] c.c.gateway.ApiGatewayApplication : ════════════════════════════════════════════════════
2026-05-09 11:46:37.433 INFO  [api-gateway] [DiscoveryClient-CacheRefreshExecutor-0] c.netflix.discovery.DiscoveryClient : Disable delta property : false
2026-05-09 11:46:37.433 INFO  [api-gateway] [DiscoveryClient-CacheRefreshExecutor-0] c.netflix.discovery.DiscoveryClient : Single vip registry refresh property : null
2026-05-09 11:46:37.433 INFO  [api-gateway] [DiscoveryClient-CacheRefreshExecutor-0] c.netflix.discovery.DiscoveryClient : Force full registry fetch : false
2026-05-09 11:46:37.433 INFO  [api-gateway] [DiscoveryClient-CacheRefreshExecutor-0] c.netflix.discovery.DiscoveryClient : Application is null : false
2026-05-09 11:46:37.433 INFO  [api-gateway] [DiscoveryClient-CacheRefreshExecutor-0] c.netflix.discovery.DiscoveryClient : Registered Applications size is zero : true
2026-05-09 11:46:37.433 INFO  [api-gateway] [DiscoveryClient-CacheRefreshExecutor-0] c.netflix.discovery.DiscoveryClient : Application version is -1: false
2026-05-09 11:46:37.433 INFO  [api-gateway] [DiscoveryClient-CacheRefreshExecutor-0] c.netflix.discovery.DiscoveryClient : Getting all instance registry info from the eureka server
2026-05-09 11:46:37.451 INFO  [api-gateway] [DiscoveryClient-CacheRefreshExecutor-0] c.netflix.discovery.DiscoveryClient : The response status is 200
2026-05-09 11:46:37.462 DEBUG [api-gateway] [DiscoveryClient-CacheRefreshExecutor-0] o.s.c.g.filter.GatewayMetricsFilter : New routes count: 5
2026-05-09 11:47:05.123 INFO  [api-gateway] [RMI TCP Connection(5)-127.0.0.1] o.s.b.a.SpringApplicationAdminMXBeanRegistrar$SpringApplicationAdmin : Application shutdown requested.
2026-05-09 11:47:05.124 INFO  [api-gateway] [RMI TCP Connection(5)-127.0.0.1] o.s.c.n.e.s.EurekaServiceRegistry : Unregistering application API-GATEWAY with eureka with status DOWN
2026-05-09 11:47:05.124 INFO  [api-gateway] [RMI TCP Connection(5)-127.0.0.1] c.netflix.discovery.DiscoveryClient : Saw local status change event StatusChangeEvent [timestamp=1778307425124, current=DOWN, previous=UP]
2026-05-09 11:47:05.124 INFO  [api-gateway] [DiscoveryClient-InstanceInfoReplicator-0] c.netflix.discovery.DiscoveryClient : DiscoveryClient_API-GATEWAY/api-gateway:8080: registering service...
2026-05-09 11:47:05.132 INFO  [api-gateway] [DiscoveryClient-InstanceInfoReplicator-0] c.netflix.discovery.DiscoveryClient : DiscoveryClient_API-GATEWAY/api-gateway:8080 - registration status: 204
2026-05-09 11:47:07.165 INFO  [api-gateway] [RMI TCP Connection(5)-127.0.0.1] c.netflix.discovery.DiscoveryClient : Shutting down DiscoveryClient ...
2026-05-09 11:47:10.166 WARN  [api-gateway] [DiscoveryClient-0] c.n.discovery.TimedSupervisorTask : task supervisor shutting down, can't accept the task
2026-05-09 11:47:10.167 INFO  [api-gateway] [RMI TCP Connection(5)-127.0.0.1] c.netflix.discovery.DiscoveryClient : Unregistering ...
2026-05-09 11:47:10.174 INFO  [api-gateway] [RMI TCP Connection(5)-127.0.0.1] c.netflix.discovery.DiscoveryClient : DiscoveryClient_API-GATEWAY/api-gateway:8080 - deregister  status: 200
2026-05-09 11:47:10.178 INFO  [api-gateway] [RMI TCP Connection(5)-127.0.0.1] c.netflix.discovery.DiscoveryClient : Completed shut down of DiscoveryClient
2026-05-09 11:47:24.620 INFO  [api-gateway] [main] c.c.gateway.ApiGatewayApplication : Starting ApiGatewayApplication using Java 25.0.2 with PID 9248 (C:\Users\ADMIN\Documents\workspace-spring-tools-for-eclipse-5.1.1.RELEASE\Api-Gateway\target\classes started by ADMIN in C:\Users\ADMIN\Documents\workspace-spring-tools-for-eclipse-5.1.1.RELEASE\Api-Gateway)
2026-05-09 11:47:24.622 DEBUG [api-gateway] [main] c.c.gateway.ApiGatewayApplication : Running with Spring Boot v3.3.0, Spring v6.1.8
2026-05-09 11:47:24.623 INFO  [api-gateway] [main] c.c.gateway.ApiGatewayApplication : No active profile set, falling back to 1 default profile: "default"
2026-05-09 11:47:25.472 INFO  [api-gateway] [main] o.s.d.r.c.RepositoryConfigurationDelegate : Multiple Spring Data modules found, entering strict repository configuration mode
2026-05-09 11:47:25.476 INFO  [api-gateway] [main] o.s.d.r.c.RepositoryConfigurationDelegate : Bootstrapping Spring Data Redis repositories in DEFAULT mode.
2026-05-09 11:47:25.505 INFO  [api-gateway] [main] o.s.d.r.c.RepositoryConfigurationDelegate : Finished Spring Data repository scanning in 13 ms. Found 0 Redis repository interfaces.
2026-05-09 11:47:25.742 INFO  [api-gateway] [main] o.s.cloud.context.scope.GenericScope : BeanFactory id=2c502ea6-c4a2-304a-b300-a36611a4f1ae
2026-05-09 11:47:25.803 WARN  [api-gateway] [main] o.s.c.s.PostProcessorRegistrationDelegate$BeanPostProcessorChecker : Bean 'org.springframework.cloud.client.loadbalancer.LoadBalancerAutoConfiguration$DeferringLoadBalancerInterceptorConfig' of type [org.springframework.cloud.client.loadbalancer.LoadBalancerAutoConfiguration$DeferringLoadBalancerInterceptorConfig] is not eligible for getting processed by all BeanPostProcessors (for example: not eligible for auto-proxying). The currently created BeanPostProcessor [lbRestClientPostProcessor] is declared through a non-static factory method on that class; consider declaring it as static instead.
2026-05-09 11:47:25.806 WARN  [api-gateway] [main] o.s.c.s.PostProcessorRegistrationDelegate$BeanPostProcessorChecker : Bean 'deferringLoadBalancerInterceptor' of type [org.springframework.cloud.client.loadbalancer.DeferringLoadBalancerInterceptor] is not eligible for getting processed by all BeanPostProcessors (for example: not eligible for auto-proxying). Is this bean getting eagerly injected into a currently created BeanPostProcessor [lbRestClientPostProcessor]? Check the corresponding BeanPostProcessor declaration and its dependencies.
2026-05-09 11:47:25.807 WARN  [api-gateway] [main] o.s.c.s.PostProcessorRegistrationDelegate$BeanPostProcessorChecker : Bean 'org.springframework.cloud.client.loadbalancer.reactive.LoadBalancerBeanPostProcessorAutoConfiguration' of type [org.springframework.cloud.client.loadbalancer.reactive.LoadBalancerBeanPostProcessorAutoConfiguration] is not eligible for getting processed by all BeanPostProcessors (for example: not eligible for auto-proxying). The currently created BeanPostProcessor [loadBalancerWebClientBuilderBeanPostProcessor] is declared through a non-static factory method on that class; consider declaring it as static instead.
2026-05-09 11:47:25.808 WARN  [api-gateway] [main] o.s.c.s.PostProcessorRegistrationDelegate$BeanPostProcessorChecker : Bean 'org.springframework.cloud.client.loadbalancer.reactive.LoadBalancerBeanPostProcessorAutoConfiguration$ReactorDeferringLoadBalancerFilterConfig' of type [org.springframework.cloud.client.loadbalancer.reactive.LoadBalancerBeanPostProcessorAutoConfiguration$ReactorDeferringLoadBalancerFilterConfig] is not eligible for getting processed by all BeanPostProcessors (for example: not eligible for auto-proxying). Is this bean getting eagerly injected into a currently created BeanPostProcessor [loadBalancerWebClientBuilderBeanPostProcessor]? Check the corresponding BeanPostProcessor declaration and its dependencies.
2026-05-09 11:47:25.809 WARN  [api-gateway] [main] o.s.c.s.PostProcessorRegistrationDelegate$BeanPostProcessorChecker : Bean 'reactorDeferringLoadBalancerExchangeFilterFunction' of type [org.springframework.cloud.client.loadbalancer.reactive.DeferringLoadBalancerExchangeFilterFunction] is not eligible for getting processed by all BeanPostProcessors (for example: not eligible for auto-proxying). Is this bean getting eagerly injected into a currently created BeanPostProcessor [loadBalancerWebClientBuilderBeanPostProcessor]? Check the corresponding BeanPostProcessor declaration and its dependencies.
2026-05-09 11:47:26.765 INFO  [api-gateway] [main] o.s.c.g.r.RouteDefinitionRouteLocator : Loaded RoutePredicateFactory [After]
2026-05-09 11:47:26.766 INFO  [api-gateway] [main] o.s.c.g.r.RouteDefinitionRouteLocator : Loaded RoutePredicateFactory [Before]
2026-05-09 11:47:26.766 INFO  [api-gateway] [main] o.s.c.g.r.RouteDefinitionRouteLocator : Loaded RoutePredicateFactory [Between]
2026-05-09 11:47:26.766 INFO  [api-gateway] [main] o.s.c.g.r.RouteDefinitionRouteLocator : Loaded RoutePredicateFactory [Cookie]
2026-05-09 11:47:26.766 INFO  [api-gateway] [main] o.s.c.g.r.RouteDefinitionRouteLocator : Loaded RoutePredicateFactory [Header]
2026-05-09 11:47:26.766 INFO  [api-gateway] [main] o.s.c.g.r.RouteDefinitionRouteLocator : Loaded RoutePredicateFactory [Host]
2026-05-09 11:47:26.766 INFO  [api-gateway] [main] o.s.c.g.r.RouteDefinitionRouteLocator : Loaded RoutePredicateFactory [Method]
2026-05-09 11:47:26.766 INFO  [api-gateway] [main] o.s.c.g.r.RouteDefinitionRouteLocator : Loaded RoutePredicateFactory [Path]
2026-05-09 11:47:26.766 INFO  [api-gateway] [main] o.s.c.g.r.RouteDefinitionRouteLocator : Loaded RoutePredicateFactory [Query]
2026-05-09 11:47:26.766 INFO  [api-gateway] [main] o.s.c.g.r.RouteDefinitionRouteLocator : Loaded RoutePredicateFactory [ReadBody]
2026-05-09 11:47:26.766 INFO  [api-gateway] [main] o.s.c.g.r.RouteDefinitionRouteLocator : Loaded RoutePredicateFactory [RemoteAddr]
2026-05-09 11:47:26.766 INFO  [api-gateway] [main] o.s.c.g.r.RouteDefinitionRouteLocator : Loaded RoutePredicateFactory [XForwardedRemoteAddr]
2026-05-09 11:47:26.766 INFO  [api-gateway] [main] o.s.c.g.r.RouteDefinitionRouteLocator : Loaded RoutePredicateFactory [Weight]
2026-05-09 11:47:26.766 INFO  [api-gateway] [main] o.s.c.g.r.RouteDefinitionRouteLocator : Loaded RoutePredicateFactory [CloudFoundryRouteService]
2026-05-09 11:47:27.018 INFO  [api-gateway] [main] o.s.b.a.e.web.EndpointLinksResolver : Exposing 5 endpoints beneath base path '/actuator'
2026-05-09 11:47:27.283 INFO  [api-gateway] [main] o.s.c.n.e.c.DiscoveryClientOptionalArgsConfiguration : Eureka HTTP Client uses RestTemplate.
2026-05-09 11:47:27.302 WARN  [api-gateway] [main] o.s.c.l.c.LoadBalancerCacheAutoConfiguration$LoadBalancerCaffeineWarnLogger : Spring Cloud LoadBalancer is currently working with the default cache. While this cache implementation is useful for development and tests, it's recommended to use Caffeine cache in production.You can switch to using Caffeine cache, by adding it and org.springframework.cache.caffeine.CaffeineCacheManager to the classpath.
2026-05-09 11:47:27.350 INFO  [api-gateway] [main] o.s.c.n.eureka.InstanceInfoFactory : Setting initial instance status as: STARTING
2026-05-09 11:47:27.373 INFO  [api-gateway] [main] c.netflix.discovery.DiscoveryClient : Initializing Eureka in region us-east-1
2026-05-09 11:47:27.378 INFO  [api-gateway] [main] c.n.d.s.r.aws.ConfigClusterResolver : Resolving eureka endpoints via configuration
2026-05-09 11:47:27.392 INFO  [api-gateway] [main] c.netflix.discovery.DiscoveryClient : Disable delta property : false
2026-05-09 11:47:27.392 INFO  [api-gateway] [main] c.netflix.discovery.DiscoveryClient : Single vip registry refresh property : null
2026-05-09 11:47:27.392 INFO  [api-gateway] [main] c.netflix.discovery.DiscoveryClient : Force full registry fetch : false
2026-05-09 11:47:27.392 INFO  [api-gateway] [main] c.netflix.discovery.DiscoveryClient : Application is null : false
2026-05-09 11:47:27.392 INFO  [api-gateway] [main] c.netflix.discovery.DiscoveryClient : Registered Applications size is zero : true
2026-05-09 11:47:27.392 INFO  [api-gateway] [main] c.netflix.discovery.DiscoveryClient : Application version is -1: true
2026-05-09 11:47:27.392 INFO  [api-gateway] [main] c.netflix.discovery.DiscoveryClient : Getting all instance registry info from the eureka server
2026-05-09 11:47:27.667 INFO  [api-gateway] [main] c.netflix.discovery.DiscoveryClient : The response status is 200
2026-05-09 11:47:27.671 INFO  [api-gateway] [main] c.netflix.discovery.DiscoveryClient : Starting heartbeat executor: renew interval is: 30
2026-05-09 11:47:27.673 INFO  [api-gateway] [main] c.n.discovery.InstanceInfoReplicator : InstanceInfoReplicator onDemand update allowed rate per min is 4
2026-05-09 11:47:27.677 INFO  [api-gateway] [main] c.netflix.discovery.DiscoveryClient : Discovery Client initialized at timestamp 1778307447676 with initial instances count: 1
2026-05-09 11:47:27.678 INFO  [api-gateway] [main] o.s.c.n.e.s.EurekaServiceRegistry : Registering application API-GATEWAY with eureka with status UP
2026-05-09 11:47:27.679 INFO  [api-gateway] [main] c.netflix.discovery.DiscoveryClient : Saw local status change event StatusChangeEvent [timestamp=1778307447679, current=UP, previous=STARTING]
2026-05-09 11:47:27.680 INFO  [api-gateway] [DiscoveryClient-InstanceInfoReplicator-0] c.netflix.discovery.DiscoveryClient : DiscoveryClient_API-GATEWAY/api-gateway:8081: registering service...
2026-05-09 11:47:27.714 INFO  [api-gateway] [DiscoveryClient-InstanceInfoReplicator-0] c.netflix.discovery.DiscoveryClient : DiscoveryClient_API-GATEWAY/api-gateway:8081 - registration status: 204
2026-05-09 11:47:27.771 DEBUG [api-gateway] [main] o.s.c.g.filter.GatewayMetricsFilter : New routes count: 5
2026-05-09 11:47:29.845 INFO  [api-gateway] [main] o.s.c.n.e.s.EurekaServiceRegistry : Unregistering application API-GATEWAY with eureka with status DOWN
2026-05-09 11:47:29.846 INFO  [api-gateway] [main] c.netflix.discovery.DiscoveryClient : Saw local status change event StatusChangeEvent [timestamp=1778307449846, current=DOWN, previous=UP]
2026-05-09 11:47:29.846 INFO  [api-gateway] [DiscoveryClient-InstanceInfoReplicator-0] c.netflix.discovery.DiscoveryClient : DiscoveryClient_API-GATEWAY/api-gateway:8081: registering service...
2026-05-09 11:47:29.846 WARN  [api-gateway] [main] o.s.b.w.r.c.AnnotationConfigReactiveWebServerApplicationContext : Exception encountered during context initialization - cancelling refresh attempt: org.springframework.context.ApplicationContextException: Failed to start bean 'webServerStartStop'
2026-05-09 11:47:29.853 INFO  [api-gateway] [DiscoveryClient-InstanceInfoReplicator-0] c.netflix.discovery.DiscoveryClient : DiscoveryClient_API-GATEWAY/api-gateway:8081 - registration status: 204
2026-05-09 11:47:29.858 INFO  [api-gateway] [main] c.netflix.discovery.DiscoveryClient : Shutting down DiscoveryClient ...
2026-05-09 11:47:32.860 INFO  [api-gateway] [main] c.netflix.discovery.DiscoveryClient : Unregistering ...
2026-05-09 11:47:32.868 INFO  [api-gateway] [main] c.netflix.discovery.DiscoveryClient : DiscoveryClient_API-GATEWAY/api-gateway:8081 - deregister  status: 200
2026-05-09 11:47:32.871 INFO  [api-gateway] [main] c.netflix.discovery.DiscoveryClient : Completed shut down of DiscoveryClient
2026-05-09 11:47:32.882 INFO  [api-gateway] [main] o.s.b.a.l.ConditionEvaluationReportLogger : 

Error starting ApplicationContext. To display the condition evaluation report re-run your application with 'debug' enabled.
2026-05-09 11:47:32.898 ERROR [api-gateway] [main] o.s.b.d.LoggingFailureAnalysisReporter : 

***************************
APPLICATION FAILED TO START
***************************

Description:

Web server failed to start. Port 8081 was already in use.

Action:

Identify and stop the process that's listening on port 8081 or configure this application to listen on another port.

2026-05-09 11:49:59.652 INFO  [api-gateway] [main] c.c.gateway.ApiGatewayApplication : Starting ApiGatewayApplication using Java 25.0.2 with PID 17844 (C:\Users\ADMIN\Documents\workspace-spring-tools-for-eclipse-5.1.1.RELEASE\Api-Gateway\target\classes started by ADMIN in C:\Users\ADMIN\Documents\workspace-spring-tools-for-eclipse-5.1.1.RELEASE\Api-Gateway)
2026-05-09 11:49:59.653 DEBUG [api-gateway] [main] c.c.gateway.ApiGatewayApplication : Running with Spring Boot v3.3.0, Spring v6.1.8
2026-05-09 11:49:59.654 INFO  [api-gateway] [main] c.c.gateway.ApiGatewayApplication : No active profile set, falling back to 1 default profile: "default"
2026-05-09 11:50:00.499 INFO  [api-gateway] [main] o.s.d.r.c.RepositoryConfigurationDelegate : Multiple Spring Data modules found, entering strict repository configuration mode
2026-05-09 11:50:00.501 INFO  [api-gateway] [main] o.s.d.r.c.RepositoryConfigurationDelegate : Bootstrapping Spring Data Redis repositories in DEFAULT mode.
2026-05-09 11:50:00.523 INFO  [api-gateway] [main] o.s.d.r.c.RepositoryConfigurationDelegate : Finished Spring Data repository scanning in 12 ms. Found 0 Redis repository interfaces.
2026-05-09 11:50:00.762 INFO  [api-gateway] [main] o.s.cloud.context.scope.GenericScope : BeanFactory id=2c502ea6-c4a2-304a-b300-a36611a4f1ae
2026-05-09 11:50:00.833 WARN  [api-gateway] [main] o.s.c.s.PostProcessorRegistrationDelegate$BeanPostProcessorChecker : Bean 'org.springframework.cloud.client.loadbalancer.LoadBalancerAutoConfiguration$DeferringLoadBalancerInterceptorConfig' of type [org.springframework.cloud.client.loadbalancer.LoadBalancerAutoConfiguration$DeferringLoadBalancerInterceptorConfig] is not eligible for getting processed by all BeanPostProcessors (for example: not eligible for auto-proxying). The currently created BeanPostProcessor [lbRestClientPostProcessor] is declared through a non-static factory method on that class; consider declaring it as static instead.
2026-05-09 11:50:00.836 WARN  [api-gateway] [main] o.s.c.s.PostProcessorRegistrationDelegate$BeanPostProcessorChecker : Bean 'deferringLoadBalancerInterceptor' of type [org.springframework.cloud.client.loadbalancer.DeferringLoadBalancerInterceptor] is not eligible for getting processed by all BeanPostProcessors (for example: not eligible for auto-proxying). Is this bean getting eagerly injected into a currently created BeanPostProcessor [lbRestClientPostProcessor]? Check the corresponding BeanPostProcessor declaration and its dependencies.
2026-05-09 11:50:00.838 WARN  [api-gateway] [main] o.s.c.s.PostProcessorRegistrationDelegate$BeanPostProcessorChecker : Bean 'org.springframework.cloud.client.loadbalancer.reactive.LoadBalancerBeanPostProcessorAutoConfiguration' of type [org.springframework.cloud.client.loadbalancer.reactive.LoadBalancerBeanPostProcessorAutoConfiguration] is not eligible for getting processed by all BeanPostProcessors (for example: not eligible for auto-proxying). The currently created BeanPostProcessor [loadBalancerWebClientBuilderBeanPostProcessor] is declared through a non-static factory method on that class; consider declaring it as static instead.
2026-05-09 11:50:00.840 WARN  [api-gateway] [main] o.s.c.s.PostProcessorRegistrationDelegate$BeanPostProcessorChecker : Bean 'org.springframework.cloud.client.loadbalancer.reactive.LoadBalancerBeanPostProcessorAutoConfiguration$ReactorDeferringLoadBalancerFilterConfig' of type [org.springframework.cloud.client.loadbalancer.reactive.LoadBalancerBeanPostProcessorAutoConfiguration$ReactorDeferringLoadBalancerFilterConfig] is not eligible for getting processed by all BeanPostProcessors (for example: not eligible for auto-proxying). Is this bean getting eagerly injected into a currently created BeanPostProcessor [loadBalancerWebClientBuilderBeanPostProcessor]? Check the corresponding BeanPostProcessor declaration and its dependencies.
2026-05-09 11:50:00.841 WARN  [api-gateway] [main] o.s.c.s.PostProcessorRegistrationDelegate$BeanPostProcessorChecker : Bean 'reactorDeferringLoadBalancerExchangeFilterFunction' of type [org.springframework.cloud.client.loadbalancer.reactive.DeferringLoadBalancerExchangeFilterFunction] is not eligible for getting processed by all BeanPostProcessors (for example: not eligible for auto-proxying). Is this bean getting eagerly injected into a currently created BeanPostProcessor [loadBalancerWebClientBuilderBeanPostProcessor]? Check the corresponding BeanPostProcessor declaration and its dependencies.
2026-05-09 11:50:01.826 INFO  [api-gateway] [main] o.s.c.g.r.RouteDefinitionRouteLocator : Loaded RoutePredicateFactory [After]
2026-05-09 11:50:01.826 INFO  [api-gateway] [main] o.s.c.g.r.RouteDefinitionRouteLocator : Loaded RoutePredicateFactory [Before]
2026-05-09 11:50:01.826 INFO  [api-gateway] [main] o.s.c.g.r.RouteDefinitionRouteLocator : Loaded RoutePredicateFactory [Between]
2026-05-09 11:50:01.826 INFO  [api-gateway] [main] o.s.c.g.r.RouteDefinitionRouteLocator : Loaded RoutePredicateFactory [Cookie]
2026-05-09 11:50:01.826 INFO  [api-gateway] [main] o.s.c.g.r.RouteDefinitionRouteLocator : Loaded RoutePredicateFactory [Header]
2026-05-09 11:50:01.826 INFO  [api-gateway] [main] o.s.c.g.r.RouteDefinitionRouteLocator : Loaded RoutePredicateFactory [Host]
2026-05-09 11:50:01.827 INFO  [api-gateway] [main] o.s.c.g.r.RouteDefinitionRouteLocator : Loaded RoutePredicateFactory [Method]
2026-05-09 11:50:01.827 INFO  [api-gateway] [main] o.s.c.g.r.RouteDefinitionRouteLocator : Loaded RoutePredicateFactory [Path]
2026-05-09 11:50:01.827 INFO  [api-gateway] [main] o.s.c.g.r.RouteDefinitionRouteLocator : Loaded RoutePredicateFactory [Query]
2026-05-09 11:50:01.827 INFO  [api-gateway] [main] o.s.c.g.r.RouteDefinitionRouteLocator : Loaded RoutePredicateFactory [ReadBody]
2026-05-09 11:50:01.827 INFO  [api-gateway] [main] o.s.c.g.r.RouteDefinitionRouteLocator : Loaded RoutePredicateFactory [RemoteAddr]
2026-05-09 11:50:01.827 INFO  [api-gateway] [main] o.s.c.g.r.RouteDefinitionRouteLocator : Loaded RoutePredicateFactory [XForwardedRemoteAddr]
2026-05-09 11:50:01.827 INFO  [api-gateway] [main] o.s.c.g.r.RouteDefinitionRouteLocator : Loaded RoutePredicateFactory [Weight]
2026-05-09 11:50:01.827 INFO  [api-gateway] [main] o.s.c.g.r.RouteDefinitionRouteLocator : Loaded RoutePredicateFactory [CloudFoundryRouteService]
2026-05-09 11:50:02.088 INFO  [api-gateway] [main] o.s.b.a.e.web.EndpointLinksResolver : Exposing 5 endpoints beneath base path '/actuator'
2026-05-09 11:50:02.324 INFO  [api-gateway] [main] o.s.c.n.e.c.DiscoveryClientOptionalArgsConfiguration : Eureka HTTP Client uses RestTemplate.
2026-05-09 11:50:02.345 WARN  [api-gateway] [main] o.s.c.l.c.LoadBalancerCacheAutoConfiguration$LoadBalancerCaffeineWarnLogger : Spring Cloud LoadBalancer is currently working with the default cache. While this cache implementation is useful for development and tests, it's recommended to use Caffeine cache in production.You can switch to using Caffeine cache, by adding it and org.springframework.cache.caffeine.CaffeineCacheManager to the classpath.
2026-05-09 11:50:02.399 INFO  [api-gateway] [main] o.s.c.n.eureka.InstanceInfoFactory : Setting initial instance status as: STARTING
2026-05-09 11:50:02.425 INFO  [api-gateway] [main] c.netflix.discovery.DiscoveryClient : Initializing Eureka in region us-east-1
2026-05-09 11:50:02.429 INFO  [api-gateway] [main] c.n.d.s.r.aws.ConfigClusterResolver : Resolving eureka endpoints via configuration
2026-05-09 11:50:02.444 INFO  [api-gateway] [main] c.netflix.discovery.DiscoveryClient : Disable delta property : false
2026-05-09 11:50:02.444 INFO  [api-gateway] [main] c.netflix.discovery.DiscoveryClient : Single vip registry refresh property : null
2026-05-09 11:50:02.444 INFO  [api-gateway] [main] c.netflix.discovery.DiscoveryClient : Force full registry fetch : false
2026-05-09 11:50:02.444 INFO  [api-gateway] [main] c.netflix.discovery.DiscoveryClient : Application is null : false
2026-05-09 11:50:02.445 INFO  [api-gateway] [main] c.netflix.discovery.DiscoveryClient : Registered Applications size is zero : true
2026-05-09 11:50:02.445 INFO  [api-gateway] [main] c.netflix.discovery.DiscoveryClient : Application version is -1: true
2026-05-09 11:50:02.445 INFO  [api-gateway] [main] c.netflix.discovery.DiscoveryClient : Getting all instance registry info from the eureka server
2026-05-09 11:50:02.729 INFO  [api-gateway] [main] c.netflix.discovery.DiscoveryClient : The response status is 200
2026-05-09 11:50:02.731 INFO  [api-gateway] [main] c.netflix.discovery.DiscoveryClient : Starting heartbeat executor: renew interval is: 30
2026-05-09 11:50:02.733 INFO  [api-gateway] [main] c.n.discovery.InstanceInfoReplicator : InstanceInfoReplicator onDemand update allowed rate per min is 4
2026-05-09 11:50:02.738 INFO  [api-gateway] [main] c.netflix.discovery.DiscoveryClient : Discovery Client initialized at timestamp 1778307602737 with initial instances count: 0
2026-05-09 11:50:02.739 INFO  [api-gateway] [main] o.s.c.n.e.s.EurekaServiceRegistry : Registering application API-GATEWAY with eureka with status UP
2026-05-09 11:50:02.740 INFO  [api-gateway] [main] c.netflix.discovery.DiscoveryClient : Saw local status change event StatusChangeEvent [timestamp=1778307602740, current=UP, previous=STARTING]
2026-05-09 11:50:02.742 INFO  [api-gateway] [DiscoveryClient-InstanceInfoReplicator-0] c.netflix.discovery.DiscoveryClient : DiscoveryClient_API-GATEWAY/api-gateway:8080: registering service...
2026-05-09 11:50:02.778 INFO  [api-gateway] [DiscoveryClient-InstanceInfoReplicator-0] c.netflix.discovery.DiscoveryClient : DiscoveryClient_API-GATEWAY/api-gateway:8080 - registration status: 204
2026-05-09 11:50:02.819 DEBUG [api-gateway] [main] o.s.c.g.filter.GatewayMetricsFilter : New routes count: 5
2026-05-09 11:50:02.888 INFO  [api-gateway] [main] o.s.b.w.e.netty.NettyWebServer : Netty started on port 8080 (http)
2026-05-09 11:50:02.891 INFO  [api-gateway] [main] o.s.c.n.e.s.EurekaAutoServiceRegistration : Updating port to 8080
2026-05-09 11:50:02.945 DEBUG [api-gateway] [main] o.s.c.g.filter.GatewayMetricsFilter : New routes count: 5
2026-05-09 11:50:02.947 INFO  [api-gateway] [main] c.c.gateway.ApiGatewayApplication : Started ApiGatewayApplication in 3.675 seconds (process running for 4.266)
2026-05-09 11:50:02.950 INFO  [api-gateway] [main] c.c.gateway.ApiGatewayApplication : ════════════════════════════════════════════════════
2026-05-09 11:50:02.950 INFO  [api-gateway] [main] c.c.gateway.ApiGatewayApplication :   API Gateway started successfully
2026-05-09 11:50:02.950 INFO  [api-gateway] [main] c.c.gateway.ApiGatewayApplication :   Entry point  → http://localhost:8080
2026-05-09 11:50:02.950 INFO  [api-gateway] [main] c.c.gateway.ApiGatewayApplication :   Health       → http://localhost:8080/actuator/health
2026-05-09 11:50:02.950 INFO  [api-gateway] [main] c.c.gateway.ApiGatewayApplication :   Routes       → http://localhost:8080/actuator/gateway/routes
2026-05-09 11:50:02.950 INFO  [api-gateway] [main] c.c.gateway.ApiGatewayApplication : ════════════════════════════════════════════════════
2026-05-09 11:50:32.736 INFO  [api-gateway] [DiscoveryClient-CacheRefreshExecutor-0] c.netflix.discovery.DiscoveryClient : Disable delta property : false
2026-05-09 11:50:32.737 INFO  [api-gateway] [DiscoveryClient-CacheRefreshExecutor-0] c.netflix.discovery.DiscoveryClient : Single vip registry refresh property : null
2026-05-09 11:50:32.737 INFO  [api-gateway] [DiscoveryClient-CacheRefreshExecutor-0] c.netflix.discovery.DiscoveryClient : Force full registry fetch : false
2026-05-09 11:50:32.737 INFO  [api-gateway] [DiscoveryClient-CacheRefreshExecutor-0] c.netflix.discovery.DiscoveryClient : Application is null : false
2026-05-09 11:50:32.737 INFO  [api-gateway] [DiscoveryClient-CacheRefreshExecutor-0] c.netflix.discovery.DiscoveryClient : Registered Applications size is zero : true
2026-05-09 11:50:32.737 INFO  [api-gateway] [DiscoveryClient-CacheRefreshExecutor-0] c.netflix.discovery.DiscoveryClient : Application version is -1: false
2026-05-09 11:50:32.737 INFO  [api-gateway] [DiscoveryClient-CacheRefreshExecutor-0] c.netflix.discovery.DiscoveryClient : Getting all instance registry info from the eureka server
2026-05-09 11:50:32.767 INFO  [api-gateway] [DiscoveryClient-CacheRefreshExecutor-0] c.netflix.discovery.DiscoveryClient : The response status is 200
2026-05-09 11:50:32.785 DEBUG [api-gateway] [DiscoveryClient-CacheRefreshExecutor-0] o.s.c.g.filter.GatewayMetricsFilter : New routes count: 5
2026-05-09 11:51:02.846 DEBUG [api-gateway] [DiscoveryClient-CacheRefreshExecutor-0] o.s.c.g.filter.GatewayMetricsFilter : New routes count: 5
2026-05-09 11:51:32.883 DEBUG [api-gateway] [DiscoveryClient-CacheRefreshExecutor-0] o.s.c.g.filter.GatewayMetricsFilter : New routes count: 5
2026-05-09 11:52:02.905 DEBUG [api-gateway] [DiscoveryClient-CacheRefreshExecutor-0] o.s.c.g.filter.GatewayMetricsFilter : New routes count: 5
2026-05-09 11:52:32.931 DEBUG [api-gateway] [DiscoveryClient-CacheRefreshExecutor-0] o.s.c.g.filter.GatewayMetricsFilter : New routes count: 5
2026-05-09 11:53:02.960 DEBUG [api-gateway] [DiscoveryClient-CacheRefreshExecutor-0] o.s.c.g.filter.GatewayMetricsFilter : New routes count: 5
2026-05-09 11:53:32.980 DEBUG [api-gateway] [DiscoveryClient-CacheRefreshExecutor-0] o.s.c.g.filter.GatewayMetricsFilter : New routes count: 5
2026-05-09 11:54:03.035 DEBUG [api-gateway] [DiscoveryClient-CacheRefreshExecutor-0] o.s.c.g.filter.GatewayMetricsFilter : New routes count: 5
2026-05-09 11:54:33.078 DEBUG [api-gateway] [DiscoveryClient-CacheRefreshExecutor-0] o.s.c.g.filter.GatewayMetricsFilter : New routes count: 5
2026-05-09 11:55:02.461 INFO  [api-gateway] [AsyncResolver-bootstrap-executor-0] c.n.d.s.r.aws.ConfigClusterResolver : Resolving eureka endpoints via configuration
2026-05-09 11:55:03.129 DEBUG [api-gateway] [DiscoveryClient-CacheRefreshExecutor-0] o.s.c.g.filter.GatewayMetricsFilter : New routes count: 5
2026-05-09 11:55:33.167 DEBUG [api-gateway] [DiscoveryClient-CacheRefreshExecutor-0] o.s.c.g.filter.GatewayMetricsFilter : New routes count: 5
2026-05-09 11:56:03.220 DEBUG [api-gateway] [DiscoveryClient-CacheRefreshExecutor-0] o.s.c.g.filter.GatewayMetricsFilter : New routes count: 5
2026-05-09 11:56:33.246 DEBUG [api-gateway] [DiscoveryClient-CacheRefreshExecutor-0] o.s.c.g.filter.GatewayMetricsFilter : New routes count: 5
2026-05-09 11:57:03.259 DEBUG [api-gateway] [DiscoveryClient-CacheRefreshExecutor-0] o.s.c.g.filter.GatewayMetricsFilter : New routes count: 5
2026-05-09 11:57:33.276 DEBUG [api-gateway] [DiscoveryClient-CacheRefreshExecutor-0] o.s.c.g.filter.GatewayMetricsFilter : New routes count: 5
2026-05-09 11:58:03.344 DEBUG [api-gateway] [DiscoveryClient-CacheRefreshExecutor-0] o.s.c.g.filter.GatewayMetricsFilter : New routes count: 5
2026-05-09 11:58:33.385 DEBUG [api-gateway] [DiscoveryClient-CacheRefreshExecutor-0] o.s.c.g.filter.GatewayMetricsFilter : New routes count: 5
2026-05-09 11:59:03.428 DEBUG [api-gateway] [DiscoveryClient-CacheRefreshExecutor-0] o.s.c.g.filter.GatewayMetricsFilter : New routes count: 5
2026-05-09 11:59:33.472 DEBUG [api-gateway] [DiscoveryClient-CacheRefreshExecutor-0] o.s.c.g.filter.GatewayMetricsFilter : New routes count: 5
2026-05-09 12:00:02.464 INFO  [api-gateway] [AsyncResolver-bootstrap-executor-0] c.n.d.s.r.aws.ConfigClusterResolver : Resolving eureka endpoints via configuration
2026-05-09 12:00:03.507 DEBUG [api-gateway] [DiscoveryClient-CacheRefreshExecutor-0] o.s.c.g.filter.GatewayMetricsFilter : New routes count: 5
2026-05-09 12:00:33.545 DEBUG [api-gateway] [DiscoveryClient-CacheRefreshExecutor-0] o.s.c.g.filter.GatewayMetricsFilter : New routes count: 5
2026-05-09 12:01:03.585 DEBUG [api-gateway] [DiscoveryClient-CacheRefreshExecutor-0] o.s.c.g.filter.GatewayMetricsFilter : New routes count: 5
2026-05-09 12:01:33.641 DEBUG [api-gateway] [DiscoveryClient-CacheRefreshExecutor-0] o.s.c.g.filter.GatewayMetricsFilter : New routes count: 5
2026-05-09 12:02:03.689 DEBUG [api-gateway] [DiscoveryClient-CacheRefreshExecutor-0] o.s.c.g.filter.GatewayMetricsFilter : New routes count: 5
2026-05-09 12:02:33.717 DEBUG [api-gateway] [DiscoveryClient-CacheRefreshExecutor-0] o.s.c.g.filter.GatewayMetricsFilter : New routes count: 5
2026-05-09 12:02:59.104 WARN  [api-gateway] [reactor-http-nio-3] c.c.g.config.GlobalExceptionHandler : [null] ResponseStatusException on '/api/v1/auth/register': No static resource api/v1/auth/register.
2026-05-09 12:03:03.733 DEBUG [api-gateway] [DiscoveryClient-CacheRefreshExecutor-0] o.s.c.g.filter.GatewayMetricsFilter : New routes count: 5
2026-05-09 12:03:33.794 DEBUG [api-gateway] [DiscoveryClient-CacheRefreshExecutor-0] o.s.c.g.filter.GatewayMetricsFilter : New routes count: 5
2026-05-09 12:04:03.844 DEBUG [api-gateway] [DiscoveryClient-CacheRefreshExecutor-0] o.s.c.g.filter.GatewayMetricsFilter : New routes count: 5
2026-05-09 12:04:33.895 DEBUG [api-gateway] [DiscoveryClient-CacheRefreshExecutor-0] o.s.c.g.filter.GatewayMetricsFilter : New routes count: 5
2026-05-09 12:04:40.623 WARN  [api-gateway] [reactor-http-nio-5] c.c.g.config.GlobalExceptionHandler : [null] ResponseStatusException on '/api/v1/auth/register': No static resource api/v1/auth/register.
2026-05-09 12:05:02.467 INFO  [api-gateway] [AsyncResolver-bootstrap-executor-0] c.n.d.s.r.aws.ConfigClusterResolver : Resolving eureka endpoints via configuration
2026-05-09 12:05:03.936 DEBUG [api-gateway] [DiscoveryClient-CacheRefreshExecutor-0] o.s.c.g.filter.GatewayMetricsFilter : New routes count: 5
2026-05-09 12:05:33.949 DEBUG [api-gateway] [DiscoveryClient-CacheRefreshExecutor-0] o.s.c.g.filter.GatewayMetricsFilter : New routes count: 5
2026-05-09 12:06:03.896 INFO  [api-gateway] [RMI TCP Connection(21)-127.0.0.1] o.s.b.a.SpringApplicationAdminMXBeanRegistrar$SpringApplicationAdmin : Application shutdown requested.
2026-05-09 12:06:03.897 INFO  [api-gateway] [RMI TCP Connection(21)-127.0.0.1] o.s.c.n.e.s.EurekaServiceRegistry : Unregistering application API-GATEWAY with eureka with status DOWN
2026-05-09 12:06:03.897 INFO  [api-gateway] [RMI TCP Connection(21)-127.0.0.1] c.netflix.discovery.DiscoveryClient : Saw local status change event StatusChangeEvent [timestamp=1778308563897, current=DOWN, previous=UP]
2026-05-09 12:06:03.897 INFO  [api-gateway] [DiscoveryClient-InstanceInfoReplicator-0] c.netflix.discovery.DiscoveryClient : DiscoveryClient_API-GATEWAY/api-gateway:8080: registering service...
2026-05-09 12:06:03.902 INFO  [api-gateway] [DiscoveryClient-InstanceInfoReplicator-0] c.netflix.discovery.DiscoveryClient : DiscoveryClient_API-GATEWAY/api-gateway:8080 - registration status: 204
2026-05-09 12:06:03.960 DEBUG [api-gateway] [DiscoveryClient-CacheRefreshExecutor-0] o.s.c.g.filter.GatewayMetricsFilter : New routes count: 5
2026-05-09 12:06:05.933 INFO  [api-gateway] [RMI TCP Connection(21)-127.0.0.1] c.netflix.discovery.DiscoveryClient : Shutting down DiscoveryClient ...
2026-05-09 12:06:08.935 INFO  [api-gateway] [RMI TCP Connection(21)-127.0.0.1] c.netflix.discovery.DiscoveryClient : Unregistering ...
2026-05-09 12:06:08.943 INFO  [api-gateway] [RMI TCP Connection(21)-127.0.0.1] c.netflix.discovery.DiscoveryClient : DiscoveryClient_API-GATEWAY/api-gateway:8080 - deregister  status: 200
2026-05-09 12:06:08.949 INFO  [api-gateway] [RMI TCP Connection(21)-127.0.0.1] c.netflix.discovery.DiscoveryClient : Completed shut down of DiscoveryClient
2026-05-09 12:06:28.638 INFO  [api-gateway] [main] c.c.gateway.ApiGatewayApplication : Starting ApiGatewayApplication using Java 25.0.2 with PID 20140 (C:\Users\ADMIN\Documents\workspace-spring-tools-for-eclipse-5.1.1.RELEASE\Api-Gateway\target\classes started by ADMIN in C:\Users\ADMIN\Documents\workspace-spring-tools-for-eclipse-5.1.1.RELEASE\Api-Gateway)
2026-05-09 12:06:28.639 DEBUG [api-gateway] [main] c.c.gateway.ApiGatewayApplication : Running with Spring Boot v3.3.0, Spring v6.1.8
2026-05-09 12:06:28.639 INFO  [api-gateway] [main] c.c.gateway.ApiGatewayApplication : No active profile set, falling back to 1 default profile: "default"
2026-05-09 12:06:29.461 INFO  [api-gateway] [main] o.s.d.r.c.RepositoryConfigurationDelegate : Multiple Spring Data modules found, entering strict repository configuration mode
2026-05-09 12:06:29.463 INFO  [api-gateway] [main] o.s.d.r.c.RepositoryConfigurationDelegate : Bootstrapping Spring Data Redis repositories in DEFAULT mode.
2026-05-09 12:06:29.485 INFO  [api-gateway] [main] o.s.d.r.c.RepositoryConfigurationDelegate : Finished Spring Data repository scanning in 11 ms. Found 0 Redis repository interfaces.
2026-05-09 12:06:29.727 INFO  [api-gateway] [main] o.s.cloud.context.scope.GenericScope : BeanFactory id=2c502ea6-c4a2-304a-b300-a36611a4f1ae
2026-05-09 12:06:29.791 WARN  [api-gateway] [main] o.s.c.s.PostProcessorRegistrationDelegate$BeanPostProcessorChecker : Bean 'org.springframework.cloud.client.loadbalancer.LoadBalancerAutoConfiguration$DeferringLoadBalancerInterceptorConfig' of type [org.springframework.cloud.client.loadbalancer.LoadBalancerAutoConfiguration$DeferringLoadBalancerInterceptorConfig] is not eligible for getting processed by all BeanPostProcessors (for example: not eligible for auto-proxying). The currently created BeanPostProcessor [lbRestClientPostProcessor] is declared through a non-static factory method on that class; consider declaring it as static instead.
2026-05-09 12:06:29.794 WARN  [api-gateway] [main] o.s.c.s.PostProcessorRegistrationDelegate$BeanPostProcessorChecker : Bean 'deferringLoadBalancerInterceptor' of type [org.springframework.cloud.client.loadbalancer.DeferringLoadBalancerInterceptor] is not eligible for getting processed by all BeanPostProcessors (for example: not eligible for auto-proxying). Is this bean getting eagerly injected into a currently created BeanPostProcessor [lbRestClientPostProcessor]? Check the corresponding BeanPostProcessor declaration and its dependencies.
2026-05-09 12:06:29.796 WARN  [api-gateway] [main] o.s.c.s.PostProcessorRegistrationDelegate$BeanPostProcessorChecker : Bean 'org.springframework.cloud.client.loadbalancer.reactive.LoadBalancerBeanPostProcessorAutoConfiguration' of type [org.springframework.cloud.client.loadbalancer.reactive.LoadBalancerBeanPostProcessorAutoConfiguration] is not eligible for getting processed by all BeanPostProcessors (for example: not eligible for auto-proxying). The currently created BeanPostProcessor [loadBalancerWebClientBuilderBeanPostProcessor] is declared through a non-static factory method on that class; consider declaring it as static instead.
2026-05-09 12:06:29.798 WARN  [api-gateway] [main] o.s.c.s.PostProcessorRegistrationDelegate$BeanPostProcessorChecker : Bean 'org.springframework.cloud.client.loadbalancer.reactive.LoadBalancerBeanPostProcessorAutoConfiguration$ReactorDeferringLoadBalancerFilterConfig' of type [org.springframework.cloud.client.loadbalancer.reactive.LoadBalancerBeanPostProcessorAutoConfiguration$ReactorDeferringLoadBalancerFilterConfig] is not eligible for getting processed by all BeanPostProcessors (for example: not eligible for auto-proxying). Is this bean getting eagerly injected into a currently created BeanPostProcessor [loadBalancerWebClientBuilderBeanPostProcessor]? Check the corresponding BeanPostProcessor declaration and its dependencies.
2026-05-09 12:06:29.799 WARN  [api-gateway] [main] o.s.c.s.PostProcessorRegistrationDelegate$BeanPostProcessorChecker : Bean 'reactorDeferringLoadBalancerExchangeFilterFunction' of type [org.springframework.cloud.client.loadbalancer.reactive.DeferringLoadBalancerExchangeFilterFunction] is not eligible for getting processed by all BeanPostProcessors (for example: not eligible for auto-proxying). Is this bean getting eagerly injected into a currently created BeanPostProcessor [loadBalancerWebClientBuilderBeanPostProcessor]? Check the corresponding BeanPostProcessor declaration and its dependencies.
2026-05-09 12:06:30.895 INFO  [api-gateway] [main] o.s.c.g.r.RouteDefinitionRouteLocator : Loaded RoutePredicateFactory [After]
2026-05-09 12:06:30.895 INFO  [api-gateway] [main] o.s.c.g.r.RouteDefinitionRouteLocator : Loaded RoutePredicateFactory [Before]
2026-05-09 12:06:30.895 INFO  [api-gateway] [main] o.s.c.g.r.RouteDefinitionRouteLocator : Loaded RoutePredicateFactory [Between]
2026-05-09 12:06:30.895 INFO  [api-gateway] [main] o.s.c.g.r.RouteDefinitionRouteLocator : Loaded RoutePredicateFactory [Cookie]
2026-05-09 12:06:30.895 INFO  [api-gateway] [main] o.s.c.g.r.RouteDefinitionRouteLocator : Loaded RoutePredicateFactory [Header]
2026-05-09 12:06:30.895 INFO  [api-gateway] [main] o.s.c.g.r.RouteDefinitionRouteLocator : Loaded RoutePredicateFactory [Host]
2026-05-09 12:06:30.896 INFO  [api-gateway] [main] o.s.c.g.r.RouteDefinitionRouteLocator : Loaded RoutePredicateFactory [Method]
2026-05-09 12:06:30.896 INFO  [api-gateway] [main] o.s.c.g.r.RouteDefinitionRouteLocator : Loaded RoutePredicateFactory [Path]
2026-05-09 12:06:30.896 INFO  [api-gateway] [main] o.s.c.g.r.RouteDefinitionRouteLocator : Loaded RoutePredicateFactory [Query]
2026-05-09 12:06:30.896 INFO  [api-gateway] [main] o.s.c.g.r.RouteDefinitionRouteLocator : Loaded RoutePredicateFactory [ReadBody]
2026-05-09 12:06:30.896 INFO  [api-gateway] [main] o.s.c.g.r.RouteDefinitionRouteLocator : Loaded RoutePredicateFactory [RemoteAddr]
2026-05-09 12:06:30.896 INFO  [api-gateway] [main] o.s.c.g.r.RouteDefinitionRouteLocator : Loaded RoutePredicateFactory [XForwardedRemoteAddr]
2026-05-09 12:06:30.896 INFO  [api-gateway] [main] o.s.c.g.r.RouteDefinitionRouteLocator : Loaded RoutePredicateFactory [Weight]
2026-05-09 12:06:30.896 INFO  [api-gateway] [main] o.s.c.g.r.RouteDefinitionRouteLocator : Loaded RoutePredicateFactory [CloudFoundryRouteService]
2026-05-09 12:06:31.181 INFO  [api-gateway] [main] o.s.b.a.e.web.EndpointLinksResolver : Exposing 5 endpoints beneath base path '/actuator'
2026-05-09 12:06:31.444 INFO  [api-gateway] [main] o.s.c.n.e.c.DiscoveryClientOptionalArgsConfiguration : Eureka HTTP Client uses RestTemplate.
2026-05-09 12:06:31.464 WARN  [api-gateway] [main] o.s.c.l.c.LoadBalancerCacheAutoConfiguration$LoadBalancerCaffeineWarnLogger : Spring Cloud LoadBalancer is currently working with the default cache. While this cache implementation is useful for development and tests, it's recommended to use Caffeine cache in production.You can switch to using Caffeine cache, by adding it and org.springframework.cache.caffeine.CaffeineCacheManager to the classpath.
2026-05-09 12:06:31.516 INFO  [api-gateway] [main] o.s.c.n.eureka.InstanceInfoFactory : Setting initial instance status as: STARTING
2026-05-09 12:06:31.541 INFO  [api-gateway] [main] c.netflix.discovery.DiscoveryClient : Initializing Eureka in region us-east-1
2026-05-09 12:06:31.545 INFO  [api-gateway] [main] c.n.d.s.r.aws.ConfigClusterResolver : Resolving eureka endpoints via configuration
2026-05-09 12:06:31.562 INFO  [api-gateway] [main] c.netflix.discovery.DiscoveryClient : Disable delta property : false
2026-05-09 12:06:31.562 INFO  [api-gateway] [main] c.netflix.discovery.DiscoveryClient : Single vip registry refresh property : null
2026-05-09 12:06:31.562 INFO  [api-gateway] [main] c.netflix.discovery.DiscoveryClient : Force full registry fetch : false
2026-05-09 12:06:31.562 INFO  [api-gateway] [main] c.netflix.discovery.DiscoveryClient : Application is null : false
2026-05-09 12:06:31.562 INFO  [api-gateway] [main] c.netflix.discovery.DiscoveryClient : Registered Applications size is zero : true
2026-05-09 12:06:31.562 INFO  [api-gateway] [main] c.netflix.discovery.DiscoveryClient : Application version is -1: true
2026-05-09 12:06:31.562 INFO  [api-gateway] [main] c.netflix.discovery.DiscoveryClient : Getting all instance registry info from the eureka server
2026-05-09 12:06:31.829 INFO  [api-gateway] [main] c.netflix.discovery.DiscoveryClient : The response status is 200
2026-05-09 12:06:31.832 INFO  [api-gateway] [main] c.netflix.discovery.DiscoveryClient : Starting heartbeat executor: renew interval is: 30
2026-05-09 12:06:31.834 INFO  [api-gateway] [main] c.n.discovery.InstanceInfoReplicator : InstanceInfoReplicator onDemand update allowed rate per min is 4
2026-05-09 12:06:31.838 INFO  [api-gateway] [main] c.netflix.discovery.DiscoveryClient : Discovery Client initialized at timestamp 1778308591837 with initial instances count: 2
2026-05-09 12:06:31.839 INFO  [api-gateway] [main] o.s.c.n.e.s.EurekaServiceRegistry : Registering application API-GATEWAY with eureka with status UP
2026-05-09 12:06:31.840 INFO  [api-gateway] [main] c.netflix.discovery.DiscoveryClient : Saw local status change event StatusChangeEvent [timestamp=1778308591840, current=UP, previous=STARTING]
2026-05-09 12:06:31.841 INFO  [api-gateway] [DiscoveryClient-InstanceInfoReplicator-0] c.netflix.discovery.DiscoveryClient : DiscoveryClient_API-GATEWAY/api-gateway:8080: registering service...
2026-05-09 12:06:31.894 INFO  [api-gateway] [DiscoveryClient-InstanceInfoReplicator-0] c.netflix.discovery.DiscoveryClient : DiscoveryClient_API-GATEWAY/api-gateway:8080 - registration status: 204
2026-05-09 12:06:31.949 DEBUG [api-gateway] [main] o.s.c.g.filter.GatewayMetricsFilter : New routes count: 5
2026-05-09 12:06:32.003 INFO  [api-gateway] [main] o.s.b.w.e.netty.NettyWebServer : Netty started on port 8080 (http)
2026-05-09 12:06:32.005 INFO  [api-gateway] [main] o.s.c.n.e.s.EurekaAutoServiceRegistration : Updating port to 8080
2026-05-09 12:06:32.037 DEBUG [api-gateway] [main] o.s.c.g.filter.GatewayMetricsFilter : New routes count: 5
2026-05-09 12:06:32.038 INFO  [api-gateway] [main] c.c.gateway.ApiGatewayApplication : Started ApiGatewayApplication in 3.776 seconds (process running for 4.323)
2026-05-09 12:06:32.042 INFO  [api-gateway] [main] c.c.gateway.ApiGatewayApplication : ════════════════════════════════════════════════════
2026-05-09 12:06:32.042 INFO  [api-gateway] [main] c.c.gateway.ApiGatewayApplication :   API Gateway started successfully
2026-05-09 12:06:32.042 INFO  [api-gateway] [main] c.c.gateway.ApiGatewayApplication :   Entry point  → http://localhost:8080
2026-05-09 12:06:32.042 INFO  [api-gateway] [main] c.c.gateway.ApiGatewayApplication :   Health       → http://localhost:8080/actuator/health
2026-05-09 12:06:32.042 INFO  [api-gateway] [main] c.c.gateway.ApiGatewayApplication :   Routes       → http://localhost:8080/actuator/gateway/routes
2026-05-09 12:06:32.042 INFO  [api-gateway] [main] c.c.gateway.ApiGatewayApplication : ════════════════════════════════════════════════════
2026-05-09 12:06:42.198 ERROR [api-gateway] [reactor-http-nio-3] c.c.g.config.GlobalExceptionHandler : [null] Unhandled exception on '/api/v1/auth/register': When allowCredentials is true, allowedOrigins cannot contain the special value "*" since that cannot be set on the "Access-Control-Allow-Origin" response header. To allow credentials to a set of origins, list them explicitly or consider using "allowedOriginPatterns" instead.
java.lang.IllegalArgumentException: When allowCredentials is true, allowedOrigins cannot contain the special value "*" since that cannot be set on the "Access-Control-Allow-Origin" response header. To allow credentials to a set of origins, list them explicitly or consider using "allowedOriginPatterns" instead.
	at org.springframework.web.cors.CorsConfiguration.validateAllowCredentials(CorsConfiguration.java:572)
	Suppressed: reactor.core.publisher.FluxOnAssembly$OnAssemblyException: 
Error has been observed at the following site(s):
	*__checkpoint ⇢ org.springframework.cloud.gateway.filter.WeightCalculatorWebFilter [DefaultWebFilterChain]
	*__checkpoint ⇢ HTTP POST "/api/v1/auth/register" [ExceptionHandlingWebHandler]
Original Stack Trace:
		at org.springframework.web.cors.CorsConfiguration.validateAllowCredentials(CorsConfiguration.java:572)
		at org.springframework.web.reactive.handler.AbstractHandlerMapping.lambda$getHandler$1(AbstractHandlerMapping.java:198)
		at reactor.core.publisher.FluxMap$MapSubscriber.onNext(FluxMap.java:106)
		at reactor.core.publisher.FluxSwitchIfEmpty$SwitchIfEmptySubscriber.onNext(FluxSwitchIfEmpty.java:74)
		at reactor.core.publisher.FluxMap$MapSubscriber.onNext(FluxMap.java:122)
		at reactor.core.publisher.FluxMap$MapSubscriber.onNext(FluxMap.java:122)
		at reactor.core.publisher.MonoNext$NextSubscriber.onNext(MonoNext.java:82)
		at reactor.core.publisher.FluxConcatMapNoPrefetch$FluxConcatMapNoPrefetchSubscriber.innerNext(FluxConcatMapNoPrefetch.java:259)
		at reactor.core.publisher.FluxConcatMap$ConcatMapInner.onNext(FluxConcatMap.java:865)
		at reactor.core.publisher.FluxOnErrorResume$ResumeSubscriber.onNext(FluxOnErrorResume.java:79)
		at reactor.core.publisher.MonoPeekTerminal$MonoTerminalPeekSubscriber.onNext(MonoPeekTerminal.java:180)
		at reactor.core.publisher.MonoFilterWhen$MonoFilterWhenMain.onNext(MonoFilterWhen.java:136)
		at reactor.core.publisher.Operators$ScalarSubscription.request(Operators.java:2571)
		at reactor.core.publisher.MonoFilterWhen$MonoFilterWhenMain.request(MonoFilterWhen.java:183)
		at reactor.core.publisher.MonoPeekTerminal$MonoTerminalPeekSubscriber.request(MonoPeekTerminal.java:139)
		at reactor.core.publisher.Operators$MultiSubscriptionSubscriber.request(Operators.java:2331)
		at reactor.core.publisher.Operators$MultiSubscriptionSubscriber.request(Operators.java:2331)
		at reactor.core.publisher.FluxConcatMapNoPrefetch$FluxConcatMapNoPrefetchSubscriber.request(FluxConcatMapNoPrefetch.java:339)
		at reactor.core.publisher.MonoNext$NextSubscriber.request(MonoNext.java:108)
		at reactor.core.publisher.FluxMap$MapSubscriber.request(FluxMap.java:164)
		at reactor.core.publisher.FluxMap$MapSubscriber.request(FluxMap.java:164)
		at reactor.core.publisher.Operators$MultiSubscriptionSubscriber.request(Operators.java:2331)
		at reactor.core.publisher.FluxMap$MapSubscriber.request(FluxMap.java:164)
		at reactor.core.publisher.Operators$MultiSubscriptionSubscriber.request(Operators.java:2331)
		at reactor.core.publisher.FluxConcatMapNoPrefetch$FluxConcatMapNoPrefetchSubscriber.request(FluxConcatMapNoPrefetch.java:339)
		at reactor.core.publisher.MonoNext$NextSubscriber.request(MonoNext.java:108)
		at reactor.core.publisher.Operators$MultiSubscriptionSubscriber.set(Operators.java:2367)
		at reactor.core.publisher.Operators$MultiSubscriptionSubscriber.onSubscribe(Operators.java:2241)
		at reactor.core.publisher.MonoNext$NextSubscriber.onSubscribe(MonoNext.java:70)
		at reactor.core.publisher.FluxConcatMapNoPrefetch$FluxConcatMapNoPrefetchSubscriber.onSubscribe(FluxConcatMapNoPrefetch.java:164)
		at reactor.core.publisher.FluxIterable.subscribe(FluxIterable.java:201)
		at reactor.core.publisher.FluxIterable.subscribe(FluxIterable.java:83)
		at reactor.core.publisher.InternalMonoOperator.subscribe(InternalMonoOperator.java:76)
		at reactor.core.publisher.MonoDefer.subscribe(MonoDefer.java:53)
		at reactor.core.publisher.InternalMonoOperator.subscribe(InternalMonoOperator.java:76)
		at reactor.core.publisher.MonoDefer.subscribe(MonoDefer.java:53)
		at reactor.core.publisher.Mono.subscribe(Mono.java:4568)
		at reactor.core.publisher.MonoIgnoreThen$ThenIgnoreMain.subscribeNext(MonoIgnoreThen.java:265)
		at reactor.core.publisher.MonoIgnoreThen.subscribe(MonoIgnoreThen.java:51)
		at reactor.core.publisher.InternalMonoOperator.subscribe(InternalMonoOperator.java:76)
		at reactor.core.publisher.MonoDeferContextual.subscribe(MonoDeferContextual.java:55)
		at reactor.netty.http.server.HttpServer$HttpServerHandle.onStateChange(HttpServer.java:1176)
		at reactor.netty.ReactorNetty$CompositeConnectionObserver.onStateChange(ReactorNetty.java:710)
		at reactor.netty.transport.ServerTransport$ChildObserver.onStateChange(ServerTransport.java:481)
		at reactor.netty.http.server.HttpServerOperations.onInboundNext(HttpServerOperations.java:652)
		at reactor.netty.channel.ChannelOperationsHandler.channelRead(ChannelOperationsHandler.java:114)
		at io.netty.channel.AbstractChannelHandlerContext.invokeChannelRead(AbstractChannelHandlerContext.java:444)
		at io.netty.channel.AbstractChannelHandlerContext.invokeChannelRead(AbstractChannelHandlerContext.java:420)
		at io.netty.channel.AbstractChannelHandlerContext.fireChannelRead(AbstractChannelHandlerContext.java:412)
		at reactor.netty.http.server.HttpTrafficHandler.channelRead(HttpTrafficHandler.java:240)
		at io.netty.channel.AbstractChannelHandlerContext.invokeChannelRead(AbstractChannelHandlerContext.java:442)
		at io.netty.channel.AbstractChannelHandlerContext.invokeChannelRead(AbstractChannelHandlerContext.java:420)
		at io.netty.channel.AbstractChannelHandlerContext.fireChannelRead(AbstractChannelHandlerContext.java:412)
		at io.netty.channel.CombinedChannelDuplexHandler$DelegatingChannelHandlerContext.fireChannelRead(CombinedChannelDuplexHandler.java:436)
		at io.netty.handler.codec.ByteToMessageDecoder.fireChannelRead(ByteToMessageDecoder.java:346)
		at io.netty.handler.codec.ByteToMessageDecoder.fireChannelRead(ByteToMessageDecoder.java:333)
		at io.netty.handler.codec.ByteToMessageDecoder.callDecode(ByteToMessageDecoder.java:455)
		at io.netty.handler.codec.ByteToMessageDecoder.channelRead(ByteToMessageDecoder.java:290)
		at io.netty.channel.CombinedChannelDuplexHandler.channelRead(CombinedChannelDuplexHandler.java:251)
		at io.netty.channel.AbstractChannelHandlerContext.invokeChannelRead(AbstractChannelHandlerContext.java:442)
		at io.netty.channel.AbstractChannelHandlerContext.invokeChannelRead(AbstractChannelHandlerContext.java:420)
		at io.netty.channel.AbstractChannelHandlerContext.fireChannelRead(AbstractChannelHandlerContext.java:412)
		at io.netty.channel.DefaultChannelPipeline$HeadContext.channelRead(DefaultChannelPipeline.java:1407)
		at io.netty.channel.AbstractChannelHandlerContext.invokeChannelRead(AbstractChannelHandlerContext.java:440)
		at io.netty.channel.AbstractChannelHandlerContext.invokeChannelRead(AbstractChannelHandlerContext.java:420)
		at io.netty.channel.DefaultChannelPipeline.fireChannelRead(DefaultChannelPipeline.java:918)
		at io.netty.channel.nio.AbstractNioByteChannel$NioByteUnsafe.read(AbstractNioByteChannel.java:166)
		at io.netty.channel.nio.NioEventLoop.processSelectedKey(NioEventLoop.java:788)
		at io.netty.channel.nio.NioEventLoop.processSelectedKeysOptimized(NioEventLoop.java:724)
		at io.netty.channel.nio.NioEventLoop.processSelectedKeys(NioEventLoop.java:650)
		at io.netty.channel.nio.NioEventLoop.run(NioEventLoop.java:562)
		at io.netty.util.concurrent.SingleThreadEventExecutor$4.run(SingleThreadEventExecutor.java:994)
		at io.netty.util.internal.ThreadExecutorMap$2.run(ThreadExecutorMap.java:74)
		at io.netty.util.concurrent.FastThreadLocalRunnable.run(FastThreadLocalRunnable.java:30)
		at java.base/java.lang.Thread.run(Thread.java:1474)
2026-05-09 12:07:01.865 DEBUG [api-gateway] [DiscoveryClient-CacheRefreshExecutor-0] o.s.c.g.filter.GatewayMetricsFilter : New routes count: 5
2026-05-09 12:07:31.919 DEBUG [api-gateway] [DiscoveryClient-CacheRefreshExecutor-0] o.s.c.g.filter.GatewayMetricsFilter : New routes count: 5
2026-05-09 12:08:01.936 DEBUG [api-gateway] [DiscoveryClient-CacheRefreshExecutor-0] o.s.c.g.filter.GatewayMetricsFilter : New routes count: 5
2026-05-09 12:08:31.952 DEBUG [api-gateway] [DiscoveryClient-CacheRefreshExecutor-0] o.s.c.g.filter.GatewayMetricsFilter : New routes count: 5
2026-05-09 12:09:01.979 DEBUG [api-gateway] [DiscoveryClient-CacheRefreshExecutor-0] o.s.c.g.filter.GatewayMetricsFilter : New routes count: 5
2026-05-09 12:09:32.042 DEBUG [api-gateway] [DiscoveryClient-CacheRefreshExecutor-0] o.s.c.g.filter.GatewayMetricsFilter : New routes count: 5
2026-05-09 12:10:00.439 INFO  [api-gateway] [RMI TCP Connection(9)-127.0.0.1] o.s.b.a.SpringApplicationAdminMXBeanRegistrar$SpringApplicationAdmin : Application shutdown requested.
2026-05-09 12:10:00.440 INFO  [api-gateway] [RMI TCP Connection(9)-127.0.0.1] o.s.c.n.e.s.EurekaServiceRegistry : Unregistering application API-GATEWAY with eureka with status DOWN
2026-05-09 12:10:00.440 INFO  [api-gateway] [RMI TCP Connection(9)-127.0.0.1] c.netflix.discovery.DiscoveryClient : Saw local status change event StatusChangeEvent [timestamp=1778308800440, current=DOWN, previous=UP]
2026-05-09 12:10:00.440 INFO  [api-gateway] [DiscoveryClient-InstanceInfoReplicator-0] c.netflix.discovery.DiscoveryClient : DiscoveryClient_API-GATEWAY/api-gateway:8080: registering service...
2026-05-09 12:10:00.447 INFO  [api-gateway] [DiscoveryClient-InstanceInfoReplicator-0] c.netflix.discovery.DiscoveryClient : DiscoveryClient_API-GATEWAY/api-gateway:8080 - registration status: 204
2026-05-09 12:10:02.061 DEBUG [api-gateway] [DiscoveryClient-CacheRefreshExecutor-0] o.s.c.g.filter.GatewayMetricsFilter : New routes count: 5
2026-05-09 12:10:02.478 INFO  [api-gateway] [RMI TCP Connection(9)-127.0.0.1] c.netflix.discovery.DiscoveryClient : Shutting down DiscoveryClient ...
2026-05-09 12:10:05.482 INFO  [api-gateway] [RMI TCP Connection(9)-127.0.0.1] c.netflix.discovery.DiscoveryClient : Unregistering ...
2026-05-09 12:10:05.490 INFO  [api-gateway] [RMI TCP Connection(9)-127.0.0.1] c.netflix.discovery.DiscoveryClient : DiscoveryClient_API-GATEWAY/api-gateway:8080 - deregister  status: 200
2026-05-09 12:10:05.493 INFO  [api-gateway] [RMI TCP Connection(9)-127.0.0.1] c.netflix.discovery.DiscoveryClient : Completed shut down of DiscoveryClient
2026-05-09 12:10:18.998 INFO  [api-gateway] [main] c.c.gateway.ApiGatewayApplication : Starting ApiGatewayApplication using Java 25.0.2 with PID 18420 (C:\Users\ADMIN\Documents\workspace-spring-tools-for-eclipse-5.1.1.RELEASE\Api-Gateway\target\classes started by ADMIN in C:\Users\ADMIN\Documents\workspace-spring-tools-for-eclipse-5.1.1.RELEASE\Api-Gateway)
2026-05-09 12:10:18.999 DEBUG [api-gateway] [main] c.c.gateway.ApiGatewayApplication : Running with Spring Boot v3.3.0, Spring v6.1.8
2026-05-09 12:10:19.000 INFO  [api-gateway] [main] c.c.gateway.ApiGatewayApplication : No active profile set, falling back to 1 default profile: "default"
2026-05-09 12:10:19.785 INFO  [api-gateway] [main] o.s.d.r.c.RepositoryConfigurationDelegate : Multiple Spring Data modules found, entering strict repository configuration mode
2026-05-09 12:10:19.787 INFO  [api-gateway] [main] o.s.d.r.c.RepositoryConfigurationDelegate : Bootstrapping Spring Data Redis repositories in DEFAULT mode.
2026-05-09 12:10:19.806 INFO  [api-gateway] [main] o.s.d.r.c.RepositoryConfigurationDelegate : Finished Spring Data repository scanning in 10 ms. Found 0 Redis repository interfaces.
2026-05-09 12:10:20.015 INFO  [api-gateway] [main] o.s.cloud.context.scope.GenericScope : BeanFactory id=2c502ea6-c4a2-304a-b300-a36611a4f1ae
2026-05-09 12:10:20.068 WARN  [api-gateway] [main] o.s.c.s.PostProcessorRegistrationDelegate$BeanPostProcessorChecker : Bean 'org.springframework.cloud.client.loadbalancer.LoadBalancerAutoConfiguration$DeferringLoadBalancerInterceptorConfig' of type [org.springframework.cloud.client.loadbalancer.LoadBalancerAutoConfiguration$DeferringLoadBalancerInterceptorConfig] is not eligible for getting processed by all BeanPostProcessors (for example: not eligible for auto-proxying). The currently created BeanPostProcessor [lbRestClientPostProcessor] is declared through a non-static factory method on that class; consider declaring it as static instead.
2026-05-09 12:10:20.070 WARN  [api-gateway] [main] o.s.c.s.PostProcessorRegistrationDelegate$BeanPostProcessorChecker : Bean 'deferringLoadBalancerInterceptor' of type [org.springframework.cloud.client.loadbalancer.DeferringLoadBalancerInterceptor] is not eligible for getting processed by all BeanPostProcessors (for example: not eligible for auto-proxying). Is this bean getting eagerly injected into a currently created BeanPostProcessor [lbRestClientPostProcessor]? Check the corresponding BeanPostProcessor declaration and its dependencies.
2026-05-09 12:10:20.072 WARN  [api-gateway] [main] o.s.c.s.PostProcessorRegistrationDelegate$BeanPostProcessorChecker : Bean 'org.springframework.cloud.client.loadbalancer.reactive.LoadBalancerBeanPostProcessorAutoConfiguration' of type [org.springframework.cloud.client.loadbalancer.reactive.LoadBalancerBeanPostProcessorAutoConfiguration] is not eligible for getting processed by all BeanPostProcessors (for example: not eligible for auto-proxying). The currently created BeanPostProcessor [loadBalancerWebClientBuilderBeanPostProcessor] is declared through a non-static factory method on that class; consider declaring it as static instead.
2026-05-09 12:10:20.073 WARN  [api-gateway] [main] o.s.c.s.PostProcessorRegistrationDelegate$BeanPostProcessorChecker : Bean 'org.springframework.cloud.client.loadbalancer.reactive.LoadBalancerBeanPostProcessorAutoConfiguration$ReactorDeferringLoadBalancerFilterConfig' of type [org.springframework.cloud.client.loadbalancer.reactive.LoadBalancerBeanPostProcessorAutoConfiguration$ReactorDeferringLoadBalancerFilterConfig] is not eligible for getting processed by all BeanPostProcessors (for example: not eligible for auto-proxying). Is this bean getting eagerly injected into a currently created BeanPostProcessor [loadBalancerWebClientBuilderBeanPostProcessor]? Check the corresponding BeanPostProcessor declaration and its dependencies.
2026-05-09 12:10:20.074 WARN  [api-gateway] [main] o.s.c.s.PostProcessorRegistrationDelegate$BeanPostProcessorChecker : Bean 'reactorDeferringLoadBalancerExchangeFilterFunction' of type [org.springframework.cloud.client.loadbalancer.reactive.DeferringLoadBalancerExchangeFilterFunction] is not eligible for getting processed by all BeanPostProcessors (for example: not eligible for auto-proxying). Is this bean getting eagerly injected into a currently created BeanPostProcessor [loadBalancerWebClientBuilderBeanPostProcessor]? Check the corresponding BeanPostProcessor declaration and its dependencies.
2026-05-09 12:10:21.122 INFO  [api-gateway] [main] o.s.c.g.r.RouteDefinitionRouteLocator : Loaded RoutePredicateFactory [After]
2026-05-09 12:10:21.122 INFO  [api-gateway] [main] o.s.c.g.r.RouteDefinitionRouteLocator : Loaded RoutePredicateFactory [Before]
2026-05-09 12:10:21.123 INFO  [api-gateway] [main] o.s.c.g.r.RouteDefinitionRouteLocator : Loaded RoutePredicateFactory [Between]
2026-05-09 12:10:21.123 INFO  [api-gateway] [main] o.s.c.g.r.RouteDefinitionRouteLocator : Loaded RoutePredicateFactory [Cookie]
2026-05-09 12:10:21.123 INFO  [api-gateway] [main] o.s.c.g.r.RouteDefinitionRouteLocator : Loaded RoutePredicateFactory [Header]
2026-05-09 12:10:21.123 INFO  [api-gateway] [main] o.s.c.g.r.RouteDefinitionRouteLocator : Loaded RoutePredicateFactory [Host]
2026-05-09 12:10:21.123 INFO  [api-gateway] [main] o.s.c.g.r.RouteDefinitionRouteLocator : Loaded RoutePredicateFactory [Method]
2026-05-09 12:10:21.123 INFO  [api-gateway] [main] o.s.c.g.r.RouteDefinitionRouteLocator : Loaded RoutePredicateFactory [Path]
2026-05-09 12:10:21.123 INFO  [api-gateway] [main] o.s.c.g.r.RouteDefinitionRouteLocator : Loaded RoutePredicateFactory [Query]
2026-05-09 12:10:21.123 INFO  [api-gateway] [main] o.s.c.g.r.RouteDefinitionRouteLocator : Loaded RoutePredicateFactory [ReadBody]
2026-05-09 12:10:21.123 INFO  [api-gateway] [main] o.s.c.g.r.RouteDefinitionRouteLocator : Loaded RoutePredicateFactory [RemoteAddr]
2026-05-09 12:10:21.123 INFO  [api-gateway] [main] o.s.c.g.r.RouteDefinitionRouteLocator : Loaded RoutePredicateFactory [XForwardedRemoteAddr]
2026-05-09 12:10:21.123 INFO  [api-gateway] [main] o.s.c.g.r.RouteDefinitionRouteLocator : Loaded RoutePredicateFactory [Weight]
2026-05-09 12:10:21.123 INFO  [api-gateway] [main] o.s.c.g.r.RouteDefinitionRouteLocator : Loaded RoutePredicateFactory [CloudFoundryRouteService]
2026-05-09 12:10:21.410 INFO  [api-gateway] [main] o.s.b.a.e.web.EndpointLinksResolver : Exposing 5 endpoints beneath base path '/actuator'
2026-05-09 12:10:21.726 INFO  [api-gateway] [main] o.s.c.n.e.c.DiscoveryClientOptionalArgsConfiguration : Eureka HTTP Client uses RestTemplate.
2026-05-09 12:10:21.749 WARN  [api-gateway] [main] o.s.c.l.c.LoadBalancerCacheAutoConfiguration$LoadBalancerCaffeineWarnLogger : Spring Cloud LoadBalancer is currently working with the default cache. While this cache implementation is useful for development and tests, it's recommended to use Caffeine cache in production.You can switch to using Caffeine cache, by adding it and org.springframework.cache.caffeine.CaffeineCacheManager to the classpath.
2026-05-09 12:10:21.801 INFO  [api-gateway] [main] o.s.c.n.eureka.InstanceInfoFactory : Setting initial instance status as: STARTING
2026-05-09 12:10:21.825 INFO  [api-gateway] [main] c.netflix.discovery.DiscoveryClient : Initializing Eureka in region us-east-1
2026-05-09 12:10:21.829 INFO  [api-gateway] [main] c.n.d.s.r.aws.ConfigClusterResolver : Resolving eureka endpoints via configuration
2026-05-09 12:10:21.843 INFO  [api-gateway] [main] c.netflix.discovery.DiscoveryClient : Disable delta property : false
2026-05-09 12:10:21.844 INFO  [api-gateway] [main] c.netflix.discovery.DiscoveryClient : Single vip registry refresh property : null
2026-05-09 12:10:21.844 INFO  [api-gateway] [main] c.netflix.discovery.DiscoveryClient : Force full registry fetch : false
2026-05-09 12:10:21.844 INFO  [api-gateway] [main] c.netflix.discovery.DiscoveryClient : Application is null : false
2026-05-09 12:10:21.844 INFO  [api-gateway] [main] c.netflix.discovery.DiscoveryClient : Registered Applications size is zero : true
2026-05-09 12:10:21.844 INFO  [api-gateway] [main] c.netflix.discovery.DiscoveryClient : Application version is -1: true
2026-05-09 12:10:21.844 INFO  [api-gateway] [main] c.netflix.discovery.DiscoveryClient : Getting all instance registry info from the eureka server
2026-05-09 12:10:22.098 INFO  [api-gateway] [main] c.netflix.discovery.DiscoveryClient : The response status is 200
2026-05-09 12:10:22.100 INFO  [api-gateway] [main] c.netflix.discovery.DiscoveryClient : Starting heartbeat executor: renew interval is: 30
2026-05-09 12:10:22.102 INFO  [api-gateway] [main] c.n.discovery.InstanceInfoReplicator : InstanceInfoReplicator onDemand update allowed rate per min is 4
2026-05-09 12:10:22.106 INFO  [api-gateway] [main] c.netflix.discovery.DiscoveryClient : Discovery Client initialized at timestamp 1778308822105 with initial instances count: 3
2026-05-09 12:10:22.107 INFO  [api-gateway] [main] o.s.c.n.e.s.EurekaServiceRegistry : Registering application API-GATEWAY with eureka with status UP
2026-05-09 12:10:22.107 INFO  [api-gateway] [main] c.netflix.discovery.DiscoveryClient : Saw local status change event StatusChangeEvent [timestamp=1778308822107, current=UP, previous=STARTING]
2026-05-09 12:10:22.108 INFO  [api-gateway] [DiscoveryClient-InstanceInfoReplicator-0] c.netflix.discovery.DiscoveryClient : DiscoveryClient_API-GATEWAY/api-gateway:8080: registering service...
2026-05-09 12:10:22.155 INFO  [api-gateway] [DiscoveryClient-InstanceInfoReplicator-0] c.netflix.discovery.DiscoveryClient : DiscoveryClient_API-GATEWAY/api-gateway:8080 - registration status: 204
2026-05-09 12:10:22.204 DEBUG [api-gateway] [main] o.s.c.g.filter.GatewayMetricsFilter : New routes count: 5
2026-05-09 12:10:22.274 INFO  [api-gateway] [main] o.s.b.w.e.netty.NettyWebServer : Netty started on port 8080 (http)
2026-05-09 12:10:22.276 INFO  [api-gateway] [main] o.s.c.n.e.s.EurekaAutoServiceRegistration : Updating port to 8080
2026-05-09 12:10:22.312 DEBUG [api-gateway] [main] o.s.c.g.filter.GatewayMetricsFilter : New routes count: 5
2026-05-09 12:10:22.314 INFO  [api-gateway] [main] c.c.gateway.ApiGatewayApplication : Started ApiGatewayApplication in 3.674 seconds (process running for 4.184)
2026-05-09 12:10:22.320 INFO  [api-gateway] [main] c.c.gateway.ApiGatewayApplication : ════════════════════════════════════════════════════
2026-05-09 12:10:22.320 INFO  [api-gateway] [main] c.c.gateway.ApiGatewayApplication :   API Gateway started successfully
2026-05-09 12:10:22.320 INFO  [api-gateway] [main] c.c.gateway.ApiGatewayApplication :   Entry point  → http://localhost:8080
2026-05-09 12:10:22.320 INFO  [api-gateway] [main] c.c.gateway.ApiGatewayApplication :   Health       → http://localhost:8080/actuator/health
2026-05-09 12:10:22.320 INFO  [api-gateway] [main] c.c.gateway.ApiGatewayApplication :   Routes       → http://localhost:8080/actuator/gateway/routes
2026-05-09 12:10:22.321 INFO  [api-gateway] [main] c.c.gateway.ApiGatewayApplication : ════════════════════════════════════════════════════
2026-05-09 12:10:36.840 DEBUG [api-gateway] [reactor-http-nio-3] c.c.gateway.config.GatewayConfig : Rate-limit key (IP): 0:0:0:0:0:0:0:1
2026-05-09 12:10:37.320 DEBUG [api-gateway] [lettuce-nioEventLoop-5-1] o.s.c.g.f.ratelimit.RedisRateLimiter : response: Response{allowed=true, headers={X-RateLimit-Remaining=39, X-RateLimit-Requested-Tokens=1, X-RateLimit-Burst-Capacity=40, X-RateLimit-Replenish-Rate=20}, tokensRemaining=-1}
2026-05-09 12:10:37.400 DEBUG [api-gateway] [lettuce-nioEventLoop-5-1] o.s.c.g.filter.GatewayMetricsFilter : New routes count: 5
2026-05-09 12:10:37.427 DEBUG [api-gateway] [lettuce-nioEventLoop-5-1] o.s.c.g.f.h.o.ObservedRequestHttpHeadersFilter : Will instrument the HTTP request headers [Content-Type:"application/json", User-Agent:"PostmanRuntime/7.54.0", Accept:"*/*", Postman-Token:"c44dbe03-d0dd-4b35-8e37-4d6e39e96c1d", Host:"localhost:8080", Accept-Encoding:"gzip, deflate, br", Content-Length:"128", Forwarded:"proto=http;host="localhost:8080";for="[0:0:0:0:0:0:0:1]:49278"", X-Forwarded-For:"0:0:0:0:0:0:0:1", X-Forwarded-Proto:"http", X-Forwarded-Port:"8080", X-Forwarded-Host:"localhost:8080"]
2026-05-09 12:10:37.427 DEBUG [api-gateway] [lettuce-nioEventLoop-5-1] o.s.c.g.f.h.o.ObservedRequestHttpHeadersFilter : Client observation  {name=http.client.requests(null), error=null, context=name='http.client.requests', contextualName='null', error='null', lowCardinalityKeyValues=[http.method='POST', http.status_code='UNKNOWN', spring.cloud.gateway.route.id='auth-service-public', spring.cloud.gateway.route.uri='lb://auth-service'], highCardinalityKeyValues=[http.uri='http://localhost:8080/api/v1/auth/register'], map=[class io.micrometer.core.instrument.Timer$Sample='io.micrometer.core.instrument.Timer$Sample@4c3c88a4', class io.micrometer.core.instrument.LongTaskTimer$Sample='SampleImpl{duration(seconds)=7.905E-4, duration(nanos)=790500.0, startTimeNanos=160502479174100}'], parentObservation={name=http.server.requests(null), error=null, context=name='http.server.requests', contextualName='null', error='null', lowCardinalityKeyValues=[exception='none', method='POST', outcome='SUCCESS', status='200', uri='UNKNOWN'], highCardinalityKeyValues=[http.url='/api/v1/auth/register'], map=[class io.micrometer.core.instrument.Timer$Sample='io.micrometer.core.instrument.Timer$Sample@2801265e', class io.micrometer.core.instrument.LongTaskTimer$Sample='SampleImpl{duration(seconds)=0.6201951, duration(nanos)=6.201951E8, startTimeNanos=160501859929800}'], parentObservation=null}} created for the request. New headers are [Content-Type:"application/json", User-Agent:"PostmanRuntime/7.54.0", Accept:"*/*", Postman-Token:"c44dbe03-d0dd-4b35-8e37-4d6e39e96c1d", Host:"localhost:8080", Accept-Encoding:"gzip, deflate, br", Content-Length:"128", Forwarded:"proto=http;host="localhost:8080";for="[0:0:0:0:0:0:0:1]:49278"", X-Forwarded-For:"0:0:0:0:0:0:0:1", X-Forwarded-Proto:"http", X-Forwarded-Port:"8080", X-Forwarded-Host:"localhost:8080"]
2026-05-09 12:10:42.442 DEBUG [api-gateway] [parallel-1] o.s.c.g.f.h.o.ObservationClosingWebExceptionHandler : An exception occurred and observation was not previously stopped, will stop it. The exception was [org.springframework.web.server.MethodNotAllowedException: 405 METHOD_NOT_ALLOWED "Request method 'POST' is not supported."]
2026-05-09 12:10:42.442 WARN  [api-gateway] [parallel-1] c.c.g.config.GlobalExceptionHandler : [null] ResponseStatusException on '/api/v1/auth/register': Request method 'POST' is not supported.
2026-05-09 12:10:52.142 DEBUG [api-gateway] [DiscoveryClient-CacheRefreshExecutor-0] o.s.c.g.filter.GatewayMetricsFilter : New routes count: 5
2026-05-09 12:11:22.170 DEBUG [api-gateway] [DiscoveryClient-CacheRefreshExecutor-0] o.s.c.g.filter.GatewayMetricsFilter : New routes count: 5
2026-05-09 12:11:52.189 DEBUG [api-gateway] [DiscoveryClient-CacheRefreshExecutor-0] o.s.c.g.filter.GatewayMetricsFilter : New routes count: 5
2026-05-09 12:12:07.941 INFO  [api-gateway] [RMI TCP Connection(6)-127.0.0.1] o.s.b.a.SpringApplicationAdminMXBeanRegistrar$SpringApplicationAdmin : Application shutdown requested.
2026-05-09 12:12:07.941 INFO  [api-gateway] [RMI TCP Connection(6)-127.0.0.1] o.s.c.n.e.s.EurekaServiceRegistry : Unregistering application API-GATEWAY with eureka with status DOWN
2026-05-09 12:12:07.941 INFO  [api-gateway] [RMI TCP Connection(6)-127.0.0.1] c.netflix.discovery.DiscoveryClient : Saw local status change event StatusChangeEvent [timestamp=1778308927941, current=DOWN, previous=UP]
2026-05-09 12:12:07.941 INFO  [api-gateway] [DiscoveryClient-InstanceInfoReplicator-0] c.netflix.discovery.DiscoveryClient : DiscoveryClient_API-GATEWAY/api-gateway:8080: registering service...
2026-05-09 12:12:07.948 INFO  [api-gateway] [DiscoveryClient-InstanceInfoReplicator-0] c.netflix.discovery.DiscoveryClient : DiscoveryClient_API-GATEWAY/api-gateway:8080 - registration status: 204
2026-05-09 12:12:10.090 INFO  [api-gateway] [RMI TCP Connection(6)-127.0.0.1] c.netflix.discovery.DiscoveryClient : Shutting down DiscoveryClient ...
2026-05-09 12:12:13.092 INFO  [api-gateway] [RMI TCP Connection(6)-127.0.0.1] c.netflix.discovery.DiscoveryClient : Unregistering ...
2026-05-09 12:12:13.099 INFO  [api-gateway] [RMI TCP Connection(6)-127.0.0.1] c.netflix.discovery.DiscoveryClient : DiscoveryClient_API-GATEWAY/api-gateway:8080 - deregister  status: 200
2026-05-09 12:12:13.103 INFO  [api-gateway] [RMI TCP Connection(6)-127.0.0.1] c.netflix.discovery.DiscoveryClient : Completed shut down of DiscoveryClient
2026-05-09 12:12:20.805 INFO  [api-gateway] [main] c.c.gateway.ApiGatewayApplication : Starting ApiGatewayApplication using Java 25.0.2 with PID 29484 (C:\Users\ADMIN\Documents\workspace-spring-tools-for-eclipse-5.1.1.RELEASE\Api-Gateway\target\classes started by ADMIN in C:\Users\ADMIN\Documents\workspace-spring-tools-for-eclipse-5.1.1.RELEASE\Api-Gateway)
2026-05-09 12:12:20.807 DEBUG [api-gateway] [main] c.c.gateway.ApiGatewayApplication : Running with Spring Boot v3.3.0, Spring v6.1.8
2026-05-09 12:12:20.808 INFO  [api-gateway] [main] c.c.gateway.ApiGatewayApplication : No active profile set, falling back to 1 default profile: "default"
2026-05-09 12:12:21.664 INFO  [api-gateway] [main] o.s.d.r.c.RepositoryConfigurationDelegate : Multiple Spring Data modules found, entering strict repository configuration mode
2026-05-09 12:12:21.667 INFO  [api-gateway] [main] o.s.d.r.c.RepositoryConfigurationDelegate : Bootstrapping Spring Data Redis repositories in DEFAULT mode.
2026-05-09 12:12:21.690 INFO  [api-gateway] [main] o.s.d.r.c.RepositoryConfigurationDelegate : Finished Spring Data repository scanning in 12 ms. Found 0 Redis repository interfaces.
2026-05-09 12:12:21.973 INFO  [api-gateway] [main] o.s.cloud.context.scope.GenericScope : BeanFactory id=2c502ea6-c4a2-304a-b300-a36611a4f1ae
2026-05-09 12:12:22.045 WARN  [api-gateway] [main] o.s.c.s.PostProcessorRegistrationDelegate$BeanPostProcessorChecker : Bean 'org.springframework.cloud.client.loadbalancer.LoadBalancerAutoConfiguration$DeferringLoadBalancerInterceptorConfig' of type [org.springframework.cloud.client.loadbalancer.LoadBalancerAutoConfiguration$DeferringLoadBalancerInterceptorConfig] is not eligible for getting processed by all BeanPostProcessors (for example: not eligible for auto-proxying). The currently created BeanPostProcessor [lbRestClientPostProcessor] is declared through a non-static factory method on that class; consider declaring it as static instead.
2026-05-09 12:12:22.048 WARN  [api-gateway] [main] o.s.c.s.PostProcessorRegistrationDelegate$BeanPostProcessorChecker : Bean 'deferringLoadBalancerInterceptor' of type [org.springframework.cloud.client.loadbalancer.DeferringLoadBalancerInterceptor] is not eligible for getting processed by all BeanPostProcessors (for example: not eligible for auto-proxying). Is this bean getting eagerly injected into a currently created BeanPostProcessor [lbRestClientPostProcessor]? Check the corresponding BeanPostProcessor declaration and its dependencies.
2026-05-09 12:12:22.050 WARN  [api-gateway] [main] o.s.c.s.PostProcessorRegistrationDelegate$BeanPostProcessorChecker : Bean 'org.springframework.cloud.client.loadbalancer.reactive.LoadBalancerBeanPostProcessorAutoConfiguration' of type [org.springframework.cloud.client.loadbalancer.reactive.LoadBalancerBeanPostProcessorAutoConfiguration] is not eligible for getting processed by all BeanPostProcessors (for example: not eligible for auto-proxying). The currently created BeanPostProcessor [loadBalancerWebClientBuilderBeanPostProcessor] is declared through a non-static factory method on that class; consider declaring it as static instead.
2026-05-09 12:12:22.052 WARN  [api-gateway] [main] o.s.c.s.PostProcessorRegistrationDelegate$BeanPostProcessorChecker : Bean 'org.springframework.cloud.client.loadbalancer.reactive.LoadBalancerBeanPostProcessorAutoConfiguration$ReactorDeferringLoadBalancerFilterConfig' of type [org.springframework.cloud.client.loadbalancer.reactive.LoadBalancerBeanPostProcessorAutoConfiguration$ReactorDeferringLoadBalancerFilterConfig] is not eligible for getting processed by all BeanPostProcessors (for example: not eligible for auto-proxying). Is this bean getting eagerly injected into a currently created BeanPostProcessor [loadBalancerWebClientBuilderBeanPostProcessor]? Check the corresponding BeanPostProcessor declaration and its dependencies.
2026-05-09 12:12:22.054 WARN  [api-gateway] [main] o.s.c.s.PostProcessorRegistrationDelegate$BeanPostProcessorChecker : Bean 'reactorDeferringLoadBalancerExchangeFilterFunction' of type [org.springframework.cloud.client.loadbalancer.reactive.DeferringLoadBalancerExchangeFilterFunction] is not eligible for getting processed by all BeanPostProcessors (for example: not eligible for auto-proxying). Is this bean getting eagerly injected into a currently created BeanPostProcessor [loadBalancerWebClientBuilderBeanPostProcessor]? Check the corresponding BeanPostProcessor declaration and its dependencies.
2026-05-09 12:12:22.962 INFO  [api-gateway] [main] o.s.c.g.r.RouteDefinitionRouteLocator : Loaded RoutePredicateFactory [After]
2026-05-09 12:12:22.962 INFO  [api-gateway] [main] o.s.c.g.r.RouteDefinitionRouteLocator : Loaded RoutePredicateFactory [Before]
2026-05-09 12:12:22.962 INFO  [api-gateway] [main] o.s.c.g.r.RouteDefinitionRouteLocator : Loaded RoutePredicateFactory [Between]
2026-05-09 12:12:22.962 INFO  [api-gateway] [main] o.s.c.g.r.RouteDefinitionRouteLocator : Loaded RoutePredicateFactory [Cookie]
2026-05-09 12:12:22.963 INFO  [api-gateway] [main] o.s.c.g.r.RouteDefinitionRouteLocator : Loaded RoutePredicateFactory [Header]
2026-05-09 12:12:22.963 INFO  [api-gateway] [main] o.s.c.g.r.RouteDefinitionRouteLocator : Loaded RoutePredicateFactory [Host]
2026-05-09 12:12:22.963 INFO  [api-gateway] [main] o.s.c.g.r.RouteDefinitionRouteLocator : Loaded RoutePredicateFactory [Method]
2026-05-09 12:12:22.963 INFO  [api-gateway] [main] o.s.c.g.r.RouteDefinitionRouteLocator : Loaded RoutePredicateFactory [Path]
2026-05-09 12:12:22.963 INFO  [api-gateway] [main] o.s.c.g.r.RouteDefinitionRouteLocator : Loaded RoutePredicateFactory [Query]
2026-05-09 12:12:22.963 INFO  [api-gateway] [main] o.s.c.g.r.RouteDefinitionRouteLocator : Loaded RoutePredicateFactory [ReadBody]
2026-05-09 12:12:22.963 INFO  [api-gateway] [main] o.s.c.g.r.RouteDefinitionRouteLocator : Loaded RoutePredicateFactory [RemoteAddr]
2026-05-09 12:12:22.963 INFO  [api-gateway] [main] o.s.c.g.r.RouteDefinitionRouteLocator : Loaded RoutePredicateFactory [XForwardedRemoteAddr]
2026-05-09 12:12:22.963 INFO  [api-gateway] [main] o.s.c.g.r.RouteDefinitionRouteLocator : Loaded RoutePredicateFactory [Weight]
2026-05-09 12:12:22.963 INFO  [api-gateway] [main] o.s.c.g.r.RouteDefinitionRouteLocator : Loaded RoutePredicateFactory [CloudFoundryRouteService]
2026-05-09 12:12:23.209 INFO  [api-gateway] [main] o.s.b.a.e.web.EndpointLinksResolver : Exposing 5 endpoints beneath base path '/actuator'
2026-05-09 12:12:23.440 INFO  [api-gateway] [main] o.s.c.n.e.c.DiscoveryClientOptionalArgsConfiguration : Eureka HTTP Client uses RestTemplate.
2026-05-09 12:12:23.465 WARN  [api-gateway] [main] o.s.c.l.c.LoadBalancerCacheAutoConfiguration$LoadBalancerCaffeineWarnLogger : Spring Cloud LoadBalancer is currently working with the default cache. While this cache implementation is useful for development and tests, it's recommended to use Caffeine cache in production.You can switch to using Caffeine cache, by adding it and org.springframework.cache.caffeine.CaffeineCacheManager to the classpath.
2026-05-09 12:12:23.532 INFO  [api-gateway] [main] o.s.c.n.eureka.InstanceInfoFactory : Setting initial instance status as: STARTING
2026-05-09 12:12:23.564 INFO  [api-gateway] [main] c.netflix.discovery.DiscoveryClient : Initializing Eureka in region us-east-1
2026-05-09 12:12:23.570 INFO  [api-gateway] [main] c.n.d.s.r.aws.ConfigClusterResolver : Resolving eureka endpoints via configuration
2026-05-09 12:12:23.588 INFO  [api-gateway] [main] c.netflix.discovery.DiscoveryClient : Disable delta property : false
2026-05-09 12:12:23.589 INFO  [api-gateway] [main] c.netflix.discovery.DiscoveryClient : Single vip registry refresh property : null
2026-05-09 12:12:23.589 INFO  [api-gateway] [main] c.netflix.discovery.DiscoveryClient : Force full registry fetch : false
2026-05-09 12:12:23.589 INFO  [api-gateway] [main] c.netflix.discovery.DiscoveryClient : Application is null : false
2026-05-09 12:12:23.589 INFO  [api-gateway] [main] c.netflix.discovery.DiscoveryClient : Registered Applications size is zero : true
2026-05-09 12:12:23.589 INFO  [api-gateway] [main] c.netflix.discovery.DiscoveryClient : Application version is -1: true
2026-05-09 12:12:23.589 INFO  [api-gateway] [main] c.netflix.discovery.DiscoveryClient : Getting all instance registry info from the eureka server
2026-05-09 12:12:23.851 INFO  [api-gateway] [main] c.netflix.discovery.DiscoveryClient : The response status is 200
2026-05-09 12:12:23.853 INFO  [api-gateway] [main] c.netflix.discovery.DiscoveryClient : Starting heartbeat executor: renew interval is: 30
2026-05-09 12:12:23.855 INFO  [api-gateway] [main] c.n.discovery.InstanceInfoReplicator : InstanceInfoReplicator onDemand update allowed rate per min is 4
2026-05-09 12:12:23.860 INFO  [api-gateway] [main] c.netflix.discovery.DiscoveryClient : Discovery Client initialized at timestamp 1778308943860 with initial instances count: 3
2026-05-09 12:12:23.862 INFO  [api-gateway] [main] o.s.c.n.e.s.EurekaServiceRegistry : Registering application API-GATEWAY with eureka with status UP
2026-05-09 12:12:23.862 INFO  [api-gateway] [main] c.netflix.discovery.DiscoveryClient : Saw local status change event StatusChangeEvent [timestamp=1778308943862, current=UP, previous=STARTING]
2026-05-09 12:12:23.863 INFO  [api-gateway] [DiscoveryClient-InstanceInfoReplicator-0] c.netflix.discovery.DiscoveryClient : DiscoveryClient_API-GATEWAY/api-gateway:8080: registering service...
2026-05-09 12:12:23.904 INFO  [api-gateway] [DiscoveryClient-InstanceInfoReplicator-0] c.netflix.discovery.DiscoveryClient : DiscoveryClient_API-GATEWAY/api-gateway:8080 - registration status: 204
2026-05-09 12:12:23.966 DEBUG [api-gateway] [main] o.s.c.g.filter.GatewayMetricsFilter : New routes count: 5
2026-05-09 12:12:24.017 INFO  [api-gateway] [main] o.s.b.w.e.netty.NettyWebServer : Netty started on port 8080 (http)
2026-05-09 12:12:24.018 INFO  [api-gateway] [main] o.s.c.n.e.s.EurekaAutoServiceRegistration : Updating port to 8080
2026-05-09 12:12:24.052 DEBUG [api-gateway] [main] o.s.c.g.filter.GatewayMetricsFilter : New routes count: 5
2026-05-09 12:12:24.053 INFO  [api-gateway] [main] c.c.gateway.ApiGatewayApplication : Started ApiGatewayApplication in 3.566 seconds (process running for 4.115)
2026-05-09 12:12:24.056 INFO  [api-gateway] [main] c.c.gateway.ApiGatewayApplication : ════════════════════════════════════════════════════
2026-05-09 12:12:24.056 INFO  [api-gateway] [main] c.c.gateway.ApiGatewayApplication :   API Gateway started successfully
2026-05-09 12:12:24.057 INFO  [api-gateway] [main] c.c.gateway.ApiGatewayApplication :   Entry point  → http://localhost:8080
2026-05-09 12:12:24.057 INFO  [api-gateway] [main] c.c.gateway.ApiGatewayApplication :   Health       → http://localhost:8080/actuator/health
2026-05-09 12:12:24.057 INFO  [api-gateway] [main] c.c.gateway.ApiGatewayApplication :   Routes       → http://localhost:8080/actuator/gateway/routes
2026-05-09 12:12:24.057 INFO  [api-gateway] [main] c.c.gateway.ApiGatewayApplication : ════════════════════════════════════════════════════
2026-05-09 12:12:28.146 DEBUG [api-gateway] [reactor-http-nio-3] c.c.gateway.config.GatewayConfig : Rate-limit key (IP): 0:0:0:0:0:0:0:1
2026-05-09 12:12:28.483 DEBUG [api-gateway] [lettuce-nioEventLoop-5-1] o.s.c.g.f.ratelimit.RedisRateLimiter : response: Response{allowed=true, headers={X-RateLimit-Remaining=39, X-RateLimit-Requested-Tokens=1, X-RateLimit-Burst-Capacity=40, X-RateLimit-Replenish-Rate=20}, tokensRemaining=-1}
2026-05-09 12:12:28.563 DEBUG [api-gateway] [lettuce-nioEventLoop-5-1] o.s.c.g.filter.GatewayMetricsFilter : New routes count: 5
2026-05-09 12:12:28.588 DEBUG [api-gateway] [lettuce-nioEventLoop-5-1] o.s.c.g.f.h.o.ObservedRequestHttpHeadersFilter : Will instrument the HTTP request headers [Content-Type:"application/json", User-Agent:"PostmanRuntime/7.54.0", Accept:"*/*", Postman-Token:"a67df747-75e3-4701-80a0-70021a4fbbb4", Host:"localhost:8080", Accept-Encoding:"gzip, deflate, br", Content-Length:"128", Forwarded:"proto=http;host="localhost:8080";for="[0:0:0:0:0:0:0:1]:58090"", X-Forwarded-For:"0:0:0:0:0:0:0:1", X-Forwarded-Proto:"http", X-Forwarded-Port:"8080", X-Forwarded-Host:"localhost:8080"]
2026-05-09 12:12:28.590 DEBUG [api-gateway] [lettuce-nioEventLoop-5-1] o.s.c.g.f.h.o.ObservedRequestHttpHeadersFilter : Client observation  {name=http.client.requests(null), error=null, context=name='http.client.requests', contextualName='null', error='null', lowCardinalityKeyValues=[http.method='POST', http.status_code='UNKNOWN', spring.cloud.gateway.route.id='auth-service-public', spring.cloud.gateway.route.uri='lb://auth-service'], highCardinalityKeyValues=[http.uri='http://localhost:8080/api/v1/auth/register'], map=[class io.micrometer.core.instrument.LongTaskTimer$Sample='SampleImpl{duration(seconds)=7.188E-4, duration(nanos)=718800.0, startTimeNanos=160613632987500}', class io.micrometer.core.instrument.Timer$Sample='io.micrometer.core.instrument.Timer$Sample@c39fd5f'], parentObservation={name=http.server.requests(null), error=null, context=name='http.server.requests', contextualName='null', error='null', lowCardinalityKeyValues=[exception='none', method='POST', outcome='SUCCESS', status='200', uri='UNKNOWN'], highCardinalityKeyValues=[http.url='/api/v1/auth/register'], map=[class io.micrometer.core.instrument.LongTaskTimer$Sample='SampleImpl{duration(seconds)=0.4647003, duration(nanos)=4.647003E8, startTimeNanos=160613169204400}', class io.micrometer.core.instrument.Timer$Sample='io.micrometer.core.instrument.Timer$Sample@1895c43a'], parentObservation=null}} created for the request. New headers are [Content-Type:"application/json", User-Agent:"PostmanRuntime/7.54.0", Accept:"*/*", Postman-Token:"a67df747-75e3-4701-80a0-70021a4fbbb4", Host:"localhost:8080", Accept-Encoding:"gzip, deflate, br", Content-Length:"128", Forwarded:"proto=http;host="localhost:8080";for="[0:0:0:0:0:0:0:1]:58090"", X-Forwarded-For:"0:0:0:0:0:0:0:1", X-Forwarded-Proto:"http", X-Forwarded-Port:"8080", X-Forwarded-Host:"localhost:8080"]
2026-05-09 12:12:33.588 DEBUG [api-gateway] [parallel-1] o.s.c.g.f.h.o.ObservationClosingWebExceptionHandler : An exception occurred and observation was not previously stopped, will stop it. The exception was [org.springframework.web.server.MethodNotAllowedException: 405 METHOD_NOT_ALLOWED "Request method 'POST' is not supported."]
2026-05-09 12:12:33.588 WARN  [api-gateway] [parallel-1] c.c.g.config.GlobalExceptionHandler : [null] ResponseStatusException on '/api/v1/auth/register': Request method 'POST' is not supported.
2026-05-09 12:12:53.904 DEBUG [api-gateway] [DiscoveryClient-CacheRefreshExecutor-0] o.s.c.g.filter.GatewayMetricsFilter : New routes count: 5
2026-05-09 12:13:23.954 DEBUG [api-gateway] [DiscoveryClient-CacheRefreshExecutor-0] o.s.c.g.filter.GatewayMetricsFilter : New routes count: 5
2026-05-09 12:13:54.007 DEBUG [api-gateway] [DiscoveryClient-CacheRefreshExecutor-0] o.s.c.g.filter.GatewayMetricsFilter : New routes count: 5
2026-05-09 12:14:17.526 INFO  [api-gateway] [RMI TCP Connection(7)-127.0.0.1] o.s.b.a.SpringApplicationAdminMXBeanRegistrar$SpringApplicationAdmin : Application shutdown requested.
2026-05-09 12:14:17.527 INFO  [api-gateway] [RMI TCP Connection(7)-127.0.0.1] o.s.c.n.e.s.EurekaServiceRegistry : Unregistering application API-GATEWAY with eureka with status DOWN
2026-05-09 12:14:17.527 INFO  [api-gateway] [RMI TCP Connection(7)-127.0.0.1] c.netflix.discovery.DiscoveryClient : Saw local status change event StatusChangeEvent [timestamp=1778309057527, current=DOWN, previous=UP]
2026-05-09 12:14:17.527 INFO  [api-gateway] [DiscoveryClient-InstanceInfoReplicator-0] c.netflix.discovery.DiscoveryClient : DiscoveryClient_API-GATEWAY/api-gateway:8080: registering service...
2026-05-09 12:14:17.535 INFO  [api-gateway] [DiscoveryClient-InstanceInfoReplicator-0] c.netflix.discovery.DiscoveryClient : DiscoveryClient_API-GATEWAY/api-gateway:8080 - registration status: 204
2026-05-09 12:14:19.672 INFO  [api-gateway] [RMI TCP Connection(7)-127.0.0.1] c.netflix.discovery.DiscoveryClient : Shutting down DiscoveryClient ...
2026-05-09 12:14:22.676 INFO  [api-gateway] [RMI TCP Connection(7)-127.0.0.1] c.netflix.discovery.DiscoveryClient : Unregistering ...
2026-05-09 12:14:22.685 INFO  [api-gateway] [RMI TCP Connection(7)-127.0.0.1] c.netflix.discovery.DiscoveryClient : DiscoveryClient_API-GATEWAY/api-gateway:8080 - deregister  status: 200
2026-05-09 12:14:22.689 INFO  [api-gateway] [RMI TCP Connection(7)-127.0.0.1] c.netflix.discovery.DiscoveryClient : Completed shut down of DiscoveryClient
2026-05-09 12:14:37.188 INFO  [api-gateway] [main] c.c.gateway.ApiGatewayApplication : Starting ApiGatewayApplication using Java 25.0.2 with PID 26956 (C:\Users\ADMIN\Documents\workspace-spring-tools-for-eclipse-5.1.1.RELEASE\Api-Gateway\target\classes started by ADMIN in C:\Users\ADMIN\Documents\workspace-spring-tools-for-eclipse-5.1.1.RELEASE\Api-Gateway)
2026-05-09 12:14:37.190 DEBUG [api-gateway] [main] c.c.gateway.ApiGatewayApplication : Running with Spring Boot v3.3.0, Spring v6.1.8
2026-05-09 12:14:37.191 INFO  [api-gateway] [main] c.c.gateway.ApiGatewayApplication : No active profile set, falling back to 1 default profile: "default"
2026-05-09 12:14:38.011 INFO  [api-gateway] [main] o.s.d.r.c.RepositoryConfigurationDelegate : Multiple Spring Data modules found, entering strict repository configuration mode
2026-05-09 12:14:38.013 INFO  [api-gateway] [main] o.s.d.r.c.RepositoryConfigurationDelegate : Bootstrapping Spring Data Redis repositories in DEFAULT mode.
2026-05-09 12:14:38.033 INFO  [api-gateway] [main] o.s.d.r.c.RepositoryConfigurationDelegate : Finished Spring Data repository scanning in 10 ms. Found 0 Redis repository interfaces.
2026-05-09 12:14:38.248 INFO  [api-gateway] [main] o.s.cloud.context.scope.GenericScope : BeanFactory id=2c502ea6-c4a2-304a-b300-a36611a4f1ae
2026-05-09 12:14:38.331 WARN  [api-gateway] [main] o.s.c.s.PostProcessorRegistrationDelegate$BeanPostProcessorChecker : Bean 'org.springframework.cloud.client.loadbalancer.LoadBalancerAutoConfiguration$DeferringLoadBalancerInterceptorConfig' of type [org.springframework.cloud.client.loadbalancer.LoadBalancerAutoConfiguration$DeferringLoadBalancerInterceptorConfig] is not eligible for getting processed by all BeanPostProcessors (for example: not eligible for auto-proxying). The currently created BeanPostProcessor [lbRestClientPostProcessor] is declared through a non-static factory method on that class; consider declaring it as static instead.
2026-05-09 12:14:38.333 WARN  [api-gateway] [main] o.s.c.s.PostProcessorRegistrationDelegate$BeanPostProcessorChecker : Bean 'deferringLoadBalancerInterceptor' of type [org.springframework.cloud.client.loadbalancer.DeferringLoadBalancerInterceptor] is not eligible for getting processed by all BeanPostProcessors (for example: not eligible for auto-proxying). Is this bean getting eagerly injected into a currently created BeanPostProcessor [lbRestClientPostProcessor]? Check the corresponding BeanPostProcessor declaration and its dependencies.
2026-05-09 12:14:38.335 WARN  [api-gateway] [main] o.s.c.s.PostProcessorRegistrationDelegate$BeanPostProcessorChecker : Bean 'org.springframework.cloud.client.loadbalancer.reactive.LoadBalancerBeanPostProcessorAutoConfiguration' of type [org.springframework.cloud.client.loadbalancer.reactive.LoadBalancerBeanPostProcessorAutoConfiguration] is not eligible for getting processed by all BeanPostProcessors (for example: not eligible for auto-proxying). The currently created BeanPostProcessor [loadBalancerWebClientBuilderBeanPostProcessor] is declared through a non-static factory method on that class; consider declaring it as static instead.
2026-05-09 12:14:38.336 WARN  [api-gateway] [main] o.s.c.s.PostProcessorRegistrationDelegate$BeanPostProcessorChecker : Bean 'org.springframework.cloud.client.loadbalancer.reactive.LoadBalancerBeanPostProcessorAutoConfiguration$ReactorDeferringLoadBalancerFilterConfig' of type [org.springframework.cloud.client.loadbalancer.reactive.LoadBalancerBeanPostProcessorAutoConfiguration$ReactorDeferringLoadBalancerFilterConfig] is not eligible for getting processed by all BeanPostProcessors (for example: not eligible for auto-proxying). Is this bean getting eagerly injected into a currently created BeanPostProcessor [loadBalancerWebClientBuilderBeanPostProcessor]? Check the corresponding BeanPostProcessor declaration and its dependencies.
2026-05-09 12:14:38.338 WARN  [api-gateway] [main] o.s.c.s.PostProcessorRegistrationDelegate$BeanPostProcessorChecker : Bean 'reactorDeferringLoadBalancerExchangeFilterFunction' of type [org.springframework.cloud.client.loadbalancer.reactive.DeferringLoadBalancerExchangeFilterFunction] is not eligible for getting processed by all BeanPostProcessors (for example: not eligible for auto-proxying). Is this bean getting eagerly injected into a currently created BeanPostProcessor [loadBalancerWebClientBuilderBeanPostProcessor]? Check the corresponding BeanPostProcessor declaration and its dependencies.
2026-05-09 12:14:39.329 INFO  [api-gateway] [main] o.s.c.g.r.RouteDefinitionRouteLocator : Loaded RoutePredicateFactory [After]
2026-05-09 12:14:39.329 INFO  [api-gateway] [main] o.s.c.g.r.RouteDefinitionRouteLocator : Loaded RoutePredicateFactory [Before]
2026-05-09 12:14:39.329 INFO  [api-gateway] [main] o.s.c.g.r.RouteDefinitionRouteLocator : Loaded RoutePredicateFactory [Between]
2026-05-09 12:14:39.329 INFO  [api-gateway] [main] o.s.c.g.r.RouteDefinitionRouteLocator : Loaded RoutePredicateFactory [Cookie]
2026-05-09 12:14:39.329 INFO  [api-gateway] [main] o.s.c.g.r.RouteDefinitionRouteLocator : Loaded RoutePredicateFactory [Header]
2026-05-09 12:14:39.329 INFO  [api-gateway] [main] o.s.c.g.r.RouteDefinitionRouteLocator : Loaded RoutePredicateFactory [Host]
2026-05-09 12:14:39.329 INFO  [api-gateway] [main] o.s.c.g.r.RouteDefinitionRouteLocator : Loaded RoutePredicateFactory [Method]
2026-05-09 12:14:39.329 INFO  [api-gateway] [main] o.s.c.g.r.RouteDefinitionRouteLocator : Loaded RoutePredicateFactory [Path]
2026-05-09 12:14:39.329 INFO  [api-gateway] [main] o.s.c.g.r.RouteDefinitionRouteLocator : Loaded RoutePredicateFactory [Query]
2026-05-09 12:14:39.329 INFO  [api-gateway] [main] o.s.c.g.r.RouteDefinitionRouteLocator : Loaded RoutePredicateFactory [ReadBody]
2026-05-09 12:14:39.329 INFO  [api-gateway] [main] o.s.c.g.r.RouteDefinitionRouteLocator : Loaded RoutePredicateFactory [RemoteAddr]
2026-05-09 12:14:39.329 INFO  [api-gateway] [main] o.s.c.g.r.RouteDefinitionRouteLocator : Loaded RoutePredicateFactory [XForwardedRemoteAddr]
2026-05-09 12:14:39.329 INFO  [api-gateway] [main] o.s.c.g.r.RouteDefinitionRouteLocator : Loaded RoutePredicateFactory [Weight]
2026-05-09 12:14:39.329 INFO  [api-gateway] [main] o.s.c.g.r.RouteDefinitionRouteLocator : Loaded RoutePredicateFactory [CloudFoundryRouteService]
2026-05-09 12:14:39.565 INFO  [api-gateway] [main] o.s.b.a.e.web.EndpointLinksResolver : Exposing 5 endpoints beneath base path '/actuator'
2026-05-09 12:14:39.789 INFO  [api-gateway] [main] o.s.c.n.e.c.DiscoveryClientOptionalArgsConfiguration : Eureka HTTP Client uses RestTemplate.
2026-05-09 12:14:39.812 WARN  [api-gateway] [main] o.s.c.l.c.LoadBalancerCacheAutoConfiguration$LoadBalancerCaffeineWarnLogger : Spring Cloud LoadBalancer is currently working with the default cache. While this cache implementation is useful for development and tests, it's recommended to use Caffeine cache in production.You can switch to using Caffeine cache, by adding it and org.springframework.cache.caffeine.CaffeineCacheManager to the classpath.
2026-05-09 12:14:39.866 INFO  [api-gateway] [main] o.s.c.n.eureka.InstanceInfoFactory : Setting initial instance status as: STARTING
2026-05-09 12:14:39.892 INFO  [api-gateway] [main] c.netflix.discovery.DiscoveryClient : Initializing Eureka in region us-east-1
2026-05-09 12:14:39.896 INFO  [api-gateway] [main] c.n.d.s.r.aws.ConfigClusterResolver : Resolving eureka endpoints via configuration
2026-05-09 12:14:39.914 INFO  [api-gateway] [main] c.netflix.discovery.DiscoveryClient : Disable delta property : false
2026-05-09 12:14:39.915 INFO  [api-gateway] [main] c.netflix.discovery.DiscoveryClient : Single vip registry refresh property : null
2026-05-09 12:14:39.915 INFO  [api-gateway] [main] c.netflix.discovery.DiscoveryClient : Force full registry fetch : false
2026-05-09 12:14:39.915 INFO  [api-gateway] [main] c.netflix.discovery.DiscoveryClient : Application is null : false
2026-05-09 12:14:39.915 INFO  [api-gateway] [main] c.netflix.discovery.DiscoveryClient : Registered Applications size is zero : true
2026-05-09 12:14:39.915 INFO  [api-gateway] [main] c.netflix.discovery.DiscoveryClient : Application version is -1: true
2026-05-09 12:14:39.915 INFO  [api-gateway] [main] c.netflix.discovery.DiscoveryClient : Getting all instance registry info from the eureka server
2026-05-09 12:14:40.166 INFO  [api-gateway] [main] c.netflix.discovery.DiscoveryClient : The response status is 200
2026-05-09 12:14:40.169 INFO  [api-gateway] [main] c.netflix.discovery.DiscoveryClient : Starting heartbeat executor: renew interval is: 30
2026-05-09 12:14:40.171 INFO  [api-gateway] [main] c.n.discovery.InstanceInfoReplicator : InstanceInfoReplicator onDemand update allowed rate per min is 4
2026-05-09 12:14:40.174 INFO  [api-gateway] [main] c.netflix.discovery.DiscoveryClient : Discovery Client initialized at timestamp 1778309080174 with initial instances count: 2
2026-05-09 12:14:40.175 INFO  [api-gateway] [main] o.s.c.n.e.s.EurekaServiceRegistry : Registering application API-GATEWAY with eureka with status UP
2026-05-09 12:14:40.176 INFO  [api-gateway] [main] c.netflix.discovery.DiscoveryClient : Saw local status change event StatusChangeEvent [timestamp=1778309080176, current=UP, previous=STARTING]
2026-05-09 12:14:40.178 INFO  [api-gateway] [DiscoveryClient-InstanceInfoReplicator-0] c.netflix.discovery.DiscoveryClient : DiscoveryClient_API-GATEWAY/api-gateway:8080: registering service...
2026-05-09 12:14:40.230 INFO  [api-gateway] [DiscoveryClient-InstanceInfoReplicator-0] c.netflix.discovery.DiscoveryClient : DiscoveryClient_API-GATEWAY/api-gateway:8080 - registration status: 204
2026-05-09 12:14:40.274 DEBUG [api-gateway] [main] o.s.c.g.filter.GatewayMetricsFilter : New routes count: 5
2026-05-09 12:14:40.327 INFO  [api-gateway] [main] o.s.b.w.e.netty.NettyWebServer : Netty started on port 8080 (http)
2026-05-09 12:14:40.328 INFO  [api-gateway] [main] o.s.c.n.e.s.EurekaAutoServiceRegistration : Updating port to 8080
2026-05-09 12:14:40.363 DEBUG [api-gateway] [main] o.s.c.g.filter.GatewayMetricsFilter : New routes count: 5
2026-05-09 12:14:40.365 INFO  [api-gateway] [main] c.c.gateway.ApiGatewayApplication : Started ApiGatewayApplication in 3.564 seconds (process running for 4.15)
2026-05-09 12:14:40.369 INFO  [api-gateway] [main] c.c.gateway.ApiGatewayApplication : ════════════════════════════════════════════════════
2026-05-09 12:14:40.369 INFO  [api-gateway] [main] c.c.gateway.ApiGatewayApplication :   API Gateway started successfully
2026-05-09 12:14:40.369 INFO  [api-gateway] [main] c.c.gateway.ApiGatewayApplication :   Entry point  → http://localhost:8080
2026-05-09 12:14:40.369 INFO  [api-gateway] [main] c.c.gateway.ApiGatewayApplication :   Health       → http://localhost:8080/actuator/health
2026-05-09 12:14:40.369 INFO  [api-gateway] [main] c.c.gateway.ApiGatewayApplication :   Routes       → http://localhost:8080/actuator/gateway/routes
2026-05-09 12:14:40.369 INFO  [api-gateway] [main] c.c.gateway.ApiGatewayApplication : ════════════════════════════════════════════════════
2026-05-09 12:15:10.229 DEBUG [api-gateway] [DiscoveryClient-CacheRefreshExecutor-0] o.s.c.g.filter.GatewayMetricsFilter : New routes count: 5
2026-05-09 12:15:19.344 DEBUG [api-gateway] [reactor-http-nio-3] c.c.gateway.config.GatewayConfig : Rate-limit key (IP): 0:0:0:0:0:0:0:1
2026-05-09 12:15:19.744 DEBUG [api-gateway] [lettuce-nioEventLoop-5-1] o.s.c.g.f.ratelimit.RedisRateLimiter : response: Response{allowed=true, headers={X-RateLimit-Remaining=39, X-RateLimit-Requested-Tokens=1, X-RateLimit-Burst-Capacity=40, X-RateLimit-Replenish-Rate=20}, tokensRemaining=-1}
2026-05-09 12:15:19.827 DEBUG [api-gateway] [lettuce-nioEventLoop-5-1] o.s.c.g.filter.GatewayMetricsFilter : New routes count: 5
2026-05-09 12:15:19.854 DEBUG [api-gateway] [lettuce-nioEventLoop-5-1] o.s.c.g.f.h.o.ObservedRequestHttpHeadersFilter : Will instrument the HTTP request headers [Content-Type:"application/json", User-Agent:"PostmanRuntime/7.54.0", Accept:"*/*", Postman-Token:"4a05a74e-45a8-42f5-898e-48d32efb3445", Host:"localhost:8080", Accept-Encoding:"gzip, deflate, br", Content-Length:"128", Forwarded:"proto=http;host="localhost:8080";for="[0:0:0:0:0:0:0:1]:56044"", X-Forwarded-For:"0:0:0:0:0:0:0:1", X-Forwarded-Proto:"http", X-Forwarded-Port:"8080", X-Forwarded-Host:"localhost:8080"]
2026-05-09 12:15:19.859 DEBUG [api-gateway] [lettuce-nioEventLoop-5-1] o.s.c.g.f.h.o.ObservedRequestHttpHeadersFilter : Client observation  {name=http.client.requests(null), error=null, context=name='http.client.requests', contextualName='null', error='null', lowCardinalityKeyValues=[http.method='POST', http.status_code='UNKNOWN', spring.cloud.gateway.route.id='auth-service-public', spring.cloud.gateway.route.uri='lb://auth-service'], highCardinalityKeyValues=[http.uri='http://localhost:8080/api/v1/auth/register'], map=[class io.micrometer.core.instrument.LongTaskTimer$Sample='SampleImpl{duration(seconds)=7.226E-4, duration(nanos)=722600.0, startTimeNanos=160784899488000}', class io.micrometer.core.instrument.Timer$Sample='io.micrometer.core.instrument.Timer$Sample@5c4992b5'], parentObservation={name=http.server.requests(null), error=null, context=name='http.server.requests', contextualName='null', error='null', lowCardinalityKeyValues=[exception='none', method='POST', outcome='SUCCESS', status='200', uri='UNKNOWN'], highCardinalityKeyValues=[http.url='/api/v1/auth/register'], map=[class io.micrometer.core.instrument.LongTaskTimer$Sample='SampleImpl{duration(seconds)=0.5542381, duration(nanos)=5.542381E8, startTimeNanos=160784346117600}', class io.micrometer.core.instrument.Timer$Sample='io.micrometer.core.instrument.Timer$Sample@1256d51a'], parentObservation=null}} created for the request. New headers are [Content-Type:"application/json", User-Agent:"PostmanRuntime/7.54.0", Accept:"*/*", Postman-Token:"4a05a74e-45a8-42f5-898e-48d32efb3445", Host:"localhost:8080", Accept-Encoding:"gzip, deflate, br", Content-Length:"128", Forwarded:"proto=http;host="localhost:8080";for="[0:0:0:0:0:0:0:1]:56044"", X-Forwarded-For:"0:0:0:0:0:0:0:1", X-Forwarded-Proto:"http", X-Forwarded-Port:"8080", X-Forwarded-Host:"localhost:8080"]
2026-05-09 12:15:24.851 DEBUG [api-gateway] [parallel-1] o.s.c.g.f.h.o.ObservationClosingWebExceptionHandler : An exception occurred and observation was not previously stopped, will stop it. The exception was [org.springframework.web.server.MethodNotAllowedException: 405 METHOD_NOT_ALLOWED "Request method 'POST' is not supported."]
2026-05-09 12:15:24.851 WARN  [api-gateway] [parallel-1] c.c.g.config.GlobalExceptionHandler : [null] ResponseStatusException on '/api/v1/auth/register': Request method 'POST' is not supported.
2026-05-09 12:15:40.281 DEBUG [api-gateway] [DiscoveryClient-CacheRefreshExecutor-0] o.s.c.g.filter.GatewayMetricsFilter : New routes count: 5
2026-05-09 12:16:10.297 DEBUG [api-gateway] [DiscoveryClient-CacheRefreshExecutor-0] o.s.c.g.filter.GatewayMetricsFilter : New routes count: 5
2026-05-09 12:16:40.358 DEBUG [api-gateway] [DiscoveryClient-CacheRefreshExecutor-0] o.s.c.g.filter.GatewayMetricsFilter : New routes count: 5
2026-05-09 12:17:10.423 DEBUG [api-gateway] [DiscoveryClient-CacheRefreshExecutor-0] o.s.c.g.filter.GatewayMetricsFilter : New routes count: 5
2026-05-09 12:17:40.469 DEBUG [api-gateway] [DiscoveryClient-CacheRefreshExecutor-0] o.s.c.g.filter.GatewayMetricsFilter : New routes count: 5
2026-05-09 12:18:10.524 DEBUG [api-gateway] [DiscoveryClient-CacheRefreshExecutor-0] o.s.c.g.filter.GatewayMetricsFilter : New routes count: 5
2026-05-09 12:18:40.565 DEBUG [api-gateway] [DiscoveryClient-CacheRefreshExecutor-0] o.s.c.g.filter.GatewayMetricsFilter : New routes count: 5
2026-05-09 12:19:10.580 DEBUG [api-gateway] [DiscoveryClient-CacheRefreshExecutor-0] o.s.c.g.filter.GatewayMetricsFilter : New routes count: 5
2026-05-09 12:19:39.928 INFO  [api-gateway] [AsyncResolver-bootstrap-executor-0] c.n.d.s.r.aws.ConfigClusterResolver : Resolving eureka endpoints via configuration
2026-05-09 12:19:40.629 DEBUG [api-gateway] [DiscoveryClient-CacheRefreshExecutor-0] o.s.c.g.filter.GatewayMetricsFilter : New routes count: 5
2026-05-09 12:20:10.675 DEBUG [api-gateway] [DiscoveryClient-CacheRefreshExecutor-0] o.s.c.g.filter.GatewayMetricsFilter : New routes count: 5
2026-05-09 12:20:40.741 DEBUG [api-gateway] [DiscoveryClient-CacheRefreshExecutor-0] o.s.c.g.filter.GatewayMetricsFilter : New routes count: 5
2026-05-09 12:21:10.796 DEBUG [api-gateway] [DiscoveryClient-CacheRefreshExecutor-0] o.s.c.g.filter.GatewayMetricsFilter : New routes count: 5
2026-05-09 12:21:40.850 DEBUG [api-gateway] [DiscoveryClient-CacheRefreshExecutor-0] o.s.c.g.filter.GatewayMetricsFilter : New routes count: 5
2026-05-09 12:22:10.904 DEBUG [api-gateway] [DiscoveryClient-CacheRefreshExecutor-0] o.s.c.g.filter.GatewayMetricsFilter : New routes count: 5
2026-05-09 12:22:40.940 DEBUG [api-gateway] [DiscoveryClient-CacheRefreshExecutor-0] o.s.c.g.filter.GatewayMetricsFilter : New routes count: 5
2026-05-09 12:22:56.206 INFO  [api-gateway] [RMI TCP Connection(14)-127.0.0.1] o.s.b.a.SpringApplicationAdminMXBeanRegistrar$SpringApplicationAdmin : Application shutdown requested.
2026-05-09 12:22:56.207 INFO  [api-gateway] [RMI TCP Connection(14)-127.0.0.1] o.s.c.n.e.s.EurekaServiceRegistry : Unregistering application API-GATEWAY with eureka with status DOWN
2026-05-09 12:22:56.207 INFO  [api-gateway] [RMI TCP Connection(14)-127.0.0.1] c.netflix.discovery.DiscoveryClient : Saw local status change event StatusChangeEvent [timestamp=1778309576207, current=DOWN, previous=UP]
2026-05-09 12:22:56.207 INFO  [api-gateway] [DiscoveryClient-InstanceInfoReplicator-0] c.netflix.discovery.DiscoveryClient : DiscoveryClient_API-GATEWAY/api-gateway:8080: registering service...
2026-05-09 12:22:56.214 INFO  [api-gateway] [DiscoveryClient-InstanceInfoReplicator-0] c.netflix.discovery.DiscoveryClient : DiscoveryClient_API-GATEWAY/api-gateway:8080 - registration status: 204
2026-05-09 12:22:58.352 INFO  [api-gateway] [RMI TCP Connection(14)-127.0.0.1] c.netflix.discovery.DiscoveryClient : Shutting down DiscoveryClient ...
2026-05-09 12:23:01.356 INFO  [api-gateway] [RMI TCP Connection(14)-127.0.0.1] c.netflix.discovery.DiscoveryClient : Unregistering ...
2026-05-09 12:23:01.364 INFO  [api-gateway] [RMI TCP Connection(14)-127.0.0.1] c.netflix.discovery.DiscoveryClient : DiscoveryClient_API-GATEWAY/api-gateway:8080 - deregister  status: 200
2026-05-09 12:23:01.367 INFO  [api-gateway] [RMI TCP Connection(14)-127.0.0.1] c.netflix.discovery.DiscoveryClient : Completed shut down of DiscoveryClient
2026-05-09 12:23:15.020 INFO  [api-gateway] [main] c.c.gateway.ApiGatewayApplication : Starting ApiGatewayApplication using Java 25.0.2 with PID 25100 (C:\Users\ADMIN\Documents\workspace-spring-tools-for-eclipse-5.1.1.RELEASE\Api-Gateway\target\classes started by ADMIN in C:\Users\ADMIN\Documents\workspace-spring-tools-for-eclipse-5.1.1.RELEASE\Api-Gateway)
2026-05-09 12:23:15.021 DEBUG [api-gateway] [main] c.c.gateway.ApiGatewayApplication : Running with Spring Boot v3.3.0, Spring v6.1.8
2026-05-09 12:23:15.022 INFO  [api-gateway] [main] c.c.gateway.ApiGatewayApplication : No active profile set, falling back to 1 default profile: "default"
2026-05-09 12:23:15.885 INFO  [api-gateway] [main] o.s.d.r.c.RepositoryConfigurationDelegate : Multiple Spring Data modules found, entering strict repository configuration mode
2026-05-09 12:23:15.887 INFO  [api-gateway] [main] o.s.d.r.c.RepositoryConfigurationDelegate : Bootstrapping Spring Data Redis repositories in DEFAULT mode.
2026-05-09 12:23:15.907 INFO  [api-gateway] [main] o.s.d.r.c.RepositoryConfigurationDelegate : Finished Spring Data repository scanning in 10 ms. Found 0 Redis repository interfaces.
2026-05-09 12:23:16.133 INFO  [api-gateway] [main] o.s.cloud.context.scope.GenericScope : BeanFactory id=2c502ea6-c4a2-304a-b300-a36611a4f1ae
2026-05-09 12:23:16.190 WARN  [api-gateway] [main] o.s.c.s.PostProcessorRegistrationDelegate$BeanPostProcessorChecker : Bean 'org.springframework.cloud.client.loadbalancer.LoadBalancerAutoConfiguration$DeferringLoadBalancerInterceptorConfig' of type [org.springframework.cloud.client.loadbalancer.LoadBalancerAutoConfiguration$DeferringLoadBalancerInterceptorConfig] is not eligible for getting processed by all BeanPostProcessors (for example: not eligible for auto-proxying). The currently created BeanPostProcessor [lbRestClientPostProcessor] is declared through a non-static factory method on that class; consider declaring it as static instead.
2026-05-09 12:23:16.192 WARN  [api-gateway] [main] o.s.c.s.PostProcessorRegistrationDelegate$BeanPostProcessorChecker : Bean 'deferringLoadBalancerInterceptor' of type [org.springframework.cloud.client.loadbalancer.DeferringLoadBalancerInterceptor] is not eligible for getting processed by all BeanPostProcessors (for example: not eligible for auto-proxying). Is this bean getting eagerly injected into a currently created BeanPostProcessor [lbRestClientPostProcessor]? Check the corresponding BeanPostProcessor declaration and its dependencies.
2026-05-09 12:23:16.193 WARN  [api-gateway] [main] o.s.c.s.PostProcessorRegistrationDelegate$BeanPostProcessorChecker : Bean 'org.springframework.cloud.client.loadbalancer.reactive.LoadBalancerBeanPostProcessorAutoConfiguration' of type [org.springframework.cloud.client.loadbalancer.reactive.LoadBalancerBeanPostProcessorAutoConfiguration] is not eligible for getting processed by all BeanPostProcessors (for example: not eligible for auto-proxying). The currently created BeanPostProcessor [loadBalancerWebClientBuilderBeanPostProcessor] is declared through a non-static factory method on that class; consider declaring it as static instead.
2026-05-09 12:23:16.196 WARN  [api-gateway] [main] o.s.c.s.PostProcessorRegistrationDelegate$BeanPostProcessorChecker : Bean 'org.springframework.cloud.client.loadbalancer.reactive.LoadBalancerBeanPostProcessorAutoConfiguration$ReactorDeferringLoadBalancerFilterConfig' of type [org.springframework.cloud.client.loadbalancer.reactive.LoadBalancerBeanPostProcessorAutoConfiguration$ReactorDeferringLoadBalancerFilterConfig] is not eligible for getting processed by all BeanPostProcessors (for example: not eligible for auto-proxying). Is this bean getting eagerly injected into a currently created BeanPostProcessor [loadBalancerWebClientBuilderBeanPostProcessor]? Check the corresponding BeanPostProcessor declaration and its dependencies.
2026-05-09 12:23:16.197 WARN  [api-gateway] [main] o.s.c.s.PostProcessorRegistrationDelegate$BeanPostProcessorChecker : Bean 'reactorDeferringLoadBalancerExchangeFilterFunction' of type [org.springframework.cloud.client.loadbalancer.reactive.DeferringLoadBalancerExchangeFilterFunction] is not eligible for getting processed by all BeanPostProcessors (for example: not eligible for auto-proxying). Is this bean getting eagerly injected into a currently created BeanPostProcessor [loadBalancerWebClientBuilderBeanPostProcessor]? Check the corresponding BeanPostProcessor declaration and its dependencies.
2026-05-09 12:23:17.171 INFO  [api-gateway] [main] o.s.c.g.r.RouteDefinitionRouteLocator : Loaded RoutePredicateFactory [After]
2026-05-09 12:23:17.171 INFO  [api-gateway] [main] o.s.c.g.r.RouteDefinitionRouteLocator : Loaded RoutePredicateFactory [Before]
2026-05-09 12:23:17.171 INFO  [api-gateway] [main] o.s.c.g.r.RouteDefinitionRouteLocator : Loaded RoutePredicateFactory [Between]
2026-05-09 12:23:17.171 INFO  [api-gateway] [main] o.s.c.g.r.RouteDefinitionRouteLocator : Loaded RoutePredicateFactory [Cookie]
2026-05-09 12:23:17.171 INFO  [api-gateway] [main] o.s.c.g.r.RouteDefinitionRouteLocator : Loaded RoutePredicateFactory [Header]
2026-05-09 12:23:17.171 INFO  [api-gateway] [main] o.s.c.g.r.RouteDefinitionRouteLocator : Loaded RoutePredicateFactory [Host]
2026-05-09 12:23:17.171 INFO  [api-gateway] [main] o.s.c.g.r.RouteDefinitionRouteLocator : Loaded RoutePredicateFactory [Method]
2026-05-09 12:23:17.171 INFO  [api-gateway] [main] o.s.c.g.r.RouteDefinitionRouteLocator : Loaded RoutePredicateFactory [Path]
2026-05-09 12:23:17.171 INFO  [api-gateway] [main] o.s.c.g.r.RouteDefinitionRouteLocator : Loaded RoutePredicateFactory [Query]
2026-05-09 12:23:17.171 INFO  [api-gateway] [main] o.s.c.g.r.RouteDefinitionRouteLocator : Loaded RoutePredicateFactory [ReadBody]
2026-05-09 12:23:17.171 INFO  [api-gateway] [main] o.s.c.g.r.RouteDefinitionRouteLocator : Loaded RoutePredicateFactory [RemoteAddr]
2026-05-09 12:23:17.171 INFO  [api-gateway] [main] o.s.c.g.r.RouteDefinitionRouteLocator : Loaded RoutePredicateFactory [XForwardedRemoteAddr]
2026-05-09 12:23:17.171 INFO  [api-gateway] [main] o.s.c.g.r.RouteDefinitionRouteLocator : Loaded RoutePredicateFactory [Weight]
2026-05-09 12:23:17.171 INFO  [api-gateway] [main] o.s.c.g.r.RouteDefinitionRouteLocator : Loaded RoutePredicateFactory [CloudFoundryRouteService]
2026-05-09 12:23:17.477 INFO  [api-gateway] [main] o.s.b.a.e.web.EndpointLinksResolver : Exposing 5 endpoints beneath base path '/actuator'
2026-05-09 12:23:17.735 INFO  [api-gateway] [main] o.s.c.n.e.c.DiscoveryClientOptionalArgsConfiguration : Eureka HTTP Client uses RestTemplate.
2026-05-09 12:23:17.754 WARN  [api-gateway] [main] o.s.c.l.c.LoadBalancerCacheAutoConfiguration$LoadBalancerCaffeineWarnLogger : Spring Cloud LoadBalancer is currently working with the default cache. While this cache implementation is useful for development and tests, it's recommended to use Caffeine cache in production.You can switch to using Caffeine cache, by adding it and org.springframework.cache.caffeine.CaffeineCacheManager to the classpath.
2026-05-09 12:23:17.818 INFO  [api-gateway] [main] o.s.c.n.eureka.InstanceInfoFactory : Setting initial instance status as: STARTING
2026-05-09 12:23:17.846 INFO  [api-gateway] [main] c.netflix.discovery.DiscoveryClient : Initializing Eureka in region us-east-1
2026-05-09 12:23:17.850 INFO  [api-gateway] [main] c.n.d.s.r.aws.ConfigClusterResolver : Resolving eureka endpoints via configuration
2026-05-09 12:23:17.870 INFO  [api-gateway] [main] c.netflix.discovery.DiscoveryClient : Disable delta property : false
2026-05-09 12:23:17.871 INFO  [api-gateway] [main] c.netflix.discovery.DiscoveryClient : Single vip registry refresh property : null
2026-05-09 12:23:17.871 INFO  [api-gateway] [main] c.netflix.discovery.DiscoveryClient : Force full registry fetch : false
2026-05-09 12:23:17.871 INFO  [api-gateway] [main] c.netflix.discovery.DiscoveryClient : Application is null : false
2026-05-09 12:23:17.871 INFO  [api-gateway] [main] c.netflix.discovery.DiscoveryClient : Registered Applications size is zero : true
2026-05-09 12:23:17.871 INFO  [api-gateway] [main] c.netflix.discovery.DiscoveryClient : Application version is -1: true
2026-05-09 12:23:17.871 INFO  [api-gateway] [main] c.netflix.discovery.DiscoveryClient : Getting all instance registry info from the eureka server
2026-05-09 12:23:18.135 INFO  [api-gateway] [main] c.netflix.discovery.DiscoveryClient : The response status is 200
2026-05-09 12:23:18.138 INFO  [api-gateway] [main] c.netflix.discovery.DiscoveryClient : Starting heartbeat executor: renew interval is: 30
2026-05-09 12:23:18.140 INFO  [api-gateway] [main] c.n.discovery.InstanceInfoReplicator : InstanceInfoReplicator onDemand update allowed rate per min is 4
2026-05-09 12:23:18.143 INFO  [api-gateway] [main] c.netflix.discovery.DiscoveryClient : Discovery Client initialized at timestamp 1778309598143 with initial instances count: 3
2026-05-09 12:23:18.144 INFO  [api-gateway] [main] o.s.c.n.e.s.EurekaServiceRegistry : Registering application API-GATEWAY with eureka with status UP
2026-05-09 12:23:18.144 INFO  [api-gateway] [main] c.netflix.discovery.DiscoveryClient : Saw local status change event StatusChangeEvent [timestamp=1778309598144, current=UP, previous=STARTING]
2026-05-09 12:23:18.146 INFO  [api-gateway] [DiscoveryClient-InstanceInfoReplicator-0] c.netflix.discovery.DiscoveryClient : DiscoveryClient_API-GATEWAY/api-gateway:8080: registering service...
2026-05-09 12:23:18.189 INFO  [api-gateway] [DiscoveryClient-InstanceInfoReplicator-0] c.netflix.discovery.DiscoveryClient : DiscoveryClient_API-GATEWAY/api-gateway:8080 - registration status: 204
2026-05-09 12:23:18.230 DEBUG [api-gateway] [main] o.s.c.g.filter.GatewayMetricsFilter : New routes count: 5
2026-05-09 12:23:18.283 INFO  [api-gateway] [main] o.s.b.w.e.netty.NettyWebServer : Netty started on port 8080 (http)
2026-05-09 12:23:18.283 INFO  [api-gateway] [main] o.s.c.n.e.s.EurekaAutoServiceRegistration : Updating port to 8080
2026-05-09 12:23:18.320 DEBUG [api-gateway] [main] o.s.c.g.filter.GatewayMetricsFilter : New routes count: 5
2026-05-09 12:23:18.322 INFO  [api-gateway] [main] c.c.gateway.ApiGatewayApplication : Started ApiGatewayApplication in 3.711 seconds (process running for 4.2)
2026-05-09 12:23:18.326 INFO  [api-gateway] [main] c.c.gateway.ApiGatewayApplication : ════════════════════════════════════════════════════
2026-05-09 12:23:18.326 INFO  [api-gateway] [main] c.c.gateway.ApiGatewayApplication :   API Gateway started successfully
2026-05-09 12:23:18.326 INFO  [api-gateway] [main] c.c.gateway.ApiGatewayApplication :   Entry point  → http://localhost:8080
2026-05-09 12:23:18.326 INFO  [api-gateway] [main] c.c.gateway.ApiGatewayApplication :   Health       → http://localhost:8080/actuator/health
2026-05-09 12:23:18.326 INFO  [api-gateway] [main] c.c.gateway.ApiGatewayApplication :   Routes       → http://localhost:8080/actuator/gateway/routes
2026-05-09 12:23:18.326 INFO  [api-gateway] [main] c.c.gateway.ApiGatewayApplication : ════════════════════════════════════════════════════
2026-05-09 12:23:21.966 DEBUG [api-gateway] [reactor-http-nio-3] c.c.gateway.config.GatewayConfig : Rate-limit key (IP): 0:0:0:0:0:0:0:1
2026-05-09 12:23:22.359 DEBUG [api-gateway] [lettuce-nioEventLoop-5-1] o.s.c.g.f.ratelimit.RedisRateLimiter : response: Response{allowed=true, headers={X-RateLimit-Remaining=39, X-RateLimit-Requested-Tokens=1, X-RateLimit-Burst-Capacity=40, X-RateLimit-Replenish-Rate=20}, tokensRemaining=-1}
2026-05-09 12:23:22.427 DEBUG [api-gateway] [lettuce-nioEventLoop-5-1] o.s.c.g.filter.GatewayMetricsFilter : New routes count: 5
2026-05-09 12:23:22.456 DEBUG [api-gateway] [lettuce-nioEventLoop-5-1] o.s.c.g.f.h.o.ObservedRequestHttpHeadersFilter : Will instrument the HTTP request headers [Content-Type:"application/json", User-Agent:"PostmanRuntime/7.54.0", Accept:"*/*", Postman-Token:"e6c292f1-02e4-49d8-ab9d-9bea1bba531c", Host:"localhost:8080", Accept-Encoding:"gzip, deflate, br", Content-Length:"128", Forwarded:"proto=http;host="localhost:8080";for="[0:0:0:0:0:0:0:1]:59092"", X-Forwarded-For:"0:0:0:0:0:0:0:1", X-Forwarded-Proto:"http", X-Forwarded-Port:"8080", X-Forwarded-Host:"localhost:8080"]
2026-05-09 12:23:22.465 DEBUG [api-gateway] [lettuce-nioEventLoop-5-1] o.s.c.g.f.h.o.ObservedRequestHttpHeadersFilter : Client observation  {name=http.client.requests(null), error=null, context=name='http.client.requests', contextualName='null', error='null', lowCardinalityKeyValues=[http.method='POST', http.status_code='UNKNOWN', spring.cloud.gateway.route.id='auth-service-public', spring.cloud.gateway.route.uri='lb://auth-service'], highCardinalityKeyValues=[http.uri='http://localhost:8080/api/v1/auth/register'], map=[class io.micrometer.core.instrument.Timer$Sample='io.micrometer.core.instrument.Timer$Sample@471f6116', class io.micrometer.core.instrument.LongTaskTimer$Sample='SampleImpl{duration(seconds)=9.866E-4, duration(nanos)=986600.0, startTimeNanos=161267505389200}'], parentObservation={name=http.server.requests(null), error=null, context=name='http.server.requests', contextualName='null', error='null', lowCardinalityKeyValues=[exception='none', method='POST', outcome='SUCCESS', status='200', uri='UNKNOWN'], highCardinalityKeyValues=[http.url='/api/v1/auth/register'], map=[class io.micrometer.core.instrument.Timer$Sample='io.micrometer.core.instrument.Timer$Sample@464cab3', class io.micrometer.core.instrument.LongTaskTimer$Sample='SampleImpl{duration(seconds)=0.5124766, duration(nanos)=5.124766E8, startTimeNanos=161266994101000}'], parentObservation=null}} created for the request. New headers are [Content-Type:"application/json", User-Agent:"PostmanRuntime/7.54.0", Accept:"*/*", Postman-Token:"e6c292f1-02e4-49d8-ab9d-9bea1bba531c", Host:"localhost:8080", Accept-Encoding:"gzip, deflate, br", Content-Length:"128", Forwarded:"proto=http;host="localhost:8080";for="[0:0:0:0:0:0:0:1]:59092"", X-Forwarded-For:"0:0:0:0:0:0:0:1", X-Forwarded-Proto:"http", X-Forwarded-Port:"8080", X-Forwarded-Host:"localhost:8080"]
2026-05-09 12:23:27.470 DEBUG [api-gateway] [parallel-1] o.s.c.g.f.h.o.ObservationClosingWebExceptionHandler : An exception occurred and observation was not previously stopped, will stop it. The exception was [org.springframework.web.server.MethodNotAllowedException: 405 METHOD_NOT_ALLOWED "Request method 'POST' is not supported."]
2026-05-09 12:23:27.470 WARN  [api-gateway] [parallel-1] c.c.g.config.GlobalExceptionHandler : [null] ResponseStatusException on '/api/v1/auth/register': Request method 'POST' is not supported.
2026-05-09 12:23:48.187 DEBUG [api-gateway] [DiscoveryClient-CacheRefreshExecutor-0] o.s.c.g.filter.GatewayMetricsFilter : New routes count: 5
2026-05-09 12:24:18.230 DEBUG [api-gateway] [DiscoveryClient-CacheRefreshExecutor-0] o.s.c.g.filter.GatewayMetricsFilter : New routes count: 5
2026-05-09 12:24:48.263 DEBUG [api-gateway] [DiscoveryClient-CacheRefreshExecutor-0] o.s.c.g.filter.GatewayMetricsFilter : New routes count: 5
2026-05-09 12:25:18.280 DEBUG [api-gateway] [DiscoveryClient-CacheRefreshExecutor-0] o.s.c.g.filter.GatewayMetricsFilter : New routes count: 5
2026-05-09 12:25:31.347 INFO  [api-gateway] [RMI TCP Connection(6)-127.0.0.1] o.s.b.a.SpringApplicationAdminMXBeanRegistrar$SpringApplicationAdmin : Application shutdown requested.
2026-05-09 12:25:31.347 INFO  [api-gateway] [RMI TCP Connection(6)-127.0.0.1] o.s.c.n.e.s.EurekaServiceRegistry : Unregistering application API-GATEWAY with eureka with status DOWN
2026-05-09 12:25:31.348 INFO  [api-gateway] [RMI TCP Connection(6)-127.0.0.1] c.netflix.discovery.DiscoveryClient : Saw local status change event StatusChangeEvent [timestamp=1778309731347, current=DOWN, previous=UP]
2026-05-09 12:25:31.348 INFO  [api-gateway] [DiscoveryClient-InstanceInfoReplicator-0] c.netflix.discovery.DiscoveryClient : DiscoveryClient_API-GATEWAY/api-gateway:8080: registering service...
2026-05-09 12:25:31.354 INFO  [api-gateway] [DiscoveryClient-InstanceInfoReplicator-0] c.netflix.discovery.DiscoveryClient : DiscoveryClient_API-GATEWAY/api-gateway:8080 - registration status: 204
2026-05-09 12:25:33.493 INFO  [api-gateway] [RMI TCP Connection(6)-127.0.0.1] c.netflix.discovery.DiscoveryClient : Shutting down DiscoveryClient ...
2026-05-09 12:25:36.497 INFO  [api-gateway] [RMI TCP Connection(6)-127.0.0.1] c.netflix.discovery.DiscoveryClient : Unregistering ...
2026-05-09 12:25:36.504 INFO  [api-gateway] [RMI TCP Connection(6)-127.0.0.1] c.netflix.discovery.DiscoveryClient : DiscoveryClient_API-GATEWAY/api-gateway:8080 - deregister  status: 200
2026-05-09 12:25:36.506 INFO  [api-gateway] [RMI TCP Connection(6)-127.0.0.1] c.netflix.discovery.DiscoveryClient : Completed shut down of DiscoveryClient
2026-05-09 12:25:54.787 INFO  [api-gateway] [main] c.c.gateway.ApiGatewayApplication : Starting ApiGatewayApplication using Java 25.0.2 with PID 13992 (C:\Users\ADMIN\Documents\workspace-spring-tools-for-eclipse-5.1.1.RELEASE\Api-Gateway\target\classes started by ADMIN in C:\Users\ADMIN\Documents\workspace-spring-tools-for-eclipse-5.1.1.RELEASE\Api-Gateway)
2026-05-09 12:25:54.788 DEBUG [api-gateway] [main] c.c.gateway.ApiGatewayApplication : Running with Spring Boot v3.3.0, Spring v6.1.8
2026-05-09 12:25:54.789 INFO  [api-gateway] [main] c.c.gateway.ApiGatewayApplication : No active profile set, falling back to 1 default profile: "default"
2026-05-09 12:25:55.633 INFO  [api-gateway] [main] o.s.d.r.c.RepositoryConfigurationDelegate : Multiple Spring Data modules found, entering strict repository configuration mode
2026-05-09 12:25:55.635 INFO  [api-gateway] [main] o.s.d.r.c.RepositoryConfigurationDelegate : Bootstrapping Spring Data Redis repositories in DEFAULT mode.
2026-05-09 12:25:55.655 INFO  [api-gateway] [main] o.s.d.r.c.RepositoryConfigurationDelegate : Finished Spring Data repository scanning in 10 ms. Found 0 Redis repository interfaces.
2026-05-09 12:25:55.864 INFO  [api-gateway] [main] o.s.cloud.context.scope.GenericScope : BeanFactory id=432b8b1c-9008-3676-ab03-d5d762310a4c
2026-05-09 12:25:55.919 WARN  [api-gateway] [main] o.s.c.s.PostProcessorRegistrationDelegate$BeanPostProcessorChecker : Bean 'org.springframework.cloud.client.loadbalancer.LoadBalancerAutoConfiguration$DeferringLoadBalancerInterceptorConfig' of type [org.springframework.cloud.client.loadbalancer.LoadBalancerAutoConfiguration$DeferringLoadBalancerInterceptorConfig] is not eligible for getting processed by all BeanPostProcessors (for example: not eligible for auto-proxying). The currently created BeanPostProcessor [lbRestClientPostProcessor] is declared through a non-static factory method on that class; consider declaring it as static instead.
2026-05-09 12:25:55.921 WARN  [api-gateway] [main] o.s.c.s.PostProcessorRegistrationDelegate$BeanPostProcessorChecker : Bean 'deferringLoadBalancerInterceptor' of type [org.springframework.cloud.client.loadbalancer.DeferringLoadBalancerInterceptor] is not eligible for getting processed by all BeanPostProcessors (for example: not eligible for auto-proxying). Is this bean getting eagerly injected into a currently created BeanPostProcessor [lbRestClientPostProcessor]? Check the corresponding BeanPostProcessor declaration and its dependencies.
2026-05-09 12:25:55.923 WARN  [api-gateway] [main] o.s.c.s.PostProcessorRegistrationDelegate$BeanPostProcessorChecker : Bean 'org.springframework.cloud.client.loadbalancer.reactive.LoadBalancerBeanPostProcessorAutoConfiguration' of type [org.springframework.cloud.client.loadbalancer.reactive.LoadBalancerBeanPostProcessorAutoConfiguration] is not eligible for getting processed by all BeanPostProcessors (for example: not eligible for auto-proxying). The currently created BeanPostProcessor [loadBalancerWebClientBuilderBeanPostProcessor] is declared through a non-static factory method on that class; consider declaring it as static instead.
2026-05-09 12:25:55.924 WARN  [api-gateway] [main] o.s.c.s.PostProcessorRegistrationDelegate$BeanPostProcessorChecker : Bean 'org.springframework.cloud.client.loadbalancer.reactive.LoadBalancerBeanPostProcessorAutoConfiguration$ReactorDeferringLoadBalancerFilterConfig' of type [org.springframework.cloud.client.loadbalancer.reactive.LoadBalancerBeanPostProcessorAutoConfiguration$ReactorDeferringLoadBalancerFilterConfig] is not eligible for getting processed by all BeanPostProcessors (for example: not eligible for auto-proxying). Is this bean getting eagerly injected into a currently created BeanPostProcessor [loadBalancerWebClientBuilderBeanPostProcessor]? Check the corresponding BeanPostProcessor declaration and its dependencies.
2026-05-09 12:25:55.926 WARN  [api-gateway] [main] o.s.c.s.PostProcessorRegistrationDelegate$BeanPostProcessorChecker : Bean 'reactorDeferringLoadBalancerExchangeFilterFunction' of type [org.springframework.cloud.client.loadbalancer.reactive.DeferringLoadBalancerExchangeFilterFunction] is not eligible for getting processed by all BeanPostProcessors (for example: not eligible for auto-proxying). Is this bean getting eagerly injected into a currently created BeanPostProcessor [loadBalancerWebClientBuilderBeanPostProcessor]? Check the corresponding BeanPostProcessor declaration and its dependencies.
2026-05-09 12:25:56.927 INFO  [api-gateway] [main] o.s.c.g.r.RouteDefinitionRouteLocator : Loaded RoutePredicateFactory [After]
2026-05-09 12:25:56.927 INFO  [api-gateway] [main] o.s.c.g.r.RouteDefinitionRouteLocator : Loaded RoutePredicateFactory [Before]
2026-05-09 12:25:56.927 INFO  [api-gateway] [main] o.s.c.g.r.RouteDefinitionRouteLocator : Loaded RoutePredicateFactory [Between]
2026-05-09 12:25:56.927 INFO  [api-gateway] [main] o.s.c.g.r.RouteDefinitionRouteLocator : Loaded RoutePredicateFactory [Cookie]
2026-05-09 12:25:56.927 INFO  [api-gateway] [main] o.s.c.g.r.RouteDefinitionRouteLocator : Loaded RoutePredicateFactory [Header]
2026-05-09 12:25:56.927 INFO  [api-gateway] [main] o.s.c.g.r.RouteDefinitionRouteLocator : Loaded RoutePredicateFactory [Host]
2026-05-09 12:25:56.927 INFO  [api-gateway] [main] o.s.c.g.r.RouteDefinitionRouteLocator : Loaded RoutePredicateFactory [Method]
2026-05-09 12:25:56.927 INFO  [api-gateway] [main] o.s.c.g.r.RouteDefinitionRouteLocator : Loaded RoutePredicateFactory [Path]
2026-05-09 12:25:56.927 INFO  [api-gateway] [main] o.s.c.g.r.RouteDefinitionRouteLocator : Loaded RoutePredicateFactory [Query]
2026-05-09 12:25:56.927 INFO  [api-gateway] [main] o.s.c.g.r.RouteDefinitionRouteLocator : Loaded RoutePredicateFactory [ReadBody]
2026-05-09 12:25:56.927 INFO  [api-gateway] [main] o.s.c.g.r.RouteDefinitionRouteLocator : Loaded RoutePredicateFactory [RemoteAddr]
2026-05-09 12:25:56.927 INFO  [api-gateway] [main] o.s.c.g.r.RouteDefinitionRouteLocator : Loaded RoutePredicateFactory [XForwardedRemoteAddr]
2026-05-09 12:25:56.927 INFO  [api-gateway] [main] o.s.c.g.r.RouteDefinitionRouteLocator : Loaded RoutePredicateFactory [Weight]
2026-05-09 12:25:56.928 INFO  [api-gateway] [main] o.s.c.g.r.RouteDefinitionRouteLocator : Loaded RoutePredicateFactory [CloudFoundryRouteService]
2026-05-09 12:25:57.192 INFO  [api-gateway] [main] o.s.b.a.e.web.EndpointLinksResolver : Exposing 5 endpoints beneath base path '/actuator'
2026-05-09 12:25:57.419 INFO  [api-gateway] [main] o.s.c.n.e.c.DiscoveryClientOptionalArgsConfiguration : Eureka HTTP Client uses RestTemplate.
2026-05-09 12:25:57.439 WARN  [api-gateway] [main] o.s.c.l.c.LoadBalancerCacheAutoConfiguration$LoadBalancerCaffeineWarnLogger : Spring Cloud LoadBalancer is currently working with the default cache. While this cache implementation is useful for development and tests, it's recommended to use Caffeine cache in production.You can switch to using Caffeine cache, by adding it and org.springframework.cache.caffeine.CaffeineCacheManager to the classpath.
2026-05-09 12:25:57.500 INFO  [api-gateway] [main] o.s.c.n.eureka.InstanceInfoFactory : Setting initial instance status as: STARTING
2026-05-09 12:25:57.528 INFO  [api-gateway] [main] c.netflix.discovery.DiscoveryClient : Initializing Eureka in region us-east-1
2026-05-09 12:25:57.533 INFO  [api-gateway] [main] c.n.d.s.r.aws.ConfigClusterResolver : Resolving eureka endpoints via configuration
2026-05-09 12:25:57.552 INFO  [api-gateway] [main] c.netflix.discovery.DiscoveryClient : Disable delta property : false
2026-05-09 12:25:57.553 INFO  [api-gateway] [main] c.netflix.discovery.DiscoveryClient : Single vip registry refresh property : null
2026-05-09 12:25:57.553 INFO  [api-gateway] [main] c.netflix.discovery.DiscoveryClient : Force full registry fetch : false
2026-05-09 12:25:57.553 INFO  [api-gateway] [main] c.netflix.discovery.DiscoveryClient : Application is null : false
2026-05-09 12:25:57.553 INFO  [api-gateway] [main] c.netflix.discovery.DiscoveryClient : Registered Applications size is zero : true
2026-05-09 12:25:57.553 INFO  [api-gateway] [main] c.netflix.discovery.DiscoveryClient : Application version is -1: true
2026-05-09 12:25:57.553 INFO  [api-gateway] [main] c.netflix.discovery.DiscoveryClient : Getting all instance registry info from the eureka server
2026-05-09 12:25:57.864 INFO  [api-gateway] [main] c.netflix.discovery.DiscoveryClient : The response status is 200
2026-05-09 12:25:57.866 INFO  [api-gateway] [main] c.netflix.discovery.DiscoveryClient : Starting heartbeat executor: renew interval is: 30
2026-05-09 12:25:57.868 INFO  [api-gateway] [main] c.n.discovery.InstanceInfoReplicator : InstanceInfoReplicator onDemand update allowed rate per min is 4
2026-05-09 12:25:57.872 INFO  [api-gateway] [main] c.netflix.discovery.DiscoveryClient : Discovery Client initialized at timestamp 1778309757872 with initial instances count: 3
2026-05-09 12:25:57.873 INFO  [api-gateway] [main] o.s.c.n.e.s.EurekaServiceRegistry : Registering application API-GATEWAY with eureka with status UP
2026-05-09 12:25:57.874 INFO  [api-gateway] [main] c.netflix.discovery.DiscoveryClient : Saw local status change event StatusChangeEvent [timestamp=1778309757874, current=UP, previous=STARTING]
2026-05-09 12:25:57.875 INFO  [api-gateway] [DiscoveryClient-InstanceInfoReplicator-0] c.netflix.discovery.DiscoveryClient : DiscoveryClient_API-GATEWAY/api-gateway:8080: registering service...
2026-05-09 12:25:57.929 INFO  [api-gateway] [DiscoveryClient-InstanceInfoReplicator-0] c.netflix.discovery.DiscoveryClient : DiscoveryClient_API-GATEWAY/api-gateway:8080 - registration status: 204
2026-05-09 12:25:57.976 DEBUG [api-gateway] [main] o.s.c.g.filter.GatewayMetricsFilter : New routes count: 5
2026-05-09 12:25:58.028 INFO  [api-gateway] [main] o.s.b.w.e.netty.NettyWebServer : Netty started on port 8080 (http)
2026-05-09 12:25:58.029 INFO  [api-gateway] [main] o.s.c.n.e.s.EurekaAutoServiceRegistration : Updating port to 8080
2026-05-09 12:25:58.064 DEBUG [api-gateway] [main] o.s.c.g.filter.GatewayMetricsFilter : New routes count: 5
2026-05-09 12:25:58.066 INFO  [api-gateway] [main] c.c.gateway.ApiGatewayApplication : Started ApiGatewayApplication in 3.64 seconds (process running for 4.16)
2026-05-09 12:25:58.070 INFO  [api-gateway] [main] c.c.gateway.ApiGatewayApplication : ════════════════════════════════════════════════════
2026-05-09 12:25:58.071 INFO  [api-gateway] [main] c.c.gateway.ApiGatewayApplication :   API Gateway started successfully
2026-05-09 12:25:58.071 INFO  [api-gateway] [main] c.c.gateway.ApiGatewayApplication :   Entry point  → http://localhost:8080
2026-05-09 12:25:58.071 INFO  [api-gateway] [main] c.c.gateway.ApiGatewayApplication :   Health       → http://localhost:8080/actuator/health
2026-05-09 12:25:58.071 INFO  [api-gateway] [main] c.c.gateway.ApiGatewayApplication :   Routes       → http://localhost:8080/actuator/gateway/routes
2026-05-09 12:25:58.071 INFO  [api-gateway] [main] c.c.gateway.ApiGatewayApplication : ════════════════════════════════════════════════════
2026-05-09 12:26:18.794 DEBUG [api-gateway] [reactor-http-nio-3] c.c.gateway.config.GatewayConfig : Rate-limit key (IP): 0:0:0:0:0:0:0:1
2026-05-09 12:26:19.204 DEBUG [api-gateway] [lettuce-nioEventLoop-5-1] o.s.c.g.f.ratelimit.RedisRateLimiter : response: Response{allowed=true, headers={X-RateLimit-Remaining=39, X-RateLimit-Requested-Tokens=1, X-RateLimit-Burst-Capacity=40, X-RateLimit-Replenish-Rate=20}, tokensRemaining=-1}
2026-05-09 12:26:19.288 DEBUG [api-gateway] [lettuce-nioEventLoop-5-1] o.s.c.g.filter.GatewayMetricsFilter : New routes count: 5
2026-05-09 12:26:19.327 DEBUG [api-gateway] [lettuce-nioEventLoop-5-1] o.s.c.g.f.h.o.ObservedRequestHttpHeadersFilter : Will instrument the HTTP request headers [Content-Type:"application/json", User-Agent:"PostmanRuntime/7.54.0", Accept:"*/*", Postman-Token:"48c750bc-4c83-4557-875f-d9ee2edbe8f6", Host:"localhost:8080", Accept-Encoding:"gzip, deflate, br", Content-Length:"128", Forwarded:"proto=http;host="localhost:8080";for="[0:0:0:0:0:0:0:1]:61447"", X-Forwarded-For:"0:0:0:0:0:0:0:1", X-Forwarded-Proto:"http", X-Forwarded-Port:"8080", X-Forwarded-Host:"localhost:8080"]
2026-05-09 12:26:19.329 DEBUG [api-gateway] [lettuce-nioEventLoop-5-1] o.s.c.g.f.h.o.ObservedRequestHttpHeadersFilter : Client observation  {name=http.client.requests(null), error=null, context=name='http.client.requests', contextualName='null', error='null', lowCardinalityKeyValues=[http.method='POST', http.status_code='UNKNOWN', spring.cloud.gateway.route.id='auth-service-public', spring.cloud.gateway.route.uri='lb://auth-service'], highCardinalityKeyValues=[http.uri='http://localhost:8080/api/v1/auth/register'], map=[class io.micrometer.core.instrument.Timer$Sample='io.micrometer.core.instrument.Timer$Sample@4ed5112d', class io.micrometer.core.instrument.LongTaskTimer$Sample='SampleImpl{duration(seconds)=0.0018406, duration(nanos)=1840600.0, startTimeNanos=161444376083000}'], parentObservation={name=http.server.requests(null), error=null, context=name='http.server.requests', contextualName='null', error='null', lowCardinalityKeyValues=[exception='none', method='POST', outcome='SUCCESS', status='200', uri='UNKNOWN'], highCardinalityKeyValues=[http.url='/api/v1/auth/register'], map=[class io.micrometer.core.instrument.Timer$Sample='io.micrometer.core.instrument.Timer$Sample@676e24c5', class io.micrometer.core.instrument.LongTaskTimer$Sample='SampleImpl{duration(seconds)=0.5515354, duration(nanos)=5.515354E8, startTimeNanos=161443826795700}'], parentObservation=null}} created for the request. New headers are [Content-Type:"application/json", User-Agent:"PostmanRuntime/7.54.0", Accept:"*/*", Postman-Token:"48c750bc-4c83-4557-875f-d9ee2edbe8f6", Host:"localhost:8080", Accept-Encoding:"gzip, deflate, br", Content-Length:"128", Forwarded:"proto=http;host="localhost:8080";for="[0:0:0:0:0:0:0:1]:61447"", X-Forwarded-For:"0:0:0:0:0:0:0:1", X-Forwarded-Proto:"http", X-Forwarded-Port:"8080", X-Forwarded-Host:"localhost:8080"]
2026-05-09 12:26:24.329 DEBUG [api-gateway] [parallel-1] o.s.c.g.f.h.o.ObservationClosingWebExceptionHandler : An exception occurred and observation was not previously stopped, will stop it. The exception was [org.springframework.web.server.MethodNotAllowedException: 405 METHOD_NOT_ALLOWED "Request method 'POST' is not supported."]
2026-05-09 12:26:27.933 DEBUG [api-gateway] [DiscoveryClient-CacheRefreshExecutor-0] o.s.c.g.filter.GatewayMetricsFilter : New routes count: 5
2026-05-09 12:26:57.970 DEBUG [api-gateway] [DiscoveryClient-CacheRefreshExecutor-0] o.s.c.g.filter.GatewayMetricsFilter : New routes count: 5
2026-05-09 12:27:28.023 DEBUG [api-gateway] [DiscoveryClient-CacheRefreshExecutor-0] o.s.c.g.filter.GatewayMetricsFilter : New routes count: 5
2026-05-09 12:27:58.102 DEBUG [api-gateway] [DiscoveryClient-CacheRefreshExecutor-0] o.s.c.g.filter.GatewayMetricsFilter : New routes count: 5
2026-05-09 12:28:28.136 DEBUG [api-gateway] [DiscoveryClient-CacheRefreshExecutor-0] o.s.c.g.filter.GatewayMetricsFilter : New routes count: 5
2026-05-09 12:28:58.185 DEBUG [api-gateway] [DiscoveryClient-CacheRefreshExecutor-0] o.s.c.g.filter.GatewayMetricsFilter : New routes count: 5
2026-05-09 12:29:28.237 DEBUG [api-gateway] [DiscoveryClient-CacheRefreshExecutor-0] o.s.c.g.filter.GatewayMetricsFilter : New routes count: 5
2026-05-09 12:29:58.288 DEBUG [api-gateway] [DiscoveryClient-CacheRefreshExecutor-0] o.s.c.g.filter.GatewayMetricsFilter : New routes count: 5
2026-05-09 12:30:28.338 DEBUG [api-gateway] [DiscoveryClient-CacheRefreshExecutor-0] o.s.c.g.filter.GatewayMetricsFilter : New routes count: 5
2026-05-09 12:30:57.555 INFO  [api-gateway] [AsyncResolver-bootstrap-executor-0] c.n.d.s.r.aws.ConfigClusterResolver : Resolving eureka endpoints via configuration
2026-05-09 12:30:58.392 DEBUG [api-gateway] [DiscoveryClient-CacheRefreshExecutor-0] o.s.c.g.filter.GatewayMetricsFilter : New routes count: 5
2026-05-09 12:31:28.428 DEBUG [api-gateway] [DiscoveryClient-CacheRefreshExecutor-0] o.s.c.g.filter.GatewayMetricsFilter : New routes count: 5
2026-05-09 12:31:58.466 DEBUG [api-gateway] [DiscoveryClient-CacheRefreshExecutor-0] o.s.c.g.filter.GatewayMetricsFilter : New routes count: 5
2026-05-09 12:32:28.516 DEBUG [api-gateway] [DiscoveryClient-CacheRefreshExecutor-0] o.s.c.g.filter.GatewayMetricsFilter : New routes count: 5
2026-05-09 12:32:58.567 DEBUG [api-gateway] [DiscoveryClient-CacheRefreshExecutor-0] o.s.c.g.filter.GatewayMetricsFilter : New routes count: 5
2026-05-09 12:33:28.612 DEBUG [api-gateway] [DiscoveryClient-CacheRefreshExecutor-0] o.s.c.g.filter.GatewayMetricsFilter : New routes count: 5
2026-05-09 12:33:58.062 INFO  [api-gateway] [RMI TCP Connection(12)-127.0.0.1] o.s.b.a.SpringApplicationAdminMXBeanRegistrar$SpringApplicationAdmin : Application shutdown requested.
2026-05-09 12:33:58.062 INFO  [api-gateway] [RMI TCP Connection(12)-127.0.0.1] o.s.c.n.e.s.EurekaServiceRegistry : Unregistering application API-GATEWAY with eureka with status DOWN
2026-05-09 12:33:58.063 INFO  [api-gateway] [RMI TCP Connection(12)-127.0.0.1] c.netflix.discovery.DiscoveryClient : Saw local status change event StatusChangeEvent [timestamp=1778310238063, current=DOWN, previous=UP]
2026-05-09 12:33:58.063 INFO  [api-gateway] [DiscoveryClient-InstanceInfoReplicator-0] c.netflix.discovery.DiscoveryClient : DiscoveryClient_API-GATEWAY/api-gateway:8080: registering service...
2026-05-09 12:33:58.069 INFO  [api-gateway] [DiscoveryClient-InstanceInfoReplicator-0] c.netflix.discovery.DiscoveryClient : DiscoveryClient_API-GATEWAY/api-gateway:8080 - registration status: 204
2026-05-09 12:33:58.625 DEBUG [api-gateway] [DiscoveryClient-CacheRefreshExecutor-0] o.s.c.g.filter.GatewayMetricsFilter : New routes count: 5
2026-05-09 12:34:00.218 INFO  [api-gateway] [RMI TCP Connection(12)-127.0.0.1] c.netflix.discovery.DiscoveryClient : Shutting down DiscoveryClient ...
2026-05-09 12:34:03.220 INFO  [api-gateway] [RMI TCP Connection(12)-127.0.0.1] c.netflix.discovery.DiscoveryClient : Unregistering ...
2026-05-09 12:34:03.228 INFO  [api-gateway] [RMI TCP Connection(12)-127.0.0.1] c.netflix.discovery.DiscoveryClient : DiscoveryClient_API-GATEWAY/api-gateway:8080 - deregister  status: 200
2026-05-09 12:34:03.234 INFO  [api-gateway] [RMI TCP Connection(12)-127.0.0.1] c.netflix.discovery.DiscoveryClient : Completed shut down of DiscoveryClient
